1.926718354225158691e+00,-8.525378704071044922e-01,1.100573658943176270e+00,-7.886179089546203613e-01,2.269386768341064453e+00,5.781777501106262207e-01,-1.703763157129287720e-01,-4.087118804454803467e-01,-5.799917578697204590e-01,-3.089067459106445312e+00,-2.334663867950439453e-01,-1.736639380455017090e+00,1.381264686584472656e+00,-1.390417456626892090e+00,1.137363433837890625e+00,-1.248238921165466309e+00,2.230162858963012695e+00,2.347708463668823242e+00,1.771711111068725586e+00,2.782597780227661133e+00,-2.165492773056030273e+00,-2.893546104431152344e+00,-7.512241601943969727e-01,1.637817263603210449e+00,-6.083828210830688477e-01,2.530584096908569336e+00,4.817530512809753418e-01,1.861999750137329102e+00,-1.951863050460815430e+00,3.250642538070678711e+00,1.905354738235473633e+00,-8.784842491149902344e-01,-2.068957567214965820e+00,1.685109883546829224e-01,5.996568799018859863e-01,1.602398753166198730e+00,-1.051656723022460938e+00,-6.205814480781555176e-01,-2.348116636276245117e-01,-2.230634927749633789e+00,-5.133936405181884766e-01,1.367182731628417969e+00,1.314075946807861328e+00,2.214765548706054688e+00,-7.082934379577636719e-01,-1.615699410438537598e+00,-2.850769758224487305e+00,1.320814728736877441e+00,7.276612520217895508e-01,7.884523868560791016e-01,-2.031123399734497070e+00,-2.320837497711181641e+00,-1.772960424423217773e+00
-1.136870384216308594e+00,-2.971910953521728516e+00,5.679462552070617676e-01,-1.063985824584960938e+00,1.317544698715209961e+00,1.012818455696105957e+00,-1.590880036354064941e+00,2.510625422000885010e-01,-3.417001485824584961e+00,-4.205469608306884766e+00,-3.515092134475708008e+00,-3.939381361007690430e+00,-1.351904938928782940e-03,-1.786579847335815430e+00,2.308446407318115234e+00,-3.182401180267333984e+00,2.504586935043334961e+00,7.191990017890930176e-01,1.299514055252075195e+00,4.660415351390838623e-01,-2.908431768417358398e+00,-3.059154987335205078e+00,-3.035566568374633789e+00,1.248663663864135742e+00,-2.145751237869262695e+00,3.126592874526977539e+00,-7.655746936798095703e-01,1.130634665489196777e+00,-1.464516878128051758e+00,8.007020354270935059e-01,1.587913274765014648e+00,-3.822801828384399414e+00,-3.745456218719482422e+00,-2.858991861343383789e+00,-1.677285909652709961e+00,4.166172146797180176e-01,-1.317376136779785156e+00,2.741134762763977051e-01,-1.314122438430786133e+00,-3.577640295028686523e+00,-1.633921504020690918e+00,7.028256654739379883e-01,1.402268171310424805e+00,2.444607257843017578e+00,-4.151360034942626953e+00,-1.771759510040283203e+00,-3.587765693664550781e+00,7.172774672508239746e-01,2.174748629331588745e-01,-1.677990853786468506e-01,-2.902116537094116211e+00,-2.642600536346435547e+00,-2.197445869445800781e+00
-1.961363315582275391e+00,-2.543996572494506836e+00,3.517283499240875244e-01,-2.035203456878662109e+00,1.201243042945861816e+00,8.774340152740478516e-01,-1.436831712722778320e+00,-1.040180444717407227e+00,-2.363193988800048828e+00,-3.604610919952392578e+00,-7.781933546066284180e-01,-2.516678810119628906e+00,6.113696098327636719e-01,-1.536398053169250488e+00,1.482330083847045898e+00,-1.938709616661071777e+00,1.925590872764587402e+00,1.112422227859497070e+00,6.167351603507995605e-01,1.537883043289184570e+00,-1.486059069633483887e+00,-3.946603536605834961e+00,-2.769465923309326172e+00,4.550313949584960938e-01,-2.127402067184448242e+00,3.676240682601928711e+00,-2.467784881591796875e-01,-4.211903810501098633e-01,-2.469573974609375000e+00,1.390871047973632812e+00,5.633664131164550781e-01,-1.853078484535217285e+00,-2.919950485229492188e+00,-1.702891230583190918e+00,2.533273100852966309e-01,7.281156778335571289e-01,-1.179756045341491699e+00,8.000065684318542480e-01,-7.537280321121215820e-01,-3.427151203155517578e+00,-8.655176162719726562e-01,-8.929651230573654175e-02,1.792360424995422363e+00,2.383533716201782227e+00,-3.134492397308349609e+00,-2.864730596542358398e+00,-3.581583499908447266e+00,2.525978326797485352e+00,-2.950181663036346436e-01,-1.890786647796630859e+00,-2.683140516281127930e+00,-2.613481521606445312e+00,-2.166690349578857422e+00
-1.773020625114440918e+00,-7.353181391954421997e-02,2.733149290084838867e+00,-1.334832310676574707e+00,2.309510946273803711e+00,2.782405853271484375e+00,-1.582595586776733398e+00,-2.235559672117233276e-01,1.178994297981262207e+00,-9.906918406486511230e-01,-7.186444401741027832e-01,-2.116970419883728027e-01,1.342735409736633301e+00,2.399286031723022461e-01,2.077390670776367188e+00,-6.469524502754211426e-01,2.019531965255737305e+00,1.647699475288391113e+00,8.431220650672912598e-01,1.175457358360290527e+00,-3.519534468650817871e-01,-3.473903656005859375e+00,-1.464171767234802246e+00,1.230278611183166504e+00,-2.329032659530639648e+00,1.666447162628173828e+00,-4.558420274406671524e-03,3.926210999488830566e-01,8.387262225151062012e-01,9.241876006126403809e-01,-3.683559298515319824e-01,9.434254169464111328e-01,-2.815185785293579102e-01,1.987581849098205566e-01,1.227150678634643555e+00,1.618952870368957520e+00,2.354306876659393311e-01,9.455340504646301270e-01,1.765851140022277832e+00,-2.542619228363037109e+00,4.707976803183555603e-02,4.026568233966827393e-01,1.493467092514038086e+00,3.210475683212280273e+00,-1.710092544555664062e+00,-2.901504755020141602e+00,-2.127631902694702148e+00,1.486499190330505371e+00,5.662207007408142090e-01,-9.144430756568908691e-01,-2.651913166046142578e+00,-2.694297313690185547e+00,-2.490087985992431641e+00
-4.496974050998687744e-01,-1.676593542098999023e+00,1.569817900657653809e+00,-1.250894427299499512e+00,1.353521227836608887e+00,1.747517704963684082e+00,-1.148563027381896973e+00,-3.918738961219787598e-01,4.506987705826759338e-02,-1.498040914535522461e+00,-1.392739057540893555e+00,1.993879824876785278e-01,1.636613130569458008e+00,-8.520641922950744629e-01,-3.459652066230773926e-01,-1.785507082939147949e+00,-7.407377660274505615e-02,1.960620164871215820e+00,4.302841126918792725e-01,2.997398614883422852e+00,-1.266572952270507812e+00,-6.785746216773986816e-01,1.415856182575225830e-01,7.460760474205017090e-01,4.743118211627006531e-02,6.899606585502624512e-01,-2.676032781600952148e-01,-3.429045081138610840e-01,-4.654037952423095703e-01,1.190026402473449707e+00,8.562520146369934082e-01,-1.092339038848876953e+00,-9.060922265052795410e-01,-5.242634564638137817e-02,1.234226346015930176e+00,1.938517928123474121e+00,-8.901430368423461914e-01,-6.543154120445251465e-01,7.219430208206176758e-01,-2.281590938568115234e+00,9.077364802360534668e-01,1.830279678106307983e-01,-3.179977238178253174e-01,1.400591731071472168e+00,-1.094820022583007812e+00,7.329984307289123535e-01,-2.470407485961914062e+00,2.451187223196029663e-01,1.881353974342346191e+00,2.519873857498168945e+00,-2.492251873016357422e+00,-2.618526458740234375e+00,-1.959699630737304688e+00
-9.373038411140441895e-01,-1.699288487434387207e+00,1.651597857475280762e+00,-1.270603656768798828e+00,1.326116442680358887e+00,1.014366984367370605e+00,-1.667446613311767578e+00,-8.083538413047790527e-01,5.163313820958137512e-02,-8.990866541862487793e-01,-1.640980839729309082e+00,5.193487405776977539e-01,1.729233264923095703e+00,-3.603953421115875244e-01,6.536545753479003906e-01,-1.480538725852966309e+00,-6.159020066261291504e-01,2.170980721712112427e-02,-8.210666179656982422e-01,9.016444087028503418e-01,1.590627729892730713e-01,-3.731285631656646729e-01,-1.162315607070922852e+00,-2.432281076908111572e-01,-9.436901211738586426e-01,-6.573410630226135254e-01,-1.541945636272430420e-01,-1.887788474559783936e-01,-7.750148177146911621e-01,1.043781399726867676e+00,-9.523074841126799583e-04,-4.818700850009918213e-01,-1.731161355972290039e+00,-2.011627703905105591e-01,9.370987415313720703e-01,2.398933649063110352e+00,-1.000103116035461426e+00,5.125284790992736816e-01,1.232740521430969238e+00,-1.810695528984069824e+00,-6.795871257781982422e-01,-1.066341757774353027e+00,-3.883939385414123535e-01,1.730759978294372559e+00,1.376896202564239502e-01,1.485888123512268066e+00,-1.806520104408264160e+00,5.108758211135864258e-01,-9.577386826276779175e-02,1.096114158630371094e+00,-1.941784024238586426e+00,-1.871421217918395996e+00,-1.571048021316528320e+00
-2.009350776672363281e+00,-7.221550941467285156e-01,1.895328998565673828e+00,-1.359507441520690918e+00,1.139920115470886230e+00,2.039349079132080078e+00,-2.118385076522827148e+00,-1.222972035408020020e+00,-3.818006813526153564e-01,-1.824992656707763672e+00,-2.488741159439086914e+00,-7.253761291503906250e-01,1.346967458724975586e+00,-2.783398389816284180e+00,-1.730798631906509399e-01,-1.619669675827026367e+00,-1.404965877532958984e+00,-2.867556810379028320e-01,-4.058946669101715088e-01,8.592302799224853516e-01,-4.415225684642791748e-01,-1.274738274514675140e-02,-1.449798703193664551e+00,-2.399396151304244995e-01,-8.030025959014892578e-01,2.850196957588195801e-01,-1.172737598419189453e+00,-9.116767048835754395e-01,-1.198770403861999512e+00,3.816886246204376221e-01,8.859860897064208984e-02,-1.831040263175964355e+00,-3.386929750442504883e+00,-1.282151579856872559e+00,3.562873601913452148e-01,1.716524124145507812e+00,-2.590273857116699219e+00,-3.657310307025909424e-01,6.445653438568115234e-01,-2.504036426544189453e+00,-1.562306642532348633e+00,-8.392301797866821289e-01,-1.368959426879882812e+00,1.002849698066711426e+00,-8.280798196792602539e-01,1.062967658042907715e+00,-2.880070447921752930e+00,1.542098402976989746e+00,8.713786602020263672e-01,1.501950383186340332e+00,-2.817930698394775391e+00,-2.737244606018066406e+00,-2.271401166915893555e+00
-1.535316109657287598e+00,-1.154041051864624023e+00,1.003465533256530762e+00,-2.064902544021606445e+00,6.968802809715270996e-01,9.112755060195922852e-01,-1.707809090614318848e+00,-1.046249389648437500e+00,-7.759842872619628906e-01,-1.231926441192626953e+00,-6.246758103370666504e-01,-9.502401351928710938e-01,1.671703815460205078e+00,-1.148666501045227051e+00,1.323809981346130371e+00,-1.619817852973937988e+00,1.601963341236114502e-01,1.494617104530334473e+00,-1.534397620707750320e-02,2.312636613845825195e+00,-3.252142965793609619e-01,-2.903099060058593750e-01,-9.397101402282714844e-01,-9.142401069402694702e-02,-1.459845662117004395e+00,2.255671024322509766e+00,-1.138957262039184570e+00,-1.294680595397949219e+00,-2.326172828674316406e+00,6.372150182723999023e-01,-3.820708692073822021e-01,-1.448250412940979004e+00,-1.328555583953857422e+00,1.450978964567184448e-01,7.059131860733032227e-01,1.829835891723632812e+00,-1.626455664634704590e+00,-5.429535508155822754e-01,1.614520102739334106e-01,-2.080446481704711914e+00,-2.550311386585235596e-01,-7.633009552955627441e-01,-2.313331365585327148e-01,1.763763189315795898e+00,-1.658391952514648438e+00,1.284908890724182129e+00,-2.280563831329345703e+00,1.117496609687805176e+00,-7.652463763952255249e-02,8.604711294174194336e-02,-2.290945529937744141e+00,-1.988065838813781738e+00,-1.891075491905212402e+00
-1.098274111747741699e+00,4.356306195259094238e-01,2.476324319839477539e+00,-9.651115536689758301e-01,2.038534879684448242e+00,1.767441987991333008e+00,-1.769476532936096191e+00,-1.174300670623779297e+00,3.747524619102478027e-01,-1.172591805458068848e+00,-1.241180419921875000e+00,-1.504128873348236084e-01,2.585474014282226562e+00,-1.551735281944274902e+00,2.055369317531585693e-01,-1.587867885828018188e-01,-6.457881927490234375e-01,9.504842162132263184e-01,-2.121832966804504395e-01,2.425984144210815430e+00,-7.656929492950439453e-01,4.929019808769226074e-01,-8.713386654853820801e-01,-7.959240674972534180e-01,-1.162737131118774414e+00,5.305274128913879395e-01,4.344894289970397949e-01,-4.114477708935737610e-02,-2.579084131866693497e-03,1.760818660259246826e-01,-1.393089890480041504e-01,-6.269701719284057617e-01,-2.654601573944091797e+00,3.644216358661651611e-01,-4.667373001575469971e-01,2.619762897491455078e+00,-1.358702659606933594e+00,1.849714070558547974e-01,1.807121992111206055e+00,-1.732737064361572266e+00,-3.643601238727569580e-01,-8.147540092468261719e-01,-5.044668167829513550e-02,7.248342037200927734e-01,-7.108606100082397461e-01,1.002225756645202637e+00,-1.879472851753234863e+00,2.053039789199829102e+00,-5.000466108322143555e-01,3.669394254684448242e-01,-2.285713195800781250e+00,-1.803346276283264160e+00,-1.864529132843017578e+00
-2.220771074295043945e+00,-5.940417647361755371e-01,1.336201310157775879e+00,-1.521876215934753418e+00,7.136089205741882324e-01,6.111610531806945801e-01,-1.573155283927917480e+00,-8.572453260421752930e-01,-1.031078457832336426e+00,-1.380577325820922852e+00,-2.342471361160278320e+00,-2.134874463081359863e-01,1.213378667831420898e+00,-1.111340999603271484e+00,4.025100171566009521e-01,-2.213446378707885742e+00,-3.830201029777526855e-01,-1.458336710929870605e-01,2.851224541664123535e-01,7.953794002532958984e-01,-2.701482176780700684e-01,-4.700105786323547363e-01,-1.597995877265930176e+00,-2.477291673421859741e-01,-1.478194952011108398e+00,6.739803552627563477e-01,-1.865593552589416504e+00,-1.183832287788391113e+00,-2.015252113342285156e+00,8.454983830451965332e-01,-1.720105484127998352e-02,-1.877830266952514648e+00,-1.448006153106689453e+00,-1.625501513481140137e+00,1.586837768554687500e+00,1.724085688591003418e+00,-1.586378097534179688e+00,-9.284239411354064941e-01,7.239589095115661621e-01,-2.426953077316284180e+00,-9.984807968139648438e-01,-4.858382046222686768e-01,-4.201750159263610840e-01,1.605921983718872070e+00,-1.457259774208068848e+00,3.315123617649078369e-01,-2.526034355163574219e+00,7.950211763381958008e-01,-5.851654708385467529e-02,7.349857687950134277e-02,-2.277006149291992188e+00,-2.218817710876464844e+00,-2.129101991653442383e+00
-1.779033422470092773e+00,-5.789495706558227539e-01,1.301969885826110840e+00,-2.051280021667480469e+00,9.503597617149353027e-01,1.070483326911926270e+00,-2.481759309768676758e+00,-1.205870747566223145e+00,-4.441354870796203613e-01,-8.644223809242248535e-01,-1.350176215171813965e+00,-1.766143798828125000e+00,1.771098256111145020e+00,-4.954584315419197083e-02,1.327744007110595703e+00,-1.703847348690032959e-01,1.021788567304611206e-01,-8.537852019071578979e-02,2.819199264049530029e-01,1.693104028701782227e+00,7.865154147148132324e-01,-8.996905684471130371e-01,-1.365064024925231934e+00,-5.643389821052551270e-01,-2.402073860168457031e+00,7.796661853790283203e-01,3.495828509330749512e-01,-3.114605247974395752e-01,-1.029195666313171387e+00,6.039954423904418945e-01,-6.024025082588195801e-01,-1.004883050918579102e+00,-2.511649370193481445e+00,-6.769231557846069336e-01,-3.687302470207214355e-01,1.915356159210205078e+00,-1.606465935707092285e+00,1.394091963768005371e+00,1.401841878890991211e+00,-1.634940266609191895e+00,-1.009334087371826172e+00,2.384704910218715668e-02,5.420336723327636719e-01,1.266827106475830078e+00,1.328231543302536011e-01,-9.544700384140014648e-02,-1.916228532791137695e+00,2.134587287902832031e+00,-6.237770915031433105e-01,-4.915585517883300781e-01,-2.130697250366210938e+00,-1.633930087089538574e+00,-1.896130323410034180e+00
-1.735798835754394531e+00,-2.899287045001983643e-01,1.435722589492797852e+00,-1.127557635307312012e+00,1.464907169342041016e+00,1.343770861625671387e+00,-1.775288462638854980e+00,-3.764765262603759766e-01,-9.271009564399719238e-01,-8.581325411796569824e-01,-1.308117032051086426e+00,-5.127093195915222168e-01,6.641232967376708984e-01,-6.702740192413330078e-01,7.722084522247314453e-01,-1.745884418487548828e+00,-2.758121863007545471e-02,8.418986201286315918e-01,9.177610874176025391e-01,3.672915697097778320e-01,1.404782086610794067e-01,-7.377127557992935181e-02,-2.700917720794677734e+00,-2.830900251865386963e-01,-1.517278552055358887e+00,1.125127315521240234e+00,-1.784669518470764160e+00,-1.034044742584228516e+00,-1.397037506103515625e+00,5.161597728729248047e-01,1.505241096019744873e-01,-1.383235931396484375e+00,-4.553919136524200439e-01,-1.413961052894592285e+00,6.256471872329711914e-01,1.149067878723144531e+00,-8.834862709045410156e-01,3.620153367519378662e-01,3.403291702270507812e-01,-2.656097888946533203e+00,-7.468649148941040039e-01,4.810047149658203125e-01,-2.286677807569503784e-01,1.859452486038208008e+00,-1.606602072715759277e+00,3.580913245677947998e-01,-2.654237508773803711e+00,-3.577339053153991699e-01,-2.936560474336147308e-02,-1.822485476732254028e-01,-2.525318861007690430e+00,-2.008696556091308594e+00,-2.113537311553955078e+00
-1.472955107688903809e+00,-6.785806417465209961e-01,6.164184212684631348e-01,-2.047057867050170898e+00,6.679700016975402832e-01,8.113181591033935547e-01,-1.288579225540161133e+00,-6.353789567947387695e-01,-3.618199229240417480e-01,-7.142339348793029785e-01,-4.249295294284820557e-01,-7.884507179260253906e-01,1.513369321823120117e+00,4.048486426472663879e-02,1.631101727485656738e+00,-8.591076135635375977e-01,1.148811459541320801e+00,7.890939712524414062e-01,1.009944796562194824e+00,1.367983341217041016e+00,6.333693265914916992e-01,-6.720566749572753906e-01,-1.187855362892150879e+00,1.017319798469543457e+00,-1.212976574897766113e+00,9.006028175354003906e-01,-5.763762593269348145e-01,-4.105383157730102539e-01,-2.428187608718872070e+00,8.206042647361755371e-01,3.031228855252265930e-02,-9.601466059684753418e-01,-3.737360537052154541e-01,5.830809473991394043e-01,3.180440664291381836e-01,1.841086983680725098e+00,-3.442725837230682373e-01,1.076873302459716797e+00,8.451617956161499023e-01,-1.787534952163696289e+00,-3.369754850864410400e-01,6.393612027168273926e-01,1.147190690040588379e+00,2.048426628112792969e+00,4.382047802209854126e-02,-1.284774839878082275e-01,-1.870887875556945801e+00,1.274662613868713379e+00,7.126349806785583496e-01,-6.919140368700027466e-02,-1.702168703079223633e+00,-1.540175318717956543e+00,-1.719049334526062012e+00
-2.414038419723510742e+00,-3.944391906261444092e-01,2.001702547073364258e+00,-1.482052087783813477e+00,8.582063317298889160e-01,9.486055374145507812e-01,-1.956501960754394531e+00,-6.318275332450866699e-01,6.233480572700500488e-02,-5.910395383834838867e-01,-1.649487733840942383e+00,-3.045930862426757812e-01,2.132938623428344727e+00,-1.404877603054046631e-01,1.248161911964416504e+00,-8.235139250755310059e-01,5.964143946766853333e-02,1.282503604888916016e-01,8.701944947242736816e-01,1.856597065925598145e-01,1.478607654571533203e-01,2.796199321746826172e-01,-1.374085903167724609e+00,-1.751727461814880371e-01,-1.511219859123229980e+00,1.688677787780761719e+00,-8.082799315452575684e-01,-1.037431716918945312e+00,-2.132983207702636719e-01,1.135180443525314331e-01,-2.869676649570465088e-01,-7.174330949783325195e-01,-1.092883825302124023e+00,-3.190824985504150391e-01,2.609379887580871582e-01,2.222141027450561523e+00,-8.724092245101928711e-01,-3.676012903451919556e-02,1.393087983131408691e+00,-2.758392572402954102e+00,-9.895551204681396484e-01,-1.344507783651351929e-01,9.977196156978607178e-02,1.873695373535156250e+00,-1.160137653350830078e+00,6.185591816902160645e-01,-1.938087105751037598e+00,1.253363490104675293e+00,6.456725001335144043e-01,6.474227309226989746e-01,-2.587126493453979492e+00,-1.969394922256469727e+00,-2.204194068908691406e+00
-9.323218464851379395e-01,-3.871767818927764893e-01,1.331762194633483887e+00,-1.380047559738159180e+00,1.290247440338134766e+00,1.053823709487915039e+00,-7.201498150825500488e-01,3.221622109413146973e-02,-1.021605372428894043e+00,-7.909006476402282715e-01,-7.199876308441162109e-01,-7.075093388557434082e-01,8.159039616584777832e-01,2.120473608374595642e-02,2.152710199356079102e+00,-1.487766981124877930e+00,1.692289829254150391e+00,2.711808681488037109e-01,7.911566495895385742e-01,7.884590625762939453e-01,4.498646855354309082e-01,-8.972827196121215820e-01,-1.770826339721679688e+00,1.658075094223022461e+00,-1.077530264854431152e+00,1.270237803459167480e+00,-1.118540406227111816e+00,-1.333138823509216309e+00,-1.417126178741455078e+00,1.112634420394897461e+00,1.004429310560226440e-01,-9.085896611213684082e-01,-1.722585558891296387e-01,1.039667949080467224e-01,-4.412647783756256104e-01,1.209223866462707520e+00,-3.643669784069061279e-01,1.601972699165344238e+00,-3.178504481911659241e-02,-1.382607579231262207e+00,2.621129900217056274e-02,7.838462591171264648e-01,1.589419841766357422e+00,2.330495595932006836e+00,-5.458250641822814941e-01,-8.962614834308624268e-02,-1.961647033691406250e+00,-6.771913170814514160e-02,6.246045231819152832e-01,-7.153748720884323120e-02,-1.687033176422119141e+00,-1.676114559173583984e+00,-1.725629210472106934e+00
-2.086142539978027344e+00,8.710343241691589355e-01,2.004473209381103516e+00,-2.059511423110961914e+00,1.327191710472106934e+00,1.478707551956176758e+00,-2.202160358428955078e+00,-9.096212387084960938e-01,3.750757873058319092e-01,-4.694001376628875732e-01,-1.658946156501770020e+00,-2.822689414024353027e-01,1.780899524688720703e+00,1.165877223014831543e+00,1.131691694259643555e+00,3.466054797172546387e-02,1.233231544494628906e+00,1.137345582246780396e-01,1.196731567382812500e+00,9.242706894874572754e-01,6.823905706405639648e-01,-1.396383166313171387e+00,-1.674902796745300293e+00,-2.294900715351104736e-01,-1.813079118728637695e+00,3.429966568946838379e-01,-8.459468185901641846e-02,-9.369426965713500977e-02,-6.146683096885681152e-01,-1.989562511444091797e-01,-1.333596110343933105e+00,-4.818700850009918213e-01,-1.190644025802612305e+00,-5.111331343650817871e-01,-8.568154573440551758e-01,1.894200563430786133e+00,-2.566040158271789551e-01,1.875198125839233398e+00,1.736579060554504395e+00,-1.748159170150756836e+00,-1.316473484039306641e+00,1.059875011444091797e+00,1.220211625099182129e+00,1.747211098670959473e+00,-4.848603308200836182e-01,-1.271885156631469727e+00,-1.723865389823913574e+00,6.863467097282409668e-01,-1.172945871949195862e-01,-1.311003327369689941e+00,-2.419149398803710938e+00,-2.121990442276000977e+00,-2.120891809463500977e+00
-8.499756455421447754e-01,-3.005953431129455566e-01,9.629628658294677734e-01,-1.015978574752807617e+00,1.872554302215576172e+00,8.007590770721435547e-01,-6.318469643592834473e-01,7.762668728828430176e-01,-3.489843904972076416e-01,-8.325012326240539551e-01,-9.387626647949218750e-01,-3.334634006023406982e-01,5.480358004570007324e-01,9.489927887916564941e-01,1.094077229499816895e+00,-1.376083016395568848e+00,2.111495494842529297e+00,1.714983463287353516e+00,1.087445378303527832e+00,2.099809169769287109e+00,-3.585108816623687744e-01,-1.724100828170776367e+00,-1.741350531578063965e+00,2.308264255523681641e+00,2.250384539365768433e-02,4.755831062793731689e-01,-1.138837337493896484e+00,-6.706619262695312500e-01,-2.014325141906738281e+00,1.212079763412475586e+00,7.218915820121765137e-01,-7.164796590805053711e-01,3.732559680938720703e-01,-1.260700225830078125e+00,4.086647927761077881e-01,6.836299300193786621e-01,5.962796807289123535e-01,6.767634153366088867e-01,-1.161493435502052307e-01,-2.186761140823364258e+00,-7.703733444213867188e-01,7.337217330932617188e-01,1.567877650260925293e+00,2.861909866333007812e+00,-6.973996758460998535e-01,-1.626538753509521484e+00,-2.417403936386108398e+00,-1.171631455421447754e+00,1.809110879898071289e+00,-1.606886535882949829e-01,-1.847003936767578125e+00,-2.305622577667236328e+00,-2.061150312423706055e+00
-1.475532054901123047e+00,-1.626097112894058228e-01,1.617768764495849609e+00,-1.423455953598022461e+00,1.106631875038146973e+00,1.457925081253051758e+00,-8.540971875190734863e-01,1.893582493066787720e-01,1.096129179000854492e+00,-1.904961615800857544e-01,-1.446355462074279785e+00,-3.757804334163665771e-01,9.535631537437438965e-01,3.903459608554840088e-01,1.398351550102233887e+00,-1.588860273361206055e+00,1.810786962509155273e+00,2.904804944992065430e-01,1.173980712890625000e+00,8.712327480316162109e-01,1.163051366806030273e+00,-1.462094068527221680e+00,-1.027186751365661621e+00,1.753549456596374512e+00,-7.787773013114929199e-01,8.531157970428466797e-01,-1.888625502586364746e+00,-1.246375203132629395e+00,-2.727985978126525879e-01,9.438106417655944824e-01,-6.033123135566711426e-01,1.352727115154266357e-01,-4.210013151168823242e-01,-1.822108179330825806e-01,4.554334282875061035e-01,1.522546052932739258e+00,4.513162672519683838e-01,1.182307004928588867e+00,1.302827835083007812e+00,-1.185687899589538574e+00,5.492430329322814941e-01,8.050362467765808105e-01,1.810140371322631836e+00,1.730770230293273926e+00,-1.826039329171180725e-02,-4.237711727619171143e-01,-1.586531758308410645e+00,1.012751013040542603e-01,1.266120433807373047e+00,4.211640357971191406e-01,-1.661063551902770996e+00,-1.904017329216003418e+00,-1.836116194725036621e+00
-6.394716501235961914e-01,-1.670352369546890259e-01,6.194571852684020996e-01,-1.248884916305541992e+00,1.640626907348632812e+00,8.992052078247070312e-01,-5.311977863311767578e-01,9.552628993988037109e-01,-1.553520411252975464e-01,-5.025094151496887207e-01,-1.466699481010437012e+00,-1.301682233810424805e+00,8.012534379959106445e-01,1.152106881141662598e+00,1.033581256866455078e+00,-1.704336166381835938e+00,2.235755205154418945e+00,1.295997023582458496e+00,1.177902579307556152e+00,1.473950982093811035e+00,7.789921760559082031e-01,-1.344761848449707031e+00,-1.230886101722717285e+00,2.431443214416503906e+00,-1.090090125799179077e-01,7.605322003364562988e-01,-9.793406128883361816e-01,-1.037034392356872559e+00,-1.196997284889221191e+00,9.966040253639221191e-01,3.480428755283355713e-01,-7.847210764884948730e-01,-2.767833173274993896e-01,-3.922642469406127930e-01,3.973781764507293701e-01,1.632448792457580566e+00,6.284124255180358887e-01,1.834895968437194824e+00,5.464763045310974121e-01,-1.375976562500000000e+00,3.969409167766571045e-01,1.136269092559814453e+00,2.168744087219238281e+00,1.891641974449157715e+00,-7.975863218307495117e-01,-1.031410574913024902e+00,-1.791129469871520996e+00,-2.864490449428558350e-01,1.557981133460998535e+00,-3.112590610980987549e-01,-1.739603519439697266e+00,-2.134946346282958984e+00,-1.782707214355468750e+00
-9.705172181129455566e-01,1.621558070182800293e-01,1.806875586509704590e+00,-9.530928134918212891e-01,1.404859304428100586e+00,8.473610281944274902e-01,-1.236159443855285645e+00,8.718673586845397949e-01,2.932451851665973663e-02,2.996431291103363037e-02,-2.024606615304946899e-01,-9.460998177528381348e-01,6.055799126625061035e-01,1.094828605651855469e+00,3.039006948471069336e+00,-1.078624486923217773e+00,2.265091180801391602e+00,-1.781518757343292236e-01,1.282526254653930664e+00,6.312916874885559082e-01,1.113017439842224121e+00,-1.339409708976745605e+00,-1.457759141921997070e+00,2.511014699935913086e+00,-8.852666616439819336e-01,5.802906155586242676e-01,-1.037784337997436523e+00,-1.139959096908569336e+00,-6.950027346611022949e-01,4.425610899925231934e-01,-2.014300413429737091e-02,7.907714843750000000e-01,1.458327770233154297e-01,1.328724741935729980e+00,-8.417148590087890625e-01,1.609076499938964844e+00,1.123010396957397461e+00,2.293593883514404297e+00,1.564743757247924805e+00,-9.196693301200866699e-01,1.022010207176208496e+00,9.278663396835327148e-01,2.389537572860717773e+00,2.283313989639282227e+00,3.312765657901763916e-01,-3.808943629264831543e-01,-1.014689326286315918e+00,2.763173878192901611e-01,1.223512172698974609e+00,1.289166688919067383e+00,-1.351602792739868164e+00,-1.479223132133483887e+00,-1.628557085990905762e+00
-1.054237782955169678e-01,2.468081861734390259e-01,1.280012965202331543e+00,-1.090168118476867676e+00,1.378176450729370117e+00,1.619129061698913574e+00,-8.960329890251159668e-01,3.893275856971740723e-01,1.201981902122497559e+00,2.683858871459960938e-01,9.091841429471969604e-02,-3.270664215087890625e-01,1.443408250808715820e+00,7.790057659149169922e-01,1.185556292533874512e+00,-4.362193122506141663e-02,1.731094717979431152e+00,1.299867868423461914e+00,1.021793246269226074e+00,1.294616937637329102e+00,8.507831096649169922e-01,-7.070613503456115723e-01,-1.034262657165527344e+00,2.043476819992065430e+00,-1.857048124074935913e-01,-7.635614871978759766e-01,2.681790590286254883e-01,-1.172741174697875977e+00,-3.513397872447967529e-01,9.073725342750549316e-01,-1.270990371704101562e-01,-1.139679029583930969e-01,-1.795687377452850342e-01,1.110982894897460938e+00,1.713527292013168335e-01,1.740359306335449219e+00,1.846748590469360352e-01,1.306190133094787598e+00,1.592289805412292480e+00,-1.199414730072021484e+00,-2.027970999479293823e-01,8.690008521080017090e-01,1.374013781547546387e+00,1.265842318534851074e+00,-2.337240986526012421e-02,-4.373075664043426514e-01,-8.697968125343322754e-01,1.175203099846839905e-01,1.625244140625000000e+00,4.002177417278289795e-01,-1.718948483467102051e+00,-1.574516296386718750e+00,-1.738711118698120117e+00
-8.985931277275085449e-01,-2.402266263961791992e-01,1.777306675910949707e+00,-1.821668148040771484e+00,1.065125226974487305e+00,1.441022992134094238e+00,-9.691156148910522461e-01,4.934141039848327637e-02,1.505961060523986816e+00,1.796985268592834473e-01,-9.926309585571289062e-01,2.037521004676818848e-01,2.379866838455200195e+00,-8.716083317995071411e-02,2.302554130554199219e+00,8.326234221458435059e-01,1.663621664047241211e+00,3.852075636386871338e-01,3.747804164886474609e-01,1.870221495628356934e+00,8.428129553794860840e-01,-5.006214603781700134e-02,2.278018146753311157e-01,1.676511049270629883e+00,-4.974696338176727295e-01,-9.398055076599121094e-01,1.279788494110107422e+00,-5.139020085334777832e-01,-8.126129955053329468e-02,4.907401502132415771e-01,-1.378635168075561523e-01,7.552023530006408691e-01,-3.576318025588989258e-01,6.442713737487792969e-01,-4.954370260238647461e-01,2.418854713439941406e+00,-2.840548157691955566e-01,1.501137852668762207e+00,1.918590545654296875e+00,-7.769186496734619141e-01,1.787229254841804504e-02,2.431672364473342896e-01,1.242680191993713379e+00,1.349791049957275391e+00,1.153753280639648438e+00,8.184407353401184082e-01,-8.206637501716613770e-01,3.418101742863655090e-02,1.662844896316528320e+00,9.177756905555725098e-01,-1.446591138839721680e+00,-8.964048624038696289e-01,-1.395032644271850586e+00
-6.120992898941040039e-01,1.569586515426635742e+00,1.326161265373229980e+00,-1.381515979766845703e+00,1.389605283737182617e+00,5.573207139968872070e-01,-1.252391099929809570e+00,2.565906383097171783e-02,1.074596405029296875e+00,-3.466250896453857422e-01,-1.575359463691711426e+00,5.424188971519470215e-01,1.518233299255371094e+00,-4.313417971134185791e-01,9.280136227607727051e-01,-5.153756737709045410e-01,9.845028519630432129e-01,8.413508534431457520e-01,6.014550924301147461e-01,8.472008109092712402e-01,6.009510159492492676e-01,-3.064616620540618896e-01,-2.789477705955505371e-01,6.537315249443054199e-01,-3.403851091861724854e-01,-5.247646570205688477e-01,-6.243836283683776855e-01,-5.679881572723388672e-01,-1.493188977241516113e+00,2.550009787082672119e-01,-7.819975167512893677e-02,1.084565162658691406e+00,-7.886055111885070801e-01,-1.860708147287368774e-01,7.092094421386718750e-01,1.655021309852600098e+00,-9.782758355140686035e-01,1.279723763465881348e+00,1.240182757377624512e+00,-1.325471758842468262e+00,-4.974699318408966064e-01,5.839459896087646484e-01,5.972015857696533203e-01,1.405663728713989258e+00,3.530640304088592529e-01,6.083049252629280090e-02,-1.558685779571533203e+00,-1.684822887182235718e-01,3.507675230503082275e-01,-9.898906946182250977e-01,-1.882198095321655273e+00,-1.803809881210327148e+00,-1.871231675148010254e+00
-1.577978134155273438e+00,8.660414218902587891e-01,9.176785349845886230e-01,-2.196799278259277344e+00,5.968310832977294922e-01,1.545886754989624023e+00,-1.458329439163208008e+00,6.820161342620849609e-01,-6.132283806800842285e-01,3.455243408679962158e-01,-5.068932175636291504e-01,-1.048637986183166504e+00,1.425436735153198242e+00,-5.821849703788757324e-01,1.864050745964050293e+00,-1.203817129135131836e+00,9.582443833351135254e-01,8.791467547416687012e-01,-1.087117671966552734e+00,2.454557642340660095e-02,1.925656318664550781e+00,6.197583675384521484e-01,-1.675787329673767090e+00,2.517280578613281250e+00,2.899534069001674652e-02,3.440826237201690674e-01,-2.206563472747802734e+00,-1.938456296920776367e+00,-4.432398080825805664e-01,-1.032221019268035889e-01,-2.398624457418918610e-02,-3.961007893085479736e-01,-6.710097193717956543e-02,9.821159839630126953e-01,-1.403370141983032227e+00,1.731745481491088867e+00,-6.537837982177734375e-01,6.542410254478454590e-01,1.035457849502563477e+00,-7.855046987533569336e-01,4.640719890594482422e-01,-1.204367876052856445e+00,2.874599397182464600e-01,1.543856382369995117e+00,3.650515973567962646e-01,1.570071816444396973e+00,-1.355256915092468262e+00,-1.398671418428421021e-01,2.370390415191650391e+00,1.765301227569580078e+00,-1.353054404258728027e+00,-1.163748264312744141e+00,-1.403305053710937500e+00
-8.699609041213989258e-01,8.698995709419250488e-01,1.358843445777893066e+00,-1.282255291938781738e+00,1.676941394805908203e+00,1.059457778930664062e+00,-1.294599890708923340e+00,2.607881724834442139e-01,4.500844776630401611e-01,4.327790439128875732e-02,-6.034363508224487305e-01,4.625219386070966721e-03,2.248923063278198242e+00,-7.928953170776367188e-01,1.123261809349060059e+00,1.332801729440689087e-01,9.873579144477844238e-01,1.164679169654846191e+00,-5.958626270294189453e-01,5.228910446166992188e-01,1.225112438201904297e+00,4.142029285430908203e-01,-1.368911623954772949e+00,2.001805543899536133e+00,5.996794104576110840e-01,8.900187611579895020e-01,-6.807640790939331055e-01,-1.540754795074462891e+00,-1.078762412071228027e+00,-2.436048239469528198e-01,-2.789240777492523193e-01,-9.497325420379638672e-01,-1.012406349182128906e+00,-5.748230814933776855e-01,-1.827428787946701050e-01,1.918302297592163086e+00,-8.430882692337036133e-01,-2.896757721900939941e-01,1.099359273910522461e+00,-1.860858559608459473e+00,-1.970352232456207275e-01,-9.243848323822021484e-01,2.641868591308593750e-01,1.564162015914916992e+00,-1.710226416587829590e+00,1.113203048706054688e+00,-1.285031676292419434e+00,-5.309188961982727051e-01,1.683928489685058594e+00,2.060342282056808472e-01,-2.228153467178344727e+00,-1.937565922737121582e+00,-2.061210632324218750e+00
-1.346858859062194824e+00,1.078126192092895508e+00,8.800954818725585938e-01,-1.000365853309631348e+00,1.131286978721618652e+00,1.011270046234130859e+00,-6.379157900810241699e-01,6.438122987747192383e-01,5.224419832229614258e-01,-2.145025581121444702e-01,2.519914805889129639e-01,-5.595582723617553711e-01,9.265985488891601562e-01,-1.037269234657287598e+00,1.880763530731201172e+00,-8.812222480773925781e-01,5.711250901222229004e-01,-4.463382959365844727e-01,-1.196473121643066406e+00,1.880385726690292358e-01,3.901071548461914062e-01,8.646907210350036621e-01,-4.875118136405944824e-01,1.959588408470153809e+00,-3.944135606288909912e-01,-6.841945648193359375e-01,-3.922640681266784668e-01,-1.271756172180175781e+00,-8.128548264503479004e-01,4.358613193035125732e-01,5.286157131195068359e-01,3.408036231994628906e-01,5.560542941093444824e-01,6.255092620849609375e-01,4.958684742450714111e-01,1.579924464225769043e+00,-8.025332689285278320e-01,1.507130622863769531e+00,1.284574151039123535e+00,-1.175392746925354004e+00,-6.269550323486328125e-01,-1.130329847335815430e+00,1.440428197383880615e-01,1.833831906318664551e+00,5.510039925575256348e-01,1.505543231964111328e+00,-1.196623325347900391e+00,4.275305941700935364e-02,1.946470379829406738e+00,1.271264314651489258e+00,-1.447522044181823730e+00,-1.176480770111083984e+00,-1.499084711074829102e+00
5.881055071949958801e-02,1.747288465499877930e+00,1.815142989158630371e+00,-4.372150301933288574e-01,1.486566901206970215e+00,1.042593002319335938e+00,-1.298533380031585693e-01,6.594920158386230469e-01,2.211172103881835938e+00,7.803301215171813965e-01,6.462790966033935547e-01,1.226149439811706543e+00,2.189189434051513672e+00,4.348929524421691895e-01,2.034619003534317017e-01,3.396141231060028076e-01,1.415665626525878906e+00,1.261012911796569824e+00,-7.762042880058288574e-01,8.271426558494567871e-01,2.932773530483245850e-01,-5.021924972534179688e-01,-5.060862302780151367e-01,1.912501931190490723e+00,-5.126357078552246094e-01,-3.890682011842727661e-02,1.149849534034729004e+00,-9.599298238754272461e-01,2.402779608964920044e-01,1.238254785537719727e+00,3.023661375045776367e-01,2.368977546691894531e+00,6.942713856697082520e-01,-1.043274760246276855e+00,2.141969680786132812e+00,2.189285278320312500e+00,5.016078352928161621e-01,1.581156849861145020e+00,1.885203838348388672e+00,-1.052193284034729004e+00,-3.797809779644012451e-01,-5.297577381134033203e-01,1.512441515922546387e+00,1.004203319549560547e+00,7.145215868949890137e-01,3.532231450080871582e-01,-4.654198884963989258e-01,-2.299509644508361816e-01,1.170811057090759277e+00,-5.101828575134277344e-01,-1.330508947372436523e+00,-1.692227125167846680e+00,-1.588369250297546387e+00
1.723200678825378418e+00,1.825586199760437012e+00,1.674165606498718262e+00,4.176121354103088379e-01,2.863921403884887695e+00,1.624576568603515625e+00,1.151629567146301270e+00,2.190784454345703125e+00,2.206387042999267578e+00,1.199795603752136230e-01,2.391610383987426758e+00,-3.245859742164611816e-01,1.066726446151733398e+00,1.294766187667846680e+00,2.181804180145263672e+00,3.755929768085479736e-01,2.192628383636474609e+00,2.791764259338378906e+00,-2.839554846286773682e-01,2.299174308776855469e+00,1.740748286247253418e-01,1.391174048185348511e-01,1.742013841867446899e-01,3.079340457916259766e+00,1.142926096916198730e+00,9.859174489974975586e-02,1.395812273025512695e+00,1.368042975664138794e-01,-1.627039462327957153e-01,2.138484239578247070e+00,1.548018336296081543e+00,3.567107439041137695e+00,1.921466350555419922e+00,2.422432661056518555e+00,1.308279633522033691e+00,1.592143654823303223e+00,2.090915441513061523e+00,1.136825561523437500e+00,1.721156001091003418e+00,-2.538640499114990234e-01,1.846419453620910645e+00,-5.176720619201660156e-01,1.745001673698425293e+00,1.651568651199340820e+00,1.471769809722900391e+00,1.041758775711059570e+00,2.796805202960968018e-01,3.967545554041862488e-02,3.210026502609252930e+00,3.355139493942260742e+00,-3.951488435268402100e-01,-3.786860406398773193e-01,-7.009878158569335938e-01
1.785103440284729004e+00,2.331117391586303711e+00,8.725728988647460938e-01,-1.348532140254974365e-01,2.149106502532958984e+00,2.521319150924682617e+00,4.251219928264617920e-01,1.772830247879028320e+00,1.911008000373840332e+00,-4.492375552654266357e-01,1.415097951889038086e+00,2.495566904544830322e-01,1.981539845466613770e+00,-1.042864173650741577e-01,3.015809953212738037e-01,1.078861474990844727e+00,1.362926125526428223e+00,3.072731971740722656e+00,4.271987974643707275e-01,1.307403326034545898e+00,-7.056540846824645996e-01,1.396862387657165527e+00,-9.950574021786451340e-04,1.758780598640441895e+00,1.467318058013916016e+00,1.601221442222595215e+00,4.145763218402862549e-01,-6.200254559516906738e-01,-8.180532455444335938e-01,2.411827325820922852e+00,1.689529538154602051e+00,3.330590963363647461e+00,1.064952373504638672e+00,1.610504508018493652e+00,2.274975538253784180e+00,1.905620098114013672e+00,9.824739098548889160e-01,-5.040404200553894043e-01,1.266458630561828613e+00,-1.616455614566802979e-01,1.513424873352050781e+00,-3.617538511753082275e-01,9.107624888420104980e-01,1.058530688285827637e+00,1.647900104522705078e+00,2.125768899917602539e+00,-2.078576683998107910e-01,-1.526299566030502319e-01,1.773243069648742676e+00,1.490340352058410645e+00,-9.460868835449218750e-01,-1.083214879035949707e+00,-1.081089735031127930e+00
9.797940403223037720e-02,-4.939568042755126953e-01,3.860342502593994141e-01,-7.369682937860488892e-02,1.669521808624267578e+00,-3.579097986221313477e-01,4.221839010715484619e-01,2.245759248733520508e+00,3.098958134651184082e-01,8.543061614036560059e-01,7.451168298721313477e-01,2.338346838951110840e-01,1.486566305160522461e+00,2.221004486083984375e+00,1.880305290222167969e+00,-9.204301238059997559e-01,1.750582337379455566e+00,1.586933970451354980e+00,-6.080067157745361328e-01,-9.601970016956329346e-02,3.837872743606567383e-01,-1.074885427951812744e-01,-6.303578615188598633e-01,2.431487560272216797e+00,-2.610061503946781158e-02,1.389015913009643555e+00,-1.348356723785400391e+00,-1.464120626449584961e+00,-2.361353158950805664e+00,1.353595495223999023e+00,1.788569569587707520e+00,7.831442952156066895e-01,2.037294626235961914e+00,-7.021396756172180176e-01,1.423717021942138672e+00,1.868625879287719727e+00,2.074280261993408203e+00,1.226647257804870605e+00,2.761515497695654631e-04,-3.218555450439453125e-01,1.087171792984008789e+00,-1.982239633798599243e-01,1.213150024414062500e+00,5.560060739517211914e-01,1.229473590850830078e+00,7.976719141006469727e-01,-5.042795538902282715e-01,-1.793396115303039551e+00,6.873635649681091309e-01,3.461735844612121582e-01,-5.197423696517944336e-01,-8.858091831207275391e-01,-9.998497962951660156e-01
3.040740191936492920e-01,3.102634191513061523e+00,1.704345226287841797e+00,3.814110457897186279e-01,1.686281204223632812e+00,1.286759018898010254e+00,-8.499549627304077148e-01,1.418265223503112793e+00,1.336156964302062988e+00,1.227750629186630249e-01,6.622296571731567383e-01,-8.815892040729522705e-02,1.472562432289123535e+00,-1.141742944717407227e+00,3.363292291760444641e-02,5.178789496421813965e-01,1.193483620882034302e-01,2.003601551055908203e+00,-1.122385621070861816e+00,1.619548439979553223e+00,3.168378174304962158e-01,7.446550130844116211e-01,3.650755062699317932e-02,6.934029459953308105e-01,2.584768533706665039e-01,3.140115439891815186e-01,3.328366577625274658e-01,-4.559690058231353760e-01,-7.976825237274169922e-01,4.330697655677795410e-01,8.734615445137023926e-01,8.272206783294677734e-01,5.627971291542053223e-01,2.594423945993185043e-03,8.745219707489013672e-01,1.508068203926086426e+00,-1.971382200717926025e-01,5.718804597854614258e-01,8.590798377990722656e-01,-1.056622982025146484e+00,4.841861724853515625e-01,-1.095694422721862793e+00,-1.648374497890472412e-01,7.183515429496765137e-01,4.332043826580047607e-01,1.545234560966491699e+00,-7.343984246253967285e-01,6.058171391487121582e-02,2.274702489376068115e-01,6.280524730682373047e-01,-1.012221217155456543e+00,-9.244743585586547852e-01,-1.242008566856384277e+00
-7.233067750930786133e-01,1.585813522338867188e+00,1.143593788146972656e+00,-4.568082690238952637e-01,1.449899077415466309e+00,1.131077051162719727e+00,-3.662962317466735840e-01,3.228179216384887695e-01,1.583038926124572754e+00,5.773939490318298340e-01,1.886927783489227295e-01,1.566047072410583496e+00,1.846496343612670898e+00,-1.451153278350830078e+00,7.174274325370788574e-01,-5.230039954185485840e-01,6.324297785758972168e-01,7.305925488471984863e-01,-1.474332571029663086e+00,1.202273607254028320e+00,1.193175554275512695e+00,1.089802265167236328e+00,-3.036251962184906006e-01,1.411317229270935059e+00,7.424345705658197403e-03,6.112324595451354980e-01,-2.199077904224395752e-01,-1.814185738563537598e+00,-5.629456043243408203e-01,2.093671448528766632e-02,1.695192307233810425e-01,5.158624649047851562e-01,2.359772026538848877e-01,5.414435863494873047e-01,2.495305836200714111e-01,1.678379416465759277e+00,-1.000338554382324219e+00,1.186434388160705566e+00,1.603681087493896484e+00,-6.623188853263854980e-01,-2.094808667898178101e-01,-9.911589026451110840e-01,1.007145866751670837e-01,1.320936441421508789e+00,-8.098863810300827026e-02,2.005774497985839844e+00,-5.242029428482055664e-01,-1.228715896606445312e+00,2.164979457855224609e+00,3.550405800342559814e-01,-1.109055757522583008e+00,-1.352741479873657227e+00,-1.236381411552429199e+00
-6.224641203880310059e-01,1.077558875083923340e+00,1.451944589614868164e+00,-1.005612015724182129e+00,9.082847237586975098e-01,2.308308362960815430e+00,-7.608333230018615723e-01,2.592709362506866455e-01,7.969996333122253418e-01,-2.821188271045684814e-01,-5.849392414093017578e-01,-1.340940594673156738e-02,7.080013751983642578e-01,-1.014216542243957520e+00,1.045482516288757324e+00,-4.305462241172790527e-01,-4.703999161720275879e-01,-5.077794194221496582e-02,-1.213559627532958984e+00,-1.257555186748504639e-01,5.930621027946472168e-01,4.887013137340545654e-02,5.678240060806274414e-01,-9.631358385086059570e-01,-1.528915166854858398e+00,1.030859351158142090e+00,-1.059952735900878906e+00,-1.031201481819152832e+00,-7.676805555820465088e-02,3.095842003822326660e-01,-3.222540486603975296e-03,6.240366101264953613e-01,-3.101046681404113770e-01,-1.128700971603393555e+00,1.065445065498352051e+00,1.327389597892761230e+00,-1.028090119361877441e+00,1.092366218566894531e+00,1.134899973869323730e+00,-6.620864272117614746e-01,-3.854171633720397949e-01,-1.186596870422363281e+00,-6.446903944015502930e-01,2.068931311368942261e-01,5.278102159500122070e-01,1.070288658142089844e+00,-4.835639297962188721e-01,3.708003163337707520e-01,-1.299404501914978027e+00,-1.251749634742736816e+00,-1.046332955360412598e+00,-1.132307052612304688e+00,-1.249846816062927246e+00
-9.208117127418518066e-01,1.160509109497070312e+00,1.250965476036071777e+00,-3.462726771831512451e-01,1.095894217491149902e+00,1.170011520385742188e+00,-1.269473791122436523e+00,4.695737957954406738e-01,1.567164301872253418e+00,9.160867929458618164e-01,-1.222403526306152344e+00,2.031179964542388916e-01,1.543625593185424805e+00,-2.895255386829376221e-01,1.761401176452636719e+00,6.253563165664672852e-01,4.907125830650329590e-01,-9.262911677360534668e-01,-7.181695103645324707e-01,-9.202428460121154785e-01,2.163242340087890625e+00,-6.111209988594055176e-01,3.560094395652413368e-03,-2.409807592630386353e-01,-1.875657081604003906e+00,-5.539582371711730957e-01,-4.758510887622833252e-01,-1.440809369087219238e+00,8.089862018823623657e-02,-2.977118492126464844e-01,-3.542498946189880371e-01,1.186212301254272461e+00,-8.488545417785644531e-01,-3.287325054407119751e-02,-2.698430120944976807e-01,1.689041495323181152e+00,-8.934125304222106934e-01,2.766132831573486328e+00,2.303849458694458008e+00,-4.888742566108703613e-01,-5.093079805374145508e-01,-1.129911765456199646e-01,5.812826156616210938e-01,5.454245209693908691e-01,1.558294653892517090e+00,-1.887980699539184570e-01,-2.849925756454467773e-01,6.398136019706726074e-01,-8.320410847663879395e-01,-1.328183889389038086e+00,-9.469989538192749023e-01,-1.127000808715820312e+00,-1.363631010055541992e+00
-1.698576927185058594e+00,7.960273027420043945e-01,2.013381242752075195e+00,-9.846661686897277832e-01,7.927972674369812012e-01,1.040522217750549316e+00,-2.020995140075683594e+00,3.658462762832641602e-01,1.046597480773925781e+00,3.892041146755218506e-01,-1.653741240501403809e+00,4.931453764438629150e-01,9.119774103164672852e-01,-1.487916707992553711e+00,2.401165962219238281e-01,6.365987658500671387e-01,-7.735052108764648438e-01,-3.236386179924011230e-01,-1.134588360786437988e+00,-7.555063366889953613e-01,5.996226668357849121e-01,-1.077031046152114868e-01,-1.761671781539916992e+00,-7.248087525367736816e-01,-1.705887675285339355e+00,-5.222128033638000488e-01,-8.240664601325988770e-01,-1.457336306571960449e+00,3.838604092597961426e-01,-6.923237442970275879e-01,-8.597976565361022949e-01,7.480518892407417297e-03,-1.283276081085205078e+00,-1.484390139579772949e+00,-4.590230584144592285e-01,3.329206109046936035e-01,-1.681684255599975586e+00,1.034299015998840332e+00,5.499972105026245117e-01,-1.058619141578674316e+00,-2.193577766418457031e+00,-1.021335959434509277e+00,-8.700020909309387207e-01,7.051739692687988281e-01,-3.712351247668266296e-02,2.304404079914093018e-01,-1.000922203063964844e+00,-2.246827334165573120e-01,-1.278648853302001953e+00,-1.731048464775085449e+00,-1.522530674934387207e+00,-1.647560238838195801e+00,-1.699616193771362305e+00
-2.140371799468994141e+00,-5.531907677650451660e-01,8.045123219490051270e-01,-1.998296976089477539e+00,-1.109327822923660278e-01,7.483924627304077148e-01,-1.379097700119018555e+00,-2.910755574703216553e-01,3.208884596824645996e-01,1.117817401885986328e+00,2.791074812412261963e-01,1.282192915678024292e-01,6.363798379898071289e-01,7.495746016502380371e-01,1.022133946418762207e+00,6.978324055671691895e-01,7.872303575277328491e-02,8.234754204750061035e-02,-6.703657507896423340e-01,5.602771043777465820e-01,1.630553603172302246e+00,-5.832589268684387207e-01,2.890089154243469238e-02,-4.881258606910705566e-01,-1.331092834472656250e+00,-1.225272417068481445e+00,1.155439615249633789e-01,-7.998456954956054688e-01,2.018334865570068359e-01,-3.157913386821746826e-01,-9.846094250679016113e-01,4.688891768455505371e-01,1.620897650718688965e-01,1.325813889503479004e+00,-4.238171577453613281e-01,-2.199736796319484711e-02,-5.683842301368713379e-01,1.070325016975402832e+00,8.020821809768676758e-01,-8.735532164573669434e-01,-1.244544386863708496e+00,-5.371584296226501465e-01,-1.380620300769805908e-01,5.621302723884582520e-01,2.917644679546356201e-01,-5.350517630577087402e-01,-4.206247627735137939e-01,3.983915746212005615e-01,-9.283223152160644531e-01,-1.707383036613464355e+00,-6.311853528022766113e-01,-4.920516014099121094e-01,-9.456807971000671387e-01
-8.071991205215454102e-01,1.601132601499557495e-01,1.441338419914245605e+00,-1.099075913429260254e+00,-3.415850996971130371e-01,4.716909825801849365e-01,-1.462696433067321777e+00,-3.174573183059692383e-01,9.907613396644592285e-01,8.244117498397827148e-01,1.400770425796508789e+00,9.822995960712432861e-02,1.994103789329528809e+00,1.657690882682800293e+00,8.391674160957336426e-01,2.100162744522094727e+00,4.268409907817840576e-01,1.580269455909729004e+00,6.526052206754684448e-02,1.367848157882690430e+00,1.854956150054931641e-01,6.817120313644409180e-02,7.405217289924621582e-01,4.039454460144042969e-01,-9.818986058235168457e-02,-1.287062048912048340e+00,1.868616461753845215e+00,-5.528097748756408691e-01,6.073743104934692383e-01,-6.403678655624389648e-01,-1.019190073013305664e+00,3.367333412170410156e-01,5.160337686538696289e-01,1.299173593521118164e+00,-1.418763995170593262e-01,2.114482879638671875e+00,7.791693806648254395e-01,5.001808404922485352e-01,2.990610837936401367e+00,-3.758604526519775391e-01,6.460844278335571289e-01,-1.335598975419998169e-01,3.471053540706634521e-01,5.590513348579406738e-01,9.718190431594848633e-01,5.229511260986328125e-01,6.505618095397949219e-01,1.898350119590759277e-01,-1.877814084291458130e-01,5.554562211036682129e-01,-3.150246143341064453e-01,-4.484384320676326752e-03,-4.551503062248229980e-01
-2.712615132331848145e-01,1.230069249868392944e-01,1.542394042015075684e+00,-7.135878205299377441e-01,1.219891905784606934e+00,1.118335247039794922e+00,-1.448760628700256348e+00,-6.815853714942932129e-01,1.995328068733215332e+00,6.622899770736694336e-01,1.167443871498107910e+00,5.538140535354614258e-01,2.296416282653808594e+00,1.246020913124084473e+00,1.077840089797973633e+00,2.227873325347900391e+00,6.801272034645080566e-01,2.285007476806640625e+00,2.535632848739624023e-01,1.245579838752746582e+00,2.766775190830230713e-01,9.429177045822143555e-01,9.694071114063262939e-02,3.940799534320831299e-01,4.800628125667572021e-01,-7.516157627105712891e-01,2.494055747985839844e+00,-5.319760367274284363e-02,6.260928511619567871e-01,-4.263864457607269287e-01,-9.509555697441101074e-01,1.343046426773071289e+00,-1.242513582110404968e-01,1.784457445144653320e+00,-3.189587295055389404e-01,2.012702941894531250e+00,6.565628647804260254e-01,1.838085889816284180e+00,3.433640718460083008e+00,3.342288136482238770e-01,7.586400508880615234e-01,6.130446195602416992e-01,8.580242395401000977e-01,-2.611429095268249512e-01,1.796818256378173828e+00,8.078483343124389648e-01,9.780765771865844727e-01,6.041146516799926758e-01,5.214033722877502441e-01,4.097343981266021729e-01,-5.944542884826660156e-01,-3.800600171089172363e-01,-8.825192451477050781e-01
-2.387353181838989258e-01,-1.171062290668487549e-01,3.262410163879394531e-01,-8.982356190681457520e-01,-3.494040668010711670e-01,2.601165771484375000e-01,-1.063326746225357056e-01,4.100424647331237793e-01,-3.792788386344909668e-01,-1.233568787574768066e+00,5.053541660308837891e-01,-5.951799750328063965e-01,5.526351928710937500e-01,-4.816881418228149414e-01,3.399519026279449463e-01,-5.988572835922241211e-01,1.223998427391052246e+00,7.543473243713378906e-01,3.505481779575347900e-01,1.754467964172363281e+00,-1.718144178390502930e+00,1.878261446952819824e+00,7.443251013755798340e-01,1.788650035858154297e+00,1.093417644500732422e+00,-1.090423226356506348e+00,-3.817077279090881348e-01,-4.298458397388458252e-01,-1.224279165267944336e+00,2.737044394016265869e-01,2.245575040578842163e-01,-3.716057837009429932e-01,-3.714229762554168701e-01,5.419182181358337402e-01,5.690760612487792969e-01,4.641753137111663818e-01,-4.294040203094482422e-01,-1.032647132873535156e+00,1.328288912773132324e-01,-1.209299638867378235e-01,1.385406494140625000e+00,-1.778037250041961670e-01,6.368486881256103516e-01,-3.662738204002380371e-01,7.074227929115295410e-01,2.666112899780273438e+00,-7.515293955802917480e-01,-5.083637237548828125e-01,2.405165433883666992e+00,2.685711860656738281e+00,-1.824215501546859741e-01,1.308900713920593262e-01,-2.650467753410339355e-01
4.553665816783905029e-01,-6.881125569343566895e-01,-3.910393416881561279e-01,-4.880530834197998047e-01,9.629407525062561035e-01,4.719148576259613037e-01,-5.409110784530639648e-01,4.857800304889678955e-01,9.625037014484405518e-02,-6.860867142677307129e-01,-7.870920896530151367e-01,-3.912972807884216309e-01,6.723669767379760742e-01,1.417379021644592285e+00,3.460775911808013916e-01,4.732942283153533936e-01,1.842546015977859497e-01,2.781740128993988037e-01,8.627476692199707031e-01,1.240254417061805725e-01,3.075580298900604248e-01,-3.998010158538818359e-01,-5.746788382530212402e-01,-3.119564056396484375e-01,-1.706060767173767090e-02,-6.141374111175537109e-01,1.880948245525360107e-01,-9.809621572494506836e-01,-1.917891621589660645e+00,6.522073745727539062e-01,1.468849331140518188e-01,-1.097289443016052246e+00,8.323793411254882812e-01,-4.410836994647979736e-01,5.148348212242126465e-01,4.937202334403991699e-01,1.213196516036987305e+00,5.820006728172302246e-01,-5.590136051177978516e-01,-9.584434628486633301e-01,-6.036141514778137207e-01,4.456190466880798340e-01,4.540282487869262695e-01,5.750854015350341797e-01,-6.961719393730163574e-01,-3.234130740165710449e-01,-7.234626412391662598e-01,7.372253537178039551e-01,-8.239932060241699219e-01,-4.910051226615905762e-01,-6.678501963615417480e-01,-6.661460399627685547e-01,-9.645883440971374512e-01
2.529941499233245850e-01,-2.133330553770065308e-01,1.502278745174407959e-01,8.753188885748386383e-03,1.132992148399353027e+00,6.771090030670166016e-01,-3.454085886478424072e-01,1.139715194702148438e+00,-6.200179457664489746e-01,-1.039001703262329102e+00,2.526071071624755859e-01,-5.279650688171386719e-01,7.964336276054382324e-01,1.245535492897033691e+00,9.030959010124206543e-01,1.144983097910881042e-01,6.272042393684387207e-01,7.245123386383056641e-02,1.115889906883239746e+00,1.699267476797103882e-01,-4.348401129245758057e-01,-2.581446170806884766e-01,-3.653187453746795654e-01,2.623496353626251221e-01,-5.302829295396804810e-02,-5.612540841102600098e-01,-8.560233712196350098e-01,-5.915293693542480469e-01,-5.670560002326965332e-01,7.369558811187744141e-01,6.357502937316894531e-01,8.891183137893676758e-01,7.208717465400695801e-01,3.594542741775512695e-01,7.153532505035400391e-01,5.545216202735900879e-01,1.425008296966552734e+00,8.538420796394348145e-01,4.620843827724456787e-01,-7.756060957908630371e-01,-1.009690240025520325e-01,9.430388808250427246e-01,5.792348384857177734e-01,6.969366669654846191e-01,-9.378877282142639160e-01,-6.788851320743560791e-02,-5.478927493095397949e-01,-2.945210635662078857e-01,3.817957937717437744e-01,3.702961504459381104e-01,-3.096375763416290283e-01,-3.828753829002380371e-01,-6.294683218002319336e-01
7.695191502571105957e-01,8.726229518651962280e-02,2.076377123594284058e-01,1.527267247438430786e-01,7.186782360076904297e-01,7.109691500663757324e-01,4.048765599727630615e-01,1.108786463737487793e+00,-1.416726589202880859e+00,-1.800636887550354004e+00,1.474730763584375381e-02,7.833032868802547455e-04,5.484472513198852539e-01,-2.386852651834487915e-01,1.682666420936584473e+00,7.076973319053649902e-01,1.139434337615966797e+00,4.216157793998718262e-01,1.194235086441040039e+00,3.822946250438690186e-01,-2.418466091156005859e+00,-3.697861433029174805e-01,-1.884439826011657715e+00,4.293265342712402344e-01,-3.130919635295867920e-01,1.938314139842987061e-01,1.984592229127883911e-01,1.928034275770187378e-01,-1.464416146278381348e+00,1.395124077796936035e+00,2.191608190536499023e+00,1.714652180671691895e-01,-4.489763975143432617e-01,-2.149258702993392944e-01,7.954812049865722656e-01,1.499833315610885620e-01,3.548527061939239502e-01,1.101831555366516113e+00,9.126808494329452515e-03,-6.737760901451110840e-01,4.060342013835906982e-01,7.703851461410522461e-01,1.494490981101989746e+00,-2.962109446525573730e-01,-1.007446885108947754e+00,2.338486462831497192e-01,-4.355088472366333008e-01,1.608341217041015625e+00,3.746261000633239746e-01,6.731454282999038696e-02,-2.238959074020385742e-01,-3.239040374755859375e-01,-5.433661937713623047e-01
1.296752572059631348e+00,-5.117723941802978516e-01,-2.528773844242095947e-01,-5.481177568435668945e-01,9.840627908706665039e-01,6.880226135253906250e-01,8.479962348937988281e-01,1.525486588478088379e+00,-2.667658030986785889e-01,-7.910928130149841309e-01,2.155401706695556641e+00,4.258185923099517822e-01,2.242251783609390259e-01,9.957113265991210938e-01,1.697909355163574219e+00,5.583459138870239258e-01,1.026058077812194824e+00,7.053222060203552246e-01,2.130207061767578125e+00,8.416050672531127930e-01,-1.603654980659484863e+00,-4.228402376174926758e-01,-1.130915999412536621e+00,-1.559813879430294037e-02,-2.346554845571517944e-01,4.724327623844146729e-01,9.108683466911315918e-01,2.428649961948394775e-01,-4.561553597450256348e-01,2.227091550827026367e+00,2.139248371124267578e+00,1.106786727905273438e+00,1.239785909652709961e+00,1.106331944465637207e+00,1.655006170272827148e+00,-9.637877345085144043e-03,1.218493103981018066e+00,1.163108348846435547e+00,2.465757280588150024e-01,-3.867844939231872559e-01,1.052160501480102539e+00,1.789568066596984863e+00,1.267123460769653320e+00,5.625663399696350098e-01,4.039386510848999023e-01,3.270494341850280762e-01,-2.662380933761596680e-01,1.799229860305786133e+00,4.301842451095581055e-01,9.548076987266540527e-01,6.167820096015930176e-02,2.840419113636016846e-01,-1.431323736906051636e-01
2.919912338256835938e-01,3.585810959339141846e-02,1.118076682090759277e+00,-8.173507638275623322e-03,1.341600775718688965e+00,1.207266926765441895e+00,-1.033303812146186829e-01,1.564207434654235840e+00,-5.005860328674316406e-01,-4.342816174030303955e-01,-5.656865835189819336e-01,-1.021781802177429199e+00,-1.733965007588267326e-03,1.313756823539733887e+00,1.266863226890563965e+00,-6.737921833992004395e-01,2.438174635171890259e-01,4.367706477642059326e-01,5.783578753471374512e-01,-5.888234972953796387e-01,-1.041435897350311279e-01,2.210825681686401367e-01,-1.466095566749572754e+00,-6.956630200147628784e-02,-1.982742697000503540e-01,5.041815638542175293e-01,-1.106280684471130371e+00,-1.927626490592956543e+00,-1.520249247550964355e-01,1.645330190658569336e+00,9.480561017990112305e-01,8.567394018173217773e-01,6.140338778495788574e-01,-2.750089466571807861e-01,2.175725936889648438e+00,2.836369574069976807e-01,8.654647469520568848e-01,7.213914990425109863e-01,-3.910444080829620361e-01,-6.324179172515869141e-01,2.875490486621856689e-01,6.855157613754272461e-01,2.957972884178161621e-01,1.066244006156921387e+00,-6.912161707878112793e-01,5.664613246917724609e-01,-1.214793324470520020e+00,-1.514632105827331543e-01,2.830517888069152832e-01,1.509193181991577148e-01,-1.031901121139526367e+00,-1.154914379119873047e+00,-1.093033075332641602e+00
-2.400524020195007324e-01,4.475454986095428467e-01,4.956104457378387451e-01,-4.408476948738098145e-01,6.038359403610229492e-01,1.157027125358581543e+00,-1.312822401523590088e-01,1.309559941291809082e+00,-1.450157165527343750e+00,-7.407562732696533203e-01,-1.304255247116088867e+00,-1.486187458038330078e+00,-8.952255249023437500e-01,-4.177758693695068359e-01,7.064210623502731323e-02,-1.809532403945922852e+00,-6.675938367843627930e-01,-1.461495399475097656e+00,-7.576071619987487793e-01,-8.826946020126342773e-01,3.679625689983367920e-01,1.490277945995330811e-01,-1.791213989257812500e+00,-7.849031686782836914e-01,-2.223822355270385742e+00,-1.240153312683105469e+00,-2.099704504013061523e+00,-1.857107520103454590e+00,-1.245234251022338867e+00,1.567790389060974121e+00,1.715156793594360352e+00,4.568983614444732666e-01,1.742814064025878906e+00,-9.851217269897460938e-01,1.674938917160034180e+00,-1.062130555510520935e-01,5.573725700378417969e-01,2.010198682546615601e-01,-7.280873656272888184e-01,-1.132981896400451660e+00,-4.082132279872894287e-01,-8.217990994453430176e-01,-3.659659624099731445e-01,5.824036598205566406e-01,-1.548226833343505859e+00,7.226073145866394043e-01,-6.366128325462341309e-01,-1.983951479196548462e-01,-7.152460217475891113e-01,-4.633694589138031006e-01,-8.099429607391357422e-01,-3.722713291645050049e-01,-7.251780033111572266e-01
5.331889390945434570e-01,-2.625811994075775146e-01,-3.621110022068023682e-01,-2.317373007535934448e-01,4.910060167312622070e-01,1.013135671615600586e+00,7.683310508728027344e-01,7.156155705451965332e-01,-4.930527880787849426e-02,4.158312920480966568e-03,1.743176579475402832e+00,5.423815846443176270e-01,-8.738889694213867188e-01,8.596433997154235840e-01,1.498290538787841797e+00,4.220292270183563232e-01,1.967093646526336670e-01,-8.126479387283325195e-01,1.436426877975463867e+00,-4.740702211856842041e-01,8.642167598009109497e-02,-1.543870925903320312e+00,-1.098167538642883301e+00,-8.801870346069335938e-01,-1.414309024810791016e+00,8.943996578454971313e-02,3.328606486320495605e-01,8.158185482025146484e-01,-1.814224570989608765e-01,1.931678652763366699e+00,7.647114396095275879e-01,8.933352828025817871e-01,1.301584243774414062e+00,1.596836209297180176e+00,1.394119858741760254e+00,-3.766067028045654297e-01,6.852102875709533691e-01,1.439980030059814453e+00,7.433861494064331055e-01,-8.040577918291091919e-02,-8.112931251525878906e-01,1.212436676025390625e+00,7.052702903747558594e-01,2.605458498001098633e-01,8.519656658172607422e-01,-1.451773524284362793e+00,2.510423064231872559e-01,1.437072992324829102e+00,-9.344694018363952637e-01,-6.382308602333068848e-01,3.914848864078521729e-01,4.253590404987335205e-01,-1.894008666276931763e-01
1.148609519004821777e+00,5.497865080833435059e-01,6.363345980644226074e-01,5.127475261688232422e-01,1.016967058181762695e+00,5.508285164833068848e-01,3.734728395938873291e-01,2.110241413116455078e+00,-1.091279387474060059e+00,-1.140443563461303711e+00,1.031332135200500488e+00,-6.710484623908996582e-01,3.597977161407470703e-01,4.754033386707305908e-01,7.971737980842590332e-01,3.679646849632263184e-01,7.400174736976623535e-01,8.714415431022644043e-01,1.346763610839843750e+00,6.195865273475646973e-01,-1.142578959465026855e+00,2.347549609839916229e-02,-1.121407628059387207e+00,1.060533761978149414e+00,1.032484173774719238e+00,4.159856140613555908e-01,1.252366006374359131e-01,-1.118414521217346191e+00,-3.445293903350830078e-01,2.001451253890991211e+00,1.906017899513244629e+00,-2.365530729293823242e-01,-2.660689949989318848e-01,2.057821154594421387e-01,1.405285716056823730e+00,4.489258527755737305e-01,5.690904855728149414e-01,5.133519768714904785e-01,3.010604083538055420e-01,-1.218377947807312012e+00,-8.339006453752517700e-03,1.046640515327453613e+00,6.462587118148803711e-01,9.135626256465911865e-02,-3.400942385196685791e-01,3.697867095470428467e-01,-1.203831553459167480e+00,1.683334708213806152e+00,1.816830873489379883e+00,1.901073336601257324e+00,-8.806279897689819336e-01,-7.890493273735046387e-01,-1.191058874130249023e+00
7.757036685943603516e-01,-8.549208641052246094e-01,-8.353921175003051758e-01,-7.262055277824401855e-01,3.207856714725494385e-01,-6.324286013841629028e-02,1.211033344268798828e+00,1.408041715621948242e+00,-1.828498482704162598e+00,-2.101590394973754883e+00,1.053047299385070801e+00,-1.169415831565856934e+00,3.110703825950622559e-01,-5.414020419120788574e-01,9.451327323913574219e-01,1.177273690700531006e-01,4.440628588199615479e-01,-4.411892890930175781e-01,1.461266636848449707e+00,-4.689880907535552979e-01,-1.246159911155700684e+00,9.326831102371215820e-01,-1.620285272598266602e+00,-8.904968947172164917e-02,-3.064946830272674561e-02,-2.075355499982833862e-01,-3.730707243084907532e-02,-1.759315580129623413e-01,-1.816017866134643555e+00,1.647021532058715820e+00,1.649787664413452148e+00,-1.931367278099060059e+00,-1.164196372032165527e+00,3.204113543033599854e-01,-4.552263617515563965e-01,4.767171740531921387e-01,2.376408725976943970e-01,8.057016730308532715e-01,-1.805893033742904663e-01,-7.364217638969421387e-01,-2.736786603927612305e-01,1.442881345748901367e+00,9.796797037124633789e-01,3.924738615751266479e-02,-9.377091526985168457e-01,1.510835409164428711e+00,-7.167349457740783691e-01,9.679263830184936523e-01,5.263093858957290649e-02,8.006880879402160645e-01,-1.431657522916793823e-01,5.791599154472351074e-01,-7.923900149762630463e-03
8.853650689125061035e-01,-1.261842250823974609e-01,3.720914125442504883e-01,5.143223404884338379e-01,5.545102953910827637e-01,2.589226067066192627e-01,6.712460517883300781e-01,1.231917500495910645e+00,-8.538381457328796387e-01,-1.496293842792510986e-01,3.240210115909576416e-01,-4.433123469352722168e-01,-3.129512965679168701e-01,1.622911691665649414e+00,2.112151861190795898e+00,2.537033557891845703e-01,6.478705406188964844e-01,-1.095076322555541992e+00,2.664275407791137695e+00,-1.768714189529418945e+00,6.598427891731262207e-01,-1.851538896560668945e+00,-1.078730702400207520e+00,-1.638921856880187988e+00,-1.612333178520202637e+00,-2.590874210000038147e-02,1.118012610822916031e-02,-3.085962831974029541e-01,2.956073880195617676e-01,1.806895852088928223e+00,1.484995961189270020e+00,1.549640744924545288e-01,4.869020879268646240e-01,1.517358303070068359e+00,7.368391752243041992e-01,-1.263585984706878662e-01,1.090707659721374512e+00,2.348456382751464844e+00,7.966972142457962036e-02,-1.060232400894165039e+00,-2.940023541450500488e-01,2.471422672271728516e+00,1.228467702865600586e+00,7.402478456497192383e-01,-1.540391445159912109e+00,-1.032312273979187012e+00,-3.724138438701629639e-01,1.402987241744995117e+00,-1.882400035858154297e+00,-4.546949863433837891e-01,-2.186982035636901855e-01,-3.790906369686126709e-01,-3.586075603961944580e-01
-2.668521553277969360e-02,5.656729936599731445e-01,7.746455073356628418e-01,1.195206418633460999e-01,8.098484873771667480e-01,1.259932041168212891e+00,-6.379318237304687500e-01,1.534121036529541016e+00,-1.149605154991149902e+00,-1.424449324607849121e+00,-7.482230067253112793e-01,-2.089163064956665039e+00,-1.597011089324951172e+00,7.699447870254516602e-01,1.652474641799926758e+00,-9.978831410408020020e-01,3.190568089485168457e-01,-1.213028669357299805e+00,1.524358391761779785e+00,-3.251748085021972656e-01,-1.168055415153503418e+00,-1.872081995010375977e+00,-1.012061834335327148e+00,-4.433566033840179443e-01,-1.633038640022277832e+00,3.320091366767883301e-01,-1.262922406196594238e+00,-1.465082287788391113e+00,-5.325607657432556152e-01,1.054832696914672852e+00,1.363194227218627930e+00,2.437402307987213135e-01,-7.023889422416687012e-01,-6.566107273101806641e-01,6.092004776000976562e-01,-1.006954789161682129e+00,3.287882208824157715e-01,5.474134087562561035e-01,-2.684745490550994873e-01,-1.247677326202392578e+00,-6.745585799217224121e-01,9.605402350425720215e-01,1.717202365398406982e-01,2.958084940910339355e-01,-1.402969717979431152e+00,-1.252272963523864746e+00,-1.102305412292480469e+00,6.903410553932189941e-01,-2.314629405736923218e-01,-2.241291403770446777e-01,-5.740957856178283691e-01,-8.228592276573181152e-01,-9.024039506912231445e-01
-2.957706749439239502e-01,-1.502636313438415527e+00,-8.371200561523437500e-01,-1.176212191581726074e+00,4.695229977369308472e-02,-3.184529766440391541e-02,2.611034810543060303e-01,1.508572101593017578e+00,-1.593837618827819824e+00,-1.655759811401367188e+00,4.486595690250396729e-01,-3.394873738288879395e-01,-1.357092022895812988e+00,1.126831546425819397e-01,-1.170797497034072876e-01,-1.232212185859680176e+00,7.897187024354934692e-02,-8.959997296333312988e-01,3.313355743885040283e-01,2.850854992866516113e-01,-7.178719043731689453e-01,6.702448427677154541e-02,-9.272166490554809570e-01,6.665617227554321289e-01,-8.887673020362854004e-01,4.364039599895477295e-01,-9.986299276351928711e-01,-2.834975421428680420e-01,-1.889884352684020996e+00,1.623867988586425781e+00,1.813065886497497559e+00,-1.040672183036804199e+00,-1.334818303585052490e-01,-1.116013526916503906e+00,8.551241755485534668e-01,-7.820428609848022461e-01,4.440448880195617676e-01,-1.106777548789978027e+00,-9.386943578720092773e-01,-1.252353191375732422e+00,-1.689801216125488281e-01,-7.507073283195495605e-01,8.921943902969360352e-01,1.737260222434997559e-01,-4.401022791862487793e-01,1.064070686697959900e-01,-9.295669198036193848e-01,3.074803352355957031e-01,6.959382891654968262e-01,-3.288366496562957764e-01,-4.684185385704040527e-01,-5.624024942517280579e-02,-3.677051663398742676e-01
1.306315660476684570e+00,-5.697581171989440918e-01,-3.146219849586486816e-01,-1.082265153527259827e-01,7.641020417213439941e-01,9.853572845458984375e-01,6.732208728790283203e-01,6.005446314811706543e-01,-4.345654249191284180e-01,3.390073478221893311e-01,2.361919879913330078e+00,-4.916533529758453369e-01,-4.130216240882873535e-01,1.256929874420166016e+00,1.575425863265991211e+00,1.064700961112976074e+00,8.367481827735900879e-01,3.168828487396240234e-01,2.371101379394531250e+00,8.359552621841430664e-01,-2.973343245685100555e-02,-7.997045516967773438e-01,-1.729852110147476196e-01,-5.690051317214965820e-01,-2.539472579956054688e-01,1.521279573440551758e+00,1.027323961257934570e+00,8.953065872192382812e-01,2.178318649530410767e-01,1.730522036552429199e+00,5.614362955093383789e-01,1.338682889938354492e+00,8.503165841102600098e-01,1.587344527244567871e+00,6.190374493598937988e-01,-5.940691828727722168e-01,1.165880203247070312e+00,7.644320726394653320e-01,9.240031242370605469e-02,-7.750728726387023926e-02,-8.148550391197204590e-01,1.671208143234252930e+00,6.264798641204833984e-01,4.467411935329437256e-01,9.518620967864990234e-01,-7.059069275856018066e-01,2.352230846881866455e-01,1.079910516738891602e+00,-1.144399881362915039e+00,-1.175483942031860352e+00,6.491990089416503906e-01,6.215128898620605469e-01,4.794066548347473145e-01
1.247390627861022949e+00,1.293047904968261719e+00,9.491988420486450195e-01,1.009148001670837402e+00,1.859174370765686035e+00,1.029925823211669922e+00,8.328402638435363770e-01,2.483233690261840820e+00,-2.282268702983856201e-01,2.429817616939544678e-01,1.447558760643005371e+00,-5.560334324836730957e-01,3.239722549915313721e-01,2.204253435134887695e+00,2.596262991428375244e-01,9.445740282535552979e-02,-2.948544919490814209e-01,1.536429882049560547e+00,1.221256926655769348e-01,3.922426104545593262e-01,-1.462342262268066406e+00,6.137744188308715820e-01,-3.686798512935638428e-01,3.145338892936706543e-01,4.494325816631317139e-01,-3.279106691479682922e-02,4.570656120777130127e-01,-5.841178297996520996e-01,2.447107583284378052e-01,2.025803565979003906e+00,2.110228300094604492e+00,7.349976301193237305e-01,2.126522541046142578e+00,9.845838546752929688e-01,2.653301000595092773e+00,1.845085322856903076e-01,1.769274353981018066e+00,3.617127239704132080e-01,-1.722495257854461670e-01,-4.550493955612182617e-01,1.946697115898132324e+00,-8.089553564786911011e-02,2.902553081512451172e-01,-1.896035075187683105e-01,-1.631604135036468506e-01,7.763019204139709473e-02,-1.976622045040130615e-01,5.734517574310302734e-01,1.211709737777709961e+00,1.522247076034545898e+00,-4.916867017745971680e-01,-2.812349498271942139e-01,-7.872728705406188965e-01
1.599394977092742920e-01,1.329473376274108887e+00,3.283711671829223633e-01,-5.743097066879272461e-01,7.221806049346923828e-01,1.172716617584228516e+00,3.359360992908477783e-01,9.330930113792419434e-01,4.284224808216094971e-01,5.075063705444335938e-01,1.110133647918701172e+00,8.035572767257690430e-01,1.074867248535156250e+00,-2.847566008567810059e-01,-1.710420012474060059e+00,-8.211735486984252930e-01,-1.576516866683959961e+00,1.141983270645141602e+00,-1.815646171569824219e+00,9.604672789573669434e-01,2.643721997737884521e-01,2.234434843063354492e+00,1.001470014452934265e-01,-1.411387175321578979e-01,9.773496985435485840e-01,-9.847306013107299805e-01,1.231013387441635132e-01,-7.947757840156555176e-01,-1.104351758956909180e+00,8.047744631767272949e-01,3.908031880855560303e-01,1.174001455307006836e+00,1.013322830200195312e+00,6.608187556266784668e-01,1.864481329917907715e+00,9.104076027870178223e-01,-6.695951521396636963e-02,-1.490938305854797363e+00,1.720424182713031769e-02,1.012967899441719055e-01,1.216845393180847168e+00,-2.402425289154052734e+00,-9.972970485687255859e-01,1.260803937911987305e-01,2.495735883712768555e-01,2.290293455123901367e+00,4.423534572124481201e-01,-1.486058682203292847e-01,8.049001544713973999e-02,1.019030213356018066e+00,-3.728495240211486816e-01,1.544668078422546387e-01,-3.892482221126556396e-01
-1.179074198007583618e-01,2.690492868423461914e-01,3.046415746212005615e-01,-1.079724192619323730e+00,-2.551307976245880127e-01,3.752969205379486084e-01,-3.076952695846557617e-01,-3.308875262737274170e-01,6.222811341285705566e-01,6.081619858741760254e-01,4.003320336341857910e-01,1.074486970901489258e+00,-3.080138862133026123e-01,8.382342457771301270e-01,-7.285072803497314453e-01,-8.054726719856262207e-01,-1.742266058921813965e+00,8.064033985137939453e-01,-1.637494564056396484e+00,-1.896334886550903320e-01,7.617734670639038086e-01,7.130810022354125977e-01,1.027341559529304504e-01,-1.558048963546752930e+00,-3.327684104442596436e-01,-5.803813934326171875e-01,-5.024098753929138184e-01,-1.271526217460632324e+00,-4.791656434535980225e-01,1.834056079387664795e-01,-7.437011599540710449e-01,6.776469945907592773e-02,6.510212421417236328e-01,5.811509490013122559e-01,8.561078906059265137e-01,1.573625355958938599e-01,2.528637088835239410e-02,-1.182128340005874634e-01,4.081658124923706055e-01,-8.763833902776241302e-03,1.030014008283615112e-01,-1.861613273620605469e+00,-1.266148328781127930e+00,1.499653980135917664e-02,8.739540576934814453e-01,8.446761965751647949e-01,1.279823482036590576e-01,-2.181167900562286377e-01,-1.452695846557617188e+00,-6.884009838104248047e-01,-1.564771831035614014e-01,-3.528966009616851807e-01,-3.440774977207183838e-01
-4.282805323600769043e-01,7.678855061531066895e-01,7.671974301338195801e-01,-2.290031313896179199e-01,7.441167831420898438e-01,1.096470713615417480e+00,-1.206297039985656738e+00,9.830135107040405273e-01,-7.640863656997680664e-01,9.513975381851196289e-01,-9.576795101165771484e-01,-4.466880261898040771e-01,-2.623870968818664551e-01,1.057843804359436035e+00,-2.590772695839405060e-02,-1.365536808967590332e+00,-1.470605492591857910e+00,-2.752526104450225830e-01,-1.475078582763671875e+00,-8.094092607498168945e-01,7.338497638702392578e-01,5.075088739395141602e-01,-1.192896962165832520e+00,-2.424599528312683105e-01,-4.284386038780212402e-01,-6.616781949996948242e-01,-2.068731069564819336e+00,-1.605587124824523926e+00,1.614748537540435791e-01,1.053732484579086304e-01,4.708735346794128418e-01,8.721038103103637695e-01,1.726753473281860352e+00,-9.511727690696716309e-01,1.105241537094116211e+00,-4.925558343529701233e-02,4.293778836727142334e-01,-2.680612206459045410e-01,8.354964852333068848e-02,-4.189276397228240967e-01,-1.044617652893066406e+00,-1.902985215187072754e+00,-1.279767632484436035e+00,8.751976490020751953e-01,8.478805422782897949e-01,4.484930336475372314e-01,-5.432301163673400879e-01,-1.608844280242919922e+00,5.784563422203063965e-01,-2.410931289196014404e-01,-7.841910719871520996e-01,-9.135752916336059570e-01,-9.960464835166931152e-01
-9.393653869628906250e-01,-9.491051435470581055e-01,-3.244981467723846436e-01,-1.782684564590454102e+00,-8.443195819854736328e-01,-2.769440114498138428e-01,-3.989522457122802734e-01,-5.806912779808044434e-01,-4.215682446956634521e-01,3.750343918800354004e-01,1.087634921073913574e+00,1.351720333099365234e+00,2.947593629360198975e-01,-6.956430673599243164e-01,5.930374860763549805e-01,-1.261999458074569702e-02,-1.431630253791809082e+00,-4.811579883098602295e-01,-1.543363213539123535e+00,-4.738810062408447266e-01,1.018444299697875977e+00,6.858173012733459473e-01,-3.327472209930419922e-01,-1.394900202751159668e+00,-7.063899636268615723e-01,3.970936834812164307e-01,-7.141845226287841797e-01,-8.060654997825622559e-01,-1.077432632446289062e+00,-6.733411550521850586e-01,-6.549919843673706055e-01,-3.830832242965698242e-01,7.470574975013732910e-01,6.719557642936706543e-01,9.342339634895324707e-01,3.722016215324401855e-01,-5.141888856887817383e-01,-1.754713207483291626e-01,1.829365938901901245e-01,-3.950561285018920898e-01,-1.694829702377319336e+00,-1.893365144729614258e+00,-1.398944616317749023e+00,9.942085482180118561e-03,-1.818672716617584229e-01,1.022329092025756836e+00,3.532307744026184082e-01,-6.861204653978347778e-02,-2.117590188980102539e+00,-1.546357512474060059e+00,-1.109191402792930603e-01,7.437587529420852661e-02,-1.826467663049697876e-01
-4.282232522964477539e-01,1.050324797630310059e+00,1.173386216163635254e+00,-7.341471910476684570e-01,6.833545118570327759e-02,1.295807003974914551e+00,-1.034074425697326660e+00,-1.045186877250671387e+00,1.564286828041076660e+00,3.850283324718475342e-01,2.996753752231597900e-01,2.253302484750747681e-01,9.670087695121765137e-01,-4.894717037677764893e-01,-8.463133126497268677e-02,1.467696547508239746e+00,-1.604124307632446289e+00,-4.909812659025192261e-02,-1.648730158805847168e+00,-2.874914109706878662e-01,1.127235651016235352e+00,4.919364452362060547e-01,1.711476683616638184e+00,-1.499878168106079102e+00,-5.437852144241333008e-01,-4.207262396812438965e-01,4.227335155010223389e-01,-4.898799955844879150e-01,1.187285423278808594e+00,-8.341679573059082031e-01,-1.250456333160400391e+00,1.132895231246948242e+00,2.847481369972229004e-01,1.618572473526000977e+00,-3.685749173164367676e-01,9.033510684967041016e-01,-3.532114326953887939e-01,-2.909259200096130371e-01,2.031453609466552734e+00,-1.706144809722900391e-01,-1.784589290618896484e+00,-1.942801952362060547e+00,-1.396620512008666992e+00,2.993513047695159912e-01,1.320128202438354492e+00,3.996558189392089844e-01,5.316709280014038086e-01,9.378765821456909180e-01,-5.821484923362731934e-01,-1.231007933616638184e+00,-3.751785457134246826e-01,-3.007150590419769287e-01,-4.379867315292358398e-01
-9.480695724487304688e-01,6.774458885192871094e-01,7.486069798469543457e-01,-3.403695821762084961e-01,8.004088699817657471e-02,1.122644662857055664e+00,-8.727210760116577148e-01,1.057042405009269714e-01,1.036962747573852539e+00,1.698880434036254883e+00,6.670988202095031738e-01,1.294781684875488281e+00,1.267116904258728027e+00,7.763913869857788086e-01,3.097125291824340820e-01,1.410343647003173828e+00,-1.115611910820007324e+00,7.940786331892013550e-02,-9.801360964775085449e-01,-9.231352806091308594e-01,1.657858490943908691e+00,7.792519927024841309e-01,-3.357102572917938232e-01,-9.294319152832031250e-01,-2.929058372974395752e-01,-2.280043363571166992e-01,5.538720488548278809e-01,-1.195550560951232910e+00,-3.193430006504058838e-01,-6.562469601631164551e-01,-9.278196096420288086e-02,5.695461630821228027e-01,6.458495855331420898e-01,1.033340096473693848e+00,-1.485896948724985123e-02,5.756632685661315918e-01,-3.242174386978149414e-01,3.149068057537078857e-01,1.402021408081054688e+00,-1.031233906745910645e+00,-8.214550018310546875e-01,-1.216949820518493652e+00,-1.036846637725830078e+00,1.292431592941284180e+00,-3.244233429431915283e-01,7.557182908058166504e-01,-3.856094926595687866e-02,4.094578623771667480e-01,-4.224252402782440186e-01,-9.089568257331848145e-01,-5.109122395515441895e-01,-4.520461857318878174e-01,-7.048028111457824707e-01
-1.797529757022857666e-01,9.517150521278381348e-01,4.509815275669097900e-01,-8.904679417610168457e-01,-5.997498035430908203e-01,1.598719716072082520e+00,-9.454665184020996094e-01,-4.903078079223632812e-01,1.553617477416992188e+00,6.983345150947570801e-01,9.035034775733947754e-01,9.497739076614379883e-01,1.796181917190551758e+00,-3.599695563316345215e-01,-2.631106078624725342e-01,2.457003355026245117e+00,-1.089117646217346191e+00,-1.310074627399444580e-01,-1.178027868270874023e+00,1.224845871329307556e-01,6.087461709976196289e-01,4.571797549724578857e-01,4.946762323379516602e-01,-1.570815682411193848e+00,-2.828367948532104492e-01,3.687944263219833374e-02,1.595495104789733887e+00,5.507922545075416565e-02,7.515612244606018066e-02,-2.471189051866531372e-01,-6.071385741233825684e-01,1.872329831123352051e+00,4.402041733264923096e-01,2.021340847015380859e+00,4.670997262001037598e-01,1.518688082695007324e+00,-9.926551580429077148e-01,-1.310813575983047485e-01,1.856511712074279785e+00,-2.503366582095623016e-02,-6.294064223766326904e-02,-1.305003762245178223e+00,-7.074561715126037598e-01,2.424133270978927612e-01,8.821243047714233398e-01,1.695696562528610229e-01,1.132930874824523926e+00,1.349281072616577148e+00,-1.248291850090026855e+00,-7.823766469955444336e-01,1.852775961160659790e-01,1.433654278516769409e-01,-1.576507687568664551e-01
-3.028714656829833984e-01,5.358290672302246094e-01,1.359498977661132812e+00,-4.914152324199676514e-01,-2.465283870697021484e-01,1.240268945693969727e+00,-8.237209916114807129e-01,-8.393687009811401367e-01,1.136510968208312988e+00,8.381795883178710938e-01,-1.104704856872558594e+00,7.930199503898620605e-01,4.542106389999389648e-02,-4.757439792156219482e-01,-8.190654516220092773e-01,3.140186518430709839e-02,-1.631888866424560547e+00,-1.077127814292907715e+00,-8.401246666908264160e-01,4.547148942947387695e-01,5.750964283943176270e-01,1.326586008071899414e+00,1.410969376564025879e+00,-4.023202359676361084e-01,5.216275900602340698e-02,-2.420275211334228516e+00,-2.388852238655090332e-01,-6.405560374259948730e-01,4.697761535644531250e-01,-1.239289268851280212e-01,-1.173497915267944336e+00,1.203740119934082031e+00,8.966435492038726807e-02,1.371564269065856934e-01,1.808445304632186890e-01,3.449013233184814453e-01,-5.326812267303466797e-01,-3.549163043498992920e-01,1.204932093620300293e+00,1.350395977497100830e-01,-1.944224715232849121e+00,-1.131998300552368164e+00,-1.479287147521972656e+00,4.550618678331375122e-02,2.283933162689208984e+00,9.566491842269897461e-01,2.890837490558624268e-01,-1.054390907287597656e+00,-2.142900675535202026e-01,-1.020967289805412292e-01,-2.798462212085723877e-01,-2.552895843982696533e-01,-5.343230962753295898e-01
-9.051785469055175781e-01,-9.968780875205993652e-01,-5.033266544342041016e-01,-5.486491322517395020e-01,-2.388476580381393433e-01,-5.512389540672302246e-01,6.959868967533111572e-02,-1.841603815555572510e-01,-1.276731967926025391e+00,1.875608712434768677e-01,-1.576870530843734741e-01,5.610689520835876465e-01,-1.279827833175659180e+00,4.486036300659179688e-01,1.433073878288269043e-01,-1.064123272895812988e+00,-3.120894730091094971e-01,-1.026094198226928711e+00,9.058727622032165527e-01,-9.009415507316589355e-01,5.328451395034790039e-01,-6.024908423423767090e-01,-5.956413745880126953e-01,-7.956637740135192871e-01,-1.346557021141052246e+00,-8.270187377929687500e-01,-1.739925026893615723e+00,-1.030636906623840332e+00,-1.463106393814086914e+00,4.804113805294036865e-01,-8.742607831954956055e-01,-8.413749933242797852e-01,1.216153264045715332e+00,-3.471465706825256348e-01,1.292971968650817871e+00,-4.428232610225677490e-01,2.904172539710998535e-01,6.385447978973388672e-01,-5.092787146568298340e-01,-3.644579052925109863e-01,-2.292954444885253906e+00,6.078633666038513184e-01,-2.593599557876586914e-01,3.615691065788269043e-01,-1.452795118093490601e-01,-5.233778357505798340e-01,-3.620235323905944824e-01,-1.116419076919555664e+00,-2.111962318420410156e+00,-2.130664587020874023e+00,1.945274323225021362e-02,-1.532024145126342773e-01,-3.026672899723052979e-01
-3.219405114650726318e-01,1.461558341979980469e-01,3.562716841697692871e-01,-1.505915671586990356e-01,3.361625075340270996e-01,2.720748782157897949e-01,-3.811953365802764893e-01,5.335754752159118652e-01,3.914354443550109863e-01,9.361969828605651855e-01,-2.996753752231597900e-01,6.431479454040527344e-01,-3.720236420631408691e-01,1.762556314468383789e+00,-1.599466055631637573e-01,-7.786773890256881714e-02,-4.141897559165954590e-01,1.917730122804641724e-01,6.823580265045166016e-01,-7.097401618957519531e-01,1.057426214218139648e+00,-4.724184274673461914e-01,-7.195149660110473633e-01,-9.171096086502075195e-01,-7.874711155891418457e-01,-1.753294914960861206e-01,-1.094332814216613770e+00,-8.063477277755737305e-01,-2.452749460935592651e-01,-7.665300369262695312e-02,-3.294814005494117737e-02,-4.722260832786560059e-01,1.541838407516479492e+00,1.427787423133850098e+00,-8.934365212917327881e-02,-1.135642156004905701e-01,1.103040218353271484e+00,7.358226776123046875e-01,2.412183880805969238e-01,-1.451843231916427612e-01,-2.757529318332672119e-01,5.054144263267517090e-01,-1.714358329772949219e-01,6.401026248931884766e-01,-4.247215688228607178e-01,-9.092289209365844727e-01,1.416715532541275024e-01,4.073624610900878906e-01,-1.853635430335998535e+00,-1.308849692344665527e+00,5.667931213974952698e-02,-2.891711294651031494e-01,-2.554625570774078369e-01
-4.883508980274200439e-01,-1.124310612678527832e+00,-4.383198022842407227e-01,-8.337751030921936035e-03,-8.718012571334838867e-01,6.232499480247497559e-01,-4.401495158672332764e-01,-2.181522995233535767e-01,-7.724925279617309570e-01,-8.882191181182861328e-01,4.939088970422744751e-02,-6.289179325103759766e-01,-4.445416033267974854e-01,3.204555064439773560e-02,-1.246743917465209961e+00,-2.075189352035522461e-02,-1.110320910811424255e-01,7.375308871269226074e-01,9.093230962753295898e-01,4.624462127685546875e-01,-5.848512649536132812e-01,-2.295768558979034424e-01,-8.371086716651916504e-01,-3.366582468152046204e-02,8.259103447198867798e-02,8.871743679046630859e-01,-1.093013286590576172e+00,-1.403323292732238770e+00,-3.620590865612030029e-01,-2.986478507518768311e-01,-1.422509402036666870e-01,-3.278594017028808594e-01,-2.976446226239204407e-02,-4.612063169479370117e-01,-3.776870369911193848e-01,-8.728241324424743652e-01,5.540769100189208984e-01,5.311615392565727234e-02,-8.524798154830932617e-01,-5.618970990180969238e-01,-1.036278724670410156e+00,8.145234584808349609e-01,4.262370765209197998e-01,2.200677841901779175e-01,-3.746505975723266602e-01,-6.802913546562194824e-01,-6.553933024406433105e-01,-1.708455500192940235e-03,-6.701321601867675781e-01,-1.031999826431274414e+00,-3.937444984912872314e-01,-3.159973621368408203e-01,-6.622228026390075684e-01
4.822236001491546631e-01,-1.480168223381042480e+00,-1.162214040756225586e+00,3.482532501220703125e-01,-7.269426584243774414e-01,1.401976644992828369e-01,4.721793830394744873e-01,-3.283125460147857666e-01,-1.044722318649291992e+00,-7.550133466720581055e-01,1.547487854957580566e+00,-1.003187656402587891e+00,-6.383195519447326660e-01,4.480586051940917969e-01,7.952543497085571289e-01,-2.796247303485870361e-01,1.459447264671325684e+00,-5.484601855278015137e-01,2.173710346221923828e+00,-5.459498167037963867e-01,-5.833572745323181152e-01,-1.315674304962158203e+00,-4.330268800258636475e-01,-3.408989906311035156e-01,-4.172732234001159668e-01,1.522725343704223633e+00,-5.216272473335266113e-01,-2.723019123077392578e-01,-4.192019402980804443e-01,9.417251944541931152e-01,2.959210574626922607e-01,3.478441238403320312e-01,9.903230667114257812e-01,1.447688579559326172e+00,4.017444252967834473e-01,-3.091556131839752197e-01,8.562578558921813965e-01,1.775757312774658203e+00,-3.091516494750976562e-01,-4.621178843080997467e-03,-9.357915520668029785e-01,2.606783866882324219e+00,1.486283659934997559e+00,-6.990336626768112183e-02,7.118874788284301758e-02,-1.399976134300231934e+00,4.441068172454833984e-01,4.440436661243438721e-01,-1.052934885025024414e+00,-1.370052456855773926e+00,6.401858925819396973e-01,4.744933843612670898e-01,5.375794768333435059e-01
-2.114202082157135010e-01,5.087085366249084473e-01,7.696701884269714355e-01,3.036371171474456787e-01,8.406174778938293457e-01,1.129379391670227051e+00,-3.732480704784393311e-01,8.671576976776123047e-01,1.544758677482604980e+00,1.020201921463012695e+00,2.649198472499847412e-01,3.948034942150115967e-01,-7.022264003753662109e-01,2.662147998809814453e+00,-1.493898332118988037e-01,3.843766078352928162e-02,-2.957712411880493164e-01,-1.003325432538986206e-01,1.287324666976928711e+00,-3.906206786632537842e-01,7.497900724411010742e-01,-7.195488810539245605e-01,8.206570744514465332e-01,-4.343418180942535400e-01,7.232005242258310318e-03,2.395096123218536377e-01,-5.118386149406433105e-01,-6.926978230476379395e-01,1.868828535079956055e-01,3.921651840209960938e-01,-9.472058415412902832e-01,1.990514755249023438e+00,1.863530278205871582e+00,9.849318861961364746e-02,1.844324231147766113e+00,-2.652169764041900635e-01,1.653017163276672363e+00,1.386586070060729980e+00,8.774715662002563477e-01,3.532194197177886963e-01,-7.161698341369628906e-01,1.395613193511962891e+00,-4.801698401570320129e-02,7.685961127281188965e-01,9.892311692237854004e-01,-1.244125366210937500e+00,4.225209951400756836e-01,-1.024367928504943848e+00,-7.406228780746459961e-01,-1.229431748390197754e+00,-3.745694458484649658e-02,-5.085814595222473145e-01,-4.182265996932983398e-01
8.373202085494995117e-01,-1.259005427360534668e+00,-1.029340267181396484e+00,2.770683765411376953e-01,-4.276399910449981689e-01,4.778473675251007080e-01,-3.120622336864471436e-01,2.405040711164474487e-01,-1.897913813591003418e+00,-2.226165056228637695e+00,-2.162845134735107422e-01,-2.447524309158325195e+00,-7.407557219266891479e-02,-1.254349470138549805e+00,1.304896950721740723e+00,-3.229059744626283646e-03,1.182652831077575684e+00,-7.329661846160888672e-01,1.906130075454711914e+00,-4.621758759021759033e-01,-7.151901721954345703e-01,-5.419389605522155762e-01,-7.272985577583312988e-01,3.240946531295776367e-01,-3.997606337070465088e-01,9.657411575317382812e-01,-3.561805784702301025e-01,-8.488619327545166016e-01,-1.082107186317443848e+00,3.162182867527008057e-01,1.053490161895751953e+00,-3.853567242622375488e-01,-7.307350039482116699e-01,6.777141243219375610e-02,-4.737784862518310547e-01,-2.078105807304382324e-01,-1.204748079180717468e-01,6.738960146903991699e-01,-9.524191021919250488e-01,1.324418932199478149e-01,6.348539888858795166e-02,1.778541326522827148e+00,1.173884868621826172e+00,-7.767411470413208008e-01,5.218275785446166992e-01,-4.230519533157348633e-01,-4.214299917221069336e-01,1.446865439414978027e+00,5.228474736213684082e-01,9.244771003723144531e-01,-9.339147061109542847e-02,-1.767370104789733887e-01,-3.993676900863647461e-01
7.994111627340316772e-02,1.285672038793563843e-01,-1.170689985156059265e-01,2.895122170448303223e-01,3.970553278923034668e-01,1.623755693435668945e+00,6.625442504882812500e-01,1.093585371971130371e+00,-1.342429161071777344e+00,-8.315402865409851074e-01,9.860827922821044922e-01,-2.646129131317138672e+00,-1.012341618537902832e+00,1.549538135528564453e+00,1.418254613876342773e+00,-3.347705304622650146e-01,1.154115557670593262e+00,-1.225335121154785156e+00,1.784835577011108398e+00,-7.756996750831604004e-01,6.804245710372924805e-01,-1.518504858016967773e+00,-9.004385471343994141e-01,5.264768376946449280e-02,-1.315513253211975098e+00,1.337860703468322754e+00,-8.583745360374450684e-01,-1.087420105934143066e+00,5.793469548225402832e-01,1.196052908897399902e+00,8.151497244834899902e-01,1.934667527675628662e-01,5.261807441711425781e-01,9.691755175590515137e-01,-7.450366616249084473e-01,-5.056448578834533691e-01,1.644784569740295410e+00,7.922279238700866699e-01,-3.530597686767578125e-01,-1.875952631235122681e-01,4.355978667736053467e-01,1.425938725471496582e+00,1.383683800697326660e+00,3.912182748317718506e-01,8.907411098480224609e-01,-1.614172458648681641e+00,-2.122215926647186279e-01,1.507262587547302246e+00,-6.374841928482055664e-01,-8.906213045120239258e-01,3.198625743389129639e-01,1.560852378606796265e-01,1.773544400930404663e-01
9.121648073196411133e-01,4.729638993740081787e-01,-7.965428829193115234e-01,8.300844430923461914e-01,8.680991530418395996e-01,4.439685940742492676e-01,8.064939379692077637e-01,2.144702434539794922e+00,-4.680606722831726074e-01,5.622458457946777344e-02,4.730052053928375244e-01,-1.081368803977966309e+00,-1.495618224143981934e-01,1.845867991447448730e+00,4.817419052124023438e-01,2.775954604148864746e-01,1.217960953712463379e+00,6.601132750511169434e-01,1.652915835380554199e+00,3.076577186584472656e-01,-3.632523417472839355e-01,-6.123845651745796204e-02,-7.632974982261657715e-01,6.057626008987426758e-01,2.107667922973632812e-01,1.161976456642150879e+00,4.348493218421936035e-01,-8.741174638271331787e-02,-3.620389401912689209e-01,1.349654436111450195e+00,2.031161308288574219e+00,1.099342927336692810e-01,1.642326235771179199e+00,2.004983425140380859e-01,5.115557909011840820e-01,5.878122989088296890e-03,2.405141115188598633e+00,6.480845212936401367e-01,-6.492599248886108398e-01,-8.397283554077148438e-01,-3.123775124549865723e-01,1.360594749450683594e+00,1.063297033309936523e+00,1.143262267112731934e+00,-8.733513355255126953e-01,4.111902043223381042e-02,-1.376323252916336060e-01,8.363038897514343262e-01,-3.368419110774993896e-01,-4.862648248672485352e-01,1.609995365142822266e-01,2.934574484825134277e-01,1.672349721193313599e-01
1.702814459800720215e+00,1.003119200468063354e-01,-2.635430395603179932e-01,1.012461900711059570e+00,8.258858323097229004e-01,6.534909009933471680e-01,1.712946653366088867e+00,1.744208455085754395e+00,5.603989958763122559e-01,4.571348726749420166e-01,2.738018274307250977e+00,5.785813927650451660e-01,7.693073749542236328e-01,1.703702569007873535e+00,9.946526288986206055e-01,1.812139391899108887e+00,1.778595805168151855e+00,2.152082681655883789e+00,1.572247385978698730e+00,2.598695278167724609e+00,-1.164020299911499023e+00,-7.219614982604980469e-01,1.355776786804199219e+00,7.442349791526794434e-01,8.288339376449584961e-01,2.001828670501708984e+00,1.890112996101379395e+00,1.573557734489440918e+00,7.993146032094955444e-02,1.285415768623352051e+00,1.784309625625610352e+00,1.956742405891418457e+00,1.928470969200134277e+00,1.614522695541381836e+00,8.122212886810302734e-01,4.207557737827301025e-01,1.844695329666137695e+00,4.829269051551818848e-01,7.068651318550109863e-01,7.196734547615051270e-01,1.509255409240722656e+00,1.373129725456237793e+00,1.500650644302368164e+00,1.412218064069747925e-01,4.644568860530853271e-01,-5.541808605194091797e-01,1.115046501159667969e+00,4.533121883869171143e-01,2.883285582065582275e-01,6.328288912773132324e-01,8.175801038742065430e-01,8.047952651977539062e-01,6.612573266029357910e-01
1.914234638214111328e+00,1.031714916229248047e+00,5.242558121681213379e-01,1.639570832252502441e+00,1.652378439903259277e+00,3.637303709983825684e-01,8.035718798637390137e-01,1.779473543167114258e+00,-2.378939390182495117e-01,-4.533085227012634277e-01,4.113575518131256104e-01,2.295451611280441284e-01,3.675270974636077881e-01,1.095509886741638184e+00,-2.730794548988342285e-01,-4.258359372615814209e-01,5.880981087684631348e-01,1.118593692779541016e+00,5.377718806266784668e-01,9.550877809524536133e-01,-1.991161704063415527e+00,1.334901571273803711e+00,1.648699641227722168e-01,9.813622236251831055e-01,1.403711080551147461e+00,9.376369118690490723e-01,4.440381228923797607e-01,-2.215399593114852905e-01,-9.610715508460998535e-01,1.673442840576171875e+00,1.587258577346801758e+00,7.766905426979064941e-01,1.659805297851562500e+00,-4.900930076837539673e-02,2.138707876205444336e+00,4.433002471923828125e-01,8.595535159111022949e-01,-1.157904386520385742e+00,-7.944189906120300293e-01,7.284372448921203613e-01,1.638363361358642578e+00,-2.651191689074039459e-02,4.459590613842010498e-01,9.256646782159805298e-02,3.560107052326202393e-01,1.685694575309753418e+00,4.560036957263946533e-02,-1.612743377685546875e+00,7.425352931022644043e-01,1.138247370719909668e+00,-1.845265030860900879e-01,-2.188244648277759552e-02,-1.301185786724090576e-01
1.072906017303466797e+00,1.473927140235900879e+00,-9.234135597944259644e-02,1.268246322870254517e-01,3.421073853969573975e-01,-1.150684207677841187e-01,1.425689458847045898e+00,1.261017799377441406e+00,-4.995190799236297607e-01,6.139451861381530762e-01,1.084640696644783020e-01,8.062988519668579102e-01,1.469755768775939941e-01,9.545281529426574707e-01,-9.395171701908111572e-02,-9.231852293014526367e-01,3.213356137275695801e-01,2.798173129558563232e-01,-7.859158515930175781e-01,-9.402198791503906250e-01,-5.388461947441101074e-01,4.275367856025695801e-01,-5.626497268676757812e-01,1.657871961593627930e+00,5.474685430526733398e-01,2.828208506107330322e-01,-6.329006701707839966e-02,-1.200369596481323242e-01,-1.425447702407836914e+00,1.231472849845886230e+00,9.815994501113891602e-01,-5.677493810653686523e-01,8.477852940559387207e-01,-2.190389782190322876e-01,1.069345235824584961e+00,-3.503024578094482422e-02,1.047798633575439453e+00,-9.692023992538452148e-01,-1.416132807731628418e+00,1.016249209642410278e-01,-2.510082907974720001e-02,-1.472128391265869141e+00,5.264478325843811035e-01,-2.433016002178192139e-01,9.781141877174377441e-01,5.259944200515747070e-01,1.686213612556457520e-01,-8.551682829856872559e-01,2.020973414182662964e-01,2.597896158695220947e-01,2.411142885684967041e-01,3.050140142440795898e-01,1.579466313123703003e-01
-1.769470237195491791e-02,1.995004415512084961e+00,9.080556035041809082e-01,-7.020424604415893555e-01,1.060271024703979492e+00,1.438243389129638672e+00,-1.384749114513397217e-01,3.442220091819763184e-01,7.350528240203857422e-01,1.449538946151733398e+00,-4.984981715679168701e-01,9.603484869003295898e-01,2.059744596481323242e-01,6.653347611427307129e-01,3.517363965511322021e-01,-4.873362183570861816e-01,-6.366991996765136719e-01,-1.563690453767776489e-01,-1.077968239784240723e+00,-6.830049753189086914e-01,9.021579027175903320e-01,8.064990043640136719e-01,-4.854332506656646729e-01,-9.418749213218688965e-01,-9.223018288612365723e-01,4.418203830718994141e-01,-9.465200304985046387e-01,-1.224548459053039551e+00,-5.733022093772888184e-01,3.448235690593719482e-01,-4.804646372795104980e-01,-1.657814979553222656e-01,1.162930727005004883e+00,-1.105952262878417969e+00,1.015069484710693359e+00,3.366943895816802979e-01,-2.286039590835571289e-01,-7.525160908699035645e-02,4.145310819149017334e-01,-5.824736356735229492e-01,-1.473615646362304688e+00,-1.693859457969665527e+00,-3.559139966964721680e-01,-2.054575681686401367e-01,6.853228211402893066e-01,7.926722764968872070e-01,8.594065159559249878e-02,-4.010167717933654785e-01,-7.391514778137207031e-01,-1.754810094833374023e+00,-5.352250337600708008e-01,-5.171961784362792969e-01,-6.071642041206359863e-01
-6.904369592666625977e-01,1.834891140460968018e-01,-4.112981259822845459e-01,-2.523063421249389648e-01,-2.075410038232803345e-01,3.391234874725341797e-01,-6.591726541519165039e-01,7.653207052499055862e-03,-7.870416045188903809e-01,6.441890448331832886e-02,1.701117306947708130e-01,6.956292390823364258e-01,2.124401032924652100e-01,-1.589299201965332031e+00,-2.954034209251403809e-01,-5.177012085914611816e-01,-1.278047680854797363e+00,-1.783527284860610962e-01,-1.229055404663085938e+00,-2.877887785434722900e-01,-3.751669824123382568e-01,1.510127425193786621e+00,-1.183233857154846191e-01,-5.823749303817749023e-01,-8.113502264022827148e-01,3.974736034870147705e-01,-1.511716127395629883e+00,-6.158022284507751465e-01,-1.199515938758850098e+00,-3.000272214412689209e-01,4.875644445419311523e-01,-1.887914299964904785e+00,3.503870964050292969e-01,2.829187512397766113e-01,2.097168266773223877e-01,4.881086647510528564e-01,-1.057698726654052734e+00,-1.600033044815063477e-01,-1.028526425361633301e-01,-4.095212221145629883e-01,-2.348750382661819458e-01,-1.634427547454833984e+00,-1.104601860046386719e+00,-1.758815497159957886e-01,-6.815279126167297363e-01,1.507883429527282715e+00,-1.524125039577484131e-01,1.457681655883789062e+00,-1.077983856201171875e+00,-6.321551203727722168e-01,6.534215807914733887e-02,2.478423118591308594e-01,1.115068495273590088e-01
-7.383100390434265137e-01,-6.719990968704223633e-01,2.938865423202514648e-01,-4.651750028133392334e-01,-6.149576306343078613e-01,1.111507177352905273e+00,-1.200998902320861816e+00,-1.620149016380310059e+00,1.612331151962280273e+00,6.562446951866149902e-01,4.519895911216735840e-01,1.279339432716369629e+00,8.787087798118591309e-01,-1.397843360900878906e+00,7.074542641639709473e-01,2.237708806991577148e+00,-7.943679094314575195e-01,-4.186030626296997070e-01,-9.244432449340820312e-01,4.158690869808197021e-01,6.606616973876953125e-01,5.874595642089843750e-01,1.556491017341613770e+00,-1.733443856239318848e+00,-1.576173186302185059e+00,-4.940211474895477295e-01,1.745898962020874023e+00,1.179786801338195801e+00,3.579083681106567383e-01,-8.489632010459899902e-01,-1.139282822608947754e+00,6.673796474933624268e-02,-1.050703004002571106e-01,1.316353678703308105e+00,-4.002602398395538330e-01,6.031739711761474609e-01,-1.546163201332092285e+00,2.823386192321777344e-01,1.780928969383239746e+00,4.336388707160949707e-01,1.944999992847442627e-01,-9.453794360160827637e-01,-5.155670046806335449e-01,-3.941274434328079224e-02,1.192952841520309448e-01,5.890201330184936523e-01,7.691798806190490723e-01,1.049777507781982422e+00,-1.468721270561218262e+00,-1.264731287956237793e+00,2.069836258888244629e-01,5.626090168952941895e-01,2.582848966121673584e-01
-7.281169891357421875e-01,7.055876851081848145e-01,7.456724643707275391e-01,-3.727061450481414795e-01,-7.399998903274536133e-01,8.721731305122375488e-01,-1.673290610313415527e+00,-1.370350122451782227e-01,8.559719920158386230e-01,1.571720004081726074e+00,-1.236031502485275269e-01,2.102796286344528198e-01,-1.151323318481445312e-01,3.920746967196464539e-02,-3.593708276748657227e-01,4.150230288505554199e-01,-1.160624504089355469e+00,-6.680011153221130371e-01,-4.600635170936584473e-01,-9.053208678960800171e-02,1.218654990196228027e+00,9.748279303312301636e-02,-9.687879085540771484e-01,-1.912768602371215820e+00,-1.560728311538696289e+00,-1.144271373748779297e+00,2.322635203599929810e-01,-5.068355202674865723e-01,-3.884745538234710693e-01,-7.251328229904174805e-01,-1.807938814163208008e-01,6.748967766761779785e-01,1.489750623703002930e+00,-4.141586273908615112e-02,6.668933033943176270e-01,-2.916755378246307373e-01,-1.430474966764450073e-01,-4.508944973349571228e-02,2.852645516395568848e-02,4.775263965129852295e-01,-1.471750855445861816e+00,-5.320553183555603027e-01,-1.265888214111328125e+00,8.503804802894592285e-01,1.289143562316894531e+00,7.145938873291015625e-01,4.797584712505340576e-01,-2.172238677740097046e-01,-2.438785314559936523e+00,-1.603241086006164551e+00,1.482940372079610825e-02,-1.528525948524475098e-01,1.917424239218235016e-02
-1.527585387229919434e+00,-1.571742534637451172e+00,-5.073933005332946777e-01,-1.824093103408813477e+00,-1.968117833137512207e+00,-7.606306076049804688e-01,-1.619538307189941406e+00,-2.116559267044067383e+00,-1.061017274856567383e+00,-2.450084984302520752e-01,-1.162238955497741699e+00,-6.736035346984863281e-01,-6.241539120674133301e-01,-1.207060337066650391e+00,4.061024263501167297e-02,-5.987091660499572754e-01,-2.184495478868484497e-01,-1.273775935173034668e+00,2.154844254255294800e-01,-1.287561357021331787e-01,1.375854969024658203e+00,-3.876639604568481445e-01,3.968068063259124756e-01,-8.474480509757995605e-01,-1.323322296142578125e+00,-1.378643631935119629e+00,-3.972303569316864014e-01,-6.947362422943115234e-01,-7.224861383438110352e-01,-1.269799351692199707e+00,-1.887915611267089844e+00,-1.328232169151306152e+00,-7.950646877288818359e-01,1.859126240015029907e-01,-1.193722248077392578e+00,-1.738044470548629761e-01,-1.896006941795349121e+00,9.455687403678894043e-01,1.542030274868011475e-01,3.447153568267822266e-01,-1.310585975646972656e+00,5.449928045272827148e-01,3.340629860758781433e-02,-4.817082285881042480e-01,7.843932509422302246e-01,-4.497516751289367676e-01,1.852068454027175903e-01,-2.000262141227722168e-01,-1.466551184654235840e+00,-1.068983793258666992e+00,2.642025947570800781e-01,3.638799786567687988e-01,2.052837014198303223e-01
-8.540986776351928711e-01,-1.681699901819229126e-01,6.935209631919860840e-01,-6.843235492706298828e-01,-5.842193365097045898e-01,1.206278204917907715e-01,-1.095436811447143555e+00,-1.613343000411987305e+00,1.860344856977462769e-01,5.939223766326904297e-01,-1.292026519775390625e+00,-3.768248260021209717e-01,1.079319715499877930e-01,8.054733872413635254e-01,1.192066669464111328e-01,5.515174865722656250e-01,-4.166911840438842773e-01,-1.427680015563964844e+00,5.483466386795043945e-01,-8.283861279487609863e-01,1.300532221794128418e+00,4.483636096119880676e-02,3.050625026226043701e-01,-1.243673801422119141e+00,-1.017346978187561035e+00,4.610518738627433777e-02,-4.134247303009033203e-01,-3.533161282539367676e-01,3.958289921283721924e-01,-1.572568893432617188e+00,-1.858878731727600098e+00,-5.508815646171569824e-01,3.805225193500518799e-01,6.841052770614624023e-01,-1.520567774772644043e+00,2.674335539340972900e-01,7.780773639678955078e-01,1.371202468872070312e+00,1.260217666625976562e+00,-2.177559733390808105e-01,-1.605070233345031738e+00,7.799739837646484375e-01,-1.654550284147262573e-01,2.884507179260253906e-01,1.540703892707824707e+00,-2.616406083106994629e-01,1.666342169046401978e-01,1.008941233158111572e-01,-1.786372423171997070e+00,-1.341538429260253906e+00,7.967924326658248901e-02,-1.770151720847934484e-04,6.073432788252830505e-02
5.308410897850990295e-02,-1.152792811393737793e+00,-1.180864095687866211e+00,-8.677830547094345093e-02,-2.587100267410278320e-01,-6.357679367065429688e-01,5.944065451622009277e-01,-1.855005323886871338e-01,-1.217113018035888672e+00,-7.314612269401550293e-01,6.099565029144287109e-01,1.790034472942352295e-01,3.164632916450500488e-01,-7.872406840324401855e-01,-1.626398265361785889e-01,4.919724166393280029e-01,1.052945137023925781e+00,7.473359256982803345e-02,1.784646511077880859e+00,8.188166469335556030e-02,-5.070186257362365723e-01,-1.506703905761241913e-02,-2.111954092979431152e-01,9.288161396980285645e-01,4.954500496387481689e-01,3.869870305061340332e-01,-1.035001352429389954e-01,-4.462577402591705322e-02,-1.355872988700866699e+00,-7.772036641836166382e-02,-2.002991735935211182e-01,-1.003012895584106445e+00,-7.930570840835571289e-01,2.964603900909423828e-01,-5.582036375999450684e-01,6.061901897192001343e-02,-7.204686403274536133e-01,1.417378306388854980e+00,1.138572841882705688e-01,1.607978940010070801e-01,6.451206654310226440e-02,2.339081764221191406e+00,1.373193144798278809e+00,-9.220091700553894043e-01,-4.929413199424743652e-01,5.609383434057235718e-02,4.471849203109741211e-01,-1.028668761253356934e+00,-1.249638348817825317e-01,1.874460279941558838e-02,4.950698018074035645e-01,4.861595332622528076e-01,4.224990010261535645e-01
2.919912338256835938e-01,5.073468685150146484e-01,-7.409355044364929199e-02,7.456635236740112305e-01,4.957834184169769287e-01,1.077180728316307068e-01,6.457506418228149414e-01,8.509610295295715332e-01,-4.161365628242492676e-01,-8.391056060791015625e-01,1.025455594062805176e+00,-2.077432274818420410e-01,5.317247509956359863e-01,4.133816361427307129e-01,-2.743331193923950195e-01,1.218066453933715820e+00,7.709906697273254395e-01,1.287177920341491699e+00,7.969595789909362793e-01,1.360062718391418457e+00,-9.539452791213989258e-01,-7.845111489295959473e-01,1.868717819452285767e-01,-2.075561881065368652e-01,3.992797732353210449e-01,5.202358365058898926e-01,1.337824344635009766e+00,3.948372304439544678e-01,1.712270081043243408e-01,3.623611629009246826e-01,7.121304273605346680e-01,5.557218790054321289e-01,4.644260108470916748e-01,6.882500648498535156e-01,-4.342063516378402710e-02,-2.998403906822204590e-01,1.563530802726745605e+00,7.844492793083190918e-01,-1.660499274730682373e-01,2.730323746800422668e-02,4.277617037296295166e-01,9.275068640708923340e-01,8.483379483222961426e-01,-2.116666287183761597e-01,3.214543685317039490e-03,-7.019780278205871582e-01,2.022209465503692627e-01,1.296342730522155762e+00,1.838784813880920410e-01,-3.238797932863235474e-02,1.969037950038909912e-01,1.454980373382568359e-01,-1.446389127522706985e-02
9.997793436050415039e-01,2.347798347473144531e-01,4.346851110458374023e-01,-5.230658650398254395e-01,5.945115089416503906e-01,1.676402091979980469e-01,3.311998844146728516e-01,1.140452265739440918e+00,-6.473702788352966309e-01,2.005599737167358398e-01,3.533197641372680664e-01,-4.818434119224548340e-01,5.497844219207763672e-01,-2.387874573469161987e-01,-4.149472713470458984e-01,-5.991683006286621094e-01,1.783742755651473999e-01,9.168695807456970215e-01,-6.082038879394531250e-01,7.964066267013549805e-01,-1.552402079105377197e-01,1.165759682655334473e+00,-2.927901148796081543e-01,1.293578982353210449e+00,1.091744303703308105e+00,5.319361090660095215e-01,1.545544415712356567e-01,-6.589331626892089844e-01,-6.784200668334960938e-02,8.428053855895996094e-01,3.953181505203247070e-01,1.184415444731712341e-02,5.452526807785034180e-01,3.543286919593811035e-01,8.189518451690673828e-01,3.940306305885314941e-01,3.358437865972518921e-02,-1.483427524566650391e+00,-6.511653661727905273e-01,1.929547339677810669e-01,6.031741499900817871e-01,-1.366018295288085938e+00,-4.320228397846221924e-01,1.344186365604400635e-01,1.672009192407131195e-02,1.517498970031738281e+00,2.180920988321304321e-01,-6.675001382827758789e-01,8.949757218360900879e-01,5.229600071907043457e-01,-5.607654154300689697e-02,1.000388637185096741e-01,-3.933142870664596558e-02
2.005972266197204590e-01,6.298998594284057617e-01,3.800757825374603271e-01,-6.875214576721191406e-01,-1.159790204837918282e-03,1.836281567811965942e-01,-7.440718412399291992e-01,-1.040343165397644043e+00,6.529958844184875488e-01,1.607362627983093262e+00,2.737346589565277100e-01,5.670556426048278809e-01,8.558586239814758301e-01,-9.378624707460403442e-02,-7.940093278884887695e-01,-1.592607796192169189e-01,-1.046763539314270020e+00,1.894906461238861084e-01,-1.472286343574523926e+00,-6.291561126708984375e-01,2.220911979675292969e+00,1.100988149642944336e+00,-4.240050315856933594e-01,-6.565375328063964844e-01,-5.691741704940795898e-01,1.898943446576595306e-02,-7.884147763252258301e-01,-9.063245058059692383e-01,-1.908119395375251770e-02,1.670996099710464478e-01,-1.349224209785461426e+00,-1.840427666902542114e-01,9.024044275283813477e-01,8.502433300018310547e-01,5.429649949073791504e-01,9.506987333297729492e-01,-5.541684627532958984e-01,-9.349325895309448242e-01,8.787556886672973633e-01,6.775359511375427246e-01,5.197631716728210449e-01,-1.689506649971008301e+00,-1.096297025680541992e+00,-1.925112009048461914e-01,1.162704825401306152e+00,1.051575541496276855e+00,7.142542600631713867e-01,-5.156202316284179688e-01,-8.411543965339660645e-01,-3.586258888244628906e-01,1.773595437407493591e-02,9.302568435668945312e-02,-1.438584029674530029e-01
2.553420066833496094e-01,7.582401037216186523e-01,6.926569938659667969e-01,6.427603960037231445e-01,-6.414177268743515015e-02,-5.596712827682495117e-01,1.934153288602828979e-01,-3.917207121849060059e-01,1.220087409019470215e+00,1.365866065025329590e+00,6.651679426431655884e-02,1.845891475677490234e+00,5.013509988784790039e-01,-1.061411976814270020e+00,-6.642329692840576172e-01,3.155294954776763916e-01,-9.309774637222290039e-01,4.924419522285461426e-02,-1.218853712081909180e+00,1.253500431776046753e-01,1.181135892868041992e+00,1.138465046882629395e+00,1.260693550109863281e+00,1.473474968224763870e-02,4.544045925140380859e-01,-9.549217224121093750e-01,1.960600614547729492e-01,1.181030720472335815e-01,2.735239565372467041e-01,-1.622882634401321411e-01,-5.298911035060882568e-02,6.853475570678710938e-01,9.436905980110168457e-01,1.680996894836425781e+00,5.243956446647644043e-01,2.878035604953765869e-01,-1.054246187210083008e+00,-1.670591592788696289e+00,6.535126566886901855e-01,6.542932987213134766e-01,6.184902787208557129e-01,-1.642320513725280762e+00,-1.165043711662292480e+00,3.515889644622802734e-01,1.219963908195495605e+00,1.630601763725280762e+00,8.321450352668762207e-01,-1.760423481464385986e-01,7.569995522499084473e-01,1.144106507301330566e+00,3.535356223583221436e-01,2.834265828132629395e-01,3.102719783782958984e-01
8.853077888488769531e-02,-5.967651605606079102e-01,1.054574370384216309e+00,-6.916565299034118652e-01,-9.871504306793212891e-01,2.352111935615539551e-01,-6.102368235588073730e-01,-1.293861031532287598e+00,2.157954692840576172e+00,8.679866790771484375e-01,1.849989593029022217e-01,1.556330323219299316e+00,1.235567569732666016e+00,-1.406734108924865723e+00,-1.632753014564514160e-01,1.932488560676574707e+00,-2.520420551300048828e-01,1.908965855836868286e-01,-6.716286540031433105e-01,1.298104077577590942e-01,8.828076124191284180e-01,1.525475740432739258e+00,1.486549496650695801e+00,1.795785725116729736e-01,-1.141925901174545288e-01,-1.912102818489074707e+00,1.961560249328613281e+00,6.325591206550598145e-01,6.561552882194519043e-01,-1.635691076517105103e-01,-8.244687318801879883e-01,1.963232755661010742e+00,4.981619715690612793e-01,2.290686368942260742e+00,3.636909425258636475e-01,1.014614582061767578e+00,-1.647969126701354980e+00,2.464565820991992950e-02,1.893198370933532715e+00,1.556038498878479004e+00,2.741605639457702637e-01,-6.629855036735534668e-01,-2.407918870449066162e-01,-6.587429046630859375e-01,2.710797786712646484e+00,2.060073137283325195e+00,1.590778827667236328e+00,-7.682573199272155762e-01,4.652285948395729065e-03,2.887246310710906982e-01,5.743356347084045410e-01,7.584173083305358887e-01,4.566840827465057373e-01
-2.044339478015899658e-02,-8.341549038887023926e-01,2.791244387626647949e-01,1.545720398426055908e-01,-7.198456525802612305e-01,-3.006181120872497559e-01,-7.622622251510620117e-01,-8.386029005050659180e-01,-8.024636507034301758e-01,-5.056194067001342773e-01,-6.104042530059814453e-01,-9.516015648841857910e-01,-5.329738259315490723e-01,-9.612643122673034668e-01,-5.101137757301330566e-01,-6.836867332458496094e-01,-5.698023438453674316e-01,-8.687757253646850586e-01,-9.922029823064804077e-02,-3.282565176486968994e-01,8.217716962099075317e-02,1.003438591957092285e+00,-5.237982273101806641e-01,-4.273648560047149658e-01,3.712461292743682861e-01,1.686085611581802368e-01,-7.857277393341064453e-01,-7.915665507316589355e-01,-6.225466132164001465e-01,-3.941521048545837402e-01,-8.589898943901062012e-01,-1.610511690378189087e-01,-4.243399798870086670e-01,-3.952699601650238037e-01,-1.243424788117408752e-01,-2.962630093097686768e-01,-5.667299032211303711e-01,-8.360523581504821777e-01,8.621451258659362793e-02,4.098220169544219971e-01,-5.922370553016662598e-01,-2.208128273487091064e-01,-6.039705872535705566e-01,-3.380953073501586914e-01,2.018443107604980469e+00,8.955127596855163574e-01,8.151179552078247070e-02,-1.266554832458496094e+00,-1.503523588180541992e-01,8.885278701782226562e-01,1.090982090681791306e-02,-4.944202303886413574e-02,-1.218462660908699036e-01
-3.034441173076629639e-01,-2.059004306793212891e+00,-1.150967478752136230e+00,-5.695176720619201660e-01,-9.706215262413024902e-01,-1.516914486885070801e+00,6.207368373870849609e-01,-3.301217257976531982e-01,-6.323038339614868164e-01,5.437955260276794434e-01,5.074529051780700684e-01,4.528798460960388184e-01,-1.194892883300781250e+00,6.734164357185363770e-01,-1.063889786601066589e-01,-9.473883509635925293e-01,6.084631681442260742e-01,-6.076737642288208008e-01,8.346414566040039062e-01,-1.227603197097778320e+00,8.464948534965515137e-01,-3.138330876827239990e-01,-1.103187054395675659e-01,1.306205987930297852e+00,1.592964529991149902e-01,-2.383967339992523193e-01,-1.040495395660400391e+00,-3.200114369392395020e-01,-9.173077344894409180e-01,-2.414044141769409180e-01,-6.164915561676025391e-01,-1.643477320671081543e+00,4.207394421100616455e-01,4.277635514736175537e-01,-1.365972399711608887e+00,-1.207063436508178711e+00,8.237524032592773438e-01,-2.488774806261062622e-01,-1.450154662132263184e+00,7.159819602966308594e-01,1.374678909778594971e-01,7.469796538352966309e-01,7.900252342224121094e-01,2.531090378761291504e-01,-4.632068052887916565e-02,-1.330853253602981567e-01,9.738295525312423706e-02,-1.174506664276123047e+00,1.096838861703872681e-01,3.701397478580474854e-01,7.115115523338317871e-01,5.363475680351257324e-01,6.453122496604919434e-01
-5.051293373107910156e-01,-4.583256244659423828e-01,-1.833569556474685669e-01,4.309641420841217041e-01,-2.274340838193893433e-01,-8.890565037727355957e-01,-5.542849302291870117e-01,1.716587096452713013e-01,-2.983858585357666016e-01,-4.946994483470916748e-01,-4.666249752044677734e-01,-6.315475702285766602e-01,-1.013473153114318848e+00,9.635380506515502930e-01,-6.117906793951988220e-02,-1.920253634452819824e-01,2.465677261352539062e-01,-1.087334513664245605e+00,8.811556100845336914e-01,-5.989606976509094238e-01,-2.361984103918075562e-01,-1.699383258819580078e+00,-2.139815837144851685e-01,-3.290845453739166260e-01,-1.376812219619750977e+00,7.570254802703857422e-01,-7.910298705101013184e-01,-1.117400527000427246e+00,-5.077370405197143555e-01,-1.195642352104187012e+00,-8.860710859298706055e-01,-4.592085182666778564e-01,-5.821527242660522461e-01,-1.871149092912673950e-01,-8.405930995941162109e-01,-7.995369434356689453e-01,8.392106294631958008e-01,3.191185891628265381e-01,-4.352148473262786865e-01,-9.633380919694900513e-02,-6.935832500457763672e-01,8.480843901634216309e-01,3.587093651294708252e-01,2.266821861267089844e-01,3.026358783245086670e-01,-1.011041522026062012e+00,-4.458991289138793945e-01,-5.369907617568969727e-01,-1.211097002029418945e+00,-8.098558783531188965e-01,2.028683871030807495e-01,-3.302766084671020508e-01,5.047471821308135986e-02
8.343997001647949219e-01,-1.629614830017089844e+00,-1.500684857368469238e+00,3.807540535926818848e-01,-7.800933122634887695e-01,-1.129621863365173340e+00,6.790969967842102051e-01,5.487861633300781250e-01,-2.169787883758544922e+00,-1.707721233367919922e+00,8.323693871498107910e-01,-9.922028183937072754e-01,-8.242064714431762695e-01,-1.256410360336303711e+00,3.994190692901611328e-01,2.551697790622711182e-01,9.728731513023376465e-01,1.532577276229858398e+00,6.715620756149291992e-01,4.255197048187255859e-01,-2.093808174133300781e+00,-6.899607181549072266e-02,-1.201565027236938477e+00,8.618907928466796875e-01,9.670883417129516602e-01,6.181383728981018066e-01,1.391349911689758301e+00,9.999351501464843750e-01,-8.523873090744018555e-01,-2.052783221006393433e-01,4.236918091773986816e-01,-1.357970833778381348e+00,-2.298453807830810547e+00,-4.872770905494689941e-01,-1.875077605247497559e+00,-1.209111690521240234e+00,-6.724134683609008789e-01,-7.308766841888427734e-01,-9.649839997291564941e-01,4.730966091156005859e-01,5.501649379730224609e-01,5.649715065956115723e-01,6.671589612960815430e-01,-1.930789947509765625e+00,-1.031243443489074707e+00,-5.344855189323425293e-01,2.070654183626174927e-01,4.279651343822479248e-01,2.999046146869659424e-01,8.789871335029602051e-01,5.572213530540466309e-01,8.502881526947021484e-01,5.845525860786437988e-01
3.813809752464294434e-01,-1.093445301055908203e+00,-3.963125944137573242e-01,1.181873753666877747e-01,-5.792422294616699219e-01,-1.722668260335922241e-01,-7.468975186347961426e-01,-1.397823095321655273e-01,3.910474479198455811e-01,3.461183980107307434e-02,8.811726570129394531e-01,-4.595938622951507568e-01,-5.595122575759887695e-01,6.584964394569396973e-01,-3.011702895164489746e-01,2.019791603088378906e-01,1.274681836366653442e-01,-1.809820085763931274e-01,1.127202749252319336e+00,8.130316138267517090e-01,-6.686568856239318848e-01,-1.109196305274963379e+00,-1.288201332092285156e+00,-8.618336319923400879e-01,-3.696978092193603516e-01,-3.414332568645477295e-01,1.189675688743591309e+00,3.296077251434326172e-01,8.927056789398193359e-01,-7.505196332931518555e-01,-6.828554868698120117e-01,5.525316596031188965e-01,5.821963772177696228e-02,-2.679849974811077118e-02,-6.536738276481628418e-01,-7.312300801277160645e-01,8.008854389190673828e-01,1.009291261434555054e-01,-8.792665600776672363e-02,5.875323414802551270e-01,-5.938923358917236328e-01,1.052165627479553223e+00,2.007953375577926636e-01,-5.469844341278076172e-01,-2.682358026504516602e-01,-1.390661239624023438e+00,6.977726817131042480e-01,-7.173132151365280151e-02,-8.679089546203613281e-01,-2.996369302272796631e-01,3.155327141284942627e-01,1.105544045567512512e-01,-2.326563000679016113e-02
1.264913558959960938e+00,-8.514031171798706055e-01,-7.467747926712036133e-01,-3.526878356933593750e-01,-2.830579280853271484e-01,-5.639434456825256348e-01,4.649064242839813232e-01,-4.556027427315711975e-02,-7.249977588653564453e-01,-1.238233804702758789e+00,-7.503217458724975586e-01,-1.755065560340881348e+00,-5.168538093566894531e-01,-5.476697683334350586e-01,-2.085241228342056274e-01,-9.580531120300292969e-01,5.568498969078063965e-01,-1.553830597549676895e-02,2.919645011425018311e-01,1.238902807235717773e+00,-8.616975545883178711e-01,5.449213981628417969e-01,3.156101107597351074e-01,4.522190392017364502e-01,6.294344663619995117e-01,4.404452443122863770e-01,2.938022017478942871e-01,5.107346177101135254e-01,-1.188353300094604492e+00,2.721280157566070557e-01,1.072774410247802734e+00,-7.304873466491699219e-01,3.154509365558624268e-01,-4.093178212642669678e-01,-1.142259478569030762e+00,-4.835212230682373047e-01,5.919181704521179199e-01,-9.039915800094604492e-01,-1.279520630836486816e+00,6.060853973031044006e-02,-6.262636184692382812e-02,-2.162372134625911713e-02,-1.144639104604721069e-01,-4.773313105106353760e-01,3.212311267852783203e-01,1.526440858840942383e+00,1.848172098398208618e-01,-5.326571315526962280e-02,3.687326908111572266e-01,1.654193162918090820e+00,6.240972876548767090e-01,7.497519850730895996e-01,7.921233773231506348e-01
1.174263954162597656e+00,-6.385239958763122559e-01,-7.900928705930709839e-02,7.335964441299438477e-01,-6.369629502296447754e-02,1.629016697406768799e-01,1.319950819015502930e+00,2.765732109546661377e-01,4.477242827415466309e-01,5.870559252798557281e-03,-4.369624555110931396e-01,-1.459368616342544556e-01,-2.699401378631591797e-01,1.154508441686630249e-01,1.435987472534179688e+00,6.264079362154006958e-02,9.562799334526062012e-01,-7.340069413185119629e-01,1.210362434387207031e+00,-6.901415437459945679e-02,3.660778403282165527e-01,-2.479982227087020874e-01,3.064776957035064697e-02,2.191865444183349609e-01,-5.668660998344421387e-01,-1.282425522804260254e-01,3.469917476177215576e-01,-1.868972182273864746e-01,1.060265541076660156e+00,1.079529762268066406e+00,8.840389847755432129e-01,4.182490110397338867e-01,3.065914288163185120e-02,8.106941580772399902e-01,-7.066552639007568359e-01,-1.070547923445701599e-01,4.680365324020385742e-01,1.270020246505737305e+00,9.471998363733291626e-02,4.072242975234985352e-01,6.551148891448974609e-01,1.340166687965393066e+00,1.400033473968505859e+00,4.604909569025039673e-02,4.420890212059020996e-01,-2.598130404949188232e-01,5.287486910820007324e-01,1.216051220893859863e+00,-2.824663519859313965e-01,4.620941579341888428e-01,5.510863661766052246e-01,8.090857863426208496e-01,6.586841940879821777e-01
5.024379491806030273e-01,1.157445274293422699e-02,3.143091686069965363e-03,7.950813174247741699e-01,-1.866417354904115200e-03,2.545758187770843506e-01,3.665852248668670654e-01,1.093001484870910645e+00,-1.762154579162597656e+00,-1.492118000984191895e+00,-1.009085252881050110e-01,-2.310446262359619141e+00,-1.528798699378967285e+00,8.286793231964111328e-01,4.108145087957382202e-02,-6.100997328758239746e-01,3.228417038917541504e-01,-6.066694855690002441e-01,5.269466042518615723e-01,-3.214443027973175049e-01,-7.820364832878112793e-01,-2.292478680610656738e-01,-7.605776786804199219e-01,-1.126722693443298340e-01,-1.365714222192764282e-01,3.653852045536041260e-01,-3.323808312416076660e-01,-2.477781176567077637e-01,8.091675043106079102e-01,4.506402015686035156e-01,4.933718144893646240e-01,4.722627401351928711e-01,-2.807111740112304688e-01,-6.040577888488769531e-01,-6.858251243829727173e-02,-1.152266383171081543e+00,9.562524557113647461e-01,-3.289014697074890137e-01,-7.633657455444335938e-01,1.421491056680679321e-01,3.047718405723571777e-01,1.784836202859878540e-01,4.029152393341064453e-01,-4.989305436611175537e-01,5.142823457717895508e-01,5.153429880738258362e-02,-3.119293749332427979e-01,1.262191414833068848e+00,5.168837904930114746e-01,6.978815197944641113e-01,3.179564177989959717e-01,2.863093912601470947e-01,4.250896871089935303e-01
-5.434392392635345459e-02,-9.745235443115234375e-01,-9.925168752670288086e-01,-3.710540533065795898e-01,-5.499632954597473145e-01,-2.096901834011077881e-01,4.034958183765411377e-01,6.465499997138977051e-01,-8.511869907379150391e-01,-6.347018480300903320e-01,1.792903244495391846e-01,-8.349267244338989258e-01,-6.717791557312011719e-01,1.819434463977813721e-01,7.084528803825378418e-01,-5.834377408027648926e-01,9.791594743728637695e-01,-6.667777299880981445e-01,5.776118636131286621e-01,2.535114586353302002e-01,-1.099565029144287109e+00,-3.677954971790313721e-01,-1.244330406188964844e+00,3.174160718917846680e-01,-7.601876258850097656e-01,4.045811891555786133e-01,7.376483678817749023e-01,-4.830538854002952576e-02,-1.286902546882629395e+00,8.950240015983581543e-01,1.413147807121276855e+00,2.071810364723205566e-01,3.906476795673370361e-01,-4.103935658931732178e-01,4.830804467201232910e-01,-3.825269341468811035e-01,1.023617386817932129e+00,2.099196910858154297e-01,-4.983569085597991943e-01,-3.643758594989776611e-01,-1.128636360168457031e+00,2.887708544731140137e-01,1.040747165679931641e+00,1.828720420598983765e-01,-2.472296506166458130e-01,-2.460324615240097046e-01,-9.381129592657089233e-02,1.753262281417846680e+00,1.528775505721569061e-02,-6.677313894033432007e-02,3.295068740844726562e-01,7.079595327377319336e-01,4.780811369419097900e-01
3.828125894069671631e-01,1.003573179244995117e+00,-1.041406154632568359e+00,-3.612574338912963867e-01,-5.649176612496376038e-02,3.222400844097137451e-01,3.253237307071685791e-01,3.149014711380004883e-01,-5.079252272844314575e-02,-9.545424580574035645e-01,5.173310637474060059e-01,-1.161191225051879883e+00,-9.106255173683166504e-01,-4.297067224979400635e-01,1.252800464630126953e+00,2.412759363651275635e-01,1.002589106559753418e+00,-6.683662533760070801e-01,1.267160892486572266e+00,6.668394804000854492e-01,-1.302857547998428345e-01,-1.763592123985290527e+00,6.231270730495452881e-02,-8.255966901779174805e-01,-1.143214583396911621e+00,1.301660418510437012e+00,8.651401847600936890e-02,-9.398173689842224121e-01,-3.617367148399353027e-01,2.869889736175537109e-01,-1.220143958926200867e-02,-1.118264198303222656e+00,-4.844362735748291016e-01,8.919122815132141113e-02,-7.957573533058166504e-01,-7.457640767097473145e-01,3.737700879573822021e-01,5.978705286979675293e-01,-8.168563246726989746e-02,4.863175749778747559e-01,-3.199622333049774170e-01,1.229601979255676270e+00,7.571471333503723145e-01,-4.807146191596984863e-01,-6.125491484999656677e-02,-1.510585904121398926e+00,5.286058038473129272e-02,9.862133860588073730e-01,-1.587065696716308594e+00,-7.390161752700805664e-01,2.854825854301452637e-01,-6.355687975883483887e-02,1.132411137223243713e-01
-1.521515399217605591e-01,2.405670583248138428e-01,-2.304884344339370728e-01,-4.770488142967224121e-01,-1.329611092805862427e-01,-2.968123555183410645e-01,1.186148002743721008e-01,1.587535500526428223e+00,-7.227022647857666016e-01,8.113602399826049805e-01,-9.069454669952392578e-02,-1.621810793876647949e-01,-1.507094740867614746e+00,5.307826399803161621e-01,-6.438413858413696289e-01,-1.547089934349060059e+00,-1.062125787138938904e-01,-2.343162000179290771e-01,-7.700390219688415527e-01,-1.172618865966796875e+00,4.479112029075622559e-01,2.937595918774604797e-02,-7.902746200561523438e-01,1.328463673591613770e+00,2.986471951007843018e-01,-1.140341088175773621e-01,-6.466239094734191895e-01,-1.380566120147705078e+00,-1.919402778148651123e-01,9.450258314609527588e-02,1.004905462265014648e+00,-7.301206588745117188e-01,1.581291675567626953e+00,-1.014609575271606445e+00,4.919337034225463867e-01,-1.067194938659667969e+00,8.019578456878662109e-01,-1.851921677589416504e+00,-1.012136816978454590e+00,-4.875343739986419678e-01,4.815880954265594482e-01,-1.356507539749145508e+00,-7.097721099853515625e-01,3.833131864666938782e-02,-1.302827715873718262e+00,4.207815825939178467e-01,-2.095980495214462280e-01,-1.141489386558532715e+00,1.258053064346313477e+00,6.363419890403747559e-01,-1.988793760538101196e-01,-2.652446031570434570e-01,4.364860057830810547e-02
-1.153419733047485352e+00,-1.377586871385574341e-01,-9.822385311126708984e-01,-1.526842117309570312e+00,-9.071325659751892090e-01,-3.584881424903869629e-01,5.137619562447071075e-03,-8.814781308174133301e-01,8.948989510536193848e-01,1.228729009628295898e+00,2.860753834247589111e-01,1.367274522781372070e+00,-1.327644109725952148e+00,-6.317307949066162109e-01,-7.081373333930969238e-01,-6.321402788162231445e-01,-1.245267152786254883e+00,-7.866837978363037109e-01,-1.167642235755920410e+00,-1.018965721130371094e+00,1.635717034339904785e+00,-1.305086910724639893e-01,2.871956825256347656e-01,-6.655523180961608887e-01,-4.739848375320434570e-01,-1.250609517097473145e+00,-8.850532770156860352e-02,-5.720859169960021973e-01,-1.079487800598144531e+00,-5.831573009490966797e-01,-6.581465005874633789e-01,-6.113123893737792969e-01,1.354610443115234375e+00,-1.765473783016204834e-01,2.746406793594360352e-01,-8.211695551872253418e-01,-4.075833261013031006e-01,-1.145844459533691406e+00,1.553352475166320801e-01,-1.085293442010879517e-01,-8.915194123983383179e-02,-1.501457571983337402e+00,-1.771769046783447266e+00,1.052889376878738403e-01,-4.900616407394409180e-01,4.278100728988647461e-01,4.293785691261291504e-01,-1.106588125228881836e+00,-1.641745686531066895e+00,-5.243676304817199707e-01,3.264330625534057617e-01,2.210160903632640839e-02,1.884393393993377686e-01
-3.848741054534912109e-01,8.939562439918518066e-01,-1.240106150507926941e-01,-2.403648942708969116e-01,1.670328378677368164e-01,3.344409167766571045e-01,-4.934362769126892090e-01,1.325455009937286377e-01,1.005278110504150391e+00,2.065021753311157227e+00,1.019579052925109863e+00,1.433295845985412598e+00,-1.654173135757446289e-01,2.157688289880752563e-01,-9.775508642196655273e-01,-3.809846043586730957e-01,-1.061235189437866211e+00,6.007353663444519043e-01,-1.546539068222045898e+00,-5.054009556770324707e-01,1.117418169975280762e+00,1.698617935180664062e-01,-6.127563714981079102e-01,1.038796678185462952e-01,9.809369221329689026e-04,-7.706085443496704102e-01,-4.563218727707862854e-02,-5.442588329315185547e-01,3.579688370227813721e-01,-1.092223167419433594e+00,-6.046557426452636719e-01,1.291452884674072266e+00,8.871293663978576660e-01,-6.501879096031188965e-01,4.798532426357269287e-01,-1.528732776641845703e-01,3.029133379459381104e-01,-1.655917286872863770e+00,4.072683155536651611e-01,6.292322874069213867e-01,1.553820967674255371e-01,-1.970013260841369629e+00,-1.773564815521240234e+00,8.159710094332695007e-03,4.473126828670501709e-01,6.567798256874084473e-01,6.973050832748413086e-01,-1.215845942497253418e+00,-6.495364308357238770e-01,-5.937154293060302734e-01,1.732190400362014771e-01,-6.035374477505683899e-02,1.469687819480895996e-01
2.588923871517181396e-01,-4.276873767375946045e-01,-2.037200182676315308e-01,-4.566536843776702881e-01,-1.297206163406372070e+00,8.723410218954086304e-02,4.063536226749420166e-02,-4.013219177722930908e-01,1.274856686592102051e+00,1.095278620719909668e+00,-4.200884103775024414e-01,1.326393604278564453e+00,-6.626097559928894043e-01,-1.075837969779968262e+00,-1.271527647972106934e+00,-8.092052936553955078e-01,-9.628412723541259766e-01,-2.318329811096191406e-01,-1.558563232421875000e+00,-4.163016006350517273e-02,1.051356434822082520e+00,-5.918342620134353638e-02,4.963788688182830811e-01,1.052934646606445312e+00,1.729718744754791260e-01,-1.683281540870666504e+00,-3.354277610778808594e-01,-6.478106975555419922e-01,3.375577926635742188e-01,4.878829121589660645e-01,-4.433161616325378418e-01,1.202823400497436523e+00,1.258159518241882324e+00,-4.047617614269256592e-01,9.733573794364929199e-01,-2.184445112943649292e-01,-9.027502536773681641e-01,-1.008596777915954590e+00,-2.502485215663909912e-01,9.631876945495605469e-01,1.177727505564689636e-01,-1.586647391319274902e+00,-1.248214006423950195e+00,2.193039059638977051e-01,1.279388308525085449e+00,5.908154845237731934e-01,5.706864595413208008e-01,-1.934260368347167969e+00,3.436329960823059082e-01,5.889390707015991211e-01,5.896510481834411621e-01,2.785881748422980309e-03,4.772986769676208496e-01
-3.591051101684570312e-01,3.665243461728096008e-02,1.041987091302871704e-01,-5.877196192741394043e-01,-3.007389903068542480e-01,7.103161811828613281e-01,-1.090780869126319885e-01,-1.195838689804077148e+00,1.943403959274291992e+00,1.282490134239196777e+00,-1.167192101478576660e+00,8.468254804611206055e-01,-8.425159454345703125e-01,-9.305046796798706055e-01,-1.248468875885009766e+00,-7.150145173072814941e-01,-1.715470671653747559e+00,-1.296307325363159180e+00,-2.134448528289794922e+00,-2.241811156272888184e-01,1.377695918083190918e+00,5.759137272834777832e-01,1.286918878555297852e+00,-5.992554426193237305e-01,-5.158188939094543457e-01,-1.269622564315795898e+00,-4.439901411533355713e-01,-1.334748744964599609e+00,9.625222533941268921e-02,-7.068234682083129883e-01,-1.112550258636474609e+00,1.338536143302917480e+00,3.318824768066406250e-01,1.416049242019653320e+00,8.433888852596282959e-02,-6.543936133384704590e-01,-2.881482243537902832e-01,-2.035295724868774414e+00,4.152352809906005859e-01,5.987981557846069336e-01,-6.229740977287292480e-01,-2.753058433532714844e+00,-2.061057329177856445e+00,5.660169720649719238e-01,2.566321849822998047e+00,1.236171007156372070e+00,6.554582118988037109e-01,-1.211562871932983398e+00,-1.048969507217407227e+00,1.404160857200622559e-01,6.152987480163574219e-02,-2.403318136930465698e-01,4.199024662375450134e-02
-5.567818284034729004e-01,-1.848848581314086914e+00,-1.217955470085144043e+00,-5.310461521148681641e-01,-1.265454053878784180e+00,-1.560662150382995605e+00,-3.265599608421325684e-01,-1.273959875106811523e+00,-6.072794198989868164e-01,7.243326902389526367e-01,-1.069473624229431152e+00,3.635832667350769043e-01,-8.325676918029785156e-01,-1.467997908592224121e+00,-8.626801967620849609e-01,-1.950766742229461670e-01,-1.699885845184326172e+00,-1.431587457656860352e+00,-1.389750242233276367e+00,-7.808358669281005859e-01,1.133077263832092285e+00,8.893844485282897949e-01,9.929346442222595215e-01,-7.947305440902709961e-01,-5.703859403729438782e-02,-2.659657239913940430e+00,5.222030282020568848e-01,-4.074545502662658691e-01,-9.126129746437072754e-01,-1.084554672241210938e+00,-5.147306919097900391e-01,-4.099251031875610352e-01,1.053321585059165955e-01,6.221871376037597656e-01,-8.716053962707519531e-01,-7.952020168304443359e-01,-1.338366389274597168e+00,-9.122018814086914062e-01,1.213271841406822205e-01,7.039915323257446289e-01,-6.696348190307617188e-01,-1.396027326583862305e+00,-1.980072855949401855e+00,-3.966941833496093750e-01,3.610557615756988525e-01,1.477278947830200195e+00,7.620105743408203125e-01,-9.681109189987182617e-01,-7.107108235359191895e-01,1.001356393098831177e-01,4.288376867771148682e-01,6.553017497062683105e-01,6.160691380500793457e-01
-4.751228094100952148e-01,1.634040288627147675e-02,7.713832259178161621e-01,-9.813039898872375488e-01,-1.025769114494323730e+00,7.284122109413146973e-01,-9.662417769432067871e-01,-1.871264219284057617e+00,1.958050131797790527e+00,1.093286871910095215e+00,-1.550761938095092773e+00,5.873842239379882812e-01,-2.337913773953914642e-02,-1.308953881263732910e+00,-2.737970650196075439e-01,1.217473983764648438e+00,-1.028664231300354004e+00,-6.648970842361450195e-01,-1.269979834556579590e+00,-1.373524963855743408e-01,1.623783588409423828e+00,9.997886419296264648e-02,1.117980241775512695e+00,-1.210077762603759766e+00,-8.863341808319091797e-01,-1.473943829536437988e+00,7.344334721565246582e-01,-4.200195893645286560e-02,1.159016251564025879e+00,-1.170698881149291992e+00,-1.980110883712768555e+00,7.631229162216186523e-01,-1.070844173431396484e+00,4.580423831939697266e-01,-4.804054796695709229e-01,-7.189828157424926758e-02,-1.632713556289672852e+00,3.993509337306022644e-02,2.061747550964355469e+00,4.920598566532135010e-01,-1.095447897911071777e+00,-1.426563858985900879e+00,-1.442110300064086914e+00,-7.655156850814819336e-01,1.438843131065368652e+00,4.358208179473876953e-01,1.047197937965393066e+00,-1.085137128829956055e-01,-1.458128690719604492e+00,-1.251593232154846191e+00,2.296900749206542969e-01,-2.332385629415512085e-02,3.132869899272918701e-01
-9.094160795211791992e-01,-2.074323445558547974e-01,5.135454535484313965e-01,-3.119072318077087402e-01,-9.341995120048522949e-01,-2.758433222770690918e-01,-5.125417709350585938e-01,-3.939894139766693115e-01,3.607853353023529053e-01,1.425287961959838867e+00,-9.866704344749450684e-01,1.714147329330444336e+00,-1.441248208284378052e-01,-9.199703931808471680e-01,-5.507413148880004883e-01,4.128012061119079590e-01,-1.192226409912109375e+00,-6.061400175094604492e-01,-1.154392480850219727e+00,8.350361883640289307e-02,1.130395531654357910e+00,4.672093391418457031e-01,1.144979447126388550e-01,-3.504280149936676025e-01,-5.622691512107849121e-01,-1.856966972351074219e+00,2.945459187030792236e-01,-4.847996234893798828e-01,6.142451763153076172e-01,-8.839727044105529785e-01,-6.427735686302185059e-01,1.441099960356950760e-02,1.686798408627510071e-02,1.393015742301940918e+00,-1.053761467337608337e-01,-3.308443427085876465e-01,-1.176133394241333008e+00,-4.857694804668426514e-01,9.767480492591857910e-01,3.798117041587829590e-01,-8.266721367835998535e-01,-1.233087420463562012e+00,-1.391720533370971680e+00,-7.376401424407958984e-01,1.376762270927429199e+00,6.757506132125854492e-01,7.104747891426086426e-01,-8.943139910697937012e-01,-4.657789170742034912e-01,-4.569688737392425537e-01,2.556028664112091064e-01,1.099095642566680908e-01,2.296257168054580688e-01
-9.351850748062133789e-01,1.963117904961109161e-02,7.372263073921203613e-01,-1.291481852531433105e+00,-1.150550246238708496e+00,6.671095490455627441e-01,-1.006764769554138184e+00,-1.586626172065734863e+00,6.205352544784545898e-01,1.118219256401062012e+00,-6.142379641532897949e-01,2.212831825017929077e-01,-5.538842678070068359e-01,-5.835390090942382812e-01,-5.252442322671413422e-03,5.391048192977905273e-01,-4.416269361972808838e-01,-1.360085606575012207e+00,-5.718675255775451660e-01,-1.167536854743957520e+00,1.395792961120605469e+00,1.018145605921745300e-01,-2.434573881328105927e-02,2.150536924600601196e-01,-2.887801229953765869e-01,-8.405514359474182129e-01,5.235945582389831543e-01,-2.664061486721038818e-01,4.282085895538330078e-01,-1.054931282997131348e+00,-1.887907147407531738e+00,1.971336752176284790e-01,-9.104565382003784180e-01,2.329286485910415649e-01,-7.565476298332214355e-01,-2.480876594781875610e-01,-1.749238848686218262e+00,6.928912401199340820e-01,1.206809878349304199e+00,3.654149472713470459e-01,-1.182923674583435059e+00,-3.758596777915954590e-01,-4.295687675476074219e-01,-5.523813366889953613e-01,1.731567502021789551e+00,-3.763321340084075928e-01,7.984805107116699219e-01,2.508810460567474365e-01,-1.623343378305435181e-01,-3.118967115879058838e-01,4.085423350334167480e-01,3.354690372943878174e-01,1.898563355207443237e-01
-1.211772203445434570e+00,-9.232327938079833984e-01,-5.218128114938735962e-02,-2.406450659036636353e-01,-8.289888501167297363e-01,-8.639646172523498535e-01,-1.038457512855529785e+00,-9.275983572006225586e-01,-5.978063121438026428e-02,2.128252536058425903e-01,-2.367376565933227539e+00,5.203371867537498474e-03,-1.689190506935119629e+00,-8.038893938064575195e-01,-8.177512288093566895e-01,-1.069455623626708984e+00,-1.431669592857360840e+00,-6.947686076164245605e-01,-2.827138900756835938e-01,-8.676374554634094238e-01,1.259393572807312012e+00,2.862022221088409424e-01,-3.994381725788116455e-01,-8.574405312538146973e-01,-1.585174798965454102e-01,-2.460742235183715820e+00,-1.131807804107666016e+00,-8.248085379600524902e-01,-1.404391974210739136e-01,-1.590155720710754395e+00,-9.951528310775756836e-01,-6.402077078819274902e-01,-4.475580155849456787e-02,-1.865485668182373047e+00,-8.935400247573852539e-01,-1.086737275123596191e+00,-3.733123540878295898e-01,-1.110007047653198242e+00,-3.080470487475395203e-02,2.638720441609621048e-03,-1.537226676940917969e+00,-4.479908347129821777e-01,-1.956092834472656250e+00,1.223034560680389404e-01,5.148627161979675293e-01,4.772081971168518066e-01,2.900318503379821777e-01,-2.272808313369750977e+00,-1.236251354217529297e+00,-1.485732346773147583e-01,2.043453305959701538e-01,1.536491662263870239e-01,3.089153170585632324e-01
-4.121892154216766357e-01,-5.653325915336608887e-01,-3.818037211894989014e-01,-7.808115482330322266e-01,-1.301768541336059570e+00,-5.911994576454162598e-01,-3.075346946716308594e-01,-1.095748782157897949e+00,3.479174673557281494e-01,7.315485924482345581e-02,9.897766262292861938e-02,-4.404962062835693359e-01,-1.277476668357849121e+00,-6.528077721595764160e-01,2.121943533420562744e-01,-6.284224390983581543e-01,2.820461392402648926e-01,-1.959104657173156738e+00,7.749413847923278809e-01,-1.381067037582397461e+00,1.524340867996215820e+00,-4.411424100399017334e-01,8.177382349967956543e-01,-2.061849236488342285e-01,-1.119479775428771973e+00,-1.420327663421630859e+00,-4.933170378208160400e-01,1.043776944279670715e-01,-6.981661915779113770e-02,-7.282856702804565430e-01,-1.092942953109741211e+00,-3.061145544052124023e-01,3.166292980313301086e-02,3.690409660339355469e-01,-1.370476722717285156e+00,-8.537166714668273926e-01,-6.832028031349182129e-01,1.236033320426940918e+00,-2.504556477069854736e-01,6.703307032585144043e-01,-1.474160313606262207e+00,7.808687686920166016e-01,5.246357321739196777e-01,1.600552797317504883e-01,8.138375878334045410e-01,-7.013232111930847168e-01,6.332229971885681152e-01,-4.022073447704315186e-01,-1.201394319534301758e+00,-1.059430956840515137e+00,5.902758836746215820e-01,5.484267473220825195e-01,5.348836779594421387e-01
-5.327880978584289551e-01,6.327367424964904785e-01,-1.782922595739364624e-01,6.186166405677795410e-01,-4.659821987152099609e-01,-6.368873119354248047e-01,-6.559937596321105957e-01,-5.925420522689819336e-01,1.482391506433486938e-01,-6.148362532258033752e-02,-7.108370065689086914e-01,-1.399035573005676270e+00,-1.645224213600158691e+00,1.127640604972839355e+00,-1.210439391434192657e-02,-9.212448000907897949e-01,-4.435783028602600098e-01,-1.523393034934997559e+00,5.732316970825195312e-01,-1.230225324630737305e+00,4.461733996868133545e-01,-1.258333802223205566e+00,5.474142432212829590e-01,-6.492939591407775879e-01,-9.712429046630859375e-01,-5.604001283645629883e-01,-1.399531006813049316e+00,-9.861156940460205078e-01,5.759014487266540527e-01,-1.136970281600952148e+00,-8.817092180252075195e-01,5.114254951477050781e-01,-3.540967404842376709e-01,-6.968243122100830078e-01,-9.282454848289489746e-01,-1.166898608207702637e+00,6.776381134986877441e-01,2.453205287456512451e-01,-8.291174173355102539e-01,-9.707210119813680649e-04,-1.167523741722106934e+00,3.404349088668823242e-01,-4.251562952995300293e-01,4.309632182121276855e-01,8.856514096260070801e-01,-9.378045201301574707e-01,-5.336450934410095215e-01,-1.142328739166259766e+00,-1.049480795860290527e+00,-6.135909557342529297e-01,1.545773595571517944e-01,-2.689577043056488037e-01,9.050685912370681763e-02
2.606103420257568359e-01,-2.217642545700073242e+00,-1.593875288963317871e+00,5.547744035720825195e-01,-6.184754371643066406e-01,-9.745370149612426758e-01,5.683973431587219238e-01,3.922950625419616699e-01,-1.693547487258911133e+00,-2.095143318176269531e+00,2.273100167512893677e-01,-1.722745060920715332e+00,-7.979471683502197266e-01,-1.438524127006530762e+00,3.534353375434875488e-01,3.258387744426727295e-01,9.027545452117919922e-01,8.192759007215499878e-02,7.098247408866882324e-01,-8.791533112525939941e-01,-1.123484969139099121e+00,-6.760356426239013672e-01,-6.621775627136230469e-01,1.170704722404479980e+00,5.230894088745117188e-01,7.253203988075256348e-01,5.347506999969482422e-01,9.961091727018356323e-02,-4.260929226875305176e-01,6.727664172649383545e-02,4.444895386695861816e-01,-1.346970081329345703e+00,-1.102528929710388184e+00,-9.197549223899841309e-01,-1.260440945625305176e+00,-8.565645813941955566e-01,-2.708590626716613770e-01,-9.877114556729793549e-03,-9.539931416511535645e-01,-3.122987151145935059e-01,-6.425434947013854980e-01,2.955150902271270752e-01,1.026437163352966309e+00,4.706466943025588989e-02,-8.166726827621459961e-01,-6.638781428337097168e-01,-1.153971180319786072e-01,1.210550904273986816e+00,7.401232719421386719e-01,2.542552649974822998e-01,5.901370644569396973e-01,5.112704038619995117e-01,7.356030344963073730e-01
5.036977529525756836e-01,1.845557808876037598e+00,-7.509159296751022339e-02,7.821061611175537109e-01,1.368759870529174805e+00,6.153026223182678223e-01,7.978723645210266113e-01,1.765267968177795410e+00,4.416459798812866211e-02,4.088599979877471924e-01,-2.178236097097396851e-01,-2.538275718688964844e-01,-3.264556527137756348e-01,1.566663742065429688e+00,1.123910307884216309e+00,-1.470703333616256714e-01,9.135853052139282227e-01,6.172779202461242676e-01,5.227955579757690430e-01,-7.366375923156738281e-01,-1.183873891830444336e+00,-2.172466814517974854e-01,-3.628863990306854248e-01,1.400524973869323730e+00,5.583646520972251892e-02,-7.293213605880737305e-01,-6.074694916605949402e-02,1.038759276270866394e-01,1.327200770378112793e+00,5.823690891265869141e-01,1.279110550880432129e+00,-6.171428039669990540e-02,1.115643620491027832e+00,-3.798616230487823486e-01,7.282793056219816208e-03,2.016378492116928101e-01,2.108937025070190430e+00,-4.697954282164573669e-02,6.674583256244659424e-02,5.441916584968566895e-01,1.380943655967712402e+00,2.022759616374969482e-01,6.639410257339477539e-01,-9.580913186073303223e-01,2.973899245262145996e-01,2.130288332700729370e-01,1.482174247503280640e-01,-1.282264351844787598e+00,5.134687423706054688e-01,3.064706623554229736e-01,4.924251735210418701e-01,3.766124248504638672e-01,5.342063307762145996e-01
-1.253575205802917480e+00,6.672331690788269043e-02,-3.209528625011444092e-01,-2.361138910055160522e-01,-6.626088619232177734e-01,-9.187937378883361816e-01,-3.534682393074035645e-01,2.672591805458068848e-01,-3.520882129669189453e-02,6.310851126909255981e-02,-1.574491977691650391e+00,7.497144937515258789e-01,-1.131456255912780762e+00,-1.940608024597167969e+00,-7.163985967636108398e-01,-1.255052566528320312e+00,-1.164867758750915527e+00,-5.774918198585510254e-01,-1.725673794746398926e+00,-4.904249310493469238e-01,5.332952141761779785e-01,4.556301236152648926e-01,1.206451877951622009e-01,-8.328530192375183105e-02,-1.381774544715881348e-01,-1.221681594848632812e+00,-9.667209982872009277e-01,-4.826880395412445068e-01,-2.752366364002227783e-01,-7.696007490158081055e-01,8.427921682596206665e-02,-3.596515953540802002e-01,6.039523482322692871e-01,-7.969943881034851074e-01,-4.269925653934478760e-01,-5.936062335968017578e-01,-6.690262556076049805e-01,-1.069114565849304199e+00,-4.711145460605621338e-01,3.026598691940307617e-01,-7.098841071128845215e-01,-1.848257780075073242e+00,-1.733966469764709473e+00,5.320025682449340820e-01,6.822868585586547852e-01,4.951296746730804443e-01,-4.611988365650177002e-02,-1.772364854812622070e+00,-4.428375363349914551e-01,-7.278873324394226074e-01,5.822883918881416321e-02,-1.193166524171829224e-01,1.233177632093429565e-01
-1.352413535118103027e+00,3.810491263866424561e-01,6.596917510032653809e-01,-1.269811391830444336e+00,-1.389159798622131348e+00,3.145352751016616821e-02,-1.675345659255981445e+00,-1.845945000648498535e+00,1.453584313392639160e+00,1.070171475410461426e+00,-1.334001779556274414e+00,1.040487885475158691e-01,-9.624680876731872559e-01,-9.574236273765563965e-01,1.180956587195396423e-01,1.120691061019897461e+00,-1.136382937431335449e+00,-1.912288904190063477e+00,-9.240303039550781250e-01,-6.728406995534896851e-02,1.820518732070922852e+00,-2.236001044511795044e-01,9.564713239669799805e-01,-1.054051995277404785e+00,-1.193857908248901367e+00,-1.629157543182373047e+00,7.553062438964843750e-01,2.856613993644714355e-01,8.772110342979431152e-01,-1.976606488227844238e+00,-2.197330474853515625e+00,-2.596913278102874756e-01,-1.095349669456481934e+00,6.312360167503356934e-01,-2.062859773635864258e+00,-1.140201568603515625e+00,-1.235363721847534180e+00,3.390266001224517822e-02,7.690820693969726562e-01,6.065229177474975586e-01,-1.612256765365600586e+00,-7.708774805068969727e-01,-1.127891182899475098e+00,-4.425150156021118164e-01,1.016018986701965332e+00,-7.082229256629943848e-01,6.418599486351013184e-01,7.897588610649108887e-02,-1.542287468910217285e+00,-1.833710670471191406e+00,2.435569316148757935e-01,3.997255563735961914e-01,2.200395613908767700e-01
-1.874264180660247803e-01,3.016166090965270996e-01,3.179289400577545166e-01,6.826134920120239258e-01,-4.813897311687469482e-01,-3.889342546463012695e-01,-6.136565804481506348e-01,-8.344963192939758301e-01,1.312102437019348145e+00,9.047300815582275391e-01,2.677741646766662598e-01,2.929927408695220947e-01,-7.188754081726074219e-01,-2.547123134136199951e-01,-8.454703092575073242e-01,1.027063131332397461e+00,-5.294651389122009277e-01,2.838525176048278809e-01,-1.936714164912700653e-02,1.502200067043304443e-01,1.209065794944763184e+00,-6.407067924737930298e-02,1.860624790191650391e+00,-6.868323087692260742e-01,3.728041052818298340e-01,-1.493091344833374023e+00,9.135074615478515625e-01,7.773184776306152344e-02,1.004936099052429199e+00,-1.116706848144531250e+00,-1.090859770774841309e+00,7.646630406379699707e-01,1.152718305587768555e+00,1.142179314047098160e-02,-1.064720153808593750e+00,-9.814641475677490234e-01,-2.481686919927597046e-01,1.676777750253677368e-02,5.392135381698608398e-01,3.184101581573486328e-01,-1.457021355628967285e+00,1.536284536123275757e-01,-9.312970638275146484e-01,2.267421782016754150e-01,5.693090558052062988e-01,-1.195811480283737183e-01,1.100383281707763672e+00,-1.268662214279174805e+00,-6.537749767303466797e-01,-9.136971235275268555e-01,5.492938756942749023e-01,2.996445298194885254e-01,5.016037225723266602e-01
-1.451080143451690674e-01,1.067800000309944153e-01,6.000326275825500488e-01,-2.209165841341018677e-01,-1.120088458061218262e+00,-1.892621815204620361e-01,-6.875098347663879395e-01,-1.655806541442871094e+00,2.417769193649291992e+00,1.325470924377441406e+00,9.433239698410034180e-01,8.167801499366760254e-01,2.182150818407535553e-02,-4.296385943889617920e-01,-7.517952919006347656e-01,2.220126628875732422e+00,-4.567795693874359131e-01,-1.178975850343704224e-01,3.020250797271728516e-01,1.385419368743896484e+00,6.281246542930603027e-01,5.214077830314636230e-01,2.346256971359252930e+00,-9.617391824722290039e-01,3.522236645221710205e-01,-2.006915569305419922e+00,2.823797464370727539e+00,8.331294655799865723e-01,1.654542922973632812e+00,-1.762214422225952148e+00,-1.496500253677368164e+00,2.484228849411010742e+00,-6.884886622428894043e-01,2.435499668121337891e+00,-2.150943517684936523e+00,-5.913335680961608887e-01,-1.343453645706176758e+00,6.191030740737915039e-01,2.135065793991088867e+00,1.241456508636474609e+00,-6.412653923034667969e-01,7.536301016807556152e-01,-4.865325391292572021e-01,2.836040556430816650e-01,2.505848407745361328e+00,5.884431600570678711e-01,1.823651075363159180e+00,-3.426078259944915771e-01,-1.199345231056213379e+00,-4.375745728611946106e-02,5.551448464393615723e-01,6.659816503524780273e-01,6.762195229530334473e-01
-5.532314777374267578e-01,-1.774408936500549316e+00,-3.384111821651458740e-01,-3.990913331508636475e-01,-1.537797331809997559e+00,-9.671120047569274902e-01,-7.311314344406127930e-01,-1.262329220771789551e+00,-2.392841875553131104e-01,-1.278943289071321487e-02,3.579650223255157471e-01,-1.212646722793579102e+00,-1.965405225753784180e+00,-8.497307896614074707e-01,-3.426710665225982666e-01,-9.640372395515441895e-01,-5.016088485717773438e-01,-6.378374099731445312e-01,3.101833164691925049e-02,-1.011018157005310059e+00,9.148695468902587891e-01,-4.590178132057189941e-01,2.127875089645385742e-01,2.188881635665893555e-01,1.018443256616592407e-01,-6.362704038619995117e-01,-1.291064620018005371e+00,-1.073537945747375488e+00,6.024780869483947754e-01,-1.473008632659912109e+00,-1.477292537689208984e+00,1.840427666902542114e-01,2.083948813378810883e-02,-5.910856723785400391e-01,-8.452181816101074219e-01,-1.379422903060913086e+00,-1.118367671966552734e+00,-1.108017802238464355e+00,-2.849331796169281006e-01,8.519375920295715332e-01,-5.811952352523803711e-01,-1.235959455370903015e-01,-7.356130480766296387e-01,-4.885406792163848877e-01,9.358339905738830566e-01,-9.948108196258544922e-01,5.343983769416809082e-01,-1.116559028625488281e+00,-1.576430201530456543e-01,-8.609523624181747437e-02,3.510551154613494873e-01,-1.146468296647071838e-01,1.381612122058868408e-01
5.040985941886901855e-01,-9.826937317848205566e-02,-5.969938039779663086e-01,9.835067987442016602e-01,-9.502368569374084473e-01,-6.260110139846801758e-01,4.519178867340087891e-01,-3.942430764436721802e-02,2.871022224426269531e-01,9.054464101791381836e-01,6.039120554924011230e-01,-1.766908466815948486e-01,-4.987206459045410156e-01,1.052989721298217773e+00,8.367767930030822754e-01,-5.147535800933837891e-01,7.379744052886962891e-01,-1.689238429069519043e+00,1.163107514381408691e+00,-2.037850379943847656e+00,1.314359664916992188e+00,-1.222222924232482910e+00,-3.465232253074645996e-01,6.702374815940856934e-01,-4.004722833633422852e-01,-4.891359508037567139e-01,-1.555620878934860229e-01,-7.657151669263839722e-02,9.634692668914794922e-01,1.027623191475868225e-01,4.826328456401824951e-01,9.252008199691772461e-01,1.472729921340942383e+00,1.767435431480407715e+00,-4.048508107662200928e-01,4.266198724508285522e-02,1.443513631820678711e+00,1.888160943984985352e+00,2.641665637493133545e-01,4.291407167911529541e-01,-8.470377326011657715e-01,1.808995842933654785e+00,1.304251432418823242e+00,-7.072431594133377075e-02,3.479743301868438721e-01,-1.635405540466308594e+00,8.222612738609313965e-01,3.872717320919036865e-01,-1.112606674432754517e-01,-5.995987057685852051e-01,5.892723202705383301e-01,5.874543786048889160e-01,6.025258898735046387e-01
8.237485289573669434e-01,1.659458756446838379e+00,1.393849492073059082e+00,1.237426519393920898e+00,5.348783731460571289e-01,1.771732866764068604e-01,-1.838786303997039795e-01,-1.294679474085569382e-02,1.547280550003051758e+00,1.392772793769836426e+00,-1.348525136709213257e-01,8.263849616050720215e-01,-6.260642409324645996e-01,1.825753211975097656e+00,-4.171087741851806641e-01,1.862486004829406738e-01,1.044707447290420532e-01,-2.737918794155120850e-01,6.677520275115966797e-01,-3.010887801647186279e-01,5.808662176132202148e-01,-4.776823520660400391e-01,8.238412141799926758e-01,-4.334784150123596191e-01,-1.312724351882934570e-01,-1.369293451309204102e+00,-1.799856275320053101e-01,1.309712678194046021e-01,1.189904808998107910e+00,-5.879357457160949707e-01,-6.507406234741210938e-01,1.218847870826721191e+00,1.973641395568847656e+00,4.614277780055999756e-01,-9.101765602827072144e-02,-7.083348631858825684e-01,9.803944826126098633e-01,8.095066547393798828e-01,3.999364972114562988e-01,3.672743439674377441e-01,-8.155883550643920898e-01,7.154076099395751953e-01,4.210770130157470703e-01,5.897029638290405273e-01,6.358099579811096191e-01,-9.601540565490722656e-01,8.954868316650390625e-01,-1.634334206581115723e+00,8.829586207866668701e-02,-7.794891595840454102e-01,3.487260937690734863e-01,-1.083079949021339417e-01,9.590625017881393433e-02
-1.380072254687547684e-02,-7.380415797233581543e-01,-8.880649209022521973e-01,7.414318323135375977e-01,-1.006674885749816895e+00,-6.888620853424072266e-01,1.040528565645217896e-01,-2.984080612659454346e-01,-1.036704182624816895e+00,-1.530328989028930664e+00,8.495792746543884277e-01,-6.456470489501953125e-01,-1.252201914787292480e+00,-1.063830494880676270e+00,-1.478357195854187012e+00,-1.146627187728881836e+00,-5.418937206268310547e-01,-8.175047636032104492e-01,4.155955612659454346e-01,9.265684485435485840e-01,-1.330312490463256836e+00,9.021627902984619141e-01,-5.612345337867736816e-01,7.223264873027801514e-02,6.709031462669372559e-01,-3.701292276382446289e-01,-2.489617317914962769e-01,-1.748757511377334595e-01,-6.129959225654602051e-01,-3.119980974588543177e-04,4.466917514801025391e-01,-4.826034605503082275e-01,-2.035287022590637207e-01,7.038482427597045898e-01,6.945403218269348145e-01,-1.055073976516723633e+00,-8.863176703453063965e-01,-7.486366629600524902e-01,-1.370457291603088379e+00,3.364573717117309570e-01,1.020250201225280762e+00,6.079102754592895508e-01,-2.361681461334228516e-01,-9.743668437004089355e-01,-6.295594573020935059e-01,4.290633499622344971e-01,-1.606987565755844116e-01,-8.070636987686157227e-01,9.101580977439880371e-01,1.145369887351989746e+00,3.032816648483276367e-01,5.677761435508728027e-01,2.180931419134140015e-01
2.450916767120361328e-01,-5.887084603309631348e-01,-6.504114270210266113e-01,2.905556261539459229e-01,-8.019526600837707520e-01,-6.947572827339172363e-01,7.105970382690429688e-01,2.049135416746139526e-01,-7.086704373359680176e-01,-1.355295479297637939e-01,3.771337270736694336e-01,-4.701684787869453430e-02,-7.942294478416442871e-01,2.781311795115470886e-02,-3.066172599792480469e-01,-1.415350198745727539e+00,5.414876937866210938e-01,-1.509753704071044922e+00,9.073194861412048340e-01,-1.094927310943603516e+00,4.216002523899078369e-01,-7.630978822708129883e-01,-2.680684626102447510e-01,2.739799916744232178e-01,-2.684305012226104736e-01,5.997742712497711182e-02,-8.492577075958251953e-01,-4.805137217044830322e-01,1.541204303503036499e-01,6.588085740804672241e-02,-1.190554425120353699e-01,-1.218151152133941650e-01,-3.101265132427215576e-01,-1.109337687492370605e+00,-4.647698998451232910e-01,-2.971187829971313477e-01,1.423412710428237915e-01,6.972022056579589844e-01,-1.034284234046936035e+00,8.923797607421875000e-01,-5.702372193336486816e-01,1.168474197387695312e+00,9.937784671783447266e-01,1.800228655338287354e-02,-2.310453206300735474e-01,-6.528053283691406250e-01,1.919994950294494629e-01,-1.382509589195251465e+00,-6.810330152511596680e-01,-9.295302033424377441e-01,5.527526736259460449e-01,1.906369179487228394e-01,4.283752739429473877e-01
-7.463270425796508789e-01,-1.623146772384643555e+00,1.981041580438613892e-01,-2.689238488674163818e-01,-1.159751772880554199e+00,-4.929957985877990723e-01,-4.496862292289733887e-01,-8.265032768249511719e-01,-1.288177251815795898e+00,-5.817270278930664062e-01,-1.082318067550659180e+00,-1.282752394676208496e+00,-2.331345319747924805e+00,5.419811010360717773e-01,-2.170145045965909958e-03,-1.997188210487365723e+00,4.332320764660835266e-02,-2.934621810913085938e+00,6.800746321678161621e-01,-1.938532829284667969e+00,2.380362451076507568e-01,-2.046015739440917969e+00,-2.555528581142425537e-01,-5.702874660491943359e-01,-1.780371546745300293e+00,-6.417339295148849487e-02,-2.521766185760498047e+00,-1.409532666206359863e+00,1.190811544656753540e-01,-9.757165312767028809e-01,-9.827558398246765137e-01,-3.345698714256286621e-01,-2.371773868799209595e-01,-1.499387145042419434e+00,-3.586171567440032959e-02,-1.829148411750793457e+00,4.961215853691101074e-01,1.144862174987792969e+00,-1.216903209686279297e+00,-9.306617081165313721e-02,-2.158734083175659180e+00,8.586774468421936035e-01,4.840134680271148682e-01,2.153264880180358887e-01,2.700216472148895264e-01,-2.002253532409667969e+00,-5.458926558494567871e-01,-1.194621205329895020e+00,-9.377283453941345215e-01,-1.973320603370666504e+00,7.937628030776977539e-02,-4.540860652923583984e-01,-1.596049815416336060e-01
6.699935998767614365e-03,9.679419547319412231e-02,-1.251024961471557617e+00,2.290804237127304077e-01,-1.225099444389343262e+00,-1.604167222976684570e+00,3.114842474460601807e-01,-1.973129808902740479e-01,-1.192153215408325195e+00,-1.161077857017517090e+00,3.959666192531585693e-01,-6.226515173912048340e-01,-9.568988680839538574e-01,-8.507868051528930664e-01,3.989392220973968506e-01,-7.769739627838134766e-01,4.711595177650451660e-01,-1.084960818290710449e+00,8.231767416000366211e-01,-3.774558007717132568e-01,-8.410157561302185059e-01,-7.282267212867736816e-01,2.841220796108245850e-01,1.913168430328369141e-01,1.949756294488906860e-01,2.472627311944961548e-01,-1.713966131210327148e-01,-2.635419070720672607e-01,-7.536970376968383789e-01,-2.309442758560180664e-01,9.086883813142776489e-02,-6.755568385124206543e-01,2.666581571102142334e-01,1.070358082652091980e-01,-4.663921594619750977e-01,-9.181656241416931152e-01,6.813588142395019531e-01,6.662909984588623047e-01,-1.244407892227172852e+00,6.864774972200393677e-02,-3.810171782970428467e-01,1.111394405364990234e+00,5.112764835357666016e-01,2.664037048816680908e-01,-7.925412654876708984e-01,-9.726572036743164062e-01,-3.451912701129913330e-01,9.660214930772781372e-02,1.015267744660377502e-01,-2.042897045612335205e-02,4.726821184158325195e-01,4.375857114791870117e-01,3.145521581172943115e-01
5.177275538444519043e-01,1.196253776550292969e+00,2.423606812953948975e-01,1.161430358886718750e+00,9.635475277900695801e-02,-4.121046364307403564e-01,5.877758264541625977e-01,-3.362768590450286865e-01,-8.215391635894775391e-02,3.747199177742004395e-01,1.444284677505493164e+00,5.781337618827819824e-01,-8.765633702278137207e-01,9.508067369461059570e-02,-4.801856279373168945e-01,3.271867036819458008e-01,7.386423647403717041e-03,-5.741504430770874023e-01,7.559099793434143066e-01,-1.727111041545867920e-01,-3.496561571955680847e-02,-6.717944890260696411e-02,1.604695916175842285e-01,3.156004250049591064e-01,4.457492530345916748e-01,-9.053097963333129883e-01,7.043959200382232666e-02,1.337414383888244629e-01,1.861534595489501953e+00,-1.497098207473754883e-01,-8.938936591148376465e-01,5.103987455368041992e-01,6.291343569755554199e-01,-9.176983237266540527e-01,1.208391413092613220e-01,-7.752107977867126465e-01,9.740516543388366699e-01,5.624349117279052734e-01,-4.436374604701995850e-01,9.474100470542907715e-01,-1.965533196926116943e-01,7.964164614677429199e-01,4.547108411788940430e-01,-5.567889809608459473e-01,1.116897583007812500e+00,-3.000169396400451660e-01,6.491590738296508789e-01,-1.630863666534423828e+00,-3.225415945053100586e-01,-2.262345999479293823e-01,8.772290945053100586e-01,4.433724284172058105e-01,4.758797287940979004e-01
-6.114693880081176758e-01,-1.560395121574401855e+00,-9.511353373527526855e-01,5.003229975700378418e-01,-1.508871674537658691e+00,-1.189861178398132324e+00,3.736173510551452637e-01,-8.670427799224853516e-01,-1.640782713890075684e+00,-1.302145957946777344e+00,8.621158599853515625e-01,-6.966363787651062012e-01,-2.176787376403808594e+00,-4.929717779159545898e-01,-4.655739068984985352e-01,-9.914546608924865723e-01,1.830235272645950317e-01,-3.872525691986083984e-01,9.057661890983581543e-01,3.337711691856384277e-01,-7.674964070320129395e-01,-8.855676054954528809e-01,1.470031589269638062e-01,-3.696003258228302002e-01,-4.175521135330200195e-01,6.800624728202819824e-02,-1.121083498001098633e+00,-4.577460885047912598e-01,-1.413459032773971558e-01,-1.213508397340774536e-01,-2.282647043466567993e-01,-1.251520067453384399e-01,3.347629308700561523e-01,-1.854443550109863281e+00,6.597140431404113770e-01,-1.554335594177246094e+00,4.040980339050292969e-01,-2.178868651390075684e-01,-1.550977587699890137e+00,6.248162128031253815e-03,-3.920171260833740234e-01,1.062981367111206055e+00,2.708827555179595947e-01,-8.814857602119445801e-01,2.596190385520458221e-02,-1.191010355949401855e+00,-4.820573329925537109e-01,-1.314671397209167480e+00,-7.492443919181823730e-02,-8.117567896842956543e-01,4.530210793018341064e-01,1.923986375331878662e-01,2.415105849504470825e-01
-8.471696972846984863e-01,-1.498664617538452148e+00,-7.395501136779785156e-01,-4.012264907360076904e-01,-1.381740212440490723e+00,-7.366953492164611816e-01,-2.577800750732421875e-01,-7.974890470504760742e-01,-1.500497162342071533e-01,-1.616151072084903717e-02,2.046713680028915405e-01,-1.105949655175209045e-01,-1.865158557891845703e+00,1.451289534568786621e+00,3.652198314666748047e-01,-7.006319165229797363e-01,-5.613157898187637329e-02,-1.196230411529541016e+00,7.871574163436889648e-01,-1.375146955251693726e-01,-3.236796557903289795e-01,-1.676968574523925781e+00,1.658207923173904419e-01,-5.959923863410949707e-01,-6.696528792381286621e-01,-1.016929864883422852e+00,-6.020713448524475098e-01,-2.936269342899322510e-01,5.369734019041061401e-02,-7.423583865165710449e-01,-1.119054794311523438e+00,-6.838440895080566406e-01,3.516308963298797607e-01,6.462963223457336426e-01,-8.697587847709655762e-01,-1.454267263412475586e+00,1.217289924621582031e+00,7.488003373146057129e-01,-5.215398073196411133e-01,1.880601048469543457e-01,-1.033114910125732422e+00,1.071093201637268066e+00,1.006333231925964355e-01,3.591955304145812988e-01,-2.368047088384628296e-01,-1.963434457778930664e+00,1.651665866374969482e-01,-6.353728175163269043e-01,-9.655289053916931152e-01,-6.469414830207824707e-01,7.593733668327331543e-01,3.363119661808013916e-01,5.708030462265014648e-01
1.812418550252914429e-01,8.540130257606506348e-01,4.210402369499206543e-01,1.294602513313293457e+00,-4.924115911126136780e-02,-5.267253518104553223e-01,-2.649245858192443848e-01,4.550427496433258057e-01,1.823810338973999023e-01,5.381171107292175293e-01,-1.219884991645812988e+00,-5.249624252319335938e-01,-1.814770698547363281e+00,1.093534111976623535e+00,-1.272863447666168213e-01,-6.478263735771179199e-01,2.125561237335205078e-02,-9.464672207832336426e-01,5.365595817565917969e-01,-6.451323628425598145e-01,4.865806102752685547e-01,-1.009646534919738770e+00,-5.501561984419822693e-02,2.328547537326812744e-01,-1.685768812894821167e-01,-1.012021183967590332e+00,-6.061739325523376465e-01,-1.033386230468750000e+00,7.149503827095031738e-01,-9.136124849319458008e-01,-6.706880927085876465e-01,-1.954835504293441772e-01,-2.914255261421203613e-01,-1.026189565658569336e+00,-9.835912585258483887e-01,-1.552343487739562988e+00,3.297625184059143066e-01,5.159316211938858032e-02,-8.485860824584960938e-01,7.905497550964355469e-01,-1.646639555692672729e-01,6.358991861343383789e-01,2.529728710651397705e-01,-2.274753302335739136e-01,-2.270941138267517090e-01,-1.376869916915893555e+00,1.649068295955657959e-01,-1.400043606758117676e+00,-1.519291400909423828e-01,2.181135416030883789e-01,3.176345229148864746e-01,-1.802646666765213013e-01,1.060607507824897766e-01
3.818963468074798584e-01,-4.507228136062622070e-01,-8.204065561294555664e-01,7.474025487899780273e-01,-7.427649497985839844e-01,-5.046929121017456055e-01,1.155193805694580078e+00,-3.043813109397888184e-01,-3.615612685680389404e-01,-2.927766740322113037e-01,1.317547440528869629e+00,9.489905834197998047e-01,4.564148560166358948e-02,-1.157190918922424316e+00,-7.704836130142211914e-01,-1.198307052254676819e-02,1.723760664463043213e-01,-2.569024264812469482e-02,2.956279814243316650e-01,-3.665076196193695068e-01,-7.383005619049072266e-01,5.764120221138000488e-01,2.114386558532714844e-01,1.242797732353210449e+00,1.088916897773742676e+00,-6.454222202301025391e-01,-4.540186822414398193e-01,3.284369409084320068e-01,1.562562286853790283e-01,-3.019648790359497070e-01,-1.219378709793090820e-01,-1.075141206383705139e-01,3.915423452854156494e-01,4.939529895782470703e-01,-3.498674631118774414e-01,-2.187110632658004761e-01,3.176718950271606445e-01,-4.713829159736633301e-01,-9.718049168586730957e-01,7.168159484863281250e-01,8.630242943763732910e-02,6.298895478248596191e-01,3.100504279136657715e-01,-5.553841590881347656e-01,3.315891027450561523e-01,2.292971611022949219e-01,1.327488869428634644e-01,-1.299947142601013184e+00,5.857040882110595703e-01,6.581665873527526855e-01,7.452288269996643066e-01,1.031269311904907227e+00,8.849678635597229004e-01
-1.072505116462707520e+00,1.856451481580734253e-01,-1.713208407163619995e-01,-9.274902194738388062e-02,-1.106570482254028320e+00,-1.515739202499389648e+00,-8.457806706428527832e-02,-8.455429673194885254e-01,-7.375100255012512207e-01,-1.397577524185180664e-01,-2.792474031448364258e-01,2.832946926355361938e-02,-1.291495323181152344e+00,9.020017385482788086e-01,-1.773207336664199829e-01,-3.426209986209869385e-01,-4.616514593362808228e-02,-5.921537280082702637e-01,6.381644606590270996e-01,-1.054081082344055176e+00,3.898821026086807251e-02,-2.565234899520874023e-01,5.316481590270996094e-01,-2.734276950359344482e-01,5.502863600850105286e-02,-4.031657278537750244e-01,-1.854557394981384277e+00,-5.720859169960021973e-01,8.321576565504074097e-02,-1.237433671951293945e+00,-1.307254672050476074e+00,7.297172397375106812e-02,-1.765137463808059692e-01,-3.208543062210083008e-01,-9.170451760292053223e-01,-1.174488306045532227e+00,8.156832456588745117e-01,-2.858658134937286377e-01,-5.059924721717834473e-01,5.335820913314819336e-01,-9.682257175445556641e-01,6.242237687110900879e-01,-4.676556959748268127e-02,-3.282468616962432861e-01,9.546747803688049316e-01,-1.366400957107543945e+00,-2.978375554084777832e-01,-1.652344346046447754e+00,-3.684243559837341309e-01,-8.442410230636596680e-01,1.944485455751419067e-01,8.076106756925582886e-02,4.569624364376068115e-02
6.008754372596740723e-01,-1.229161500930786133e+00,-2.226411342620849609e+00,9.374704360961914062e-01,-9.953841567039489746e-01,-1.320413827896118164e+00,9.538633227348327637e-01,3.646401464939117432e-01,-1.058592438697814941e+00,1.855516135692596436e-01,1.907915472984313965e-01,-1.286295950412750244e-01,-3.528765738010406494e-01,7.603387832641601562e-01,6.360859423875808716e-02,6.813612417317926884e-04,1.986476480960845947e-01,2.103970646858215332e-01,7.861396670341491699e-01,-7.519380450248718262e-01,-6.973494887351989746e-01,-3.170992061495780945e-02,-4.549623727798461914e-01,-1.866443827748298645e-02,5.177807807922363281e-01,-1.976104825735092163e-01,9.858663678169250488e-01,4.182111620903015137e-01,-7.793468832969665527e-01,-3.442652523517608643e-01,5.659427642822265625e-01,-9.907653927803039551e-01,5.581055283546447754e-01,1.065137505531311035e+00,-4.729328453540802002e-01,-4.930468499660491943e-01,1.066670298576354980e+00,5.354427695274353027e-01,-7.557715773582458496e-01,-3.941674157977104187e-02,3.781886026263237000e-02,8.790859580039978027e-01,3.816249072551727295e-01,-4.718129932880401611e-01,-9.095372557640075684e-01,-4.470089673995971680e-01,5.281122922897338867e-01,9.906660765409469604e-02,-1.197222098708152771e-01,5.907076597213745117e-01,8.011696338653564453e-01,8.649803996086120605e-01,7.999187707901000977e-01
1.087966561317443848e+00,3.290775790810585022e-02,-6.205893158912658691e-01,7.174909710884094238e-01,-3.285278677940368652e-01,-1.931052505970001221e-01,6.214432716369628906e-01,-2.292611869052052498e-03,5.952197909355163574e-01,-2.865566909313201904e-01,2.896292880177497864e-02,2.066242098808288574e-01,-3.764026463031768799e-01,4.218805432319641113e-01,-4.655393362045288086e-01,4.858401790261268616e-02,4.708845019340515137e-01,1.144649088382720947e-01,8.214875459671020508e-01,3.707787692546844482e-01,-5.814600586891174316e-01,-2.314650081098079681e-02,-1.332271397113800049e-01,3.612838685512542725e-01,8.322864770889282227e-01,-4.773852229118347168e-01,-1.423426717519760132e-01,1.138485148549079895e-01,5.396330952644348145e-01,9.645666927099227905e-02,-6.784340739250183105e-01,3.185820877552032471e-01,-5.971222519874572754e-01,-8.064861595630645752e-02,-4.776960015296936035e-01,-3.696483671665191650e-01,-7.494364678859710693e-02,-1.246595025062561035e+00,-1.486661881208419800e-01,1.528776288032531738e+00,1.167607545852661133e+00,3.431232273578643799e-01,6.964941024780273438e-01,-1.365447521209716797e+00,9.381109476089477539e-01,-5.462211370468139648e-01,9.098383784294128418e-01,-1.360695481300354004e+00,5.418859124183654785e-01,1.232884764671325684e+00,5.585941672325134277e-01,3.136582374572753906e-01,2.961876392364501953e-01
2.202389240264892578e-01,-8.915733098983764648e-01,-2.223834276199340820e+00,-1.308823972940444946e-01,-5.682434439659118652e-01,-8.064117431640625000e-01,7.984342575073242188e-01,3.118095695972442627e-01,-1.479546427726745605e+00,-1.467028379440307617e+00,-9.543774724006652832e-01,-8.435803651809692383e-01,-4.859510362148284912e-01,-2.424748688936233521e-01,4.929946735501289368e-02,2.617908418178558350e-01,3.822867199778556824e-02,-2.351378500461578369e-01,4.874050617218017578e-01,6.209381669759750366e-02,-1.379408717155456543e+00,4.783761203289031982e-01,2.781517207622528076e-01,-5.681543946266174316e-01,4.323334991931915283e-01,-9.022839069366455078e-01,-3.977821394801139832e-02,5.017028450965881348e-01,-1.841405630111694336e+00,-1.078610181808471680e+00,3.639430105686187744e-01,-8.410450220108032227e-01,-1.135064721107482910e+00,-5.169864296913146973e-01,-1.970168113708496094e+00,-1.528760910034179688e+00,6.087365150451660156e-01,-6.078170537948608398e-01,-1.700596451759338379e+00,3.308791518211364746e-01,-8.639671802520751953e-01,2.342621982097625732e-01,-2.355993241071701050e-01,-2.233896255493164062e-01,3.853657245635986328e-01,-1.174046993255615234e-01,-2.158971577882766724e-01,3.522811532020568848e-01,-2.661521434783935547e-01,3.038358092308044434e-01,4.281970560550689697e-01,9.018248915672302246e-01,4.899991154670715332e-01
1.437623023986816406e+00,-1.677160859107971191e-01,-9.240242838859558105e-01,1.007302761077880859e+00,-1.896909773349761963e-01,-1.482046961784362793e+00,1.182840585708618164e+00,2.093073129653930664e-01,-3.844195231795310974e-02,1.075762510299682617e+00,8.122772574424743652e-01,8.093761205673217773e-01,3.999875113368034363e-02,1.303903818130493164e+00,3.422949835658073425e-02,1.344221949577331543e+00,7.235289812088012695e-01,1.156243562698364258e+00,1.837227344512939453e-01,1.767659932374954224e-01,-2.206706404685974121e-01,3.917692303657531738e-01,3.978018462657928467e-01,-3.653532266616821289e-02,8.719182610511779785e-01,-3.660845458507537842e-01,1.495641708374023438e+00,1.878725290298461914e+00,2.841627001762390137e-01,-8.369759470224380493e-02,6.831871271133422852e-01,7.088158130645751953e-01,6.199256777763366699e-01,4.068183302879333496e-01,-1.185645580291748047e+00,-1.055887699127197266e+00,1.398656010627746582e+00,4.912413358688354492e-01,-5.388683080673217773e-01,6.588324904441833496e-01,2.704519927501678467e-01,3.578620553016662598e-01,1.066506862640380859e+00,3.932567536830902100e-01,-9.780025482177734375e-01,-1.025804400444030762e+00,7.469446659088134766e-01,7.087054252624511719e-01,5.448092222213745117e-01,1.351704895496368408e-01,8.962021470069885254e-01,1.343452453613281250e+00,8.906728625297546387e-01
2.158524751663208008e+00,2.330323219299316406e+00,3.297564983367919922e-01,2.684079408645629883e+00,9.861826896667480469e-01,-2.361999452114105225e-01,1.062443733215332031e+00,1.237459897994995117e+00,-6.193712949752807617e-01,2.776285447180271149e-02,4.487714767456054688e-01,-6.983708143234252930e-01,-1.108268126845359802e-01,1.540758252143859863e+00,-3.420571982860565186e-01,1.442545413970947266e+00,2.019348591566085815e-01,1.582606554031372070e+00,2.890763580799102783e-01,7.426658868789672852e-01,-1.860100865364074707e+00,1.237402081489562988e+00,5.468614697456359863e-01,8.416011333465576172e-01,2.289564371109008789e+00,4.146138429641723633e-01,1.209876775741577148e+00,1.188964843750000000e+00,2.099293947219848633e+00,-2.844437360763549805e-01,8.866237998008728027e-01,4.180289804935455322e-03,3.276927769184112549e-01,1.342646002769470215e+00,-9.481610059738159180e-01,-7.447259426116943359e-01,1.427198886871337891e+00,-7.414383888244628906e-01,-3.934331238269805908e-01,8.480136990547180176e-01,2.479387760162353516e+00,2.839021980762481689e-01,1.874116957187652588e-01,-1.016895055770874023e+00,-8.097524642944335938e-01,3.211078047752380371e-01,6.198844909667968750e-01,-4.249232411384582520e-01,1.486374139785766602e+00,1.973934173583984375e+00,6.764751672744750977e-01,8.420063853263854980e-01,5.712760090827941895e-01
2.022235393524169922e+00,-4.198575858026742935e-03,-1.141135931015014648e+00,8.850768804550170898e-01,2.844711840152740479e-01,-3.304485976696014404e-01,1.416136741638183594e+00,1.439927697181701660e+00,-5.441039800643920898e-01,-5.842429399490356445e-01,6.512041687965393066e-01,-4.806684553623199463e-01,1.772905737161636353e-01,4.772257804870605469e-01,-5.602000355720520020e-01,4.798708558082580566e-01,8.138686418533325195e-01,1.143936991691589355e+00,9.453903883695602417e-02,9.321371316909790039e-01,-1.467596411705017090e+00,1.042021632194519043e+00,-1.119992434978485107e-01,1.466605901718139648e+00,1.996360421180725098e+00,-7.224491238594055176e-01,1.730352401733398438e+00,1.906991362571716309e+00,7.981258034706115723e-01,7.650685906410217285e-01,1.831840038299560547e+00,-9.280976653099060059e-02,6.688494086265563965e-01,7.184339165687561035e-01,-9.167345613241195679e-02,9.487767517566680908e-02,1.449797630310058594e+00,-6.295804381370544434e-01,-4.030017554759979248e-01,8.053976893424987793e-01,1.821444392204284668e+00,-1.105373054742813110e-01,1.003115296363830566e+00,-9.206438660621643066e-01,-5.299085974693298340e-01,7.500074505805969238e-01,8.575363159179687500e-01,7.410470247268676758e-01,1.825085520744323730e+00,1.707491397857666016e+00,9.433539509773254395e-01,1.298827767372131348e+00,1.153232097625732422e+00
2.680375337600708008e+00,-1.590919941663742065e-01,-1.448950469493865967e-01,1.870399951934814453e+00,2.224262505769729614e-01,-1.197472691535949707e+00,1.548494696617126465e+00,4.538557529449462891e-01,-4.085063636302947998e-01,-2.095580101013183594e-01,1.653993129730224609e+00,9.248574078083038330e-02,4.092157185077667236e-01,5.594132542610168457e-01,-2.088829427957534790e-01,1.092266440391540527e+00,5.219608545303344727e-01,1.338047146797180176e+00,7.260239720344543457e-01,6.071245670318603516e-01,-1.080055356025695801e+00,1.271198034286499023e+00,7.837293744087219238e-01,2.301249206066131592e-01,2.361576557159423828e+00,2.810288369655609131e-01,1.514691114425659180e+00,1.481776475906372070e+00,1.442836403846740723e+00,6.482170820236206055e-01,1.286805570125579834e-01,3.346065282821655273e-01,-6.227624416351318359e-01,1.845647811889648438e+00,-4.061451554298400879e-01,-1.889136135578155518e-01,6.741855144500732422e-01,-5.873236656188964844e-01,-5.564453825354576111e-02,1.207508563995361328e+00,2.451961278915405273e+00,8.908668756484985352e-01,8.108442425727844238e-01,-1.389464259147644043e+00,5.652239173650741577e-02,4.944104552268981934e-01,1.067199230194091797e+00,-4.053027927875518799e-01,9.330643415451049805e-01,2.453317165374755859e+00,8.985785245895385742e-01,1.000531911849975586e+00,7.820603251457214355e-01
1.356135725975036621e+00,6.653040647506713867e-01,3.472446203231811523e-01,8.847387433052062988e-01,1.099189221858978271e-01,-1.129845738410949707e+00,1.697742462158203125e+00,1.315676808357238770e+00,-1.515919089317321777e+00,1.446324139833450317e-01,-1.586105078458786011e-01,1.036944333463907242e-02,2.061214148998260498e-01,5.675970911979675293e-01,-6.451036930084228516e-01,-3.843025267124176025e-01,1.226355805993080139e-01,-3.040651082992553711e-01,-1.075487732887268066e+00,-7.427199482917785645e-01,-1.200204849243164062e+00,1.713153362274169922e+00,-9.444200992584228516e-02,1.643956184387207031e+00,1.367118239402770996e+00,4.561767578125000000e-01,-8.524485826492309570e-01,2.627474367618560791e-01,5.271003246307373047e-01,3.587813973426818848e-01,9.589566588401794434e-01,-1.965469680726528168e-02,4.577049911022186279e-01,-1.308855175971984863e+00,4.136695563793182373e-01,-2.942007482051849365e-01,8.057570457458496094e-01,-1.847040176391601562e+00,-1.562051296234130859e+00,3.131053745746612549e-01,3.038708865642547607e-01,-1.280984759330749512e+00,-2.162348851561546326e-02,-8.621107935905456543e-01,1.679375767707824707e-01,1.447957277297973633e+00,-2.020910568535327911e-02,-2.191835403442382812e+00,2.021507978439331055e+00,1.663457155227661133e+00,3.795651793479919434e-01,8.266692757606506348e-01,6.641983985900878906e-01
1.001039147377014160e+00,-1.585132598876953125e+00,-1.325133442878723145e+00,-1.933044195175170898e-01,-1.841762214899063110e-01,-1.324630022048950195e+00,2.198082447052001953e+00,4.111050069332122803e-01,-1.289696842432022095e-01,-2.760560624301433563e-02,1.531173467636108398e+00,2.126985549926757812e+00,-8.738889545202255249e-02,3.894773423671722412e-01,-8.025818467140197754e-01,5.576201081275939941e-01,-8.529747277498245239e-02,1.404363393783569336e+00,-8.699253797531127930e-01,9.833909273147583008e-01,-1.534423947334289551e+00,1.411502599716186523e+00,4.689816236495971680e-01,5.388626456260681152e-01,1.205783009529113770e+00,-6.239615678787231445e-01,1.058345198631286621e+00,1.041905760765075684e+00,-7.063063979148864746e-01,5.009704232215881348e-01,2.738819420337677002e-01,9.237707257270812988e-01,9.642900526523590088e-02,-2.202412784099578857e-01,9.701302051544189453e-01,-5.257623195648193359e-01,6.381032466888427734e-01,-1.608640074729919434e+00,-5.201590657234191895e-01,5.809150338172912598e-01,8.621024489402770996e-01,-9.896857738494873047e-01,-5.245950818061828613e-01,-6.597540974617004395e-01,1.826039329171180725e-02,9.938151836395263672e-01,1.089330554008483887e+00,-1.046384334564208984e+00,7.969381660223007202e-02,5.238984227180480957e-01,9.592657685279846191e-01,1.188665270805358887e+00,9.418579936027526855e-01
1.662042260169982910e+00,1.193076372146606445e+00,1.826270371675491333e-01,1.207244515419006348e+00,9.472413659095764160e-01,3.064013719558715820e-01,1.234056234359741211e+00,1.081016659736633301e+00,1.107833027839660645e+00,6.767392158508300781e-01,1.476409792900085449e+00,2.311304211616516113e-01,-2.333358377218246460e-01,1.858369350433349609e+00,1.734040975570678711e-01,1.512533068656921387e+00,4.019445478916168213e-01,1.496680259704589844e+00,3.409245610237121582e-01,1.085844397544860840e+00,-1.062642812728881836e+00,2.902193069458007812e-01,8.001809716224670410e-01,2.811664342880249023e-01,1.775207281112670898e+00,2.521580159664154053e-01,2.110284805297851562e+00,1.816631793975830078e+00,1.438061118125915527e+00,7.872204184532165527e-01,4.348389208316802979e-01,1.409747719764709473e+00,4.975291490554809570e-01,1.013185858726501465e+00,1.635176837444305420e-01,-4.814870059490203857e-01,1.770647525787353516e+00,-1.109372138977050781e+00,2.273003458976745605e-01,1.048009514808654785e+00,1.731559038162231445e+00,1.945783346891403198e-01,4.158925637602806091e-02,-7.889251112937927246e-01,8.616985678672790527e-01,-1.600534096360206604e-02,7.403078675270080566e-01,-9.070886671543121338e-02,1.425566554069519043e+00,2.006490707397460938e+00,8.676826357841491699e-01,6.183898448944091797e-01,6.977333426475524902e-01
2.194544076919555664e+00,1.386664867401123047e+00,-5.196975469589233398e-01,2.628294706344604492e+00,8.307093381881713867e-01,9.805441647768020630e-02,1.771531581878662109e+00,1.850817322731018066e+00,-3.787615597248077393e-01,-4.382652044296264648e-01,2.576525449752807617e+00,6.493957340717315674e-02,3.014453947544097900e-01,2.348701283335685730e-02,-6.195374727249145508e-01,1.283832669258117676e+00,3.538672998547554016e-02,2.131103277206420898e+00,-9.327613562345504761e-02,1.924827218055725098e+00,-1.974533677101135254e+00,1.508241653442382812e+00,2.077016532421112061e-01,1.478871107101440430e-01,1.953853130340576172e+00,5.011959746479988098e-02,2.166737079620361328e+00,1.888906955718994141e+00,8.773319125175476074e-01,9.451407194137573242e-01,2.492197275161743164e+00,1.133921980857849121e+00,6.090586185455322266e-01,1.656349778175354004e+00,2.139104753732681274e-01,-1.155002042651176453e-01,1.290108442306518555e+00,-6.057930588722229004e-01,-1.731194108724594116e-01,1.139995694160461426e+00,2.495311498641967773e+00,3.590537980198860168e-02,-2.739950418472290039e-01,-1.221552133560180664e+00,4.754845518618822098e-03,1.271968364715576172e+00,9.523996114730834961e-01,1.855370849370956421e-01,4.861755967140197754e-01,1.805076360702514648e+00,1.061875581741333008e+00,1.376528978347778320e+00,1.161039233207702637e+00
1.842425107955932617e+00,5.535311698913574219e-01,-5.912885665893554688e-01,1.673752784729003906e+00,1.312406361103057861e-01,-8.443574607372283936e-02,1.338317871093750000e+00,3.461843729019165039e-01,-1.125453636050224304e-01,-2.543559670448303223e-01,1.072747707366943359e+00,-6.894561052322387695e-01,-5.706802010536193848e-01,3.256757855415344238e-01,1.391140744090080261e-02,4.568823277950286865e-01,1.039783120155334473e+00,5.772179365158081055e-01,3.917576372623443604e-01,6.527284979820251465e-01,-1.033378243446350098e+00,4.521518349647521973e-01,7.250872850418090820e-01,8.688423633575439453e-01,1.418704032897949219e+00,-2.166200876235961914e-01,1.457614898681640625e+00,1.294022083282470703e+00,7.847065329551696777e-01,2.087595611810684204e-01,5.838155150413513184e-01,1.008403301239013672e-01,-2.202875763177871704e-01,6.729682683944702148e-01,-8.515345454216003418e-01,-8.094553947448730469e-01,2.652093768119812012e-01,-7.378516793251037598e-01,-1.954600661993026733e-01,9.013623595237731934e-01,1.641170978546142578e+00,2.741062641143798828e-01,1.136001110076904297e+00,-7.133131623268127441e-01,2.574760019779205322e-01,-3.838490843772888184e-01,8.677317500114440918e-01,6.558207422494888306e-02,1.540979981422424316e+00,1.200496792793273926e+00,7.941005229949951172e-01,8.403837680816650391e-01,7.365256547927856445e-01
1.046335339546203613e+00,-3.412193953990936279e-01,-1.252067804336547852e+00,7.207179069519042969e-01,-1.624244004487991333e-01,-1.644351601600646973e+00,1.057546973228454590e+00,9.774040579795837402e-01,-1.033083081245422363e+00,-5.007796883583068848e-01,-1.246077537536621094e+00,-9.032046198844909668e-01,-3.754475116729736328e-01,4.842599630355834961e-01,-8.105664253234863281e-01,1.460482925176620483e-02,3.899612426757812500e-01,5.807054042816162109e-01,3.199694752693176270e-01,2.875454723834991455e-01,-1.194882035255432129e+00,3.795606493949890137e-01,1.746657490730285645e-01,5.043398141860961914e-01,1.416088104248046875e+00,-2.453093230724334717e-01,8.401888608932495117e-02,9.297820329666137695e-01,-5.919401049613952637e-01,4.835970327258110046e-02,9.541525840759277344e-01,-4.380870461463928223e-01,-7.590374350547790527e-01,-2.286573350429534912e-01,-2.442669570446014404e-01,-1.132794260978698730e+00,8.575002551078796387e-01,-1.522206664085388184e+00,-2.014166593551635742e+00,1.092895150184631348e+00,7.865275740623474121e-01,3.477613255381584167e-02,2.882319130003452301e-02,-9.495320916175842285e-01,-2.583689391613006592e-01,2.598962485790252686e-01,-1.347360312938690186e-01,-3.484177887439727783e-01,8.410919308662414551e-01,1.129103660583496094e+00,7.373486161231994629e-01,5.482159852981567383e-01,7.897604107856750488e-01
1.237140297889709473e+00,-3.648222088813781738e-01,-9.663890004158020020e-01,1.173159241676330566e+00,-1.848751679062843323e-02,-2.998159229755401611e-01,1.445276618003845215e+00,4.819510281085968018e-01,4.158779084682464600e-01,-4.081785976886749268e-01,9.418968558311462402e-01,1.666197925806045532e-01,-3.641179502010345459e-01,6.499549150466918945e-01,-9.968400746583938599e-02,1.637088775634765625e+00,5.742027759552001953e-01,3.003402948379516602e-01,4.755567014217376709e-01,1.116499304771423340e+00,-1.140256643295288086e+00,4.701297730207443237e-03,1.436398625373840332e+00,1.036193817853927612e-01,7.179688811302185059e-01,-1.243996173143386841e-01,1.562914371490478516e+00,2.055095911026000977e+00,1.305560588836669922e+00,9.050736427307128906e-01,8.429111838340759277e-01,1.034658432006835938e+00,6.527669429779052734e-01,1.804928064346313477e+00,-3.054631352424621582e-01,-8.293203711509704590e-01,1.286355018615722656e+00,-2.898741960525512695e-01,-2.112973630428314209e-01,7.656801342964172363e-01,1.628788113594055176e+00,4.632219970226287842e-01,8.551476001739501953e-01,-1.498571187257766724e-01,-3.112526535987854004e-01,-5.480380058288574219e-01,1.061575531959533691e+00,1.282115459442138672e+00,1.753115653991699219e-01,4.059445858001708984e-01,1.075748682022094727e+00,1.261599779129028320e+00,1.135056376457214355e+00
9.559147953987121582e-01,1.406069040298461914e+00,2.864533476531505585e-02,1.614509344100952148e+00,6.183064579963684082e-01,1.035578474402427673e-01,1.049326777458190918e+00,1.450639367103576660e+00,-2.918549180030822754e-01,3.636951446533203125e-01,1.479767799377441406e+00,-1.992760896682739258e-01,-6.211415305733680725e-02,1.312854170799255371e+00,-4.580043256282806396e-01,8.804223537445068359e-01,3.775981664657592773e-01,3.030060827732086182e-01,-1.095792800188064575e-01,7.681305408477783203e-01,-9.718484878540039062e-01,-8.376034349203109741e-02,7.495657205581665039e-01,5.988745689392089844e-01,9.191763401031494141e-01,7.018660306930541992e-01,1.344949960708618164e+00,1.097748041152954102e+00,1.515635132789611816e+00,7.158057093620300293e-01,1.079423546791076660e+00,1.608604907989501953e+00,1.365564703941345215e+00,-7.017600536346435547e-02,6.866707801818847656e-01,-7.363787293434143066e-02,1.177768111228942871e+00,-9.887035936117172241e-03,-1.015271171927452087e-01,1.075517892837524414e+00,1.877659320831298828e+00,1.888109594583511353e-01,7.494273781776428223e-01,-1.143661811947822571e-01,7.522032260894775391e-01,-2.914453446865081787e-01,7.218911051750183105e-01,-5.626592785120010376e-02,1.546518206596374512e+00,1.616427302360534668e+00,6.373234987258911133e-01,4.150036573410034180e-01,6.453005671501159668e-01
1.149869322776794434e+00,-1.004367470741271973e+00,-1.297381877899169922e+00,1.135402619838714600e-01,-3.781223297119140625e-02,-5.297475457191467285e-01,1.636797547340393066e+00,1.380607008934020996e+00,5.852294564247131348e-01,-1.382027566432952881e-02,8.344961404800415039e-01,1.334692835807800293e+00,-9.357532858848571777e-02,1.835189014673233032e-02,-1.096260428428649902e+00,7.283455133438110352e-01,-2.746596932411193848e-01,1.009734272956848145e+00,-9.628818035125732422e-01,5.870393514633178711e-01,-1.360170960426330566e+00,1.592838764190673828e-01,5.626055002212524414e-01,5.853714346885681152e-01,9.289183616638183594e-01,6.086705327033996582e-01,1.083032727241516113e+00,1.028117656707763672e+00,1.103968918323516846e-01,8.730199337005615234e-01,1.136153817176818848e+00,1.556204557418823242e+00,1.636609062552452087e-02,6.636663079261779785e-01,8.204877376556396484e-01,-6.451765894889831543e-01,9.501581192016601562e-01,-2.969533801078796387e-01,-3.733845055103302002e-01,1.157495975494384766e+00,1.400827407836914062e+00,-5.294334292411804199e-01,-2.295616418123245239e-01,-3.769109845161437988e-01,8.129670023918151855e-01,-3.973156809806823730e-01,1.010559201240539551e+00,5.101555585861206055e-01,-2.693798579275608063e-02,-1.262674033641815186e-01,7.857564091682434082e-01,8.173127770423889160e-01,9.254146218299865723e-01
1.751775503158569336e+00,-7.181834578514099121e-01,-6.273521780967712402e-01,1.974723339080810547e+00,-4.398677051067352295e-01,-2.024144530296325684e-01,7.927347421646118164e-01,-2.184299081563949585e-01,5.717149376869201660e-01,6.609621047973632812e-01,1.379418969154357910e+00,-8.551060557365417480e-01,-1.267954468727111816e+00,1.645070195198059082e+00,6.626723706722259521e-02,6.748142242431640625e-01,1.261061578989028931e-01,-3.494201600551605225e-01,7.579908370971679688e-01,3.506124764680862427e-02,2.856291234493255615e-01,-1.471587270498275757e-01,1.109091043472290039e+00,-1.025864839553833008e+00,5.572875738143920898e-01,-4.425499737262725830e-01,9.677046537399291992e-01,7.085034251213073730e-01,1.332943201065063477e+00,-1.101845875382423401e-02,1.573773175477981567e-01,6.492283344268798828e-01,5.729659199714660645e-01,7.986079454421997070e-01,-1.148230671882629395e+00,-9.914668202400207520e-01,1.191656947135925293e+00,1.652717590332031250e-01,2.739285230636596680e-01,9.451404809951782227e-01,1.204399824142456055e+00,1.064173102378845215e+00,1.453836262226104736e-01,-5.135275721549987793e-01,9.017687439918518066e-01,-6.223136186599731445e-01,1.104097723960876465e+00,-4.510560631752014160e-01,-1.057099342346191406e+00,5.067058205604553223e-01,9.056602716445922852e-01,6.610252261161804199e-01,8.504402041435241699e-01
1.084358811378479004e+00,1.224168539047241211e+00,8.379095047712326050e-02,1.969119787216186523e+00,-2.279871106147766113e-01,8.645429015159606934e-01,1.440139114856719971e-01,-2.029320448637008667e-01,1.185589954257011414e-01,-9.617409110069274902e-01,2.480178177356719971e-01,-1.592511534690856934e+00,-1.477896571159362793e+00,-4.871979653835296631e-01,-4.943867027759552002e-01,-4.162228479981422424e-02,-3.839892521500587463e-02,-5.879541635513305664e-01,-1.549877524375915527e-01,-3.489905223250389099e-02,-3.883630931377410889e-01,-4.213168621063232422e-01,9.369239807128906250e-01,-2.116382271051406860e-01,7.223926782608032227e-01,7.889894843101501465e-01,1.249247118830680847e-01,1.774682104587554932e-01,1.565987706184387207e+00,-2.338179349899291992e-01,8.166291713714599609e-01,2.969472706317901611e-01,-4.340068995952606201e-01,3.062685765326023102e-02,-1.107088088989257812e+00,-1.416347026824951172e+00,2.384124845266342163e-01,-9.751256704330444336e-01,-9.755467772483825684e-01,5.468030571937561035e-01,-8.940336853265762329e-02,-3.155680298805236816e-01,-3.343880176544189453e-01,-8.172397017478942871e-01,-2.074496746063232422e-01,-6.616131067276000977e-01,3.249172270298004150e-01,-5.310022830963134766e-01,4.589526951313018799e-01,9.896139502525329590e-01,4.694378674030303955e-01,2.528956830501556396e-01,5.707563161849975586e-01
1.597963333129882812e+00,3.358860909938812256e-01,-1.296279549598693848e+00,1.665444016456604004e+00,-7.297537922859191895e-01,-3.553539812564849854e-01,1.657460331916809082e+00,7.394797801971435547e-01,-3.786322176456451416e-01,-1.146488785743713379e+00,6.274741888046264648e-01,-6.616114974021911621e-01,2.380528254434466362e-03,-1.863461881875991821e-01,3.031415939331054688e-01,6.277706623077392578e-01,1.257944583892822266e+00,-3.132493197917938232e-01,3.648130893707275391e-01,-3.059005737304687500e-01,-7.470802664756774902e-01,-5.668544173240661621e-01,3.913892507553100586e-01,4.779556691646575928e-01,1.520644426345825195e-01,3.570100963115692139e-01,1.058513164520263672e+00,9.511384367942810059e-01,1.501087427139282227e+00,9.346641898155212402e-01,1.720921635627746582e+00,1.014233708381652832e+00,-2.917746603488922119e-01,-1.050108894705772400e-01,-3.147823512554168701e-01,-2.820236384868621826e-01,9.198955297470092773e-01,1.080083027482032776e-01,-4.071854650974273682e-01,5.980325341224670410e-01,1.037431120872497559e+00,4.260975122451782227e-01,1.421754479408264160e+00,-8.072201013565063477e-01,-1.038051962852478027e+00,-1.161712884902954102e+00,8.117281198501586914e-01,8.136236667633056641e-01,8.438317775726318359e-01,-1.000514253973960876e-01,9.363668560981750488e-01,1.070065140724182129e+00,1.070641279220581055e+00
1.316680550575256348e+00,2.523684501647949219e-01,3.269858062267303467e-01,2.327498197555541992e+00,5.504856109619140625e-01,-2.696682810783386230e-01,1.236111283302307129e+00,7.403508424758911133e-01,-4.771134555339813232e-01,-1.295716315507888794e-01,3.628061711788177490e-01,-1.243587210774421692e-01,-6.970980167388916016e-01,4.475902318954467773e-01,3.707186877727508545e-01,9.116909503936767578e-01,8.520841598510742188e-01,2.039516717195510864e-02,4.684162437915802002e-01,-1.120770454406738281e+00,-2.757367193698883057e-01,-1.258493542671203613e+00,3.210718557238578796e-02,1.616759449243545532e-01,2.553705573081970215e-01,5.028198957443237305e-01,4.426946043968200684e-01,1.048993229866027832e+00,2.196714878082275391e+00,3.005526959896087646e-01,4.656613767147064209e-01,2.204186171293258667e-01,-8.957924842834472656e-01,-1.450346261262893677e-01,-3.227209448814392090e-01,-8.646452426910400391e-01,2.923004925251007080e-01,6.267577409744262695e-02,-1.690047532320022583e-01,5.313125252723693848e-01,9.336125254631042480e-01,5.764241814613342285e-01,1.068018317222595215e+00,-1.088171124458312988e+00,-5.886632800102233887e-01,-1.389287114143371582e+00,3.844535648822784424e-01,1.001887083053588867e+00,7.152108848094940186e-02,-1.110960617661476135e-01,6.795363426208496094e-01,3.837436139583587646e-01,5.694327354431152344e-01
5.706398487091064453e-01,-8.365378975868225098e-01,-9.290294051170349121e-01,9.537304639816284180e-01,-1.015622913837432861e-01,-1.446563720703125000e+00,6.834961175918579102e-01,9.302978515625000000e-01,-4.969002306461334229e-01,1.456632614135742188e-01,1.263735145330429077e-01,-3.739154040813446045e-01,-1.022760152816772461e+00,2.898235917091369629e-01,1.556409001350402832e-01,-2.785434424877166748e-01,7.265935838222503662e-02,-5.778935179114341736e-02,-2.017283886671066284e-01,2.122056931257247925e-01,-1.029489994049072266e+00,-5.201466083526611328e-01,2.495383024215698242e-01,-6.396696716547012329e-02,3.792475163936614990e-01,8.646950125694274902e-01,-1.064271181821823120e-01,7.855035662651062012e-01,1.748337000608444214e-01,-8.471569418907165527e-02,1.167622566223144531e+00,-4.928341805934906006e-01,7.980105280876159668e-02,-3.698635846376419067e-02,-8.365375399589538574e-01,-1.376518964767456055e+00,5.542730689048767090e-01,-1.577753663063049316e+00,-1.539075493812561035e+00,1.008866280317306519e-01,6.588234305381774902e-01,-1.295274198055267334e-01,-6.208565831184387207e-01,-6.515651345252990723e-01,-7.166646122932434082e-01,-6.421458721160888672e-01,1.356322020292282104e-01,2.255637496709823608e-01,4.548078030347824097e-02,2.304094284772872925e-01,6.662091612815856934e-01,5.371567606925964355e-01,8.282373547554016113e-01
8.621729612350463867e-01,6.867508888244628906e-01,-1.179523348808288574e+00,2.931255698204040527e-01,-1.684768050909042358e-01,-8.851388096809387207e-01,1.344322443008422852e+00,-3.841919451951980591e-02,4.544492065906524658e-01,-2.617116272449493408e-01,1.214792013168334961e+00,7.978503406047821045e-02,-1.195921540260314941e+00,1.790309846401214600e-01,-1.090372443199157715e+00,5.821343064308166504e-01,-9.018246829509735107e-02,-1.391143947839736938e-01,-3.680049777030944824e-01,2.562417387962341309e-01,-3.870253264904022217e-01,-1.209373116493225098e+00,8.860654830932617188e-01,-7.956955432891845703e-01,-1.142695248126983643e-01,3.335691690444946289e-01,1.181062698364257812e+00,1.736213445663452148e+00,-1.613741070032119751e-01,-3.387478291988372803e-01,2.837366238236427307e-02,2.210053205490112305e-01,-2.327257990837097168e-01,-2.920308895409107208e-02,-6.950407624244689941e-01,-1.524874925613403320e+00,7.963997125625610352e-01,-4.757534563541412354e-01,-1.425936102867126465e+00,1.254622697830200195e+00,1.100539326667785645e+00,-1.281441897153854370e-01,2.925143539905548096e-01,-3.876154869794845581e-02,-7.384520769119262695e-01,-2.194043874740600586e+00,8.705371618270874023e-01,1.987832665443420410e+00,-1.392707824707031250e+00,-1.322601437568664551e+00,1.163156628608703613e+00,1.110230684280395508e+00,1.136259198188781738e+00
7.393980622291564941e-01,5.274319052696228027e-01,-1.563352942466735840e-01,1.093047261238098145e+00,4.526330828666687012e-01,-2.444644272327423096e-01,4.684866964817047119e-01,1.064666867256164551e+00,-5.993905663490295410e-01,1.171438694000244141e+00,-1.048541963100433350e-01,-4.911498129367828369e-01,-9.025434255599975586e-01,1.761253356933593750e+00,-8.594984561204910278e-02,-1.680444180965423584e-01,4.646505713462829590e-01,3.849519491195678711e-01,5.151782184839248657e-02,-1.066191673278808594e+00,1.277540624141693115e-01,-5.744547247886657715e-01,-8.809796571731567383e-01,9.652879834175109863e-01,7.695161104202270508e-01,1.649175882339477539e+00,-7.316504716873168945e-01,1.235806792974472046e-01,1.277674317359924316e+00,-1.142405644059181213e-01,4.752694666385650635e-01,2.493506222963333130e-01,8.805611133575439453e-01,-1.393680214881896973e+00,-6.725366413593292236e-02,-7.106636762619018555e-01,1.044306874275207520e+00,-5.234721675515174866e-02,-9.988954067230224609e-01,1.278248190879821777e+00,1.049981474876403809e+00,2.321600019931793213e-01,7.757233381271362305e-01,-1.133652403950691223e-01,2.385459244251251221e-01,-7.155546545982360840e-01,4.931489378213882446e-02,-8.845275640487670898e-02,8.600133061408996582e-01,3.285358548164367676e-01,4.450935423374176025e-01,2.386923134326934814e-01,5.107538700103759766e-01
2.193226851522922516e-02,-6.320558786392211914e-01,-1.063109874725341797e+00,6.640250682830810547e-01,-9.521109461784362793e-01,-1.044346690177917480e+00,1.308391213417053223e+00,1.012291014194488525e-02,-1.118502378463745117e+00,4.303329810500144958e-02,-1.056825041770935059e+00,4.978451728820800781e-01,-6.452112793922424316e-01,-1.361011862754821777e+00,-1.137618541717529297e+00,-1.000608563423156738e+00,-1.263170123100280762e+00,-6.096457242965698242e-01,-1.911146998405456543e+00,-1.300239682197570801e+00,9.940524399280548096e-02,6.955012083053588867e-01,-2.670513093471527100e-01,-1.147990003228187561e-01,1.462557613849639893e-01,-3.069207668304443359e-01,-7.402395009994506836e-01,5.146232992410659790e-02,5.926050543785095215e-01,4.284883141517639160e-01,5.041192770004272461e-01,-1.031908273696899414e+00,4.376729130744934082e-01,-9.466482996940612793e-01,7.745129466056823730e-01,-2.477509528398513794e-01,-1.438387036323547363e-01,-9.710974693298339844e-01,-8.262730836868286133e-01,3.014840781688690186e-01,1.076150894165039062e+00,-1.324517488479614258e+00,-9.368796944618225098e-01,-7.078226208686828613e-01,-8.148868083953857422e-01,8.764936923980712891e-01,9.900643676519393921e-02,-6.436829566955566406e-01,1.600979641079902649e-02,1.591125577688217163e-01,5.725336074829101562e-01,6.753929853439331055e-01,8.355753421783447266e-01
1.185086965560913086e+00,1.247544407844543457e+00,-2.182437777519226074e-01,9.955834746360778809e-01,6.586456298828125000e-01,-3.051887750625610352e-01,1.426411986351013184e+00,2.981400489807128906e-01,9.916019439697265625e-01,1.081283688545227051e+00,2.798910439014434814e-01,1.114584565162658691e+00,-6.680320501327514648e-01,6.459524631500244141e-01,-1.095754623413085938e+00,3.067162334918975830e-01,-3.888742327690124512e-01,-5.819104611873626709e-02,-6.500315070152282715e-01,-3.951351046562194824e-01,-6.319440603256225586e-01,-2.852796018123626709e-01,1.660817265510559082e+00,3.761963844299316406e-01,1.529626846313476562e+00,7.620720863342285156e-01,5.389012694358825684e-01,1.922734260559082031e+00,9.048354029655456543e-01,3.268590569496154785e-01,-3.736616671085357666e-01,1.656531572341918945e+00,9.170466065406799316e-01,2.907969653606414795e-01,1.315234422683715820e+00,-7.473773956298828125e-01,6.794755458831787109e-01,-1.367084860801696777e+00,-3.247818350791931152e-01,5.734773874282836914e-01,8.011941313743591309e-01,-2.193084657192230225e-01,-6.243507862091064453e-01,-4.349157512187957764e-01,3.816823959350585938e-01,-4.935275316238403320e-01,1.135879039764404297e+00,-8.289759755134582520e-01,6.067447662353515625e-01,5.276641845703125000e-01,1.176064133644104004e+00,7.863182425498962402e-01,1.114741563796997070e+00
1.283295452594757080e-01,1.344565629959106445e+00,-2.241426706314086914e-01,1.351527214050292969e+00,9.489541500806808472e-02,-3.968815803527832031e-01,4.813628494739532471e-01,4.962331950664520264e-01,-4.881061017513275146e-01,6.047375202178955078e-01,-7.606196999549865723e-01,1.973364800214767456e-01,2.436661571264266968e-01,-5.652041435241699219e-01,-1.308126211166381836e+00,-6.775248646736145020e-01,-1.691163539886474609e+00,-3.831990957260131836e-01,-1.687091350555419922e+00,-1.299158334732055664e+00,4.661894738674163818e-01,1.150718927383422852e+00,1.911615878343582153e-01,-1.048071742057800293e+00,3.755353391170501709e-01,1.206309795379638672e+00,-1.007938742637634277e+00,-8.753927350044250488e-01,1.334474533796310425e-01,-6.670683622360229492e-01,2.908109128475189209e-01,-3.557646572589874268e-01,3.146435320377349854e-01,-5.950722694396972656e-01,6.294265985488891602e-01,4.128294289112091064e-01,-5.560058951377868652e-01,-9.153222441673278809e-01,-6.398017406463623047e-01,4.605182707309722900e-01,7.632914930582046509e-02,-1.136894345283508301e+00,-1.917315125465393066e+00,-6.564922928810119629e-01,-2.790848910808563232e-01,8.079664111137390137e-01,3.477888405323028564e-01,-2.640545964241027832e-01,-9.577737450599670410e-01,-3.611404001712799072e-01,3.788267076015472412e-01,3.455083370208740234e-01,4.374183714389801025e-01
-5.148070305585861206e-02,-7.062685489654541016e-01,-9.909676909446716309e-01,-9.756037592887878418e-02,-1.025861263275146484e+00,-2.659371495246887207e-01,8.600535988807678223e-01,-8.824257850646972656e-01,8.766964077949523926e-01,1.475082874298095703e+00,-3.129395544528961182e-01,1.066803097724914551e+00,-1.024214923381805420e-01,-4.532959163188934326e-01,-2.434928566217422485e-01,2.615834586322307587e-02,-7.804463505744934082e-01,-1.418769717216491699e+00,-1.391378164291381836e+00,-5.884450078010559082e-01,1.466174244880676270e+00,-7.816622853279113770e-01,6.351783275604248047e-01,-7.715967893600463867e-01,-1.022174715995788574e+00,-2.891955077648162842e-01,5.341508984565734863e-01,1.174863204360008240e-01,9.602454304695129395e-01,-8.503918647766113281e-01,-8.621528744697570801e-01,-1.460901349782943726e-01,1.024975538253784180e+00,-7.223255634307861328e-01,-4.831839799880981445e-01,-1.101972684264183044e-01,-4.415927529335021973e-01,8.820793628692626953e-01,-2.160057425498962402e-01,4.935091137886047363e-01,-1.004347443580627441e+00,-7.119065523147583008e-01,-6.033449172973632812e-01,-6.235388107597827911e-03,-4.597243666648864746e-01,-1.413214683532714844e+00,9.872070550918579102e-01,3.084208667278289795e-01,-8.743682503700256348e-01,-2.010882139205932617e+00,8.151185512542724609e-01,7.082208395004272461e-01,9.302222728729248047e-01
3.224558830261230469e-01,8.883959650993347168e-01,1.208511352539062500e+00,1.220789670944213867e+00,8.016377687454223633e-02,8.387047648429870605e-01,5.193812400102615356e-02,1.162579096853733063e-02,1.350964665412902832e+00,1.840263128280639648e+00,1.905956566333770752e-01,1.121224045753479004e+00,3.827213346958160400e-01,-3.145198822021484375e-01,-6.059373021125793457e-01,8.590928316116333008e-01,-9.881044030189514160e-01,2.994090914726257324e-01,-1.705605983734130859e+00,-8.480118215084075928e-02,8.304232358932495117e-01,6.879199743270874023e-01,1.138434171676635742e+00,-1.253120303153991699e-01,7.932509779930114746e-01,-2.871781885623931885e-01,8.061206899583339691e-03,-1.526099145412445068e-01,2.255469560623168945e+00,-9.483920931816101074e-01,-1.819502562284469604e-01,7.752237319946289062e-01,6.732572913169860840e-01,3.614158928394317627e-01,-5.507827997207641602e-01,-3.281367570161819458e-02,2.076791040599346161e-02,-2.250057309865951538e-01,9.955125451087951660e-01,1.185332417488098145e+00,9.367763251066207886e-02,-1.330054283142089844e+00,-1.072926402091979980e+00,-9.719727635383605957e-01,1.100623965263366699e+00,4.872933924198150635e-01,1.293161988258361816e+00,-1.402850389480590820e+00,1.412027359008789062e+00,4.388980194926261902e-02,4.497074186801910400e-01,5.732341483235359192e-02,3.934933543205261230e-01
-1.282780051231384277e+00,1.108651012182235718e-01,-8.429742455482482910e-01,4.730200171470642090e-01,-1.332936882972717285e+00,-9.070966243743896484e-01,-5.142596960067749023e-01,-1.097701549530029297e+00,1.743628680706024170e-01,1.061068698763847351e-01,-1.036425113677978516e+00,8.404657840728759766e-01,-9.737241864204406738e-01,-1.448206782341003418e+00,4.958910867571830750e-02,-1.050481274724006653e-01,-1.292990803718566895e+00,-1.043184518814086914e+00,-7.699031233787536621e-01,-7.617508769035339355e-01,3.843998610973358154e-01,1.102592587471008301e+00,1.561510443687438965e+00,-1.682599186897277832e+00,-3.570417761802673340e-01,-7.426488995552062988e-01,-3.912324309349060059e-01,7.253648638725280762e-01,-3.167639374732971191e-01,-1.839294433593750000e+00,-3.725647926330566406e-01,-5.220595598220825195e-01,-1.183813884854316711e-01,-3.106980770826339722e-02,-8.595076799392700195e-01,-8.561296463012695312e-01,-1.259048104286193848e+00,1.115543365478515625e+00,-3.178504407405853271e-01,5.939171910285949707e-01,-7.379182577133178711e-01,-6.614889204502105713e-02,-1.395661711692810059e+00,-6.958318352699279785e-01,-2.353983521461486816e-01,6.056400537490844727e-01,5.092409253120422363e-01,5.793866887688636780e-02,-6.181412935256958008e-01,-1.115003108978271484e+00,5.707947611808776855e-01,5.504286885261535645e-01,7.465127706527709961e-01
-9.578045010566711426e-01,5.133610367774963379e-01,4.385879337787628174e-01,-2.544221580028533936e-01,-1.661718249320983887e+00,1.142102554440498352e-01,-9.341316819190979004e-01,-1.779894709587097168e+00,1.093607306480407715e+00,9.900628328323364258e-01,-4.610562622547149658e-01,7.005155682563781738e-01,-2.994763255119323730e-01,-9.360996484756469727e-01,-7.940266728401184082e-01,1.648242354393005371e+00,-1.041839361190795898e+00,-1.215767502784729004e+00,-1.353986740112304688e+00,-1.361522555351257324e+00,1.269139051437377930e+00,1.866214871406555176e-01,8.092470765113830566e-01,-1.008628845214843750e+00,-5.509595274925231934e-01,-9.146296977996826172e-01,2.408045530319213867e-01,7.780398130416870117e-01,1.830928206443786621e+00,-2.152721166610717773e+00,-1.882006168365478516e+00,2.184384763240814209e-01,-8.108852505683898926e-01,-6.641408801078796387e-01,-1.983939886093139648e+00,-5.968188643455505371e-01,-1.366196393966674805e+00,1.697960793972015381e-01,4.576107263565063477e-01,9.283237457275390625e-01,-1.015535950660705566e+00,-8.761436343193054199e-01,-7.659070491790771484e-01,-6.248309612274169922e-01,7.583197355270385742e-01,-9.166519641876220703e-01,1.068459153175354004e+00,-4.961068928241729736e-02,-7.066596150398254395e-01,-1.321097493171691895e+00,6.202471256256103516e-01,7.480745315551757812e-01,7.483793497085571289e-01
-5.082216262817382812e-01,-7.088785171508789062e-01,-1.243830192834138870e-02,5.886858105659484863e-01,-7.391242980957031250e-01,-6.091275811195373535e-01,-4.744431376457214355e-01,-9.713446497917175293e-01,-1.035572513937950134e-01,5.683609843254089355e-01,-7.676995396614074707e-01,5.404046773910522461e-01,4.006781578063964844e-01,-1.801976710557937622e-01,-7.829684019088745117e-01,1.186146140098571777e+00,-1.112913966178894043e+00,-4.982300400733947754e-01,-5.917648673057556152e-01,-1.097225069999694824e+00,-2.402803897857666016e-01,7.598150372505187988e-01,1.172177642583847046e-01,-1.379016399383544922e+00,1.197512373328208923e-01,-2.625874280929565430e-01,2.403966896235942841e-02,5.451892018318176270e-01,1.414083719253540039e+00,-1.869607448577880859e+00,-1.285759687423706055e+00,-1.919229745864868164e+00,-6.358335018157958984e-01,-1.029891371726989746e+00,-1.981644630432128906e+00,-4.171503186225891113e-01,-6.630822420120239258e-01,3.891463875770568848e-01,-5.781922936439514160e-01,3.635145127773284912e-01,-9.190716743469238281e-01,2.175462096929550171e-01,-1.322632670402526855e+00,-9.425737857818603516e-01,-1.874480694532394409e-01,4.303917586803436279e-01,-6.731606274843215942e-02,-4.488416314125061035e-01,-6.935262680053710938e-01,-3.945149481296539307e-01,6.742597222328186035e-01,8.813880681991577148e-01,8.274314999580383301e-01
-9.034606218338012695e-01,-6.466941833496093750e-01,-7.173548340797424316e-01,-5.395771265029907227e-01,-2.100134372711181641e+00,-1.599223494529724121e+00,-1.774405390024185181e-01,-2.231601476669311523e+00,2.835780978202819824e-01,7.046418637037277222e-02,5.619088187813758850e-02,6.828912496566772461e-01,-5.011599659919738770e-01,-1.147363543510437012e+00,-1.315994024276733398e+00,8.346971273422241211e-01,-5.781186223030090332e-01,-2.550765313208103180e-02,-2.503767013549804688e-01,-4.633382856845855713e-01,-2.414868623018264771e-01,8.748800158500671387e-01,1.347993254661560059e+00,-5.775247216224670410e-01,7.164589762687683105e-01,-1.056398153305053711e+00,4.900541901588439941e-01,1.063502550125122070e+00,6.816237568855285645e-01,-1.887342095375061035e+00,-1.573824167251586914e+00,-1.730126619338989258e+00,-1.400195360183715820e+00,1.028910577297210693e-01,-2.240408182144165039e+00,-9.163559079170227051e-01,-1.265201330184936523e+00,3.961610794067382812e-01,-6.480033993721008301e-01,7.193316221237182617e-01,6.660519838333129883e-01,6.669163703918457031e-01,8.598200976848602295e-02,-1.075679779052734375e+00,-6.945199966430664062e-01,2.338513284921646118e-01,5.443860292434692383e-01,-1.210919916629791260e-01,-3.338171169161796570e-02,1.925231963396072388e-01,9.429121017456054688e-01,1.103520989418029785e+00,1.226316452026367188e+00
-8.908624053001403809e-01,4.351767301559448242e-01,1.538029462099075317e-01,2.285877056419849396e-02,-1.345256805419921875e+00,-9.374867677688598633e-01,-9.502027630805969238e-01,-1.722507715225219727e+00,1.071815967559814453e+00,6.906818151473999023e-01,-6.588436961174011230e-01,-1.530611962080001831e-01,-9.995279461145401001e-02,3.097424209117889404e-01,-2.627604603767395020e-01,7.076528668403625488e-01,-8.012828826904296875e-01,-1.218415021896362305e+00,-1.774561852216720581e-01,-2.218292951583862305e-01,8.567654490470886230e-01,8.624854683876037598e-01,2.041725158691406250e+00,-1.135496258735656738e+00,4.897760152816772461e-01,-1.185256004333496094e+00,-1.480766832828521729e-01,4.390553236007690430e-01,9.049361944198608398e-01,-2.528990745544433594e+00,-1.548741102218627930e+00,-3.047944605350494385e-01,-7.574445009231567383e-01,2.152106314897537231e-01,-1.283980607986450195e+00,-4.371836483478546143e-01,-2.840024828910827637e-01,6.287024021148681641e-01,3.832569420337677002e-01,6.670220494270324707e-01,-8.793670684099197388e-02,6.201756596565246582e-01,-4.422616958618164062e-01,-1.235394120216369629e+00,4.830744490027427673e-02,1.443271636962890625e-01,5.715826153755187988e-01,2.965033352375030518e-01,4.334392845630645752e-01,-2.524385452270507812e-01,4.751878678798675537e-01,8.482904434204101562e-01,8.169792294502258301e-01
-3.978731334209442139e-01,4.747795164585113525e-01,-6.607642769813537598e-01,-1.043813005089759827e-01,-1.633038401603698730e+00,-1.313361972570419312e-01,-3.867182731628417969e-01,-1.122676134109497070e+00,3.100251257419586182e-01,4.505130052566528320e-01,4.345838353037834167e-02,-3.942253589630126953e-01,-3.693051338195800781e-01,-1.244215488433837891e+00,-6.475116014480590820e-01,7.933414578437805176e-01,-8.212681412696838379e-01,-8.745455145835876465e-01,-4.872052073478698730e-01,-6.155857443809509277e-01,1.113605052232742310e-01,1.190188765525817871e+00,1.181442737579345703e+00,-8.129125237464904785e-01,5.371206402778625488e-01,-9.380672574043273926e-01,8.612055778503417969e-01,8.221846818923950195e-01,1.526435017585754395e+00,-1.595673203468322754e+00,-1.100391268730163574e+00,-1.243819594383239746e+00,-5.670523047447204590e-01,5.576745867729187012e-01,-2.513978719711303711e+00,-4.506233632564544678e-01,-1.679944872856140137e+00,2.064669132232666016e-01,1.675687581300735474e-01,1.059152364730834961e+00,-1.246241480112075806e-01,3.431662023067474365e-01,-6.644448637962341309e-01,-9.148182272911071777e-01,-5.378779768943786621e-01,4.938683509826660156e-01,1.152672410011291504e+00,-6.775127649307250977e-01,-8.308935910463333130e-02,-6.530532985925674438e-02,6.510704755783081055e-01,1.101160764694213867e+00,1.068264722824096680e+00
-6.187419295310974121e-01,5.832616239786148071e-02,4.309312999248504639e-01,-3.498184084892272949e-01,-8.439048528671264648e-01,-2.816639244556427002e-01,-1.012432217597961426e+00,-1.264147996902465820e+00,6.123231053352355957e-01,6.516495943069458008e-01,-3.749510049819946289e-01,-4.208390116691589355e-01,1.934546530246734619e-01,-1.440278410911560059e+00,-3.079790174961090088e-01,1.923675298690795898e+00,-1.363188028335571289e+00,-1.298589706420898438e+00,-7.628932595252990723e-01,-8.300351500511169434e-01,7.604544758796691895e-01,1.222606778144836426e+00,1.145576477050781250e+00,-1.545421957969665527e+00,1.884745210409164429e-01,-1.647171974182128906e+00,7.445579767227172852e-01,-1.813673414289951324e-02,1.765040636062622070e+00,-2.057742357254028320e+00,-1.906494140625000000e+00,-7.995721101760864258e-01,-2.382990121841430664e+00,-1.318410336971282959e-01,-2.928821802139282227e+00,-7.943322062492370605e-01,-2.103797197341918945e+00,-2.813017964363098145e-01,-6.975588202476501465e-02,1.188559055328369141e+00,-8.523176908493041992e-01,-2.944366335868835449e-01,-1.173397302627563477e+00,-4.163705706596374512e-01,7.798616886138916016e-01,5.763612985610961914e-01,8.678746223449707031e-01,-9.582411646842956543e-01,-1.044477224349975586e+00,-7.113925814628601074e-01,4.863185882568359375e-01,7.108086347579956055e-01,6.682196855545043945e-01
-1.326071977615356445e+00,-1.700990676879882812e+00,-1.751834273338317871e+00,-7.172204852104187012e-01,-1.943508863449096680e+00,-2.411119937896728516e+00,-4.603949487209320068e-01,-1.393357515335083008e+00,-1.332600474357604980e+00,2.026216536760330200e-01,-3.120160996913909912e-01,6.169445812702178955e-02,-9.310362935066223145e-01,-1.420896053314208984e+00,-1.159700393676757812e+00,-1.049740612506866455e-01,-1.163387894630432129e+00,-1.614468336105346680e+00,-5.779609084129333496e-01,-1.094413638114929199e+00,2.676415145397186279e-01,7.572975158691406250e-01,6.078032255172729492e-01,-1.611407637596130371e+00,-1.327342242002487183e-01,-1.039419293403625488e+00,-1.123050823807716370e-01,5.868357419967651367e-01,8.762841671705245972e-02,-1.803102612495422363e+00,-1.098002076148986816e+00,-1.824256539344787598e+00,-5.182158946990966797e-01,-4.596243500709533691e-01,-1.812103867530822754e+00,-1.184434771537780762e+00,-1.553957700729370117e+00,2.894178032875061035e-01,-1.124130129814147949e+00,6.831961870193481445e-02,-9.435858130455017090e-01,2.914318144321441650e-01,-1.001108169555664062e+00,-7.136102318763732910e-01,-1.436097383499145508e+00,1.275355070829391479e-01,2.773946523666381836e-01,3.734017014503479004e-01,-8.985195755958557129e-01,-1.140834093093872070e+00,5.759419798851013184e-01,1.006575703620910645e+00,9.919590353965759277e-01
-5.907396674156188965e-01,-9.033746719360351562e-01,2.533391714096069336e-01,-3.706289529800415039e-01,-1.721182465553283691e+00,-6.400774121284484863e-01,-1.393434882164001465e+00,-2.557267189025878906e+00,9.970982670783996582e-01,2.950829565525054932e-01,1.757923811674118042e-01,-6.940066814422607422e-01,-8.761960268020629883e-01,-1.035157322883605957e+00,-2.796114981174468994e-01,1.477635502815246582e+00,-4.094226360321044922e-01,-1.535681247711181641e+00,-1.856730431318283081e-01,-7.907297611236572266e-01,1.231419801712036133e+00,-6.615073680877685547e-01,1.420278668403625488e+00,-1.643016576766967773e+00,-6.222217082977294922e-01,-6.751436591148376465e-01,7.863275408744812012e-01,4.524775445461273193e-01,1.803505182266235352e+00,-1.934962868690490723e+00,-2.150242328643798828e+00,5.548418164253234863e-01,-9.792159199714660645e-01,1.556021571159362793e-01,-2.305021286010742188e+00,-8.035071492195129395e-01,-1.438275933265686035e+00,1.440436482429504395e+00,6.470230817794799805e-01,1.264412045478820801e+00,-1.420354962348937988e+00,4.589472711086273193e-01,-2.645769119262695312e-01,-5.781877636909484863e-01,1.001910686492919922e+00,-1.908985733985900879e+00,1.006870627403259277e+00,8.053254485130310059e-01,-9.134209156036376953e-01,-2.228502273559570312e+00,4.229330718517303467e-01,4.339231848716735840e-01,5.369371771812438965e-01
-1.200147509574890137e+00,6.119708418846130371e-01,-7.075680419802665710e-03,4.591849446296691895e-01,-1.457410812377929688e+00,-7.585038542747497559e-01,-6.038790345191955566e-01,-1.486000061035156250e+00,3.812834024429321289e-01,4.209854900836944580e-01,-3.060835897922515869e-01,3.880521655082702637e-01,-1.214039921760559082e+00,-1.144825816154479980e+00,-1.112199306488037109e+00,3.498938083648681641e-01,-1.151443839073181152e+00,-1.082623720169067383e+00,-9.760463237762451172e-01,-8.805860280990600586e-01,7.556349039077758789e-02,-6.527699530124664307e-02,3.968068063259124756e-01,-1.160629749298095703e+00,-2.296642512083053589e-01,-2.053333371877670288e-01,-2.837256789207458496e-01,3.374477922916412354e-01,3.664918839931488037e-01,-1.257467269897460938e+00,-9.627658724784851074e-01,-6.618425846099853516e-01,4.803556501865386963e-01,5.187582373619079590e-01,5.047734975814819336e-01,-6.931836009025573730e-01,-1.212372541427612305e+00,3.787781596183776855e-01,5.161548852920532227e-01,4.383694231510162354e-01,-6.818918585777282715e-01,-4.054897129535675049e-01,-8.437223434448242188e-01,-8.946486711502075195e-01,-1.563294976949691772e-01,-5.800513625144958496e-01,7.565167546272277832e-01,-5.178941786289215088e-02,-5.392904877662658691e-01,-1.052308559417724609e+00,4.817047119140625000e-01,3.354015946388244629e-02,4.994879364967346191e-01
-2.092441469430923462e-01,-3.550633490085601807e-01,-9.066404700279235840e-01,-1.012510210275650024e-01,-1.827729463577270508e+00,-6.942536234855651855e-01,1.266262680292129517e-01,-1.677354216575622559e+00,1.721869707107543945e+00,9.881584048271179199e-01,7.974739670753479004e-01,2.348212718963623047e+00,8.284090757369995117e-01,-1.440550923347473145e+00,-6.386840343475341797e-01,2.311843872070312500e+00,-9.353123903274536133e-01,-1.534823060035705566e+00,-8.811182975769042969e-01,-1.046809315681457520e+00,4.695463180541992188e-01,1.060850620269775391e+00,1.892621397972106934e+00,-6.353083252906799316e-01,1.245597451925277710e-01,-1.415200352668762207e+00,1.650244116783142090e+00,1.736704707145690918e+00,4.843640923500061035e-01,-1.224050641059875488e+00,-1.230160236358642578e+00,-2.391932606697082520e-01,-1.440412402153015137e+00,9.183627963066101074e-01,-1.741985440254211426e+00,3.085243105888366699e-01,-2.037491559982299805e+00,-5.004785060882568359e-01,9.784739613533020020e-01,1.117545962333679199e+00,3.554134964942932129e-01,-2.398654520511627197e-01,-7.045958042144775391e-01,-1.499162316322326660e+00,1.035641074180603027e+00,1.248250156641006470e-01,1.296331048011779785e+00,1.401409804821014404e-01,-7.043178677558898926e-01,-3.668191134929656982e-01,9.976127147674560547e-01,1.465356826782226562e+00,1.182255268096923828e+00
-1.080006733536720276e-01,1.428196668624877930e+00,2.239341139793395996e-01,8.337460756301879883e-01,-3.969017267227172852e-01,-4.224025905132293701e-01,-5.353078842163085938e-01,-1.321123480796813965e+00,2.661191821098327637e-01,5.707546472549438477e-01,-5.647351145744323730e-01,-1.556535512208938599e-01,1.000850424170494080e-01,-7.175290584564208984e-01,-4.106069803237915039e-01,7.958298921585083008e-01,-9.980577230453491211e-01,-2.893484532833099365e-01,-1.632680058479309082e+00,-8.294404149055480957e-01,6.297842860221862793e-01,1.327368021011352539e+00,1.498025774955749512e+00,-6.498907208442687988e-01,6.211638450622558594e-01,-5.462421178817749023e-01,-4.017167985439300537e-01,3.062547147274017334e-01,8.138421177864074707e-01,-1.509266138076782227e+00,-1.019955396652221680e+00,3.245958387851715088e-01,-3.621706664562225342e-01,-2.816531956195831299e-01,-5.269152522087097168e-01,7.338535040616989136e-02,-6.440798640251159668e-01,-5.902357101440429688e-01,4.653429687023162842e-01,1.299358010292053223e+00,2.294693440198898315e-01,-1.275991082191467285e+00,-1.425874471664428711e+00,-1.023298740386962891e+00,1.788558602333068848e+00,9.377562403678894043e-01,1.117942810058593750e+00,-1.398418426513671875e+00,-1.096370518207550049e-01,9.973861277103424072e-03,6.375949382781982422e-01,3.581396341323852539e-01,6.300950646400451660e-01
-3.125491440296173096e-01,8.431194424629211426e-01,-8.477857112884521484e-01,5.407364964485168457e-01,-6.960507631301879883e-01,-1.289706587791442871e+00,1.205574572086334229e-01,-9.967309236526489258e-01,-1.251545846462249756e-01,-3.982720375061035156e-01,-1.165345191955566406e+00,4.641444981098175049e-01,-3.944182395935058594e-01,-1.878160476684570312e+00,-6.985056996345520020e-01,-8.657731413841247559e-01,-1.999690771102905273e+00,-1.173479914665222168e+00,-1.268002867698669434e+00,-5.696033239364624023e-01,6.316440105438232422e-01,8.177683353424072266e-01,1.353034853935241699e+00,-1.822125434875488281e+00,-2.584095597267150879e-01,1.025153696537017822e-01,-1.783781886100769043e+00,-7.161658257246017456e-02,2.221034765243530273e-01,-1.012433767318725586e+00,-3.253745734691619873e-01,-3.076546639204025269e-02,-4.646660387516021729e-01,-1.437563896179199219e+00,-3.204083740711212158e-01,-3.890223056077957153e-02,-1.578492045402526855e+00,-5.898983776569366455e-02,-6.252485513687133789e-01,4.800967574119567871e-01,1.260908097028732300e-01,-7.942673563957214355e-01,-2.067411899566650391e+00,-8.444875478744506836e-01,1.622898131608963013e-02,8.917529582977294922e-01,5.808819532394409180e-01,6.162881255149841309e-01,-1.203322410583496094e+00,-4.877566993236541748e-01,5.533901453018188477e-01,5.284956693649291992e-01,8.501833081245422363e-01
5.263744592666625977e-01,8.821548819541931152e-01,-3.825932145118713379e-01,6.696286201477050781e-01,5.030110105872154236e-02,-9.137006998062133789e-01,1.191719055175781250e+00,-7.478461265563964844e-01,8.671909570693969727e-01,1.671467065811157227e+00,-2.907486259937286377e-02,1.689529180526733398e+00,2.865597605705261230e-01,2.457705512642860413e-02,-6.636666655540466309e-01,5.728026032447814941e-01,-5.955631136894226074e-01,3.904843926429748535e-01,-1.309121727943420410e+00,-7.090373635292053223e-01,8.987416625022888184e-01,2.870914638042449951e-01,1.731731653213500977e+00,-2.988024353981018066e-01,9.811388254165649414e-01,4.831647574901580811e-01,5.287767574191093445e-02,4.336195290088653564e-01,1.179507851600646973e+00,-5.157492756843566895e-01,-1.258261799812316895e+00,9.055827856063842773e-01,-2.793800830841064453e-01,-9.239313006401062012e-01,4.828733503818511963e-01,-3.173765540122985840e-01,-1.021446466445922852e+00,-8.298065662384033203e-01,-1.566607803106307983e-01,1.008825302124023438e+00,4.274264574050903320e-01,-8.227291107177734375e-01,-7.057009339332580566e-01,-6.842815279960632324e-01,4.149663150310516357e-01,4.961548373103141785e-02,7.206053137779235840e-01,-1.129071831703186035e+00,3.768117427825927734e-01,-3.147601485252380371e-01,7.575366497039794922e-01,3.217882812023162842e-01,7.331739068031311035e-01
-3.516034781932830811e-02,3.274889290332794189e-01,-1.046932578086853027e+00,9.584258794784545898e-01,-2.874974012374877930e-01,-7.413779497146606445e-01,1.026865720748901367e+00,5.480682253837585449e-01,-1.075695753097534180e+00,-1.349355131387710571e-01,-1.144833207130432129e+00,1.610620766878128052e-01,-6.750266551971435547e-01,8.011813461780548096e-02,-7.986997961997985840e-01,-9.975869059562683105e-01,-9.168070554733276367e-01,-7.533431053161621094e-01,-7.396521568298339844e-01,-1.809641480445861816e+00,4.268199503421783447e-01,7.804273366928100586e-01,-2.939399778842926025e-01,-3.999332189559936523e-01,4.418255090713500977e-01,1.110851645469665527e+00,-1.373476028442382812e+00,4.230720102787017822e-01,-1.855731755495071411e-02,-6.783495098352432251e-02,7.652896046638488770e-01,-3.346065282821655273e-01,8.673155307769775391e-01,-2.061174869537353516e+00,1.133561611175537109e+00,-5.120139718055725098e-01,4.667418003082275391e-01,-8.636298775672912598e-01,-1.600229263305664062e+00,1.795970648527145386e-01,-2.922423779964447021e-01,-3.234688341617584229e-01,-1.180434465408325195e+00,-1.563456654548645020e-01,-9.287798404693603516e-01,3.684046268463134766e-01,3.422300517559051514e-02,-9.615687727928161621e-01,1.256390362977981567e-01,-1.638648845255374908e-02,6.682825088500976562e-01,5.802388787269592285e-01,6.743003726005554199e-01
-3.490838408470153809e-01,8.718286156654357910e-01,-1.492432355880737305e+00,-3.678851425647735596e-01,-1.392570137977600098e+00,-1.189245581626892090e+00,7.300718426704406738e-01,-1.033431887626647949e+00,-2.402217872440814972e-02,5.521296262741088867e-01,2.472902387380599976e-01,1.379508972167968750e+00,-6.304284930229187012e-01,4.309500455856323242e-01,1.857808381319046021e-01,1.939657628536224365e-01,-8.127684891223907471e-02,-2.944791913032531738e-01,-7.526887655258178711e-01,-1.072436213493347168e+00,-2.690292894840240479e-01,-9.033977389335632324e-01,4.393510222434997559e-01,-7.624423503875732422e-01,-5.053171515464782715e-01,1.284439563751220703e+00,-5.020980238914489746e-01,1.016556143760681152e+00,-7.375173568725585938e-01,-4.195060729980468750e-01,-1.113273024559020996e+00,-2.118746936321258545e-01,6.876376271247863770e-01,-3.743563890457153320e-01,1.290866494178771973e+00,-6.403506398200988770e-01,-3.310049474239349365e-01,-6.062642931938171387e-01,-8.714790940284729004e-01,4.310001432895660400e-01,4.851080775260925293e-01,-4.860922098159790039e-01,-2.224025726318359375e-01,-3.010912537574768066e-01,-9.357893466949462891e-02,-1.581431746482849121e+00,3.223066627979278564e-01,2.635188400745391846e-01,-5.803609490394592285e-01,-1.173282265663146973e+00,9.278870224952697754e-01,6.299716830253601074e-01,9.368945956230163574e-01
6.838515996932983398e-01,9.535306692123413086e-01,-6.723386049270629883e-01,5.291814804077148438e-01,4.292529523372650146e-01,-1.128260016441345215e+00,7.725695967674255371e-01,6.283527016639709473e-01,-4.398354291915893555e-01,3.376794755458831787e-01,2.526350915431976318e-01,5.281515717506408691e-01,7.194484770298004150e-02,5.484106540679931641e-01,-9.581968188285827637e-01,1.131474375724792480e+00,-1.670065075159072876e-01,8.964196443557739258e-01,-7.767105102539062500e-02,-3.918371200561523438e-01,-1.977734327316284180e+00,7.456181645393371582e-01,5.767353177070617676e-01,3.313509225845336914e-01,1.851758718490600586e+00,1.068807959556579590e+00,1.155247688293457031e+00,1.581136465072631836e+00,-4.245414584875106812e-02,-5.344198942184448242e-01,6.239314749836921692e-02,-2.883666753768920898e-01,1.727604568004608154e-01,1.959106475114822388e-01,-2.864795504137873650e-03,-5.532310009002685547e-01,1.221657991409301758e+00,-3.277803063392639160e-01,-1.179774641990661621e+00,7.346170544624328613e-01,1.373337984085083008e+00,5.059770941734313965e-01,-5.858900956809520721e-03,-1.178116679191589355e+00,-4.645908474922180176e-01,-3.438893854618072510e-01,7.339048981666564941e-01,6.663869619369506836e-01,4.321513175964355469e-01,1.088185548782348633e+00,1.043028712272644043e+00,1.131375670433044434e+00,1.164095044136047363e+00
9.566592574119567871e-01,2.209358811378479004e-01,-4.078720211982727051e-01,1.208094716072082520e+00,-9.233542680740356445e-01,-9.910286664962768555e-01,1.738827466964721680e+00,2.169270217418670654e-01,3.262554705142974854e-01,5.571790039539337158e-02,1.949303030967712402e+00,7.452384829521179199e-01,-1.069768238812685013e-02,-3.932328820228576660e-01,-1.599729657173156738e+00,1.204661488533020020e+00,1.620560288429260254e-01,1.107930541038513184e+00,-5.427515506744384766e-01,1.305375933647155762e+00,-1.208384513854980469e+00,5.519900321960449219e-01,1.659822106361389160e+00,1.129255652427673340e+00,2.045676469802856445e+00,6.851224899291992188e-01,1.693573117256164551e+00,2.237017154693603516e+00,1.241143941879272461e+00,7.941501140594482422e-01,6.599746346473693848e-01,-1.348326802253723145e-01,4.536025524139404297e-01,1.189511656761169434e+00,8.554175496101379395e-01,-2.207733243703842163e-01,1.430474966764450073e-01,-6.118354201316833496e-01,-2.371313422918319702e-01,1.539126038551330566e+00,2.100591659545898438e+00,4.688917100429534912e-02,5.685490369796752930e-01,-1.125832200050354004e+00,-3.555419147014617920e-01,-1.831409186124801636e-01,1.120059847831726074e+00,8.079804182052612305e-01,9.959912300109863281e-01,1.170105934143066406e+00,1.279014706611633301e+00,1.554960250854492188e+00,1.485687494277954102e+00
1.241435170173645020e+00,2.258152961730957031e-01,-6.722641587257385254e-01,2.070409297943115234e+00,-1.295047849416732788e-01,-7.503326535224914551e-01,7.177254557609558105e-01,1.703855693340301514e-01,-1.138095140457153320e+00,-8.690174818038940430e-01,-3.729082047939300537e-01,-1.526266455650329590e+00,9.376636147499084473e-02,4.767403602600097656e-01,-1.472542762756347656e+00,1.290972113609313965e+00,1.746810525655746460e-01,-3.065483272075653076e-01,7.097608447074890137e-01,-1.020317435264587402e+00,-8.937283158302307129e-01,6.441159546375274658e-02,2.694394588470458984e-01,-7.135973572731018066e-01,1.260003805160522461e+00,6.680393815040588379e-01,1.280628204345703125e+00,2.121067523956298828e+00,5.063669085502624512e-01,1.003812775015830994e-01,1.265523195266723633e+00,-8.102061748504638672e-01,-1.313236951828002930e+00,-7.936089634895324707e-01,-7.387720346450805664e-01,-4.877439141273498535e-01,3.907780647277832031e-01,-4.773905575275421143e-01,-8.366149067878723145e-01,8.265484571456909180e-01,5.404220819473266602e-01,1.182646393775939941e+00,5.448940396308898926e-01,-1.367576718330383301e+00,-1.436454534530639648e+00,-5.152034163475036621e-01,2.965517640113830566e-01,2.169351577758789062e+00,1.693986356258392334e-01,2.967494428157806396e-01,8.635200262069702148e-01,1.093705058097839355e+00,9.536688923835754395e-01
8.053094148635864258e-01,-8.763676285743713379e-01,-1.551927685737609863e+00,7.419148683547973633e-01,-8.039650321006774902e-01,-1.074121236801147461e+00,5.857689380645751953e-01,-1.420509964227676392e-01,-3.947978913784027100e-01,-7.750012278556823730e-01,3.895584046840667725e-01,-1.599337458610534668e+00,-3.027238249778747559e-01,-8.765475451946258545e-02,-5.112333893775939941e-01,1.162402272224426270e+00,3.738787472248077393e-01,-1.594547927379608154e-01,7.030919790267944336e-01,2.592423744499683380e-02,-8.338145017623901367e-01,9.659116715192794800e-02,1.156278848648071289e+00,-2.999641932547092438e-02,1.080453872680664062e+00,1.889697462320327759e-01,8.878603577613830566e-01,1.581094622611999512e+00,3.820872902870178223e-01,-6.007605195045471191e-01,9.223353266716003418e-01,-1.158490300178527832e+00,-1.192586064338684082e+00,1.285188943147659302e-01,-1.021592974662780762e+00,-7.519648671150207520e-01,4.573125541210174561e-01,-6.721100807189941406e-01,-1.138600468635559082e+00,7.228863835334777832e-01,9.716199636459350586e-01,8.419770598411560059e-01,4.115451276302337646e-01,-9.125061035156250000e-01,-1.445473074913024902e+00,-5.757065415382385254e-01,2.641600370407104492e-01,1.116246461868286133e+00,2.533271312713623047e-01,6.443427205085754395e-01,8.306453824043273926e-01,1.313924670219421387e+00,1.140860557556152344e+00
1.222766995429992676e+00,-2.599712908267974854e-01,-1.581958293914794922e+00,1.665956020355224609e+00,-2.431027740240097046e-01,-1.444530248641967773e+00,5.149981975555419922e-01,-2.921859622001647949e-01,-1.325616955757141113e+00,-9.725734591484069824e-01,1.426319330930709839e-01,-1.549075484275817871e+00,5.885929465293884277e-01,-1.337856985628604889e-02,-1.584897518157958984e+00,1.228923797607421875e+00,5.985360145568847656e-01,6.934539675712585449e-01,8.316067457199096680e-01,-2.691092491149902344e-01,-1.112086057662963867e+00,4.647871553897857666e-01,7.618823051452636719e-01,-1.510486453771591187e-01,1.783718347549438477e+00,7.129375934600830078e-01,8.865887522697448730e-01,1.393476128578186035e+00,2.716702520847320557e-01,-5.271618366241455078e-01,3.312244415283203125e-01,-7.487852573394775391e-01,-1.820585727691650391e+00,-3.735970258712768555e-01,-1.052173733711242676e+00,-2.688925564289093018e-01,-7.475009560585021973e-01,-1.211943253874778748e-01,-9.738346338272094727e-01,7.741978764533996582e-01,9.970979690551757812e-01,1.355515122413635254e+00,1.410954952239990234e+00,-1.754658102989196777e+00,-1.553830027580261230e+00,-2.342619299888610840e-01,6.893824934959411621e-01,1.490094661712646484e+00,8.472898006439208984e-01,5.443153381347656250e-01,7.945170998573303223e-01,1.001846909523010254e+00,9.762961268424987793e-01
1.309007167816162109e+00,1.764536648988723755e-01,-1.447177767753601074e+00,1.584018111228942871e+00,-9.465962052345275879e-01,-1.326924681663513184e+00,1.422960162162780762e+00,-1.463447332382202148e+00,3.858744502067565918e-01,-7.180951833724975586e-01,1.755741119384765625e+00,1.072547316551208496e+00,1.611059188842773438e+00,-3.861901760101318359e-01,-1.044596195220947266e+00,1.774175763130187988e+00,8.054344356060028076e-02,1.109263420104980469e+00,7.645877599716186523e-01,1.873059868812561035e+00,-1.540553092956542969e+00,9.599730372428894043e-01,2.537418603897094727e+00,-8.030470013618469238e-01,2.019383668899536133e+00,2.545350790023803711e-01,2.465793609619140625e+00,3.361045360565185547e+00,2.708441317081451416e-01,5.147968605160713196e-02,1.901128888130187988e-01,3.033277094364166260e-01,-7.674387097358703613e-01,1.010433197021484375e+00,-8.837721496820449829e-02,5.361717939376831055e-01,-2.042134292423725128e-02,1.785917207598686218e-03,-6.464846134185791016e-01,1.064798951148986816e+00,1.260991930961608887e+00,1.533549308776855469e+00,4.398726224899291992e-01,-1.664664268493652344e+00,-9.482010602951049805e-01,5.791657567024230957e-01,1.132813930511474609e+00,1.559659123420715332e+00,-4.232526421546936035e-01,7.991721630096435547e-01,1.432086706161499023e+00,1.747915267944335938e+00,1.690087556838989258e+00
1.185602307319641113e+00,-9.328781962394714355e-01,-4.806844890117645264e-01,1.579264640808105469e+00,-2.906157672405242920e-01,-1.017594337463378906e+00,4.980280101299285889e-01,-3.796593844890594482e-01,3.527671694755554199e-01,-9.357951581478118896e-02,7.690706849098205566e-01,-1.234821677207946777e-01,-2.495880872011184692e-01,9.074689745903015137e-01,-1.578166604042053223e+00,9.538020491600036621e-01,9.270616173744201660e-01,6.868442296981811523e-01,7.049703001976013184e-01,3.290134370326995850e-01,-8.508925437927246094e-01,-5.035609602928161621e-01,1.383947968482971191e+00,4.443406164646148682e-01,1.709445953369140625e+00,1.362663388252258301e+00,9.557328224182128906e-01,1.932895064353942871e+00,1.285673499107360840e+00,-6.663622707128524780e-02,-5.165417790412902832e-01,2.871932387351989746e-01,-8.022439479827880859e-01,4.002373516559600830e-01,2.820788025856018066e-01,-5.443646907806396484e-01,5.883412957191467285e-01,-7.263275384902954102e-01,-1.542306412011384964e-02,1.583109259605407715e+00,1.094316482543945312e+00,1.034757971763610840e+00,1.132360577583312988e+00,-1.802518844604492188e+00,3.832673430442810059e-01,-6.488603949546813965e-01,9.900124669075012207e-01,4.332452714443206787e-01,9.735649824142456055e-01,2.388793975114822388e-01,1.065902471542358398e+00,4.133515059947967529e-01,1.012178540229797363e+00
7.671713232994079590e-01,-2.479996681213378906e+00,-1.747052550315856934e+00,8.612326383590698242e-01,-1.118844270706176758e+00,-2.032371759414672852e+00,1.014150142669677734e+00,-4.026525020599365234e-01,-1.304763197898864746e+00,-1.660250067710876465e+00,-8.151035904884338379e-01,-6.970652937889099121e-01,3.817661702632904053e-01,-7.972299456596374512e-01,-7.608087062835693359e-01,2.902302443981170654e-01,2.379240393638610840e-01,-8.945207595825195312e-01,3.091095983982086182e-01,-6.940612792968750000e-01,-1.403338074684143066e+00,7.240308523178100586e-01,2.103772610425949097e-01,6.039279326796531677e-02,8.514531850814819336e-01,1.112001419067382812e+00,5.797111392021179199e-01,2.103997230529785156e+00,-9.847870469093322754e-01,2.561340034008026123e-01,1.183633208274841309e+00,-1.206123590469360352e+00,-4.568321406841278076e-01,-4.250425696372985840e-01,3.212540149688720703e-01,9.029021114110946655e-02,5.525336861610412598e-01,-2.063726633787155151e-02,-1.564729928970336914e+00,2.464947849512100220e-01,1.754627585411071777e+00,9.566992521286010742e-01,4.574899673461914062e-01,-1.452295184135437012e+00,-7.580072283744812012e-01,3.389568328857421875e-01,1.604130268096923828e-01,2.438918590545654297e+00,4.362337887287139893e-01,1.118311643600463867e+00,1.271263957023620605e+00,1.834559917449951172e+00,1.682434201240539551e+00
7.816019058227539062e-01,-1.666948199272155762e-01,-8.262309432029724121e-01,6.309445500373840332e-01,-4.995930790901184082e-01,-6.136609315872192383e-01,1.083556175231933594e+00,2.135144360363483429e-02,-5.651516839861869812e-02,-7.558345049619674683e-02,8.931216001510620117e-01,-7.544143199920654297e-01,-7.930685281753540039e-01,3.856025636196136475e-01,-7.692083120346069336e-01,8.121825456619262695e-01,8.557512164115905762e-01,-2.923794388771057129e-01,6.804210543632507324e-01,-4.778818190097808838e-01,-5.941060557961463928e-02,-1.915711998939514160e+00,-9.530439041554927826e-03,9.687732905149459839e-03,-1.771841198205947876e-01,1.321036577224731445e+00,9.362755417823791504e-01,8.667895793914794922e-01,1.410335898399353027e+00,4.850749298930168152e-02,6.950994729995727539e-01,-4.407272338867187500e-01,-5.619460940361022949e-01,1.521851122379302979e-01,-8.934537768363952637e-01,-1.191603541374206543e+00,4.185950458049774170e-01,-2.107332646846771240e-01,-8.957251906394958496e-01,2.946480214595794678e-01,1.358839035034179688e+00,1.032589435577392578e+00,1.266042709350585938e+00,-6.084778904914855957e-01,-1.738487720489501953e+00,-1.795979499816894531e+00,5.387493371963500977e-01,1.678584337234497070e+00,1.688171029090881348e-01,-3.470638990402221680e-01,8.274674415588378906e-01,7.947728633880615234e-01,1.285919904708862305e+00
8.812993019819259644e-02,-4.524249434471130371e-01,-5.434569716453552246e-01,9.806180596351623535e-01,-5.659929662942886353e-02,-1.358583450317382812e+00,8.798013329505920410e-01,6.761673092842102051e-01,-1.153355598449707031e+00,2.730858512222766876e-02,2.789116203784942627e-01,1.446126997470855713e-01,-9.347393512725830078e-01,1.082574129104614258e+00,-3.378120362758636475e-01,-5.253739356994628906e-01,6.218478083610534668e-01,-9.709889292716979980e-01,2.692829370498657227e-01,-9.386249780654907227e-01,-1.443876504898071289e+00,-9.101325869560241699e-01,-9.470735490322113037e-02,5.931546092033386230e-01,3.549452722072601318e-01,2.242336750030517578e+00,-5.965772867202758789e-01,8.054487109184265137e-01,1.062139391899108887e+00,-2.951337695121765137e-01,1.169042512774467468e-01,-4.928341805934906006e-01,-4.424954354763031006e-01,-7.226419448852539062e-01,-8.202634006738662720e-02,-9.126241803169250488e-01,4.432928860187530518e-01,-3.129968643188476562e-01,-1.022534012794494629e+00,2.525925636291503906e-01,-6.861032843589782715e-01,5.911200046539306641e-01,4.107650220394134521e-01,-8.935233354568481445e-01,3.649846464395523071e-02,-9.742888808250427246e-01,-1.394765973091125488e-01,-1.433435827493667603e-02,1.056830048561096191e+00,-2.169224619865417480e-01,5.353417992591857910e-01,2.799157798290252686e-01,6.896634697914123535e-01
-1.319486498832702637e+00,-1.490834951400756836e+00,-1.219326019287109375e+00,-1.319258213043212891e-01,-1.105802297592163086e+00,-1.414662480354309082e+00,2.786677181720733643e-01,-1.200806856155395508e+00,-6.933777332305908203e-01,5.791411399841308594e-01,-3.192918002605438232e-01,6.002527475357055664e-01,-1.674775004386901855e+00,-9.199534058570861816e-01,-1.116868138313293457e+00,-8.442954421043395996e-01,-1.348768830299377441e+00,-1.246296286582946777e+00,-1.050408244132995605e+00,-2.226835250854492188e+00,1.312134265899658203e+00,-8.986368179321289062e-01,-4.157350063323974609e-01,-1.134664535522460938e+00,-7.217195034027099609e-01,2.008347809314727783e-01,-1.765740156173706055e+00,-7.516239285469055176e-01,-4.932297170162200928e-01,-1.154376506805419922e+00,-5.987038016319274902e-01,-5.697295069694519043e-01,5.808216333389282227e-01,-2.361147165298461914e+00,8.380562067031860352e-01,-9.054694175720214844e-01,-3.955188393592834473e-01,-1.255926489830017090e+00,-1.206506133079528809e+00,2.223771512508392334e-01,-7.934837341308593750e-01,-8.431649208068847656e-01,-1.489436626434326172e+00,-5.603771805763244629e-01,-7.549043297767639160e-01,-1.424743652343750000e+00,-4.963959380984306335e-02,9.898327291011810303e-02,-1.398304700851440430e+00,-1.762967228889465332e+00,4.547252357006072998e-01,1.514744106680154800e-02,3.199632465839385986e-01
-3.816672861576080322e-01,3.734463155269622803e-01,-1.367959976196289062e+00,2.281239479780197144e-01,-1.372062563896179199e+00,-1.665059447288513184e+00,7.524526119232177734e-01,-1.246630430221557617e+00,3.185282647609710693e-01,1.079693675041198730e+00,-6.209539994597434998e-02,2.119040489196777344e+00,-2.599771916866302490e-01,-4.349695742130279541e-01,-1.077161431312561035e+00,2.942443490028381348e-01,-1.111303091049194336e+00,-5.079072117805480957e-01,-9.233055710792541504e-01,-1.901173830032348633e+00,1.927969157695770264e-01,-5.219489336013793945e-01,5.010667070746421814e-02,-1.224019050598144531e+00,2.607561051845550537e-01,-4.099337160587310791e-01,3.291419446468353271e-01,1.007639288902282715e+00,1.591778546571731567e-02,-7.945113778114318848e-01,-7.179293036460876465e-01,-3.604950010776519775e-01,2.559656463563442230e-02,-1.417757719755172729e-01,5.475901365280151367e-01,-4.512125849723815918e-01,-8.202409744262695312e-01,-1.288117647171020508e+00,-4.029327332973480225e-01,1.028376340866088867e+00,1.637043356895446777e+00,-4.958959519863128662e-01,-9.514416456222534180e-01,-9.820362925529479980e-01,-1.320016622543334961e+00,-9.191235899925231934e-01,8.181830644607543945e-01,2.081041634082794189e-01,-5.255717039108276367e-01,-4.659321308135986328e-01,1.120757699012756348e+00,9.809675216674804688e-01,1.293468236923217773e+00
-2.565445601940155029e-01,5.534176826477050781e-01,-2.107658982276916504e-01,3.931399285793304443e-01,-1.498510409146547318e-02,-1.795052438974380493e-01,2.640897035598754883e-01,3.994074463844299316e-01,4.929881393909454346e-01,2.143505573272705078e+00,-3.282745182514190674e-01,3.162680268287658691e-01,2.343791574239730835e-01,1.319207102060317993e-01,-7.698048949241638184e-01,2.021272927522659302e-01,-9.162963032722473145e-01,-3.656705617904663086e-01,-8.775267601013183594e-01,-7.106862962245941162e-02,7.406603693962097168e-01,7.297214865684509277e-01,-1.479539871215820312e-01,-7.349725961685180664e-01,7.139874100685119629e-01,3.580624461174011230e-01,-2.705062627792358398e-01,-3.129135668277740479e-01,2.029336214065551758e+00,-1.028542757034301758e+00,-6.539546847343444824e-01,-3.485041558742523193e-01,1.124895960092544556e-01,-1.689096570014953613e+00,4.775234311819076538e-02,-4.294677376747131348e-01,-6.602639555931091309e-01,-1.825281739234924316e+00,-6.562189459800720215e-01,6.985226273536682129e-01,1.063118577003479004e-01,-9.690154790878295898e-01,-1.161451935768127441e+00,-1.227360248565673828e+00,-3.723289668560028076e-01,2.889844179153442383e-01,3.709202408790588379e-01,-1.104287266731262207e+00,1.935733407735824585e-01,-2.911188304424285889e-01,4.916867017745971680e-01,3.186020255088806152e-01,6.741971969604492188e-01
-4.011372029781341553e-01,-1.546664535999298096e-01,-1.980639457702636719e+00,-3.308338224887847900e-01,-1.230506658554077148e+00,-1.350822687149047852e+00,6.329708099365234375e-01,-9.730103015899658203e-01,6.566493213176727295e-02,8.379699587821960449e-01,-2.494729608297348022e-01,1.806689023971557617e+00,2.485300749540328979e-01,-1.486128330230712891e+00,-1.360797643661499023e+00,-1.346577107906341553e-01,-2.068539142608642578e+00,-1.169316887855529785e+00,-1.018009781837463379e+00,-1.086844563484191895e+00,4.251071512699127197e-01,7.718639373779296875e-01,9.191235303878784180e-01,-1.768849253654479980e+00,-1.015461981296539307e-01,-1.406445264816284180e+00,-3.386666476726531982e-01,7.865070700645446777e-01,-1.798911243677139282e-01,-1.373563408851623535e+00,-5.962465405464172363e-01,-1.278545379638671875e+00,-5.805597901344299316e-01,-2.142804384231567383e+00,-4.887755215167999268e-01,-2.193704247474670410e-01,-1.495420336723327637e+00,-4.429372251033782959e-01,-1.301378011703491211e+00,2.414907813072204590e-01,-6.573777198791503906e-01,-3.546970188617706299e-01,-1.735851764678955078e+00,-5.723387002944946289e-01,-1.425315260887145996e+00,9.892502427101135254e-02,6.224950551986694336e-01,-2.342429384589195251e-02,-1.802358865737915039e+00,-8.190838098526000977e-01,8.351361751556396484e-01,1.207597494125366211e+00,1.182027459144592285e+00
6.977668404579162598e-01,1.294750124216079712e-01,-6.066167354583740234e-01,7.909945845603942871e-01,-1.837307363748550415e-01,-1.080837249755859375e+00,1.373526573181152344e+00,-5.494945049285888672e-01,1.517471075057983398e+00,9.372453093528747559e-01,-5.905638933181762695e-01,1.673023939132690430e+00,-3.403714299201965332e-01,4.384611248970031738e-01,-1.525715708732604980e+00,1.730065047740936279e-01,-6.081226468086242676e-01,1.368156075477600098e+00,-8.488237857818603516e-01,5.346772670745849609e-01,7.148151099681854248e-02,5.856953859329223633e-01,2.263313531875610352e+00,-4.080592393875122070e-01,1.741162896156311035e+00,7.084020376205444336e-01,-2.675313055515289307e-01,1.218872189521789551e+00,1.601994156837463379e+00,-6.951153278350830078e-01,-1.259843349456787109e+00,1.137185573577880859e+00,-3.039073944091796875e-01,-1.002333521842956543e+00,5.474002957344055176e-01,-5.470021367073059082e-01,-4.008154571056365967e-01,-1.236519455909729004e+00,-1.127802953124046326e-01,1.182023763656616211e+00,6.194959878921508789e-01,-3.656534552574157715e-01,-9.302406907081604004e-01,-1.404114007949829102e+00,4.461072087287902832e-01,-1.613844931125640869e-01,1.222988605499267578e+00,-1.935965895652770996e+00,-2.481869608163833618e-02,-1.869527548551559448e-01,1.021442651748657227e+00,4.019002914428710938e-01,7.765636444091796875e-01
4.013089835643768311e-01,3.851342499256134033e-01,-1.185481905937194824e+00,1.333499073982238770e+00,-4.098975062370300293e-01,-1.923179864883422852e+00,1.229801654815673828e+00,4.620211124420166016e-01,3.088935315608978271e-01,5.958443284034729004e-01,-6.562691926956176758e-01,1.726661562919616699e+00,-3.107911646366119385e-01,-1.179604887962341309e+00,-1.796988129615783691e+00,-1.062301397323608398e+00,-1.896699905395507812e+00,-7.039527893066406250e-01,-9.851610660552978516e-01,-1.717892885208129883e+00,9.280844330787658691e-01,2.238342285156250000e+00,1.104513779282569885e-01,-7.414226531982421875e-01,1.175566315650939941e+00,-6.067305803298950195e-01,-5.693706870079040527e-01,3.343326747417449951e-01,-8.363889157772064209e-02,-5.225310921669006348e-01,5.288622975349426270e-01,-2.857264876365661621e-01,3.147744834423065186e-01,-1.524097442626953125e+00,1.153321743011474609e+00,-1.581481695175170898e-01,-7.857934236526489258e-01,-1.530704617500305176e+00,-1.430547833442687988e+00,6.315019130706787109e-01,4.943899512290954590e-01,-6.441829204559326172e-01,-1.856011986732482910e+00,-1.157475948333740234e+00,-8.477465510368347168e-01,1.744295001029968262e+00,4.334437847137451172e-01,-6.002155542373657227e-01,3.978250920772552490e-01,1.158760547637939453e+00,6.966663599014282227e-01,9.719861149787902832e-01,9.211363792419433594e-01
3.590478599071502686e-01,8.453889489173889160e-01,-7.306124567985534668e-01,3.312686085700988770e-01,-6.260332465171813965e-01,-2.529341280460357666e-01,1.256629705429077148e+00,-9.269857406616210938e-01,-3.189485967159271240e-01,4.004385471343994141e-01,7.869241833686828613e-01,7.739223241806030273e-01,-5.006603598594665527e-01,-9.155506640672683716e-02,-1.815780162811279297e+00,6.796133518218994141e-01,-9.431965351104736328e-01,5.299639701843261719e-01,-6.507455110549926758e-01,-5.310548543930053711e-01,-1.511082202196121216e-01,1.257706761360168457e+00,6.726146340370178223e-01,-8.952455520629882812e-01,1.093629240989685059e+00,-2.840917408466339111e-01,2.106470055878162384e-02,1.407860159873962402e+00,9.580290317535400391e-01,-6.645066738128662109e-01,-1.121316552162170410e+00,-1.112543791532516479e-01,-1.258879601955413818e-01,-1.165434241294860840e+00,5.614653825759887695e-01,-1.235794663429260254e+00,-2.969628274440765381e-01,-1.927183270454406738e+00,-1.414890050888061523e+00,1.164222598075866699e+00,6.269131302833557129e-01,-4.842439889907836914e-01,-1.041015386581420898e+00,-8.961222767829895020e-01,-6.996543407440185547e-01,1.124452985823154449e-02,7.168907523155212402e-01,4.233041033148765564e-02,1.214473024010658264e-01,7.679512351751327515e-02,1.116983175277709961e+00,1.236779689788818359e+00,1.196049571037292480e+00
6.718833446502685547e-01,2.114039659500122070e+00,-8.249349594116210938e-01,1.424122571945190430e+00,5.526208281517028809e-01,-5.842221975326538086e-01,1.028342723846435547e+00,2.022236734628677368e-01,4.842263460159301758e-01,1.207360863685607910e+00,-1.998022384941577911e-02,1.669293880462646484e+00,-3.115552961826324463e-01,4.606196582317352295e-01,-2.092430353164672852e+00,-8.067168593406677246e-01,-1.981355667114257812e+00,2.421127259731292725e-02,-7.447783350944519043e-01,-1.583730220794677734e+00,4.280639290809631348e-01,1.736161589622497559e+00,2.418652921915054321e-01,-9.845809340476989746e-01,1.406163334846496582e+00,-1.255215644836425781e+00,-2.585823833942413330e-01,8.315405249595642090e-01,6.856938600540161133e-01,-4.250234961509704590e-01,-5.375435575842857361e-02,-7.964552193880081177e-02,4.724999368190765381e-01,-1.693779110908508301e+00,1.335736751556396484e+00,-5.048031210899353027e-01,-3.622744977474212646e-01,-1.589337348937988281e+00,-1.471473574638366699e+00,2.306351214647293091e-01,6.336807012557983398e-01,-4.498077929019927979e-01,-1.716787934303283691e+00,-1.320409655570983887e+00,-1.486771106719970703e+00,1.100485205650329590e+00,4.224950075149536133e-01,-4.183870553970336914e-01,-3.456429839134216309e-01,5.664888620376586914e-01,7.344515323638916016e-01,1.036786317825317383e+00,1.073033452033996582e+00
2.645615674555301666e-02,-3.748080134391784668e-01,-1.556173086166381836e+00,1.430846937000751495e-02,-1.311400175094604492e+00,-1.917135357856750488e+00,9.656637907028198242e-01,-7.479323148727416992e-01,1.576152443885803223e-01,5.929963588714599609e-01,2.638844586908817291e-02,1.507206082344055176e+00,-5.131360888481140137e-01,-1.920859515666961670e-01,-1.671361804008483887e+00,-6.718369722366333008e-01,-7.353681921958923340e-01,5.469447374343872070e-01,-8.629235029220581055e-01,-5.349205136299133301e-01,-7.612202763557434082e-01,8.555026650428771973e-01,1.060311079025268555e+00,4.527078941464424133e-02,1.488581299781799316e+00,2.639087438583374023e-01,-3.389305472373962402e-01,1.282659173011779785e+00,-4.822283089160919189e-01,-5.368502140045166016e-01,-9.042670130729675293e-01,-2.787959873676300049e-01,-6.369900703430175781e-01,-1.075831651687622070e+00,7.803978919982910156e-01,-5.565698742866516113e-01,-1.190676093101501465e+00,-2.010124206542968750e+00,-7.018253803253173828e-01,5.510960817337036133e-01,1.549148559570312500e+00,-7.212257385253906250e-01,-8.710340857505798340e-01,-1.557625174522399902e+00,-6.661025285720825195e-01,1.226754039525985718e-01,8.390026092529296875e-01,-1.237406969070434570e+00,6.339715719223022461e-01,4.386814534664154053e-01,1.014016866683959961e+00,7.744961977005004883e-01,1.072350263595581055e+00
-6.831643730401992798e-02,5.958573818206787109e-01,-8.339918255805969238e-01,7.395575046539306641e-01,-5.832515954971313477e-01,-9.162938594818115234e-01,2.391080409288406372e-01,-2.947513759136199951e-01,-2.187861204147338867e-01,5.744936466217041016e-01,-4.313377737998962402e-01,4.820672273635864258e-01,-1.191836357116699219e+00,5.183833837509155273e-01,-1.658846735954284668e+00,-6.809020638465881348e-01,-1.301988124847412109e+00,-6.388416290283203125e-01,-3.790673613548278809e-01,-1.279451698064804077e-01,7.639801502227783203e-02,3.440505862236022949e-01,5.189114212989807129e-01,-1.186188578605651855e+00,8.639168739318847656e-01,-1.899716705083847046e-01,-4.233092963695526123e-01,4.439684450626373291e-01,2.905499637126922607e-01,-1.139006495475769043e+00,-5.413697957992553711e-01,-3.406569659709930420e-01,2.544599771499633789e-01,-1.200933456420898438e+00,4.799050092697143555e-01,-8.880735635757446289e-01,1.722507327795028687e-01,-1.428148388862609863e+00,-1.119974017143249512e+00,4.296466112136840820e-01,-2.828557509928941727e-03,-2.657169997692108154e-01,-1.330498695373535156e+00,-7.896582484245300293e-01,-1.317918181419372559e+00,8.229170739650726318e-02,5.404637455940246582e-01,-6.628807187080383301e-01,-1.348479986190795898e+00,-4.795514345169067383e-01,7.510229945182800293e-01,4.385803639888763428e-01,9.070325493812561035e-01
7.387681603431701660e-01,6.402261257171630859e-01,-5.724151134490966797e-01,3.794690966606140137e-01,-7.338860630989074707e-01,-9.642577171325683594e-01,1.449178099632263184e+00,-3.004326485097408295e-02,-4.222795069217681885e-01,7.498241662979125977e-01,6.967613101005554199e-01,1.600232601165771484e+00,2.073557525873184204e-01,-5.032930988818407059e-03,-1.426087856292724609e+00,2.467564493417739868e-01,-9.404331445693969727e-01,2.287654876708984375e-01,-9.049429297447204590e-01,-7.255272269248962402e-01,-6.966212391853332520e-01,8.082655668258666992e-01,-1.040387824177742004e-01,-3.450445234775543213e-01,1.064355015754699707e+00,1.894001066684722900e-01,5.643804073333740234e-01,1.264867424964904785e+00,5.323592424392700195e-01,-2.089237719774246216e-01,-4.463431239128112793e-01,-6.968616843223571777e-01,1.741788387298583984e-01,-1.352770566940307617e+00,4.668235778808593750e-01,1.477246638387441635e-02,-1.329381763935089111e-01,-1.578835129737854004e+00,-7.306141853332519531e-01,7.321834564208984375e-01,1.077659487724304199e+00,-6.589725613594055176e-01,-8.531892299652099609e-01,-1.188562154769897461e+00,-9.560365080833435059e-01,1.052262559533119202e-01,5.182804465293884277e-01,3.046884536743164062e-01,2.092240750789642334e-01,4.613482356071472168e-01,1.022528290748596191e+00,1.142464399337768555e+00,1.246602177619934082e+00
4.168276488780975342e-01,5.897297263145446777e-01,-3.223084211349487305e-01,1.187429070472717285e+00,-1.863114684820175171e-01,-6.439204812049865723e-01,1.336856842041015625e+00,4.433930218219757080e-01,-1.479805111885070801e-01,4.922009706497192383e-01,9.625486731529235840e-01,1.510078191757202148e+00,-2.349963337182998657e-01,5.120730400085449219e-01,-1.952966213226318359e+00,7.123187184333801270e-02,-8.344300985336303711e-01,5.619170069694519043e-01,-4.475650489330291748e-01,-6.131257414817810059e-01,-8.830263614654541016e-01,1.526646256446838379e+00,6.660914421081542969e-01,-1.276609599590301514e-01,1.909845590591430664e+00,4.001969471573829651e-02,-9.457522630691528320e-02,9.972695112228393555e-01,7.598022222518920898e-01,-1.833070814609527588e-01,3.210126459598541260e-01,-2.375064641237258911e-01,-2.035068720579147339e-01,-1.621008753776550293e+00,7.096926569938659668e-01,-5.630933046340942383e-01,-5.375070124864578247e-02,-2.274866580963134766e+00,-1.233058094978332520e+00,6.809129714965820312e-01,1.981666386127471924e-01,-4.685204923152923584e-01,-1.120366454124450684e+00,-1.237180948257446289e+00,-1.658838391304016113e-01,8.221442103385925293e-01,6.500293016433715820e-01,-1.124369144439697266e+00,9.631207585334777832e-01,9.454715251922607422e-01,1.006023049354553223e+00,7.903348207473754883e-01,1.127523660659790039e+00
3.805220127105712891e-01,-7.364529371261596680e-01,-1.603334307670593262e+00,2.617068290710449219e-01,-1.009178757667541504e+00,-1.348621249198913574e+00,1.355352282524108887e+00,5.111280083656311035e-01,-7.704555988311767578e-02,1.362196922302246094e+00,-3.482547402381896973e-01,1.055426597595214844e+00,3.159343078732490540e-02,8.239444494247436523e-01,-4.410711526870727539e-01,-4.287983775138854980e-01,-8.877066373825073242e-01,-4.476164281368255615e-01,-9.516062736511230469e-01,-1.569754481315612793e+00,3.063640594482421875e-01,5.068008303642272949e-01,-1.457427442073822021e-01,-1.104395151138305664e+00,6.102581620216369629e-01,-3.686229586601257324e-01,2.783035635948181152e-01,7.798377871513366699e-01,-2.542009949684143066e-01,-2.832121551036834717e-01,-2.958020269870758057e-01,-1.411691188812255859e+00,-5.138952285051345825e-02,-1.603448867797851562e+00,6.389701962471008301e-01,-5.270670056343078613e-01,-5.230950117111206055e-01,-1.591033935546875000e+00,-1.229371428489685059e+00,2.972457110881805420e-01,1.027814030647277832e+00,-6.433740854263305664e-01,-1.151375651359558105e+00,-1.754096150398254395e+00,-1.351849555969238281e+00,-1.067559421062469482e-01,7.803754210472106934e-01,4.283818304538726807e-01,-3.442028164863586426e-01,2.493705898523330688e-01,1.078087210655212402e+00,1.297533869743347168e+00,1.203043103218078613e+00
