-5.298051238059997559e-01,-1.479499220848083496e+00,-1.397970318794250488e+00,-9.634685516357421875e-01,-1.841862440109252930e+00,1.455040097236633301e+00,-1.904168725013732910e-01,-2.835885047912597656e+00,1.426545828580856323e-01,-9.238715171813964844e-01,-2.293733596801757812e+00,3.067951679229736328e+00,-2.633138179779052734e+00,-2.517839908599853516e+00,3.392077207565307617e+00,-2.847067832946777344e+00,-2.380875349044799805e+00,-1.555494904518127441e+00,-2.179730892181396484e+00,-2.588682651519775391e+00,-1.760298132896423340e+00,-2.204292058944702148e+00,-1.947695732116699219e+00,-1.350493073463439941e+00,-1.563490152359008789e+00,-1.312932968139648438e+00,4.967194795608520508e-02,1.377169966697692871e+00,1.209875822067260742e+00,-2.558140039443969727e+00,-1.292639732360839844e+00,-1.234098553657531738e+00
-1.441816329956054688e+00,-2.211715459823608398e+00,-2.620023488998413086e+00,-2.334704160690307617e+00,-2.949065685272216797e+00,-7.842966169118881226e-02,-1.172899842262268066e+00,-2.474263429641723633e+00,-3.637818098068237305e-01,-2.516589462757110596e-01,-1.563199877738952637e+00,1.777416467666625977e+00,-1.542573928833007812e+00,-1.001233577728271484e+00,2.127191781997680664e+00,-8.752620816230773926e-01,-1.596450805664062500e+00,-1.495393157005310059e+00,-1.199128746986389160e+00,-1.879767537117004395e+00,-1.318240165710449219e+00,-1.703265428543090820e+00,-1.642205595970153809e+00,-1.103943943977355957e+00,-1.068747282028198242e+00,-1.748921871185302734e+00,-1.048136591911315918e+00,1.277725934982299805e+00,-4.115015566349029541e-01,-3.422982215881347656e+00,-1.572875261306762695e+00,-3.582969427108764648e+00
-1.090842247009277344e+00,-1.539018154144287109e+00,-1.928100347518920898e+00,-1.397585511207580566e+00,-2.880539894104003906e+00,-1.431430339813232422e+00,-9.379971623420715332e-01,-3.465336561203002930e+00,-3.175652980804443359e+00,-2.862496852874755859e+00,-2.810598850250244141e+00,-6.671933829784393311e-02,-3.383115768432617188e+00,-2.840628147125244141e+00,2.110696077346801758e+00,-3.285685300827026367e+00,-2.328948497772216797e+00,-2.475756645202636719e+00,-2.891982555389404297e+00,-2.815123558044433594e+00,-2.834321737289428711e+00,-2.618276596069335938e+00,-2.182971715927124023e+00,-2.242233753204345703e+00,-1.915071845054626465e+00,-1.736943960189819336e+00,-3.294910788536071777e-01,1.913166999816894531e+00,1.412333488464355469e+00,-3.028088808059692383e+00,-6.414117217063903809e-01,-1.479196906089782715e+00
-2.381515026092529297e+00,-2.979000329971313477e+00,-2.841004848480224609e+00,-2.674064636230468750e+00,-2.520550012588500977e+00,6.329354643821716309e-02,-1.265317082405090332e+00,-2.106434822082519531e+00,-1.749978899955749512e+00,9.219635277986526489e-02,-1.146641731262207031e+00,2.304149866104125977e+00,-7.403048872947692871e-01,-1.235672235488891602e+00,2.476687669754028320e+00,-1.078739404678344727e+00,-1.902995228767395020e+00,-1.080547451972961426e+00,-1.248184800148010254e+00,-1.457816839218139648e+00,-1.523092269897460938e+00,-1.262663245201110840e+00,-1.040332198143005371e+00,-1.836401820182800293e+00,-6.421629786491394043e-01,-1.516766309738159180e+00,-2.386293649673461914e+00,5.388550087809562683e-02,-1.394661903381347656e+00,-2.864838123321533203e+00,-1.653850793838500977e+00,-2.663667678833007812e+00
-9.250857830047607422e-01,-1.505021214485168457e+00,-1.563810706138610840e+00,-1.081983685493469238e+00,-2.895121335983276367e+00,-1.408532023429870605e+00,-1.037610530853271484e+00,-3.296995878219604492e+00,-2.628638505935668945e+00,-2.156840324401855469e+00,-2.805802822113037109e+00,-5.035551637411117554e-02,-3.276086807250976562e+00,-2.851193428039550781e+00,1.818250775337219238e+00,-2.976800918579101562e+00,-2.233487606048583984e+00,-2.345103979110717773e+00,-2.431534290313720703e+00,-2.664204120635986328e+00,-2.537293910980224609e+00,-2.453987598419189453e+00,-2.403551340103149414e+00,-1.522466421127319336e+00,-2.158483266830444336e+00,-1.886662721633911133e+00,1.044175982475280762e+00,6.004649400711059570e-01,1.831812739372253418e+00,-2.001189231872558594e+00,-1.623842954635620117e+00,-1.363862991333007812e+00
-1.969113588333129883e+00,-2.239153385162353516e+00,-2.338726997375488281e+00,-1.423496961593627930e+00,-2.822508573532104492e+00,-5.302491784095764160e-01,-5.111075043678283691e-01,-2.282717704772949219e+00,-2.065360307693481445e+00,8.116050958633422852e-01,-1.678377985954284668e+00,1.384730696678161621e+00,-8.584008216857910156e-01,-2.207974433898925781e+00,1.638772964477539062e+00,-1.159983515739440918e+00,-2.193944931030273438e+00,-1.018442392349243164e+00,-2.000912904739379883e+00,-2.355089187622070312e+00,-1.431160569190979004e+00,-1.898749351501464844e+00,-1.681058645248413086e+00,-1.266795516014099121e+00,-8.908793330192565918e-01,-1.679454088211059570e+00,-1.243493914604187012e+00,1.353425145149230957e+00,-6.982353925704956055e-01,-2.289481163024902344e+00,-1.020788192749023438e+00,-9.588574171066284180e-01
-1.747179985046386719e+00,-1.915322184562683105e+00,-2.255984067916870117e+00,-1.978281736373901367e+00,-3.091904401779174805e+00,-1.639066815376281738e+00,-3.533135652542114258e-01,-2.984982252120971680e+00,-2.973931789398193359e+00,-4.440076947212219238e-01,-2.804419755935668945e+00,-8.343939185142517090e-01,-2.495520114898681641e+00,-2.330562829971313477e+00,1.023822665214538574e+00,-2.382037401199340820e+00,-2.257309675216674805e+00,-2.367977380752563477e+00,-2.160631895065307617e+00,-2.702919960021972656e+00,-2.449586153030395508e+00,-2.455150604248046875e+00,-2.381571769714355469e+00,-1.513153195381164551e+00,-1.934379220008850098e+00,-2.211866140365600586e+00,4.748164117336273193e-01,1.672644168138504028e-01,6.643301248550415039e-01,-1.735308051109313965e+00,-7.948390841484069824e-01,-1.895776033401489258e+00
-5.727071762084960938e-01,-8.186535835266113281e-01,-1.726166963577270508e+00,-8.858138322830200195e-01,-1.348711371421813965e+00,8.102673888206481934e-01,6.005153059959411621e-01,-2.029707193374633789e+00,-1.452833414077758789e+00,1.003647804260253906e+00,-1.684655427932739258e+00,1.229642152786254883e+00,-1.038449883460998535e+00,-1.959971070289611816e+00,2.399936199188232422e+00,-8.816696405410766602e-01,-1.850499033927917480e+00,-3.396393358707427979e-01,-1.251882314682006836e+00,-1.945285558700561523e+00,-1.380483031272888184e+00,-1.591483950614929199e+00,-1.413977146148681641e+00,-1.230656623840332031e+00,-1.114221215248107910e+00,-1.437876820564270020e+00,3.106334507465362549e-01,1.301949739456176758e+00,1.089421629905700684e+00,-1.529161214828491211e+00,1.092855691909790039e+00,-1.958735436201095581e-01
-1.815595865249633789e+00,-2.243829250335693359e+00,-2.264809131622314453e+00,-2.084758043289184570e+00,-2.643870592117309570e+00,-8.253711462020874023e-01,7.467952370643615723e-01,-2.160532712936401367e+00,-1.519056916236877441e+00,1.093306183815002441e+00,-2.078845739364624023e+00,4.796644449234008789e-01,-1.687673330307006836e+00,-1.868498682975769043e+00,9.865316748619079590e-01,-1.283635139465332031e+00,-1.803715109825134277e+00,-1.999497771263122559e+00,-1.509127616882324219e+00,-2.285469293594360352e+00,-1.204919219017028809e+00,-2.095595121383666992e+00,-2.037999868392944336e+00,-1.033006429672241211e+00,-1.701936602592468262e+00,-1.859034180641174316e+00,-1.737497925758361816e+00,3.886460661888122559e-01,9.373812377452850342e-02,-2.689606428146362305e+00,-1.778004050254821777e+00,-3.105591773986816406e+00
-6.741272658109664917e-02,-8.275830745697021484e-01,-1.009771585464477539e+00,-5.548644661903381348e-01,-2.311441421508789062e+00,-4.284361898899078369e-01,3.707590103149414062e-01,-2.310507297515869141e+00,-2.205354213714599609e+00,6.827785968780517578e-01,-2.514399766921997070e+00,-6.515650078654289246e-03,-2.044229984283447266e+00,-2.752957344055175781e+00,1.420303821563720703e+00,-2.049984693527221680e+00,-2.396807670593261719e+00,-1.713013172149658203e+00,-2.494312763214111328e+00,-2.758393049240112305e+00,-2.525432348251342773e+00,-2.272664546966552734e+00,-1.912372946739196777e+00,-1.831614613533020020e+00,-1.502683997154235840e+00,-2.104544878005981445e+00,1.101814031600952148e+00,-3.575321435928344727e-01,-7.963798195123672485e-02,-1.273335218429565430e+00,-1.732695400714874268e-01,-5.224271416664123535e-01
-1.290137767791748047e+00,-1.829794049263000488e+00,-2.251707077026367188e+00,-1.463281035423278809e+00,-2.704680681228637695e+00,-3.339971601963043213e-01,-1.468032896518707275e-01,-2.265446186065673828e+00,-1.671345591545104980e+00,6.796286106109619141e-01,-1.954386472702026367e+00,-2.148095965385437012e-01,-1.466322302818298340e+00,-1.870905518531799316e+00,8.200119137763977051e-01,-1.398890018463134766e+00,-2.016916751861572266e+00,-1.387123703956604004e+00,-2.026026964187622070e+00,-2.167068481445312500e+00,-1.489893674850463867e+00,-1.791762709617614746e+00,-1.670860052108764648e+00,-1.353417634963989258e+00,-1.024865031242370605e+00,-1.525462746620178223e+00,4.887383580207824707e-01,8.450198173522949219e-01,-2.005559802055358887e-01,-1.642170429229736328e+00,-8.297375440597534180e-01,-1.294274330139160156e+00
-2.064514636993408203e+00,-1.768424272537231445e+00,-2.315568923950195312e+00,-1.504858970642089844e+00,-1.798575997352600098e+00,-5.451912879943847656e-01,5.333940386772155762e-01,-1.972515225410461426e+00,-1.079463243484497070e+00,2.762650549411773682e-01,-2.043579339981079102e+00,6.682046055793762207e-01,-1.645187139511108398e+00,-2.198877811431884766e+00,1.370856046676635742e+00,-2.185456752777099609e+00,-2.070425748825073242e+00,-1.609730482101440430e+00,-2.552599430084228516e+00,-2.484909057617187500e+00,-1.447820782661437988e+00,-2.225349903106689453e+00,-1.950788021087646484e+00,-1.444687604904174805e+00,-1.887829422950744629e+00,-2.382525444030761719e+00,-2.013701677322387695e+00,7.956144958734512329e-02,3.296372294425964355e-01,-2.090458154678344727e+00,-6.703715026378631592e-02,-1.781687378883361816e+00
-4.673748314380645752e-01,-1.078419923782348633e+00,-1.486200094223022461e+00,-8.717817664146423340e-01,-2.405239582061767578e+00,-9.443578124046325684e-01,1.266974359750747681e-01,-1.991881012916564941e+00,-2.257929086685180664e+00,4.107435643672943115e-01,-1.727050185203552246e+00,-6.121723055839538574e-01,-1.374466180801391602e+00,-1.614669561386108398e+00,5.892687439918518066e-01,-1.237705945968627930e+00,-1.942120790481567383e+00,-1.503983259201049805e+00,-1.858952164649963379e+00,-1.986041903495788574e+00,-1.950893759727478027e+00,-2.012533426284790039e+00,-1.604091286659240723e+00,-1.508870840072631836e+00,-1.047332882881164551e+00,-1.394848227500915527e+00,1.297066330909729004e+00,4.596025124192237854e-02,7.517138719558715820e-01,-5.688807964324951172e-01,-1.300709247589111328e+00,-1.773410081863403320e+00
-1.168487191200256348e+00,-1.916036486625671387e+00,-2.306910753250122070e+00,-1.817152142524719238e+00,-2.296271562576293945e+00,-7.723300457000732422e-01,4.843723773956298828e-01,-2.557773351669311523e+00,-1.810926437377929688e+00,5.636541247367858887e-01,-2.230010271072387695e+00,2.165448069572448730e-01,-1.486563801765441895e+00,-2.208789110183715820e+00,1.211880564689636230e+00,-1.954425334930419922e+00,-1.991837024688720703e+00,-1.917747974395751953e+00,-2.046467065811157227e+00,-2.240487575531005859e+00,-1.616879105567932129e+00,-2.041769266128540039e+00,-2.020269870758056641e+00,-1.338899374008178711e+00,-1.540910124778747559e+00,-1.695652484893798828e+00,-1.761231303215026855e+00,6.515541672706604004e-01,4.174384521320462227e-04,-2.143920660018920898e+00,-4.291565120220184326e-01,-1.056904077529907227e+00
-9.964108467102050781e-01,-1.127905488014221191e+00,-1.576328516006469727e+00,-1.074449419975280762e+00,-2.266356945037841797e+00,2.153338938951492310e-01,4.268896877765655518e-01,-1.937481164932250977e+00,-1.317037463188171387e+00,8.848114013671875000e-01,-1.732967495918273926e+00,8.807963728904724121e-01,-1.228293180465698242e+00,-1.407804608345031738e+00,1.700768351554870605e+00,-6.244861483573913574e-01,-1.653017759323120117e+00,-1.032855272293090820e+00,-1.346583604812622070e+00,-1.915996193885803223e+00,-1.208629250526428223e+00,-1.612920999526977539e+00,-1.642120599746704102e+00,-1.324311494827270508e+00,-1.149720072746276855e+00,-1.843816637992858887e+00,4.118525981903076172e-01,1.475671678781509399e-01,5.834861844778060913e-02,-1.215731382369995117e+00,-6.487826704978942871e-01,-1.150702118873596191e+00
-8.857617378234863281e-01,-6.780875325202941895e-01,-1.465858697891235352e+00,-8.660413622856140137e-01,-1.584432601928710938e+00,-1.645890921354293823e-01,5.208769440650939941e-01,-2.649791717529296875e+00,-1.920549631118774414e+00,-3.432613015174865723e-01,-2.138378620147705078e+00,-3.475357890129089355e-01,-2.197264432907104492e+00,-2.515321969985961914e+00,1.161553263664245605e+00,-2.041490077972412109e+00,-2.165860176086425781e+00,-1.369986772537231445e+00,-1.706784367561340332e+00,-2.220116376876831055e+00,-2.076642274856567383e+00,-2.129420757293701172e+00,-1.902187347412109375e+00,-1.273863196372985840e+00,-1.680305480957031250e+00,-1.567980170249938965e+00,7.468194365501403809e-01,1.072874546051025391e+00,3.458755970001220703e+00,-6.000517010688781738e-01,2.101941257715225220e-01,-1.595776081085205078e-01
-1.058105587959289551e+00,-1.312469363212585449e+00,-1.764242053031921387e+00,-1.439681649208068848e+00,-5.593884587287902832e-01,9.210714697837829590e-01,2.029993772506713867e+00,-5.488091707229614258e-01,-7.207967638969421387e-01,1.860667109489440918e+00,-6.871404051780700684e-01,2.608282566070556641e+00,-3.095550835132598877e-01,-2.029152214527130127e-01,2.327679872512817383e+00,4.792313873767852783e-01,-1.061613202095031738e+00,3.922174870967864990e-01,4.310379624366760254e-01,-6.360660195350646973e-01,-5.702190399169921875e-01,-4.178715050220489502e-01,-6.238594055175781250e-01,-8.910966515541076660e-01,3.512454330921173096e-01,-6.013424992561340332e-01,-9.036663770675659180e-01,1.947478771209716797e+00,2.998599708080291748e-01,-1.473346829414367676e+00,1.028648138046264648e+00,-1.187950372695922852e+00
-1.536381483078002930e+00,-1.539212942123413086e+00,-1.724101543426513672e+00,-9.785769581794738770e-01,-1.579561233520507812e+00,-2.495842128992080688e-01,6.757487654685974121e-01,-2.273001909255981445e+00,-4.138795137405395508e-01,-4.233615994453430176e-01,-2.166909217834472656e+00,-9.316115081310272217e-02,-2.276028394699096680e+00,-2.029312849044799805e+00,7.995878458023071289e-01,-1.900066971778869629e+00,-1.610688567161560059e+00,-3.127665281295776367e+00,-4.502672553062438965e-01,-1.894718050956726074e+00,-2.230425119400024414e+00,-1.981077313423156738e+00,-2.074296951293945312e+00,-1.788442850112915039e+00,-2.253555297851562500e+00,-1.545490264892578125e+00,-8.663861751556396484e-01,3.349444150924682617e+00,1.023790955543518066e+00,-2.022645711898803711e+00,-6.266348958015441895e-01,-3.699182569980621338e-01
6.930201649665832520e-01,4.297184646129608154e-01,-2.805454134941101074e-01,8.442757725715637207e-01,-2.360808849334716797e-01,1.577907800674438477e+00,6.956365108489990234e-01,-1.025569438934326172e+00,-1.096919476985931396e-01,1.275268912315368652e+00,-1.027322292327880859e+00,1.980815052986145020e+00,-7.099259495735168457e-01,-1.413827896118164062e+00,2.374235153198242188e+00,-7.653223872184753418e-01,-1.417304515838623047e+00,6.855194568634033203e-01,-1.665149182081222534e-01,-1.362411737442016602e+00,-6.560545563697814941e-01,-9.135683774948120117e-01,-8.425429463386535645e-01,-1.081609487533569336e+00,-4.408407025039196014e-03,-1.207129836082458496e+00,-6.705937907099723816e-03,1.888742446899414062e+00,-1.183206140995025635e-01,-1.263484597206115723e+00,1.721377015113830566e+00,-3.636918962001800537e-02
6.791430711746215820e-02,5.482043623924255371e-01,-1.072381615638732910e+00,-6.127068400382995605e-02,-7.388439178466796875e-01,9.471715688705444336e-01,6.585213541984558105e-01,-1.002458691596984863e+00,-1.777275651693344116e-01,9.181115031242370605e-01,-6.670560836791992188e-01,1.510493159294128418e+00,-7.451964616775512695e-01,-1.335488259792327881e-02,1.817762136459350586e+00,3.080528676509857178e-01,-5.891408324241638184e-01,5.848023295402526855e-01,4.597191512584686279e-01,-2.173032164573669434e-01,-3.139579296112060547e-02,-6.283496022224426270e-01,-1.224431768059730530e-01,1.525112390518188477e-01,3.362194895744323730e-01,-4.941881597042083740e-01,1.350158810615539551e+00,7.382993102073669434e-01,1.972767710685729980e+00,-6.131915003061294556e-02,1.229445219039916992e+00,-2.119887918233871460e-01
-5.472936630249023438e-01,-1.119950056076049805e+00,-8.476030826568603516e-01,-8.601415157318115234e-01,-1.469579786062240601e-01,4.677318632602691650e-01,2.618995308876037598e-01,-1.232037901878356934e+00,-4.776715040206909180e-01,-8.215591311454772949e-01,-1.737910866737365723e+00,1.066670536994934082e+00,-2.045170545578002930e+00,-1.455793380737304688e+00,2.062421083450317383e+00,-1.810263037681579590e+00,-1.261907577514648438e+00,-7.795202136039733887e-01,-1.298412680625915527e+00,-1.450781345367431641e+00,-1.120529413223266602e+00,-1.618835330009460449e+00,-1.195293545722961426e+00,-1.002873301506042480e+00,-1.153194427490234375e+00,-1.341693520545959473e+00,3.788329660892486572e-01,1.223098874092102051e+00,7.877063751220703125e-01,-4.913541972637176514e-01,-1.810946166515350342e-01,-6.120132803916931152e-01
-9.157563447952270508e-01,-1.140341758728027344e+00,-1.447040200233459473e+00,-1.196352958679199219e+00,-1.014647603034973145e+00,2.927933037281036377e-01,-1.506805419921875000e+00,-1.138038516044616699e+00,6.192938685417175293e-01,1.775166839361190796e-01,-9.873582124710083008e-01,6.918770074844360352e-01,-1.457191944122314453e+00,-1.331044912338256836e+00,1.044715881347656250e+00,-1.192412734031677246e+00,-1.294255137443542480e+00,-8.648588061332702637e-01,-8.409328460693359375e-01,-9.216766953468322754e-01,-8.771749734878540039e-01,-1.205323457717895508e+00,-1.000413537025451660e+00,-8.976594805717468262e-01,-6.161832213401794434e-01,-7.319571375846862793e-01,1.141209602355957031e-01,3.462081402540206909e-02,-9.030584990978240967e-02,-1.410221099853515625e+00,6.926938891410827637e-01,-2.289098054170608521e-01
-1.276026517152786255e-01,-2.850935608148574829e-02,-1.185125470161437988e+00,-2.576398253440856934e-01,-8.537948131561279297e-01,2.547266185283660889e-01,1.781178414821624756e-01,-1.430120468139648438e+00,-1.011588215827941895e+00,-5.748682022094726562e-01,-1.806806564331054688e+00,1.315081119537353516e-01,-1.505886793136596680e+00,-7.024396657943725586e-01,1.134581804275512695e+00,-4.229653477668762207e-01,-8.812357187271118164e-01,-4.096138477325439453e-01,-4.102464020252227783e-01,-9.669402241706848145e-01,-7.105377912521362305e-01,-9.107760190963745117e-01,-1.119365572929382324e+00,-7.998962998390197754e-01,-5.384234189987182617e-01,-7.195983529090881348e-01,-3.705668151378631592e-01,1.466912269592285156e+00,1.222445368766784668e+00,-1.287770271301269531e+00,9.647200703620910645e-01,4.712245762348175049e-01
-1.051317453384399414e+00,-8.189458250999450684e-01,-9.676490426063537598e-01,-7.893035411834716797e-01,-7.863478064537048340e-01,2.121643722057342529e-01,4.435936808586120605e-01,-1.421432733535766602e+00,-2.731747031211853027e-01,5.301560163497924805e-01,-1.256336331367492676e+00,1.302038311958312988e+00,-1.237401366233825684e+00,-1.516877770423889160e+00,1.609045743942260742e+00,-1.186657309532165527e+00,-1.448857784271240234e+00,-1.132059097290039062e+00,-8.177587985992431641e-01,-1.412388443946838379e+00,-1.723023891448974609e+00,-1.319723129272460938e+00,-1.388388872146606445e+00,-1.785135269165039062e+00,-9.548609852790832520e-01,-9.253983497619628906e-01,5.355748906731605530e-02,1.279471635818481445e+00,1.190488100051879883e+00,-6.622229218482971191e-01,7.566568851470947266e-01,-8.418387174606323242e-01
-1.970885843038558960e-01,-4.129635393619537354e-01,-7.187529206275939941e-01,7.091373801231384277e-01,-5.513784885406494141e-01,1.024825096130371094e+00,8.004835844039916992e-01,-3.458308875560760498e-01,-4.438601434230804443e-02,1.548779845237731934e+00,-6.752403974533081055e-01,2.200025796890258789e+00,3.688077926635742188e-01,3.410802483558654785e-01,2.123986482620239258e+00,1.184635639190673828e+00,-4.320295751094818115e-01,3.903582394123077393e-01,4.795863926410675049e-01,1.663027703762054443e-01,-8.799531310796737671e-02,5.771293491125106812e-02,-5.415310859680175781e-01,-7.666993141174316406e-01,1.467102915048599243e-01,-4.347472488880157471e-01,-5.460463762283325195e-01,3.477221429347991943e-01,7.583465427160263062e-02,2.885476648807525635e-01,5.188304781913757324e-01,-5.400806665420532227e-01
-2.486245393753051758e+00,-2.539216041564941406e+00,-1.307153463363647461e+00,-1.259855985641479492e+00,-1.193449139595031738e+00,7.948725223541259766e-01,-2.245662957429885864e-01,-2.254550933837890625e+00,4.484478384256362915e-02,-1.588524103164672852e+00,-2.433972120285034180e+00,-7.856701314449310303e-02,-2.980298995971679688e+00,-2.222316741943359375e+00,1.810081124305725098e+00,-2.732334613800048828e+00,-1.849956274032592773e+00,-1.279560446739196777e+00,-2.359095811843872070e+00,-2.174687862396240234e+00,-2.145033836364746094e+00,-2.088561534881591797e+00,-2.125231504440307617e+00,-1.311847329139709473e+00,-2.030362844467163086e+00,-1.677372574806213379e+00,1.341697573661804199e+00,3.547822535037994385e-01,1.590486884117126465e+00,-8.166285753250122070e-01,1.328551173210144043e+00,1.179965972900390625e+00
7.690935744903981686e-04,-1.123229622840881348e+00,-9.467234611511230469e-01,3.928977549076080322e-01,-5.114922523498535156e-01,1.461346745491027832e+00,6.092380285263061523e-01,-1.011306762695312500e+00,3.968362230807542801e-03,-2.826370894908905029e-01,-1.131369829177856445e+00,2.645296335220336914e+00,-1.087908267974853516e+00,-9.616009593009948730e-01,2.640041351318359375e+00,-9.159901738166809082e-01,-1.424691438674926758e+00,4.651466310024261475e-01,-1.335764646530151367e+00,-1.745392441749572754e+00,-6.567512750625610352e-01,-1.468402385711669922e+00,-1.232845664024353027e+00,-1.308574676513671875e+00,-1.220359206199645996e+00,-1.314096331596374512e+00,-1.178669810295104980e+00,1.727642118930816650e-01,-1.345404148101806641e+00,-2.430491447448730469e+00,4.658714830875396729e-01,1.022585853934288025e-01
1.612254142761230469e+00,1.404296755790710449e+00,9.902645945549011230e-01,2.909420728683471680e+00,1.106974482536315918e+00,2.674791097640991211e+00,3.214843988418579102e+00,-5.361973047256469727e-01,3.678189814090728760e-01,9.179854989051818848e-01,-5.889365673065185547e-01,1.274274945259094238e+00,-6.086407899856567383e-01,-2.796132266521453857e-01,1.778282165527343750e+00,2.591237425804138184e-01,-5.210102796554565430e-01,1.277225494384765625e+00,6.736238002777099609e-01,-1.672303117811679840e-02,-2.452965229749679565e-01,-1.759311705827713013e-01,-2.959125041961669922e-01,-1.708418428897857666e-01,4.415057003498077393e-01,7.453331351280212402e-02,1.907291769981384277e+00,1.725062131881713867e+00,2.202683687210083008e+00,5.848838090896606445e-01,1.441560626029968262e+00,7.676719129085540771e-02
-8.058094382286071777e-01,-9.603236913681030273e-01,-5.035713911056518555e-01,2.906470894813537598e-01,5.604346394538879395e-01,2.198326826095581055e+00,1.876866579055786133e+00,-8.178369142115116119e-03,2.366359472274780273e+00,1.805604934692382812e+00,-7.321624755859375000e-01,1.535349130630493164e+00,-7.562966942787170410e-01,-5.066709518432617188e-01,1.095629453659057617e+00,-7.842516303062438965e-01,-1.169286370277404785e+00,-6.643037199974060059e-01,-1.387320518493652344e+00,-1.107086658477783203e+00,-1.015786767005920410e+00,-1.157299757003784180e+00,-1.237003564834594727e+00,-1.576169967651367188e+00,-9.223135113716125488e-01,-1.240549087524414062e+00,-1.457693815231323242e+00,2.869464755058288574e-01,-1.095080256462097168e+00,-1.484356284141540527e+00,-1.224065423011779785e+00,-9.233306050300598145e-01
7.857126593589782715e-01,8.456693291664123535e-01,-2.985502183437347412e-01,3.384437859058380127e-01,-3.922584652900695801e-01,1.716493844985961914e+00,1.174426317214965820e+00,-2.455397397279739380e-01,1.102677106857299805e+00,1.642776250839233398e+00,-2.039127200841903687e-01,1.036436557769775391e+00,-2.515529282391071320e-02,-4.008933603763580322e-01,1.614264130592346191e+00,5.783776640892028809e-01,-8.576650619506835938e-01,5.272517204284667969e-01,4.745870232582092285e-01,-2.452665418386459351e-01,-7.746008634567260742e-01,-5.685034990310668945e-01,-3.656166791915893555e-01,-4.649495184421539307e-01,-4.348632097244262695e-01,-3.710597753524780273e-01,6.977925896644592285e-01,5.556015372276306152e-01,9.689674377441406250e-01,4.424761235713958740e-01,1.824919581413269043e-01,9.294837117195129395e-01
7.812318801879882812e-01,2.593442201614379883e-01,-4.682294130325317383e-01,1.643864154815673828e+00,5.975092649459838867e-01,3.230720043182373047e+00,2.714334487915039062e+00,-3.156926035881042480e-01,1.666092753410339355e+00,1.314905047416687012e+00,-6.839567422866821289e-01,2.037640333175659180e+00,-2.814781069755554199e-01,9.327435493469238281e-02,1.968040347099304199e+00,6.074318289756774902e-01,-6.134396195411682129e-01,1.121595382690429688e+00,-2.045308239758014679e-02,-4.747719168663024902e-01,8.054044842720031738e-02,-5.774527192115783691e-01,-4.192970991134643555e-01,-4.221433103084564209e-01,-3.898600935935974121e-01,-8.548142313957214355e-01,-6.113355159759521484e-01,4.981936812400817871e-01,7.513428330421447754e-01,4.661141708493232727e-02,1.629676938056945801e+00,7.981078028678894043e-01
1.158990561962127686e-01,1.171546205878257751e-01,1.051497645676136017e-02,9.809687733650207520e-01,6.142810583114624023e-01,2.481514453887939453e+00,1.957638978958129883e+00,-4.196909070014953613e-01,9.956001043319702148e-01,4.534397423267364502e-01,-8.342538475990295410e-01,2.219113111495971680e+00,-8.951764702796936035e-01,-1.069982886314392090e+00,2.181779861450195312e+00,-9.811746478080749512e-01,-8.549578189849853516e-01,1.019278317689895630e-01,-5.098559260368347168e-01,-5.461161732673645020e-01,-1.036235332489013672e+00,-8.793697357177734375e-01,-1.011030554771423340e+00,-1.030621528625488281e+00,-9.273046851158142090e-01,-3.943061232566833496e-01,-6.783948838710784912e-02,-4.284268021583557129e-01,2.035522699356079102e+00,4.520199596881866455e-01,8.645660877227783203e-01,7.109755277633666992e-01
3.376320898532867432e-01,-2.392447888851165771e-01,-4.129840433597564697e-01,3.709726631641387939e-01,5.794296264648437500e-01,3.004648447036743164e+00,2.074348926544189453e+00,-7.643520832061767578e-02,2.312981605529785156e+00,2.262536525726318359e+00,-4.962244331836700439e-01,2.019817113876342773e+00,-3.512333929538726807e-01,-3.165921941399574280e-02,1.635235428810119629e+00,2.090207301080226898e-02,-7.626741528511047363e-01,3.303718566894531250e-01,-2.396695017814636230e-01,-4.716251790523529053e-01,-3.958744108676910400e-01,-6.104573011398315430e-01,-8.418172597885131836e-01,-7.218737602233886719e-01,-7.635585665702819824e-01,-9.397239089012145996e-01,-3.831685781478881836e-01,-4.517390727996826172e-01,-3.923921659588813782e-02,3.805604949593544006e-02,3.591500222682952881e-01,-5.503724217414855957e-01
-6.479780673980712891e-01,-5.714859366416931152e-01,-7.400332093238830566e-01,-3.932565450668334961e-01,-2.483410090208053589e-01,1.782277703285217285e+00,1.750910639762878418e+00,-3.505285084247589111e-02,8.178266882896423340e-01,1.081534147262573242e+00,-1.116531610488891602e+00,1.297096967697143555e+00,-5.593040585517883301e-01,-2.851551473140716553e-01,1.137259364128112793e+00,-7.010835409164428711e-02,-7.738869190216064453e-01,-1.972401589155197144e-01,-4.601878523826599121e-01,-7.803829312324523926e-01,-5.614926815032958984e-01,-6.835126876831054688e-01,-1.204557418823242188e+00,-1.089617133140563965e+00,-8.164594173431396484e-01,-9.315073490142822266e-01,-2.959613800048828125e-01,2.124213427305221558e-01,-5.217517018318176270e-01,-8.111920356750488281e-01,3.280593156814575195e-01,-1.827322840690612793e+00
-1.029649138450622559e+00,-4.863150417804718018e-01,-1.103404879570007324e+00,-1.320648312568664551e+00,-1.125871419906616211e+00,2.808913886547088623e-01,-8.692621588706970215e-01,-9.371072053909301758e-01,7.379318028688430786e-02,6.803305745124816895e-01,-9.012998938560485840e-01,-5.123001337051391602e-01,-9.170448780059814453e-01,-1.616965293884277344e+00,3.435153365135192871e-01,-1.048837304115295410e+00,-1.292818784713745117e+00,-9.914038181304931641e-01,-1.410025835037231445e+00,-9.813134670257568359e-01,-1.326025962829589844e+00,-1.595675587654113770e+00,-9.025256633758544922e-01,-7.118119597434997559e-01,-1.071265339851379395e+00,-9.409394264221191406e-01,7.201457023620605469e-01,-2.853398025035858154e-01,1.092575550079345703e+00,-7.272062301635742188e-01,-9.851211905479431152e-01,2.098645083606243134e-02
-1.449005722999572754e+00,-1.526484370231628418e+00,-1.675699234008789062e+00,-1.612571001052856445e+00,-1.450846314430236816e+00,6.980401873588562012e-01,-2.059127807617187500e+00,-6.058785319328308105e-01,-7.513508796691894531e-01,-1.820706874132156372e-01,-1.083196759223937988e+00,5.663329362869262695e-01,-2.211629450321197510e-01,-1.055788636207580566e+00,6.443453431129455566e-01,-5.916330218315124512e-01,-1.148866295814514160e+00,-1.111434221267700195e+00,-1.563157081604003906e+00,-1.054409742355346680e+00,-6.563419103622436523e-01,-1.182928562164306641e+00,-1.350647091865539551e+00,-8.304995298385620117e-01,-1.142427563667297363e+00,-1.454393506050109863e+00,-1.241573572158813477e+00,-1.349346637725830078e+00,-1.520496368408203125e+00,-1.884771347045898438e+00,-8.334404826164245605e-01,-1.925992131233215332e+00
1.804159760475158691e+00,1.668219447135925293e+00,-1.475852131843566895e-01,1.732680678367614746e+00,-4.174325764179229736e-01,1.389126777648925781e+00,-8.727076649665832520e-02,-6.568919420242309570e-01,-1.081986546516418457e+00,1.222204696387052536e-02,1.457630097866058350e-02,8.036887645721435547e-01,3.853418827056884766e-01,3.797625005245208740e-01,1.308196187019348145e+00,1.162592172622680664e+00,-3.363171815872192383e-01,1.105438470840454102e+00,9.282001852989196777e-01,1.654714345932006836e-01,2.151286900043487549e-01,-1.563037931919097900e-01,5.115691572427749634e-02,-1.982071697711944580e-01,2.063358724117279053e-01,-2.845381200313568115e-01,1.063933730125427246e+00,1.145777463912963867e+00,1.496006608009338379e+00,-2.564735710620880127e-01,5.946708321571350098e-01,1.417226433753967285e+00
-1.405067086219787598e+00,-1.270712018013000488e+00,-1.204903721809387207e+00,-9.011614322662353516e-01,1.674242019653320312e-01,1.102510809898376465e+00,1.025398731231689453e+00,-6.307343244552612305e-01,1.373328566551208496e-01,7.110567092895507812e-01,-1.005020022392272949e+00,5.551977157592773438e-01,-9.920570254325866699e-01,-5.405518412590026855e-01,1.247256159782409668e+00,-9.871419668197631836e-01,-6.314700841903686523e-01,-8.588198423385620117e-01,-1.018136501312255859e+00,-7.715404629707336426e-01,-5.401731133460998535e-01,-9.987571835517883301e-01,-1.332675218582153320e+00,-7.781363725662231445e-01,-1.049029111862182617e+00,-1.353848814964294434e+00,-1.934670567512512207e+00,-7.255849242210388184e-01,8.475856184959411621e-01,-4.030566513538360596e-01,4.781680405139923096e-01,-1.964595466852188110e-01
-1.368752479553222656e+00,-1.581489920616149902e+00,-6.237843036651611328e-01,-1.343370676040649414e+00,-5.841702222824096680e-01,4.508492946624755859e-01,-8.977854251861572266e-01,-5.120017528533935547e-01,-6.590921878814697266e-01,-1.612986177206039429e-01,-1.152043342590332031e+00,2.930433750152587891e-01,-1.126166939735412598e+00,-1.169737219810485840e+00,6.377393007278442383e-01,-1.286912322044372559e+00,-1.326000452041625977e+00,-1.647607564926147461e+00,-1.847807765007019043e+00,-1.130542874336242676e+00,-1.996981501579284668e+00,-1.510138511657714844e+00,-1.408694744110107422e+00,-1.785744547843933105e+00,-1.625125646591186523e+00,-1.231440424919128418e+00,1.832356303930282593e-01,-1.628414273262023926e+00,-1.008809581398963928e-01,-1.016571998596191406e+00,-1.578639149665832520e-01,-1.178610801696777344e+00
-4.429310262203216553e-01,-1.382931023836135864e-01,-1.325408577919006348e+00,2.133112698793411255e-01,-9.741401672363281250e-01,1.421242475509643555e+00,-7.613185644149780273e-01,-4.538287520408630371e-01,2.222512066364288330e-01,-6.820225715637207031e-02,-2.031597495079040527e-01,1.019877314567565918e+00,-1.941483914852142334e-01,-1.370171457529067993e-01,9.027831554412841797e-01,-3.424874842166900635e-01,-5.964351296424865723e-01,-1.304364949464797974e-02,-4.477285221219062805e-02,-1.326986849308013916e-01,-4.305709004402160645e-01,-3.566136956214904785e-01,-3.923097848892211914e-01,-4.928719103336334229e-01,-3.297339007258415222e-02,-3.504375219345092773e-01,-2.756485342979431152e-01,-9.402000308036804199e-01,-5.756012350320816040e-02,-4.576099216938018799e-01,-5.359478592872619629e-01,-7.502381801605224609e-01
-2.379040479660034180e+00,-1.760761141777038574e+00,-1.394381880760192871e+00,-2.065822601318359375e+00,-1.135123729705810547e+00,5.546028017997741699e-01,-4.831947982311248779e-01,-1.497471690177917480e+00,-4.185360372066497803e-01,-1.184440493583679199e+00,-1.578439116477966309e+00,-3.604521751403808594e-01,-1.757472872734069824e+00,-1.496499776840209961e+00,3.997059762477874756e-01,-1.477460265159606934e+00,-1.234742760658264160e+00,-2.343965530395507812e+00,-8.953919410705566406e-01,-1.277051448822021484e+00,-1.951747179031372070e+00,-1.369226932525634766e+00,-1.689171910285949707e+00,-1.808096408843994141e+00,-1.782543182373046875e+00,-1.806067347526550293e+00,-1.021972894668579102e+00,-3.410637080669403076e-01,5.647478699684143066e-01,-1.266041040420532227e+00,7.467707395553588867e-01,-9.316446185111999512e-01
-7.923001050949096680e-01,-1.291363358497619629e+00,-8.656079173088073730e-01,-1.238887667655944824e+00,-9.970583915710449219e-01,-2.525273561477661133e-01,-1.924230933189392090e+00,-8.324674367904663086e-01,9.028597176074981689e-02,-8.717433214187622070e-01,-9.993810057640075684e-01,-2.346553280949592590e-02,-1.466123104095458984e+00,-1.230204463005065918e+00,-3.528576493263244629e-01,-1.975017666816711426e+00,-1.552433729171752930e+00,-2.606611251831054688e+00,-2.068195819854736328e+00,-1.573167204856872559e+00,-1.828567743301391602e+00,-1.916007280349731445e+00,-1.831162571907043457e+00,-2.072593212127685547e+00,-2.198465108871459961e+00,-1.842877507209777832e+00,-1.176854610443115234e+00,-2.216211080551147461e+00,-1.476108789443969727e+00,-1.319929599761962891e+00,-2.790827453136444092e-01,-1.312001109123229980e+00
4.461411535739898682e-01,3.060696721076965332e-01,1.584339886903762817e-01,8.863320946693420410e-01,1.592181064188480377e-02,9.310328960418701172e-01,2.577562332153320312e-01,-5.318864583969116211e-01,5.608924031257629395e-01,-2.871370911598205566e-01,-9.078474044799804688e-01,3.737477958202362061e-01,-8.729650378227233887e-01,-1.346596777439117432e-01,5.399773716926574707e-01,-6.918879747390747070e-01,-7.041082382202148438e-01,-2.459989041090011597e-01,-5.646665096282958984e-01,-3.757872581481933594e-01,-6.277503967285156250e-01,-7.872405052185058594e-01,-7.744143605232238770e-01,-5.596662759780883789e-01,-1.171963810920715332e+00,-7.696698307991027832e-01,8.196696043014526367e-01,-7.649485468864440918e-01,1.056861400604248047e+00,5.970010757446289062e-01,1.374278962612152100e-01,6.503968834877014160e-01
-9.071626067161560059e-01,-6.231794357299804688e-01,-1.092472672462463379e+00,-8.622144460678100586e-01,-4.039954841136932373e-01,1.035271525382995605e+00,7.283467054367065430e-02,-3.864963352680206299e-01,1.598928809165954590e+00,4.127595722675323486e-01,-4.745113849639892578e-01,9.869658350944519043e-01,-5.120922327041625977e-01,-3.639514148235321045e-01,3.836989700794219971e-01,-3.356070816516876221e-01,-7.854769825935363770e-01,-1.165280714631080627e-01,-9.919289499521255493e-02,-7.823891043663024902e-01,-4.558617174625396729e-01,-4.595330357551574707e-01,-9.287153482437133789e-01,-6.853170394897460938e-01,-8.578535914421081543e-01,-1.102750778198242188e+00,-1.368176341056823730e+00,4.321036115288734436e-02,7.837638854980468750e-01,-5.074253082275390625e-01,3.461897373199462891e-02,3.716396391391754150e-01
-7.145882248878479004e-01,-8.966159820556640625e-01,-1.415536999702453613e+00,-1.373587489128112793e+00,-1.045118093490600586e+00,5.332893729209899902e-01,-1.035560727119445801e+00,-1.294106692075729370e-01,1.238106012344360352e+00,2.528469562530517578e-01,-8.129827380180358887e-01,7.499202489852905273e-01,-1.037641987204551697e-01,2.056059539318084717e-01,-3.572551608085632324e-01,3.038300573825836182e-01,-5.903256535530090332e-01,-1.679330229759216309e+00,2.465436160564422607e-01,-7.404578924179077148e-01,-1.539360642433166504e+00,-4.499059021472930908e-01,-1.200445175170898438e+00,-1.855672359466552734e+00,-1.149421215057373047e+00,-1.376364827156066895e+00,-3.724420964717864990e-01,-1.238037943840026855e+00,-1.304263234138488770e+00,-1.141476869583129883e+00,-1.130059719085693359e+00,-1.839958667755126953e+00
-1.056968688964843750e+00,-6.915629506111145020e-01,-9.100462198257446289e-01,-1.013975977897644043e+00,-8.811267018318176270e-01,3.116487562656402588e-01,-6.333563327789306641e-01,-1.328753948211669922e+00,5.268287658691406250e-01,-2.793430685997009277e-01,-9.935455918312072754e-01,-6.275478601455688477e-01,-1.227485299110412598e+00,-1.780482411384582520e+00,3.740634918212890625e-01,-1.603231430053710938e+00,-1.311868667602539062e+00,-1.326214909553527832e+00,-1.003034234046936035e+00,-9.299557805061340332e-01,-1.479895830154418945e+00,-1.496624469757080078e+00,-1.096490383148193359e+00,-5.412312746047973633e-01,-1.396486282348632812e+00,-1.102928161621093750e+00,1.752845197916030884e-01,-1.130452275276184082e+00,1.501247882843017578e+00,1.948476433753967285e-01,9.771214127540588379e-01,8.898914456367492676e-01
7.546814084053039551e-01,6.818865984678268433e-02,-3.455546796321868896e-01,-2.819567620754241943e-01,3.784617483615875244e-01,1.537253737449645996e+00,1.602798849344253540e-01,1.076111197471618652e-01,1.146925427019596100e-02,7.323687672615051270e-01,-4.906018078327178955e-01,1.499173998832702637e+00,4.338485598564147949e-01,7.271746397018432617e-01,9.631758928298950195e-01,6.462033987045288086e-01,-2.548756003379821777e-01,1.825101971626281738e-01,-9.634169749915599823e-03,3.712182864546775818e-02,-1.888624727725982666e-01,1.545935422182083130e-01,-2.182324528694152832e-01,-8.756384253501892090e-01,-1.577686667442321777e-01,-4.163786768913269043e-01,-2.099093496799468994e-01,-2.797473073005676270e-01,-6.522707939147949219e-01,3.459640592336654663e-02,-3.574382960796356201e-01,-4.520327746868133545e-01
9.165254831314086914e-01,5.745381712913513184e-01,1.180848572403192520e-02,2.604303061962127686e-01,3.063068687915802002e-01,1.502906441688537598e+00,6.922346949577331543e-01,-5.303960442543029785e-01,1.131694316864013672e+00,-3.461233079433441162e-01,-9.968438744544982910e-01,4.705632328987121582e-01,-1.309104442596435547e+00,-2.294892221689224243e-01,3.585255742073059082e-01,-9.496910572052001953e-01,-6.061983108520507812e-01,-6.724325418472290039e-01,-5.736106634140014648e-01,-3.412762284278869629e-01,-8.194084763526916504e-01,-7.329169511795043945e-01,-1.105819582939147949e+00,-1.178467512130737305e+00,-1.461379528045654297e+00,-6.904830336570739746e-01,-5.982086658477783203e-01,4.384530782699584961e-01,7.634485363960266113e-01,-1.129581183195114136e-01,6.200674176216125488e-01,4.098401218652725220e-02
-2.989433333277702332e-02,-8.444678783416748047e-01,-1.913976073265075684e-01,-8.998857736587524414e-01,1.471868306398391724e-01,1.060951232910156250e+00,-1.831770129501819611e-02,3.785066306591033936e-01,1.785992264747619629e+00,9.366875886917114258e-01,2.844465672969818115e-01,1.173150181770324707e+00,-6.872607395052909851e-03,-7.357528805732727051e-02,4.956698119640350342e-01,-7.777136564254760742e-02,-4.403166770935058594e-01,-1.189350262284278870e-01,6.078770756721496582e-01,-2.127754837274551392e-01,-1.701382100582122803e-01,-3.838158845901489258e-01,-5.314827561378479004e-01,-4.542784392833709717e-01,-5.479949116706848145e-01,-6.904256939888000488e-01,-3.916447758674621582e-01,-8.437221050262451172e-01,3.787094354629516602e-01,-5.648928880691528320e-01,-1.612454771995544434e+00,-1.569002747535705566e+00
-4.794462323188781738e-01,1.019582897424697876e-02,-4.355578720569610596e-01,1.036459230817854404e-03,-4.803678691387176514e-01,8.428682088851928711e-01,-6.609637141227722168e-01,-7.835292816162109375e-01,2.841393053531646729e-01,-4.177275896072387695e-01,-1.185018062591552734e+00,-8.684660196304321289e-01,-1.628564476966857910e+00,-1.109158873558044434e+00,-3.962856829166412354e-01,-1.271928668022155762e+00,-1.139089941978454590e+00,-1.710245847702026367e+00,-1.357532620429992676e+00,-1.115173339843750000e+00,-1.555376410484313965e+00,-1.327273130416870117e+00,-9.679672718048095703e-01,-6.795201897621154785e-01,-1.200610995292663574e+00,-1.138538479804992676e+00,1.173224091529846191e+00,-1.043660759925842285e+00,2.627079486846923828e-01,-1.027837097644805908e-01,7.223173975944519043e-01,6.012453436851501465e-01
-3.787952959537506104e-01,-6.907511353492736816e-01,-8.095697760581970215e-01,-1.058782935142517090e-01,-3.011085651814937592e-02,1.506755113601684570e+00,-3.223043307662010193e-02,-1.270996034145355225e-01,7.908968329429626465e-01,5.986102819442749023e-01,-2.710078954696655273e-01,1.358737111091613770e+00,1.333130896091461182e-01,1.119366288185119629e-01,1.107336640357971191e+00,1.516297087073326111e-02,-6.321650743484497070e-01,2.809068858623504639e-01,-7.289161086082458496e-01,-2.199277728796005249e-01,9.195788949728012085e-02,-1.972065865993499756e-01,-4.721015095710754395e-01,-3.269042968750000000e-01,-3.923557102680206299e-01,-8.973786234855651855e-01,-1.001255035400390625e+00,-1.186454296112060547e+00,-6.840424537658691406e-01,-8.996258974075317383e-01,-6.073167324066162109e-01,-7.427665591239929199e-02
1.429912090301513672e+00,1.293376564979553223e+00,6.924863457679748535e-01,1.535873055458068848e+00,9.505353569984436035e-01,2.367605686187744141e+00,9.846200942993164062e-01,-4.731285870075225830e-01,1.315936326980590820e+00,-2.931311130523681641e-01,-5.388893485069274902e-01,5.095077157020568848e-01,-8.475883603096008301e-01,7.383448630571365356e-02,7.279765605926513672e-01,-2.866942584514617920e-01,-2.380431890487670898e-01,7.024834305047988892e-02,3.906265497207641602e-01,9.838693588972091675e-02,-3.223882019519805908e-01,-4.779601097106933594e-01,6.246700510382652283e-02,-1.593525707721710205e-01,-2.380390465259552002e-01,-4.832901433110237122e-02,8.923997879028320312e-01,1.333032727241516113e+00,1.605653882026672363e+00,2.164064943790435791e-01,1.301757335662841797e+00,3.668783307075500488e-01
-1.045432209968566895e+00,-1.238241195678710938e+00,-1.097584128379821777e+00,-1.194280028343200684e+00,8.359113931655883789e-01,1.541005373001098633e+00,6.818110346794128418e-01,6.367997527122497559e-01,1.585486769676208496e+00,1.152922391891479492e+00,7.820132374763488770e-02,2.160368919372558594e+00,2.497711330652236938e-01,2.411778271198272705e-01,7.752548456192016602e-01,1.854284554719924927e-01,-2.962516844272613525e-01,2.436351925134658813e-01,2.464785277843475342e-01,-5.824204161763191223e-02,-1.599487215280532837e-01,-2.299375385046005249e-01,-5.456039905548095703e-01,-1.138411760330200195e+00,-5.768811702728271484e-01,-5.234391093254089355e-01,-2.884273290634155273e+00,-2.815702855587005615e-01,4.592286944389343262e-01,-5.456006526947021484e-01,5.333627462387084961e-01,-6.182029843330383301e-01
-1.648869752883911133e+00,-1.476511836051940918e+00,-7.186068296432495117e-01,-8.403292298316955566e-01,-5.098575353622436523e-01,2.928256392478942871e-01,-1.233304738998413086e+00,1.592753976583480835e-01,4.895077943801879883e-01,-1.845906972885131836e-01,-4.820000529289245605e-01,2.129250019788742065e-01,-5.664644241333007812e-01,-4.145938158035278320e-02,-2.554475069046020508e-01,-7.087466120719909668e-01,-7.323454022407531738e-01,-1.592723250389099121e+00,-8.177457451820373535e-01,-7.868206501007080078e-01,-1.425830602645874023e+00,-8.683620095252990723e-01,-1.121764898300170898e+00,-8.518590927124023438e-01,-1.398578405380249023e+00,-1.101796150207519531e+00,9.032012820243835449e-01,-1.755218148231506348e+00,7.472612261772155762e-01,-1.766461879014968872e-01,-8.481473922729492188e-01,2.684654295444488525e-02
-1.205738067626953125e+00,-1.522165775299072266e+00,-1.200772762298583984e+00,-1.332487940788269043e+00,-6.596925854682922363e-01,6.399537324905395508e-01,-4.839798510074615479e-01,-8.331749439239501953e-01,7.484605908393859863e-01,-8.821473717689514160e-01,-1.271952152252197266e+00,-2.422511726617813110e-01,-1.450596094131469727e+00,-1.320183277130126953e+00,3.374174237251281738e-01,-1.677040815353393555e+00,-1.480345010757446289e+00,-1.635616064071655273e+00,-1.863730192184448242e+00,-1.570295333862304688e+00,-1.501859784126281738e+00,-1.455914497375488281e+00,-1.597939372062683105e+00,-1.764054298400878906e+00,-2.146744966506958008e+00,-1.789185643196105957e+00,-1.881713151931762695e+00,-3.055916547775268555e+00,-1.514234781265258789e+00,-1.301165699958801270e+00,-9.887892007827758789e-01,-5.247345566749572754e-01
7.195371985435485840e-01,6.509419679641723633e-01,-1.971975415945053101e-01,9.848754405975341797e-01,1.216530874371528625e-01,9.705226421356201172e-01,-1.224320292472839355e+00,-2.569347620010375977e-01,-2.387898787856101990e-02,-1.958407461643218994e-01,3.019528687000274658e-01,2.588563263416290283e-01,-1.433951258659362793e-01,-2.742564678192138672e-01,4.267361164093017578e-01,-8.595610409975051880e-02,-4.293090999126434326e-01,1.754623055458068848e-01,1.620623618364334106e-01,3.034742176532745361e-02,-2.696380615234375000e-01,-3.765893280506134033e-01,-1.307524926960468292e-02,-8.533387780189514160e-01,-4.915075004100799561e-01,-1.951732635498046875e-01,-2.520352369174361229e-03,-2.816011607646942139e-01,3.102959096431732178e-01,-5.839294195175170898e-01,-3.236926496028900146e-01,-9.855574369430541992e-01
-1.014133453369140625e+00,-5.477498173713684082e-01,-1.116381764411926270e+00,-3.660694062709808350e-01,-5.183252096176147461e-01,3.831895589828491211e-01,-1.227024316787719727e+00,-3.446612060070037842e-01,4.366804063320159912e-01,-6.327924132347106934e-01,-7.317041158676147461e-01,4.691153168678283691e-01,-7.237043976783752441e-01,-8.925060927867889404e-02,-1.188896149396896362e-01,-4.273186028003692627e-01,-6.340118050575256348e-01,-4.650601446628570557e-01,-9.917857050895690918e-01,-6.728443503379821777e-01,-4.231682717800140381e-01,-6.238905191421508789e-01,-7.521145343780517578e-01,-6.184356212615966797e-01,-6.997113227844238281e-01,-1.100794553756713867e+00,-1.375302314758300781e+00,-1.074712872505187988e+00,-5.430410504341125488e-01,-8.961151242256164551e-01,-7.318891286849975586e-01,-3.215358555316925049e-01
4.546346068382263184e-01,9.023957848548889160e-01,-2.326021343469619751e-01,7.291889190673828125e-01,-2.357866466045379639e-01,5.139811038970947266e-01,-2.303669005632400513e-01,-3.640176355838775635e-02,-5.237320661544799805e-01,2.923751175403594971e-01,3.598488569259643555e-01,-3.553959429264068604e-01,2.927553653717041016e-01,2.605559863150119781e-02,5.335667356848716736e-02,7.692843079566955566e-01,-4.326848387718200684e-01,-1.679099649190902710e-01,7.364151477813720703e-01,3.154221773147583008e-01,-4.992932677268981934e-01,1.585861891508102417e-01,3.667215406894683838e-01,-7.384113669395446777e-01,4.559413790702819824e-01,1.208642721176147461e-01,6.642928719520568848e-01,6.655817031860351562e-01,5.663248524069786072e-02,2.718629837036132812e-01,-4.472170770168304443e-01,-2.989378869533538818e-01
-8.903428316116333008e-01,-4.232892394065856934e-01,-9.754309654235839844e-01,-5.360088348388671875e-01,-3.263480663299560547e-01,3.515912890434265137e-01,-2.871517837047576904e-01,-3.168717324733734131e-01,9.284591078758239746e-01,-1.634946167469024658e-01,-6.598783731460571289e-01,2.003533691167831421e-01,-3.719950914382934570e-01,-3.661484420299530029e-01,1.359324753284454346e-01,-4.204382002353668213e-01,-6.941729187965393066e-01,-9.379320740699768066e-01,-8.570765852928161621e-01,-4.692754447460174561e-01,-7.781105637550354004e-01,-6.068191528320312500e-01,-8.143200278282165527e-01,-7.969892024993896484e-01,-9.231129884719848633e-01,-1.205382227897644043e+00,-1.783524394035339355e+00,-1.133356690406799316e+00,-6.580221652984619141e-01,5.274673923850059509e-02,2.506469786167144775e-01,6.021243333816528320e-01
4.928217828273773193e-01,-1.760891079902648926e-01,7.441849261522293091e-02,-1.766365617513656616e-01,-8.361402153968811035e-01,-2.403343617916107178e-01,-8.423961997032165527e-01,-6.242727860808372498e-02,-1.020075529813766479e-01,2.769130468368530273e-01,5.661923065781593323e-02,-1.576511412858963013e-01,2.712411284446716309e-01,-6.963917613029479980e-01,-1.007131636142730713e-01,5.929862707853317261e-02,-6.895793080329895020e-01,-8.298932015895843506e-02,-3.502932190895080566e-01,-2.457199990749359131e-01,-8.004403710365295410e-01,-3.021284639835357666e-01,-4.430548250675201416e-01,-2.059189081192016602e-01,-1.591883301734924316e-01,-1.937751471996307373e-01,9.248793125152587891e-01,-9.544438123703002930e-01,-9.744869172573089600e-02,8.819186687469482422e-01,-2.858598232269287109e-01,5.106703042984008789e-01
-2.498216480016708374e-01,-1.430338323116302490e-01,-7.738313674926757812e-01,2.267453819513320923e-01,1.440809369087219238e-01,6.504325866699218750e-01,5.641852021217346191e-01,-9.547090530395507812e-02,3.405221700668334961e-01,9.358775615692138672e-01,-3.990436494350433350e-01,5.335823297500610352e-01,2.052485942840576172e-01,1.463853120803833008e-01,3.973410725593566895e-01,-3.880416043102741241e-03,-4.901983439922332764e-01,-2.708323001861572266e-01,-4.671270549297332764e-01,-3.038795888423919678e-01,-1.967092454433441162e-01,-2.572454512119293213e-01,-6.060377955436706543e-01,-4.137526750564575195e-01,-5.272380113601684570e-01,-6.800702214241027832e-01,-1.206033706665039062e+00,-3.155267834663391113e-01,8.200810551643371582e-01,7.295581102371215820e-01,-1.449944615364074707e+00,1.107520580291748047e+00
-2.632640600204467773e-01,-5.008619427680969238e-01,-3.017005622386932373e-01,-9.328132867813110352e-01,-4.377680271863937378e-02,8.985613584518432617e-01,1.051959469914436340e-01,3.562165796756744385e-01,5.722240209579467773e-01,1.230988740921020508e+00,3.480224907398223877e-01,7.880374193191528320e-01,6.922298073768615723e-01,-6.084988266229629517e-02,3.333130776882171631e-01,7.805342674255371094e-01,-3.532687127590179443e-01,-1.747272461652755737e-01,5.753682851791381836e-01,1.442825142294168472e-02,-4.885986745357513428e-01,3.086522594094276428e-02,-6.079533696174621582e-01,-8.189232349395751953e-01,-1.457240134477615356e-01,-5.183996558189392090e-01,4.049516320228576660e-01,-5.488967522978782654e-02,1.506025195121765137e-01,3.102258145809173584e-01,-9.510960578918457031e-01,-9.296302199363708496e-01
4.856658577919006348e-01,8.240762352943420410e-01,2.221914678812026978e-01,6.547232866287231445e-01,3.630303442478179932e-01,1.760834932327270508e+00,4.875125586986541748e-01,1.913002692162990570e-02,8.475779294967651367e-01,9.512495994567871094e-01,-4.280489087104797363e-01,2.639585174620151520e-02,-1.633046567440032959e-01,2.678382210433483124e-03,1.628062501549720764e-02,3.626069426536560059e-02,-4.324862658977508545e-01,-4.107524454593658447e-01,-3.443174362182617188e-01,-9.883352369070053101e-02,-5.322741270065307617e-01,-5.899282097816467285e-01,-2.391593903303146362e-01,-5.045874714851379395e-01,-9.079749584197998047e-01,-6.357894539833068848e-01,7.367530465126037598e-01,-2.269586771726608276e-01,1.937378197908401489e-01,5.790893435478210449e-01,7.383518218994140625e-01,9.759615659713745117e-01
-1.541230082511901855e+00,-1.351499319076538086e+00,-1.059884667396545410e+00,-1.800090432167053223e+00,1.408442705869674683e-01,3.027546703815460205e-01,5.412444844841957092e-02,3.688567280769348145e-01,9.985591769218444824e-01,6.419364213943481445e-01,3.080092668533325195e-01,1.048537015914916992e+00,2.769517004489898682e-01,-5.738156288862228394e-02,-1.119903773069381714e-01,-1.240754872560501099e-02,-2.458074092864990234e-01,-4.152348637580871582e-02,3.883481919765472412e-01,2.843533456325531006e-01,3.797541260719299316e-01,-2.238863817183300853e-04,-3.104194998741149902e-01,-4.581429958343505859e-01,2.515780925750732422e-02,-4.531888365745544434e-01,-2.315963983535766602e+00,-2.331752777099609375e+00,-1.689605355262756348e+00,-7.734256982803344727e-01,-2.376762151718139648e+00,-1.284641861915588379e+00
1.473650187253952026e-01,4.459538459777832031e-01,-1.366321146488189697e-01,9.039917588233947754e-01,-5.230004191398620605e-01,1.794988214969635010e-01,-4.264971613883972168e-01,-5.190953612327575684e-01,-3.293969854712486267e-02,1.058764010667800903e-01,-8.548538088798522949e-01,-8.029992580413818359e-01,-4.417836070060729980e-01,-3.490290045738220215e-01,-4.886142164468765259e-02,-2.240369617938995361e-01,-6.759703755378723145e-01,-1.136527061462402344e+00,-8.852500319480895996e-01,-5.608810782432556152e-01,-1.116296887397766113e+00,-6.113093495368957520e-01,-3.382959365844726562e-01,-4.657154679298400879e-01,-5.378854274749755859e-01,-5.842677354812622070e-01,1.185990810394287109e+00,-2.168551534414291382e-01,8.180866241455078125e-01,-5.076980218291282654e-02,2.799560725688934326e-01,8.950923085212707520e-01
-1.345010876655578613e+00,-1.336108207702636719e+00,-1.153517961502075195e+00,-1.289913296699523926e+00,-8.473214507102966309e-01,2.997145056724548340e-01,-8.208075165748596191e-01,-2.034687697887420654e-01,5.607547760009765625e-01,-1.398605294525623322e-02,6.785632669925689697e-02,2.050878405570983887e-01,2.562010660767555237e-02,-7.246690392494201660e-01,-7.362438738346099854e-02,-3.293299376964569092e-01,-6.579796075820922852e-01,-4.577240049839019775e-01,-5.893768742680549622e-02,-9.461497515439987183e-02,-3.620314002037048340e-01,-4.398932158946990967e-01,-5.095032453536987305e-01,-9.931944608688354492e-01,-5.587618947029113770e-01,-2.952796220779418945e-01,-2.214594602584838867e+00,-1.545886635780334473e+00,-9.633088111877441406e-01,-8.177874684333801270e-01,-1.505244255065917969e+00,-1.531864404678344727e+00
2.246756404638290405e-01,8.820041418075561523e-01,-1.452068239450454712e-01,9.742317795753479004e-01,2.759344577789306641e-01,1.220203876495361328e+00,-3.477746546268463135e-01,-3.482079803943634033e-01,6.441133469343185425e-02,-4.667777717113494873e-01,-7.514693140983581543e-01,4.076705276966094971e-01,-5.525421500205993652e-01,-4.326142743229866028e-02,2.109054476022720337e-01,3.254332020878791809e-02,-1.374657601118087769e-01,-6.482910364866256714e-02,1.348393261432647705e-01,-1.011763960123062134e-01,-4.597894549369812012e-01,-1.548423171043395996e-01,-7.535920292139053345e-02,-3.123338222503662109e-01,-4.455704092979431152e-01,-6.705546379089355469e-01,7.998368740081787109e-01,4.478768706321716309e-01,7.857119292020797729e-02,-2.326310053467750549e-02,-4.591992199420928955e-01,5.367110967636108398e-01
-1.076731011271476746e-01,2.469728440046310425e-01,-4.667481184005737305e-01,4.109959304332733154e-01,8.405538797378540039e-01,1.405718326568603516e+00,1.081660270690917969e+00,2.953174412250518799e-01,8.748976588249206543e-01,2.477709501981735229e-01,-3.682950977236032486e-03,1.273861289024353027e+00,1.433176547288894653e-01,4.060279428958892822e-01,1.264533586800098419e-02,2.004283815622329712e-01,-1.327463239431381226e-01,-4.400393962860107422e-01,4.740532338619232178e-01,-1.154534965753555298e-01,-5.282766819000244141e-01,1.354201734066009521e-01,-2.725339531898498535e-01,-1.106485486030578613e+00,-1.928341835737228394e-01,-5.149773955345153809e-01,-6.798350811004638672e-01,-2.076167464256286621e-01,-7.263429462909698486e-02,-7.263541221618652344e-02,-2.130935937166213989e-01,-4.592846333980560303e-02
-2.362120449542999268e-01,-1.686857640743255615e-01,-4.038668870925903320e-01,-5.974788665771484375e-01,1.801420375704765320e-02,3.530466854572296143e-01,-6.774932742118835449e-01,1.211474016308784485e-01,1.099534511566162109e+00,7.961430549621582031e-01,-2.694283239543437958e-02,-6.343278102576732635e-03,-1.383596360683441162e-01,-7.942575961351394653e-02,-1.017744302749633789e+00,-1.320971846580505371e-01,-4.129400253295898438e-01,-1.436574220657348633e+00,-5.393702983856201172e-01,-4.214973151683807373e-01,-8.849869370460510254e-01,-6.880650520324707031e-01,-3.465006649494171143e-01,-5.572117567062377930e-01,-7.083787322044372559e-01,-8.533587455749511719e-01,-3.626757264137268066e-01,-2.898353934288024902e-01,3.339971601963043213e-01,-1.550703048706054688e-01,-1.821426153182983398e+00,-2.094945907592773438e+00
-5.170649290084838867e-01,-4.876788258552551270e-01,-7.380720973014831543e-01,-2.547297775745391846e-01,-6.491652131080627441e-01,-9.427730739116668701e-02,-1.048557639122009277e+00,2.949118018150329590e-01,-5.254983305931091309e-01,5.580741167068481445e-01,-1.826743595302104950e-02,4.676788747310638428e-01,4.269980788230895996e-01,4.673962295055389404e-01,-3.743371367454528809e-01,3.681177794933319092e-01,-3.099664747714996338e-01,-5.543767213821411133e-01,-5.408414602279663086e-01,-1.288374215364456177e-01,3.796234726905822754e-02,-1.720193773508071899e-01,-1.366298198699951172e-01,-6.023332476615905762e-01,-3.097167611122131348e-01,-5.769432783126831055e-01,-9.829374402761459351e-02,-9.640066325664520264e-02,-1.488724708557128906e+00,-6.496455669403076172e-01,-1.011670589447021484e+00,-2.082163542509078979e-01
-8.349012136459350586e-01,-4.986539483070373535e-01,-4.979592561721801758e-01,-1.355449438095092773e+00,-8.217550516128540039e-01,1.454748958349227905e-01,-1.448930263519287109e+00,-1.076592206954956055e+00,-4.406028687953948975e-01,-9.009574055671691895e-01,-8.735795617103576660e-01,-4.610598087310791016e-01,-8.880050778388977051e-01,-9.791153669357299805e-01,9.643290191888809204e-02,-7.209421992301940918e-01,-4.894172847270965576e-01,-7.715787291526794434e-01,-5.080853104591369629e-01,-9.592726081609725952e-02,-1.127931952476501465e+00,-5.537332296371459961e-01,-7.360842823982238770e-01,-1.075743079185485840e+00,-1.126362919807434082e+00,-5.975759625434875488e-01,-4.669702947139739990e-01,7.785280942916870117e-01,9.562587141990661621e-01,-2.697838097810745239e-02,-1.080978393554687500e+00,9.454157948493957520e-01
6.724552810192108154e-02,-1.907659024000167847e-01,-2.137419432401657104e-01,1.754007935523986816e-01,1.695493012666702271e-01,9.510526657104492188e-01,-1.328949213027954102e+00,-8.989603258669376373e-03,5.015734434127807617e-01,-2.297528833150863647e-01,-2.188900411128997803e-01,9.971242547035217285e-01,2.069529145956039429e-02,3.201962709426879883e-01,-2.059215754270553589e-01,4.377696290612220764e-02,-3.848088085651397705e-01,-4.374883174896240234e-01,-4.460099935531616211e-01,-2.770911343395709991e-02,-2.094417363405227661e-01,-1.147666499018669128e-01,-3.433495163917541504e-01,-9.514849185943603516e-01,-6.292889118194580078e-01,-5.781170725822448730e-01,-9.250143766403198242e-01,-1.241853713989257812e+00,-2.215948820114135742e+00,-1.179924964904785156e+00,-9.398824572563171387e-01,-7.291418313980102539e-01
-5.995585918426513672e-01,-5.834676623344421387e-01,-4.009043574333190918e-01,-4.514178335666656494e-01,1.383595466613769531e-01,9.846884608268737793e-01,-8.583151549100875854e-02,6.573824584484100342e-02,9.025156497955322266e-01,2.139128148555755615e-01,-4.339743852615356445e-01,1.180631145834922791e-01,-2.207755893468856812e-01,4.973027706146240234e-01,-5.120481848716735840e-01,7.302193045616149902e-01,1.409738808870315552e-01,-5.917781591415405273e-01,6.669579744338989258e-01,1.295038610696792603e-01,-5.822548270225524902e-01,-3.371355682611465454e-02,-1.897937804460525513e-01,-7.001138329505920410e-01,-3.754020333290100098e-01,-4.409605264663696289e-01,3.995058536529541016e-01,1.608222723007202148e-02,5.599241256713867188e-01,-2.517186850309371948e-02,-1.939361214637756348e+00,-2.861922085285186768e-01
-1.192763805389404297e+00,-1.229798793792724609e+00,-4.638690352439880371e-01,-1.046863675117492676e+00,5.023707151412963867e-01,1.091094017028808594e+00,1.561802178621292114e-01,1.859800815582275391e-01,1.314651846885681152e+00,-1.347845196723937988e-01,-6.205117702484130859e-01,4.548888802528381348e-01,-1.024837493896484375e+00,-3.806512057781219482e-01,-9.183993190526962280e-02,-6.007471084594726562e-01,-5.583950877189636230e-01,-1.232689738273620605e+00,-8.726995587348937988e-01,-7.604719400405883789e-01,-1.112534523010253906e+00,-1.039865136146545410e+00,-1.075739979743957520e+00,-1.366334319114685059e+00,-1.542255043983459473e+00,-1.020746946334838867e+00,-4.305752217769622803e-01,-3.214128017425537109e-01,-3.657688498497009277e-01,-2.606830894947052002e-01,6.096572875976562500e-01,-6.266634911298751831e-02
-6.965981125831604004e-01,-4.110477566719055176e-01,-4.098545908927917480e-01,-2.685226500034332275e-01,1.693858206272125244e-01,-1.458629965782165527e-01,-1.134345531463623047e+00,1.776790916919708252e-01,7.513279318809509277e-01,8.559032529592514038e-02,2.987937033176422119e-01,1.545599550008773804e-01,-2.210301309823989868e-01,-8.693510293960571289e-01,-7.505114674568176270e-01,-9.092564582824707031e-01,-7.196300625801086426e-01,-1.198905944824218750e+00,-2.130062878131866455e-01,-3.923522531986236572e-01,-4.825895130634307861e-01,-7.047010660171508789e-01,-4.748277068138122559e-01,-2.847422063350677490e-01,-1.021644592285156250e+00,-6.274894475936889648e-01,-1.236863017082214355e+00,-1.923950314521789551e+00,1.622119426727294922e+00,-5.430442690849304199e-01,-1.581084609031677246e+00,4.173117280006408691e-01
8.892728090286254883e-01,7.079606652259826660e-01,-3.772039338946342468e-02,5.293914675712585449e-02,2.654397785663604736e-01,9.584266543388366699e-01,-3.755128756165504456e-02,4.472256898880004883e-01,7.073777318000793457e-01,7.504948377609252930e-01,-1.436350867152214050e-02,4.423632025718688965e-01,1.888805031776428223e-01,2.896355688571929932e-01,-2.088923454284667969e-01,4.135088622570037842e-01,-3.615492284297943115e-01,3.059132099151611328e-01,1.273663341999053955e-01,-7.104196399450302124e-02,-8.707216382026672363e-02,-1.240081805735826492e-02,-2.390809357166290283e-02,-9.504752606153488159e-02,-2.098700702190399170e-01,-4.738215506076812744e-01,6.630176901817321777e-01,-1.119777202606201172e+00,-6.561204791069030762e-01,3.187811672687530518e-01,4.865869879722595215e-01,6.153827905654907227e-01
1.030852913856506348e+00,8.839523792266845703e-01,3.002192825078964233e-02,1.014693498611450195e+00,2.340538799762725830e-01,1.261052012443542480e+00,9.018851518630981445e-01,1.679820120334625244e-01,1.698665380477905273e+00,3.806834518909454346e-01,4.531257152557373047e-01,1.179780840873718262e+00,6.979846358299255371e-01,2.195409536361694336e-01,-2.853507101535797119e-01,1.209581136703491211e+00,2.073702216148376465e-01,2.031782567501068115e-01,1.278831958770751953e+00,7.321169376373291016e-01,3.845527470111846924e-01,3.667134642601013184e-01,3.705525696277618408e-01,-1.061538159847259521e-01,3.860942721366882324e-01,-1.501204371452331543e-01,-7.698926925659179688e-01,-7.009749412536621094e-01,-2.556578516960144043e-01,2.702098786830902100e-01,-8.803210258483886719e-01,7.427665591239929199e-02
2.977729737758636475e-01,-1.444300860166549683e-01,-4.224767535924911499e-02,-2.762562409043312073e-02,5.600095987319946289e-01,6.463251113891601562e-01,4.886465072631835938e-01,3.897978663444519043e-01,4.059886634349822998e-01,-8.064030669629573822e-03,-5.408208817243576050e-02,-2.162690088152885437e-02,-2.807587385177612305e-01,1.266615688800811768e-01,-2.338116765022277832e-01,-9.055390954017639160e-02,-1.491220146417617798e-01,-6.648657917976379395e-01,-3.854970037937164307e-01,1.104104742407798767e-01,-4.718426465988159180e-01,-1.352024972438812256e-01,-2.100015878677368164e-01,-4.491604864597320557e-01,-3.601668775081634521e-01,-2.924938201904296875e-01,-5.604183673858642578e-01,-8.163776993751525879e-01,1.415672898292541504e+00,6.862529516220092773e-01,1.625554800033569336e+00,1.161909580230712891e+00
7.521066069602966309e-01,5.096615552902221680e-01,9.131756424903869629e-02,1.360552012920379639e-01,4.486223459243774414e-01,4.073814451694488525e-01,1.884106546640396118e-02,6.436197757720947266e-01,1.503045797348022461e+00,5.825362205505371094e-01,2.375175952911376953e-01,3.472599983215332031e-01,-7.870850712060928345e-02,-1.198730319738388062e-01,-2.815981507301330566e-01,-6.078231707215309143e-02,-1.603347957134246826e-01,-1.829570084810256958e-01,7.137097418308258057e-02,2.190277278423309326e-01,-3.047264553606510162e-02,-1.092752143740653992e-01,5.610589683055877686e-02,5.120032429695129395e-01,1.444014906883239746e-01,-1.633712649345397949e-01,5.014001131057739258e-01,-7.224797010421752930e-01,9.138191342353820801e-01,3.882296383380889893e-01,3.756735026836395264e-01,4.523623883724212646e-01
3.728766143321990967e-01,3.180189430713653564e-01,-1.863070279359817505e-01,-8.291673660278320312e-02,4.193941950798034668e-01,4.543422162532806396e-01,2.117439061403274536e-01,4.573095142841339111e-01,1.699422359466552734e+00,1.056532025337219238e+00,-1.047594919800758362e-01,3.154746592044830322e-01,-1.130162104964256287e-01,-1.954601854085922241e-01,3.645062074065208435e-02,-8.240177482366561890e-02,-2.742166519165039062e-01,-1.313012652099132538e-02,-4.475853145122528076e-01,-1.888039708137512207e-02,-2.949724197387695312e-01,-3.837163746356964111e-02,-1.423763930797576904e-01,-1.904432177543640137e-01,-1.244964078068733215e-01,-5.715489983558654785e-01,-6.589671373367309570e-01,-3.516152501106262207e-02,-1.390070021152496338e-01,2.126571238040924072e-01,2.309096157550811768e-01,2.378464490175247192e-01
2.285879850387573242e-01,5.296960473060607910e-01,-2.277410477399826050e-01,4.138661324977874756e-01,2.683168351650238037e-01,3.879114985466003418e-01,3.138432800769805908e-01,6.790499091148376465e-01,5.906895399093627930e-01,1.100218176841735840e+00,2.945623993873596191e-01,3.251045048236846924e-01,7.014597058296203613e-01,4.583860039710998535e-01,-8.317191004753112793e-01,7.622572183609008789e-01,8.550570905208587646e-02,-1.997624151408672333e-02,6.242160797119140625e-01,4.705190360546112061e-01,5.181307792663574219e-01,3.082728981971740723e-01,2.731746435165405273e-01,1.649231314659118652e-01,2.718343436717987061e-01,-2.033637315034866333e-01,2.551556825637817383e-01,7.362909615039825439e-02,-4.435051679611206055e-01,-2.571723051369190216e-02,-7.043616175651550293e-01,-2.149188369512557983e-01
-2.013687640428543091e-01,1.461185631342232227e-03,-1.699295341968536377e-01,-3.209834396839141846e-01,4.777196943759918213e-01,-5.195763111114501953e-01,-1.080395460128784180e+00,-1.569643169641494751e-01,1.845173686742782593e-01,-1.910167336463928223e-01,2.429929189383983612e-02,-4.063949882984161377e-01,-3.975045382976531982e-01,-7.152885198593139648e-01,-3.405641019344329834e-01,-6.731217503547668457e-01,-1.905311942100524902e-01,2.729797959327697754e-01,-9.287730455398559570e-01,7.364591956138610840e-02,-3.785784170031547546e-02,-5.071710944175720215e-01,-8.749957382678985596e-02,-6.550619751214981079e-02,-1.169946417212486267e-01,-2.608014047145843506e-01,-7.020831704139709473e-01,-4.793770313262939453e-01,1.123837113380432129e+00,5.128278136253356934e-01,7.002744674682617188e-01,1.014418363571166992e+00
1.066097497940063477e+00,1.274705886840820312e+00,1.864321976900100708e-01,1.085372090339660645e+00,5.956457257270812988e-01,1.171981692314147949e+00,8.125209063291549683e-02,5.010690093040466309e-01,1.121945381164550781e+00,4.070715606212615967e-01,3.934537470340728760e-01,7.176178097724914551e-01,4.419828057289123535e-01,1.129672527313232422e+00,-1.415026746690273285e-02,6.219915747642517090e-01,2.021543532609939575e-01,2.969051711261272430e-02,5.540168285369873047e-01,3.506752252578735352e-01,4.626459777355194092e-01,5.327003598213195801e-01,8.072920441627502441e-01,4.434158504009246826e-01,4.354161322116851807e-01,-1.734606735408306122e-02,7.680174112319946289e-01,4.348380565643310547e-01,-1.175321191549301147e-01,-4.092090427875518799e-01,4.972067177295684814e-01,5.113661885261535645e-01
-6.106937527656555176e-01,-2.075208276510238647e-01,-9.352070093154907227e-01,-5.539874434471130371e-01,-1.308726966381072998e-01,5.529857277870178223e-01,6.654559373855590820e-01,2.610663771629333496e-01,1.187389016151428223e+00,3.142812103033065796e-02,-1.369157433509826660e-01,7.449904829263687134e-02,-3.845340013504028320e-01,-8.217696547508239746e-01,-4.369774758815765381e-01,-2.792758345603942871e-01,-2.059206366539001465e-01,-5.522724390029907227e-01,3.168860822916030884e-02,-9.763116948306560516e-03,-2.540315985679626465e-01,-9.337306022644042969e-02,-1.921342611312866211e-01,2.036210447549819946e-01,-2.840508520603179932e-01,-1.710922271013259888e-01,-9.621145725250244141e-01,2.292605489492416382e-02,9.249972105026245117e-01,6.555763483047485352e-01,4.003714025020599365e-01,4.035038948059082031e-01
4.954634606838226318e-01,8.086201548576354980e-01,2.044578790664672852e-01,4.073284566402435303e-01,-6.766605973243713379e-01,-8.750163316726684570e-01,-1.353460073471069336e+00,2.842714488506317139e-01,-8.430131673812866211e-01,-1.614966094493865967e-01,7.660537958145141602e-02,1.690391749143600464e-01,1.871651113033294678e-01,-1.858698576688766479e-01,-7.415404915809631348e-01,2.329553961753845215e-01,-3.402754068374633789e-01,-3.611145317554473877e-01,2.681944752112030983e-03,-1.619399525225162506e-02,1.484093517065048218e-01,2.624943554401397705e-01,8.010552078485488892e-02,3.326663374900817871e-02,-1.484661847352981567e-01,-6.529685854911804199e-01,4.633097946643829346e-01,-6.329846978187561035e-01,-2.895631492137908936e-01,-2.368916571140289307e-01,-8.399730324745178223e-01,-1.049652218818664551e+00
6.127669215202331543e-01,6.444478034973144531e-01,-4.011964425444602966e-02,5.715275406837463379e-01,-4.901105761528015137e-01,-8.101379871368408203e-01,-1.784449458122253418e+00,-1.239961534738540649e-01,-1.045491337776184082e+00,-7.971510291099548340e-01,-3.231830298900604248e-01,-1.206647753715515137e+00,-4.909764230251312256e-01,-4.722345769405364990e-01,-6.183120012283325195e-01,-3.673515021800994873e-01,-2.770760953426361084e-01,-3.485465049743652344e-01,-6.426642537117004395e-01,3.858526796102523804e-02,-1.591126620769500732e-01,-1.298540979623794556e-01,2.960955798625946045e-01,5.593181252479553223e-01,5.414868891239166260e-02,4.124973341822624207e-02,1.607834815979003906e+00,1.015003204345703125e+00,1.739790737628936768e-01,4.863266348838806152e-01,1.137046456336975098e+00,4.351483881473541260e-01
-1.147253513336181641e+00,-1.308995008468627930e+00,-2.179771363735198975e-01,-8.165305256843566895e-01,2.845982611179351807e-01,-2.340276539325714111e-01,-7.364588379859924316e-01,-6.853039562702178955e-02,-4.977656528353691101e-03,-5.005639195442199707e-01,-2.004998475313186646e-01,1.084677577018737793e-01,-4.371022582054138184e-01,-3.318972289562225342e-01,-4.241757690906524658e-01,-6.122905015945434570e-01,-3.137393891811370850e-01,-3.887007534503936768e-01,-6.714235544204711914e-01,-2.540746331214904785e-02,-3.467732965946197510e-01,-3.409727513790130615e-01,-3.251226246356964111e-01,-5.633916258811950684e-01,-6.129329800605773926e-01,-7.570293545722961426e-01,-1.315549015998840332e+00,-1.473833322525024414e+00,-9.055631756782531738e-01,-4.609843492507934570e-01,-1.303573846817016602e+00,-3.541692495346069336e-01
7.372598052024841309e-01,7.713436484336853027e-01,7.652566581964492798e-02,7.076624631881713867e-01,4.874950945377349854e-01,2.716091871261596680e-01,3.349522650241851807e-01,4.649596512317657471e-01,2.802627086639404297e-01,6.050723195075988770e-01,6.024243831634521484e-01,-1.541347652673721313e-01,2.970493733882904053e-01,-2.638761997222900391e-01,-3.234626054763793945e-01,3.073028624057769775e-01,-6.335154175758361816e-02,1.222211569547653198e-01,5.450206398963928223e-01,1.356530487537384033e-01,-6.187714636325836182e-02,-8.716021478176116943e-02,4.673094153404235840e-01,4.523635506629943848e-01,1.398660540580749512e-01,5.814923644065856934e-01,1.522712945938110352e+00,5.950114727020263672e-01,8.280123472213745117e-01,4.354375228285789490e-02,3.612111136317253113e-02,3.230375051498413086e-01
-1.818070262670516968e-01,9.150268882513046265e-02,-5.085159540176391602e-01,6.892453879117965698e-02,7.812475562095642090e-01,5.937044620513916016e-01,7.670319676399230957e-01,1.037011623382568359e+00,1.305155277252197266e+00,1.294564962387084961e+00,4.962571561336517334e-01,1.085321068763732910e+00,9.461732506752014160e-01,7.587968111038208008e-01,-6.651993989944458008e-01,1.008304953575134277e+00,2.642019391059875488e-01,-3.970458209514617920e-01,1.179144263267517090e+00,2.046475708484649658e-01,8.549584448337554932e-02,3.530066311359405518e-01,9.525973349809646606e-02,-1.684395372867584229e-01,2.051030099391937256e-02,-4.094767570495605469e-01,-1.193416833877563477e+00,-3.580110669136047363e-01,-1.008624076843261719e+00,8.601382374763488770e-02,-1.068961247801780701e-02,-5.926017090678215027e-02
-7.864483594894409180e-01,-2.577531337738037109e-01,3.859038054943084717e-01,4.139060080051422119e-01,9.099624752998352051e-01,9.177402853965759277e-01,1.820735931396484375e+00,8.154127001762390137e-01,1.260379314422607422e+00,9.160054922103881836e-01,2.022349238395690918e-01,5.883160829544067383e-01,3.831616938114166260e-01,5.576836466789245605e-01,3.293259814381599426e-02,4.233566522598266602e-01,6.254400312900543213e-02,5.805505067110061646e-02,3.213516473770141602e-01,1.400983184576034546e-01,-1.871206760406494141e-01,-1.053385436534881592e-01,-1.157159581780433655e-01,-2.134913653135299683e-01,-4.243502914905548096e-01,-1.057718843221664429e-01,7.165902256965637207e-01,-1.463776111602783203e+00,2.899805903434753418e-01,8.188782334327697754e-01,5.474409461021423340e-01,6.255647540092468262e-02
-9.386619925498962402e-01,-7.124741077423095703e-01,-7.179809808731079102e-01,-3.826128840446472168e-01,1.201393723487854004e+00,8.613355755805969238e-01,1.450762033462524414e+00,6.769746541976928711e-01,1.761998653411865234e+00,1.587876081466674805e+00,5.021744370460510254e-01,1.029553174972534180e+00,3.991756439208984375e-01,5.069671869277954102e-01,2.571283578872680664e-01,1.556242555379867554e-01,1.317336112260818481e-01,2.209493368864059448e-01,1.656556427478790283e-01,3.897345662117004395e-01,-1.925202310085296631e-01,-3.657433018088340759e-02,5.492258816957473755e-02,-7.704768180847167969e-01,-3.578356504440307617e-01,-2.509362995624542236e-01,-1.213609695434570312e+00,-5.229890346527099609e-01,3.306112587451934814e-01,9.383635967969894409e-02,-2.474680244922637939e-01,4.090343415737152100e-01
2.353760749101638794e-01,-1.552103832364082336e-02,-6.350711733102798462e-02,1.404003500938415527e-01,1.087685227394104004e+00,5.019498467445373535e-01,-1.539559215307235718e-01,1.371117353439331055e+00,1.390073657035827637e+00,4.426036775112152100e-01,5.373097658157348633e-01,5.463263392448425293e-01,5.162423849105834961e-01,1.002196311950683594e+00,-4.685615003108978271e-01,3.854655325412750244e-01,3.855104148387908936e-01,-1.682414561510086060e-01,3.271581828594207764e-01,5.729527473449707031e-01,2.151025533676147461e-01,1.810681074857711792e-01,3.164668083190917969e-01,-4.410657882690429688e-01,-1.344788372516632080e-01,1.174159273505210876e-01,-1.050611972808837891e+00,-2.152021229267120361e-01,-5.007406473159790039e-01,-3.879569470882415771e-01,-8.025593757629394531e-01,-7.171286344528198242e-01
-6.273462772369384766e-01,-9.014216661453247070e-01,-3.674191534519195557e-01,-1.074529170989990234e+00,-5.484033823013305664e-01,-1.195526838302612305e+00,-8.523401021957397461e-01,-7.237903773784637451e-02,5.715817809104919434e-01,-5.362220406532287598e-01,-7.474098801612854004e-01,-1.500334739685058594e+00,-8.974341750144958496e-01,-7.340248823165893555e-01,-1.084508538246154785e+00,-6.622794270515441895e-01,-4.477102458477020264e-01,-1.709294557571411133e+00,-6.771128773689270020e-01,-3.787141144275665283e-01,-7.129675745964050293e-01,-4.675556123256683350e-01,-9.727266430854797363e-01,-7.471501827239990234e-02,-1.355659961700439453e+00,-2.743234932422637939e-01,-1.249074712395668030e-01,-5.547672882676124573e-02,-2.922069095075130463e-02,3.403229713439941406e-01,1.928846359252929688e+00,1.574496626853942871e+00
-4.337019100785255432e-02,2.106380313634872437e-01,-3.665220439434051514e-01,2.559256926178932190e-02,1.144277956336736679e-02,-6.797345280647277832e-01,-1.185591459274291992e+00,4.961732923984527588e-01,2.060107439756393433e-01,2.737810313701629639e-01,2.468068152666091919e-01,3.298504650592803955e-01,5.195292830467224121e-01,-1.327712386846542358e-01,-8.577329516410827637e-01,1.594720631837844849e-01,-2.835429906845092773e-01,-9.280304312705993652e-01,-2.277830243110656738e-01,-2.544319033622741699e-01,-3.076178133487701416e-01,-3.999170660972595215e-01,-1.832561641931533813e-01,-9.591444134712219238e-01,-8.242600560188293457e-01,-7.936152219772338867e-01,-1.291680574417114258e+00,-7.176751494407653809e-01,-2.300688743591308594e+00,-1.468234062194824219e+00,-1.277059435844421387e+00,-1.053534507751464844e+00
1.356346607208251953e+00,1.587172269821166992e+00,6.470883488655090332e-01,1.513987779617309570e+00,1.329454779624938965e+00,7.671229839324951172e-01,4.550204277038574219e-01,7.449296712875366211e-01,2.134198844432830811e-01,1.116742253303527832e+00,6.733743548393249512e-01,-3.670597672462463379e-01,1.110329985618591309e+00,8.432090282440185547e-01,-5.282115340232849121e-01,1.485742807388305664e+00,4.626429677009582520e-01,3.182362318038940430e-01,9.487704634666442871e-01,8.230836391448974609e-01,4.437823891639709473e-01,5.217921137809753418e-01,9.109069108963012695e-01,6.407874226570129395e-01,6.557916402816772461e-01,5.101882815361022949e-01,9.473825097084045410e-01,7.751756906509399414e-01,8.682720065116882324e-01,5.299044847488403320e-01,1.116470694541931152e-01,9.837993979454040527e-01
-7.724708914756774902e-01,-2.192752510309219360e-01,-3.465978205204010010e-01,-2.963077425956726074e-01,8.850172162055969238e-02,-8.391812443733215332e-01,-6.173501610755920410e-01,2.460019588470458984e-01,7.382071018218994141e-01,-6.479844450950622559e-01,-2.293741852045059204e-01,-7.761552333831787109e-01,-3.708551824092864990e-01,-6.008709669113159180e-01,-7.951707839965820312e-01,-2.180858999490737915e-01,-2.768510580062866211e-01,-1.215178132057189941e+00,-8.798340559005737305e-01,-1.762101799249649048e-01,-6.010835766792297363e-01,-4.443522691726684570e-01,-4.467420578002929688e-01,-1.261120557785034180e+00,-9.633714556694030762e-01,-7.283992171287536621e-01,-1.318324327468872070e+00,-5.069531798362731934e-01,-8.224001526832580566e-01,-2.822248637676239014e-01,1.147561371326446533e-01,3.897326886653900146e-01
1.326051115989685059e+00,1.186255455017089844e+00,3.156788051128387451e-01,1.437608718872070312e+00,-1.132508218288421631e-01,-9.512143731117248535e-01,-1.668655395507812500e+00,1.290182590484619141e+00,6.861825585365295410e-01,1.707936525344848633e+00,1.410210132598876953e+00,4.894551634788513184e-01,2.107488870620727539e+00,8.369142413139343262e-01,-8.669579625129699707e-01,1.466650485992431641e+00,5.076926350593566895e-01,9.480066895484924316e-01,1.401745676994323730e+00,1.291733860969543457e+00,1.010639786720275879e+00,7.655732631683349609e-01,1.223333477973937988e+00,3.837239146232604980e-01,1.218879699707031250e+00,9.032632112503051758e-01,8.366669714450836182e-02,-8.663237094879150391e-01,-1.191694021224975586e+00,-3.276092410087585449e-01,-1.763017535209655762e+00,-7.625443488359451294e-02
7.601319551467895508e-01,9.279827475547790527e-01,9.296574592590332031e-01,1.605674624443054199e+00,1.696081399917602539e+00,7.374005317687988281e-01,1.400039434432983398e+00,3.713092803955078125e-01,2.294997870922088623e-01,8.084551095962524414e-01,6.202089414000511169e-02,-5.826163291931152344e-02,1.553806848824024200e-02,4.449200332164764404e-01,5.579583644866943359e-01,8.889413475990295410e-01,7.908384799957275391e-01,1.319714665412902832e+00,9.070571064949035645e-01,9.487811923027038574e-01,1.053452968597412109e+00,5.045279860496520996e-01,8.573114275932312012e-01,1.120342254638671875e+00,3.205210864543914795e-01,1.940985918045043945e-01,1.257295846939086914e+00,1.266324758529663086e+00,1.917897820472717285e+00,1.834342360496520996e+00,1.874979019165039062e+00,1.490294456481933594e+00
1.127858996391296387e+00,1.105597972869873047e+00,5.674958229064941406e-01,1.344885587692260742e+00,2.108119487762451172e+00,3.297280073165893555e-01,1.455254197120666504e+00,1.415489912033081055e+00,1.349541306495666504e+00,2.246732473373413086e+00,6.881307363510131836e-01,1.080759048461914062e+00,9.825393557548522949e-01,9.831267595291137695e-01,6.795646250247955322e-02,7.740125656127929688e-01,4.775558114051818848e-01,6.329700946807861328e-01,4.469213485717773438e-01,5.614650845527648926e-01,6.037310957908630371e-01,4.079085588455200195e-01,6.968781352043151855e-01,4.060061275959014893e-01,4.138373434543609619e-01,7.093681097030639648e-01,3.704468011856079102e-01,1.962695956230163574e+00,6.394229531288146973e-01,2.111233025789260864e-01,1.481559395790100098e+00,2.168892860412597656e+00
2.562084794044494629e-01,2.577206790447235107e-01,-2.987171411514282227e-01,9.567315690219402313e-03,4.141305387020111084e-01,-6.490741968154907227e-01,-5.264158546924591064e-02,1.354562520980834961e+00,1.174864530563354492e+00,2.002399682998657227e+00,8.185726404190063477e-01,-1.114095672965049744e-01,1.047690868377685547e+00,5.574737787246704102e-01,-5.838549137115478516e-01,8.468437194824218750e-01,5.233336091041564941e-01,2.809213101863861084e-01,9.481976032257080078e-01,6.777018308639526367e-01,5.932455062866210938e-01,4.834577739238739014e-01,3.479716181755065918e-01,5.661420822143554688e-01,3.700895309448242188e-01,2.044853568077087402e-01,-4.703457653522491455e-01,7.741405963897705078e-01,-1.379402130842208862e-01,-1.087997332215309143e-01,4.776090979576110840e-01,1.234867691993713379e+00
6.711511611938476562e-01,6.459739208221435547e-01,5.512434840202331543e-01,5.451775193214416504e-01,-8.003406971693038940e-02,-1.045232892036437988e+00,-1.163828253746032715e+00,1.250998079776763916e-01,-9.930768609046936035e-01,-7.659749388694763184e-01,-1.854652166366577148e-01,-2.389761060476303101e-01,-1.163363084197044373e-01,-3.335017859935760498e-01,1.657379418611526489e-02,-1.907273381948471069e-01,1.391139179468154907e-01,2.155877500772476196e-01,-4.436014592647552490e-01,8.331971615552902222e-02,9.900343418121337891e-02,4.411183670163154602e-02,-6.263044476509094238e-02,-1.504570990800857544e-01,-1.413977891206741333e-01,2.447021603584289551e-01,6.920467615127563477e-01,-9.921234846115112305e-02,-1.422815799713134766e+00,-5.483445525169372559e-01,3.564252257347106934e-01,3.491149246692657471e-01
1.104953408241271973e+00,1.126574158668518066e+00,6.177131533622741699e-01,9.071010947227478027e-01,4.928568601608276367e-01,-1.229647770524024963e-01,-1.317086338996887207e+00,7.828218340873718262e-01,2.989805340766906738e-01,6.128663420677185059e-01,1.122489809989929199e+00,3.270580470561981201e-01,1.447818279266357422e+00,1.141472220420837402e+00,-5.705059692263603210e-02,1.677644133567810059e+00,8.443871140480041504e-01,2.017802149057388306e-01,1.338225245475769043e+00,1.323922634124755859e+00,2.801497578620910645e-01,7.217226624488830566e-01,1.357812404632568359e+00,-2.836280763149261475e-01,1.140484809875488281e+00,1.066978812217712402e+00,8.959403038024902344e-01,8.285359144210815430e-01,-1.135200738906860352e+00,2.466570436954498291e-01,4.059258103370666504e-01,-3.897326886653900146e-01
-5.256587266921997070e-02,4.688782244920730591e-02,4.059740602970123291e-01,-2.328844070434570312e-01,1.286495327949523926e+00,-3.780471384525299072e-01,6.498422473669052124e-02,4.448485970497131348e-01,-3.181571066379547119e-01,-4.231456220149993896e-01,-1.242955029010772705e-01,-2.140856347978115082e-02,6.799565255641937256e-02,1.342523694038391113e-01,1.885659992694854736e-01,1.226081028580665588e-01,1.823632121086120605e-01,1.797573417425155640e-01,-9.321710094809532166e-03,1.889345198869705200e-01,3.410863578319549561e-01,1.294063329696655273e-01,-2.172975689172744751e-01,-3.919753134250640869e-01,-5.352926850318908691e-01,1.521967500448226929e-01,-1.065389037132263184e+00,-1.928167790174484253e-01,1.111545801162719727e+00,6.910419464111328125e-01,7.548753023147583008e-01,1.464290261268615723e+00
1.626031041145324707e+00,1.494175910949707031e+00,9.735115766525268555e-01,1.357243299484252930e+00,1.574134111404418945e+00,7.893419861793518066e-01,1.232214331626892090e+00,1.957573413848876953e+00,1.755919933319091797e+00,2.740636348724365234e+00,1.914225935935974121e+00,1.866130352020263672e+00,1.936426281929016113e+00,1.664731860160827637e+00,7.118913531303405762e-01,2.775117158889770508e+00,1.212893009185791016e+00,1.860745072364807129e+00,2.597658634185791016e+00,1.550885915756225586e+00,1.501798868179321289e+00,1.352646946907043457e+00,1.669957756996154785e+00,5.942907333374023438e-01,1.592413783073425293e+00,1.512180685997009277e+00,1.457543849945068359e+00,8.968197107315063477e-01,3.554256558418273926e-01,3.621715605258941650e-01,7.362907528877258301e-01,2.293493151664733887e-01
-1.461612224578857422e+00,-6.705868244171142578e-01,-2.516292333602905273e-01,-6.487038731575012207e-01,4.817083179950714111e-01,-5.533415079116821289e-01,-8.382529020309448242e-02,9.655380845069885254e-01,9.105899930000305176e-01,9.305855631828308105e-01,4.143319725990295410e-01,1.029058992862701416e-01,4.899803996086120605e-01,6.119918227195739746e-01,-3.310849890112876892e-02,6.569642424583435059e-01,9.178990125656127930e-01,3.120531141757965088e-01,6.042317152023315430e-01,8.928201794624328613e-01,5.773777961730957031e-01,4.573936760425567627e-01,2.744821906089782715e-01,2.153714299201965332e-01,2.103034406900405884e-01,6.036640405654907227e-01,-1.001224994659423828e+00,6.819883584976196289e-01,1.608529537916183472e-01,8.406586050987243652e-01,5.861820280551910400e-02,1.917897939682006836e+00
-9.655802249908447266e-01,-1.096571087837219238e+00,-1.130985915660858154e-01,-9.605584740638732910e-01,-1.929252594709396362e-01,-1.818177461624145508e+00,-1.803028821945190430e+00,7.415997982025146484e-01,3.537118062376976013e-02,6.641665101051330566e-01,6.671952009201049805e-01,2.948360443115234375e-01,8.821506500244140625e-01,2.126166522502899170e-01,-5.857312083244323730e-01,6.557251214981079102e-01,3.687773048877716064e-01,-1.189638525247573853e-01,2.235648185014724731e-01,2.609040141105651855e-01,1.657053530216217041e-01,2.299188822507858276e-01,-1.716780290007591248e-02,-3.917663991451263428e-01,-2.133818566799163818e-01,6.773574650287628174e-02,5.087661743164062500e-01,-1.238578557968139648e+00,-2.231672286987304688e+00,-5.735504627227783203e-01,-2.900972366333007812e+00,-1.749017477035522461e+00
2.362120449542999268e-01,4.957640469074249268e-01,1.167496219277381897e-01,2.233968228101730347e-01,2.998008131980895996e-01,-1.015251755714416504e+00,-5.291199088096618652e-01,4.317745268344879150e-01,-2.231228798627853394e-01,3.210492134094238281e-01,7.585487365722656250e-01,-6.555984616279602051e-01,8.212821483612060547e-01,5.650275945663452148e-01,-4.773174524307250977e-01,1.295341610908508301e+00,8.086836338043212891e-01,-1.266747415065765381e-01,1.255189180374145508e+00,9.361943006515502930e-01,4.515246450901031494e-01,6.564099788665771484e-01,7.859597802162170410e-01,6.681876182556152344e-01,5.806918144226074219e-01,8.753738999366760254e-01,1.064743876457214355e+00,1.113242283463478088e-01,-2.777821123600006104e-01,8.622344732284545898e-01,1.506327092647552490e-01,7.319253683090209961e-01
-1.919523835182189941e+00,-1.012082099914550781e+00,-2.443062961101531982e-01,-1.094102263450622559e+00,6.190216541290283203e-01,-7.848141193389892578e-01,-1.759371608495712280e-01,3.366997838020324707e-01,1.578398793935775757e-01,-9.631657004356384277e-01,5.165952444076538086e-02,2.243360131978988647e-01,1.388576626777648926e-01,7.288409024477005005e-02,-6.543521583080291748e-02,-2.117272466421127319e-01,2.214954048395156860e-01,-2.670128643512725830e-01,-3.173677921295166016e-01,1.014443486928939819e-01,-8.317055180668830872e-03,1.215392127633094788e-01,-3.488672673702239990e-01,-7.505099177360534668e-01,-5.985197424888610840e-01,-2.153051346540451050e-01,-1.462179422378540039e+00,-1.157518625259399414e+00,-7.856191992759704590e-01,4.862243831157684326e-01,-4.214362502098083496e-01,-8.790136314928531647e-03
1.278768539428710938e+00,9.028828144073486328e-01,8.405096530914306641e-01,7.376798987388610840e-01,8.854749798774719238e-01,-8.374347686767578125e-01,-5.729515552520751953e-01,1.690422773361206055e+00,7.892911434173583984e-01,1.982617616653442383e+00,1.732926607131958008e+00,7.608371376991271973e-01,1.925237536430358887e+00,1.241584420204162598e+00,-2.422744780778884888e-01,1.341564178466796875e+00,1.122005939483642578e+00,1.050208330154418945e+00,1.542625904083251953e+00,1.218355894088745117e+00,1.079083442687988281e+00,1.190074324607849121e+00,1.162513971328735352e+00,4.796418547630310059e-01,1.315266966819763184e+00,1.436170935630798340e+00,1.035354733467102051e+00,3.985796868801116943e-02,-5.362692475318908691e-01,7.401586174964904785e-01,-1.713377237319946289e+00,4.158467054367065430e-01
-1.000791311264038086e+00,-6.474351286888122559e-01,1.932961493730545044e-01,8.906772136688232422e-01,1.130644679069519043e+00,-3.662099242210388184e-01,6.291694641113281250e-01,8.871880173683166504e-01,8.551017642021179199e-01,2.137148082256317139e-01,7.575584650039672852e-01,-6.793283224105834961e-01,2.316101938486099243e-01,4.032014608383178711e-01,-3.091560006141662598e-01,3.394711911678314209e-01,7.735692262649536133e-01,3.945235610008239746e-01,2.174588441848754883e-01,6.977365016937255859e-01,7.786070108413696289e-01,4.647259414196014404e-01,6.536644101142883301e-01,6.532341241836547852e-01,2.052972763776779175e-01,5.977115631103515625e-01,4.525532722473144531e-01,9.146785736083984375e-01,1.551154971122741699e+00,1.253634095191955566e+00,1.490572214126586914e+00,2.195153474807739258e+00
-7.043559551239013672e-01,-3.924419879913330078e-01,8.184574246406555176e-01,1.196950912475585938e+00,1.494655847549438477e+00,5.181532502174377441e-01,5.816306471824645996e-01,9.202599525451660156e-01,8.741177916526794434e-01,-5.807722210884094238e-01,2.609329819679260254e-01,9.359552860260009766e-01,2.369776815176010132e-01,4.292817413806915283e-01,2.538448572158813477e-01,-3.610743582248687744e-01,2.792471647262573242e-01,8.265205621719360352e-01,-6.257002800703048706e-02,3.233783543109893799e-01,2.514798641204833984e-01,2.880236208438873291e-01,-3.012275993824005127e-01,-1.656194478273391724e-01,-4.520784318447113037e-01,2.244398593902587891e-01,-5.371801257133483887e-01,-1.904639244079589844e+00,-3.122903406620025635e-01,2.002501338720321655e-01,8.792381286621093750e-01,-1.162861809134483337e-01
1.137221932411193848e+00,9.428219199180603027e-01,1.406357288360595703e+00,1.871406793594360352e+00,1.488411307334899902e+00,4.888512790203094482e-01,1.637558937072753906e+00,8.197235465049743652e-01,1.667216658592224121e+00,8.399912118911743164e-01,9.920314550399780273e-01,9.978827238082885742e-01,6.669085025787353516e-01,-1.218478828668594360e-01,5.194555521011352539e-01,8.871641755104064941e-01,1.002491235733032227e+00,1.507096409797668457e+00,6.062626838684082031e-01,1.164641618728637695e+00,1.455179810523986816e+00,8.138954043388366699e-01,1.086618661880493164e+00,1.012708783149719238e+00,9.675482511520385742e-01,9.979701638221740723e-01,4.608644545078277588e-02,-7.076643109321594238e-01,-1.390070021152496338e-01,7.519861459732055664e-01,2.919032871723175049e-01,1.124148607254028320e+00
9.139172434806823730e-01,8.105683922767639160e-01,1.193387269973754883e+00,1.604518532752990723e+00,6.830031275749206543e-01,1.136178970336914062e-01,9.033679962158203125e-01,9.476060867309570312e-01,2.793910503387451172e-01,3.611173629760742188e-01,4.714013338088989258e-01,-1.988020259886980057e-03,9.457747936248779297e-01,1.106233596801757812e+00,-4.361175000667572021e-01,6.715239286422729492e-01,5.348045229911804199e-01,6.392108798027038574e-01,6.571155190467834473e-01,7.110379934310913086e-01,5.937157869338989258e-01,8.065320253372192383e-01,7.294158935546875000e-01,9.879372119903564453e-01,3.379305601119995117e-01,5.857180356979370117e-01,1.528758764266967773e+00,3.035230636596679688e-01,-2.776429653167724609e-01,5.267856717109680176e-01,1.522536277770996094e+00,9.311684370040893555e-01
1.547549962997436523e-01,1.008542776107788086e-01,3.792276382446289062e-01,7.520707249641418457e-01,5.652733147144317627e-02,3.863267302513122559e-01,6.713437438011169434e-01,4.533665478229522705e-01,9.935356378555297852e-01,4.628357589244842529e-01,5.181093215942382812e-01,4.528319239616394043e-01,6.526763439178466797e-01,2.212936282157897949e-01,-2.037716805934906006e-01,5.746929049491882324e-01,5.988378524780273438e-01,5.781003236770629883e-01,9.215864539146423340e-01,6.337369084358215332e-01,1.019575119018554688e+00,7.442356348037719727e-01,3.651394248008728027e-01,5.522853136062622070e-01,3.205210864543914795e-01,4.334743320941925049e-01,-6.070299148559570312e-01,-3.716369271278381348e-01,-6.828365325927734375e-01,3.266718983650207520e-01,2.878160774707794189e-01,9.399586319923400879e-01
5.116478800773620605e-01,4.852110445499420166e-01,9.472867250442504883e-01,1.238369464874267578e+00,6.329818367958068848e-01,4.824475347995758057e-01,1.166750431060791016e+00,4.845801889896392822e-01,5.100377202033996582e-01,4.285996258258819580e-01,5.384146571159362793e-01,7.859919071197509766e-01,6.088842153549194336e-01,4.640389978885650635e-01,4.278892576694488525e-01,5.529429912567138672e-01,5.571109652519226074e-01,1.425072789192199707e+00,9.097650647163391113e-01,7.341369390487670898e-01,9.951813817024230957e-01,6.363161802291870117e-01,3.336150050163269043e-01,5.159200429916381836e-01,3.472479879856109619e-01,6.319655179977416992e-01,-2.484647482633590698e-01,-9.089316129684448242e-01,-4.815384447574615479e-01,2.719482183456420898e-01,1.061974558979272842e-02,2.234269618988037109e+00
1.498963356018066406e+00,1.410855889320373535e+00,7.923577427864074707e-01,1.889783978462219238e+00,1.158107399940490723e+00,1.235210657119750977e+00,1.902903914451599121e+00,8.058099150657653809e-01,1.024915575981140137e+00,1.236046671867370605e+00,1.012074947357177734e+00,8.114569783210754395e-01,1.308916330337524414e+00,1.492303252220153809e+00,2.876374125480651855e-01,1.719154715538024902e+00,1.157279253005981445e+00,1.946386337280273438e+00,1.488830804824829102e+00,1.049552202224731445e+00,1.497888565063476562e+00,1.219484210014343262e+00,1.111644625663757324e+00,1.157316803932189941e+00,1.156870603561401367e+00,1.155222058296203613e+00,1.307897925376892090e+00,8.364302515983581543e-01,6.809812784194946289e-01,8.836228847503662109e-01,8.363050222396850586e-02,1.355548977851867676e+00
-1.524142771959304810e-01,4.396545290946960449e-01,1.163824319839477539e+00,9.723980426788330078e-01,1.131985068321228027e+00,-1.193101182579994202e-01,1.271597385406494141e+00,8.010934591293334961e-01,5.393990278244018555e-01,-2.770030498504638672e-01,1.200150921940803528e-01,3.123375177383422852e-01,2.984991371631622314e-01,5.823321640491485596e-02,-4.862102270126342773e-01,3.746721148490905762e-02,2.354882061481475830e-01,4.504022747278213501e-02,-5.993755459785461426e-01,-5.929324403405189514e-02,1.499943882226943970e-01,-3.358295653015375137e-03,6.587964296340942383e-02,2.059189081192016602e-01,-4.196504652500152588e-01,4.070091843605041504e-01,3.273007571697235107e-01,-1.132213473320007324e+00,3.413255214691162109e-01,9.158844947814941406e-01,1.505104422569274902e+00,9.095960259437561035e-01
1.811181902885437012e+00,9.872744083404541016e-01,7.717450261116027832e-01,6.601846218109130859e-01,7.686932086944580078e-01,-3.972583711147308350e-01,1.000539064407348633e+00,1.758255124092102051e+00,1.735733985900878906e+00,2.578977823257446289e+00,1.531722903251647949e+00,2.056853920221328735e-01,2.158286571502685547e+00,1.167663574218750000e+00,-5.604991316795349121e-01,1.832404255867004395e+00,7.994698286056518555e-01,1.026383876800537109e+00,1.336949348449707031e+00,1.042661070823669434e+00,1.007156133651733398e+00,8.877654671669006348e-01,1.392664432525634766e+00,7.560630440711975098e-01,1.568287134170532227e+00,9.509505629539489746e-01,1.023578166961669922e+00,-4.835945665836334229e-01,-4.849243462085723877e-01,4.948138296604156494e-01,9.178045392036437988e-01,4.474179446697235107e-01
-1.017377018928527832e+00,-1.094817638397216797e+00,1.948608756065368652e-01,-9.743912220001220703e-01,4.681731462478637695e-01,-3.387514650821685791e-01,-1.220743954181671143e-01,6.212731003761291504e-01,4.972380697727203369e-01,-2.045167833566665649e-01,6.592482328414916992e-02,-1.913325861096382141e-02,6.683361530303955078e-02,-1.994345635175704956e-01,-6.547430902719497681e-02,-3.446885645389556885e-01,2.115534991025924683e-01,1.153750419616699219e-01,-2.620754577219486237e-02,1.413968652486801147e-01,3.990967273712158203e-01,2.474317699670791626e-01,-1.942459046840667725e-01,5.259644389152526855e-01,-4.345643520355224609e-01,7.321866601705551147e-02,-1.148605585098266602e+00,-8.186486363410949707e-01,-2.281996980309486389e-02,4.475036859512329102e-01,1.456058025360107422e+00,8.564889430999755859e-01
1.214365363121032715e+00,5.661282539367675781e-01,6.805526614189147949e-01,1.295574009418487549e-02,-1.419231593608856201e-01,-6.859441995620727539e-01,-8.119103312492370605e-01,9.999872446060180664e-01,1.897473484277725220e-01,1.265998840332031250e+00,1.346159458160400391e+00,9.955039620399475098e-02,1.248800396919250488e+00,3.311690092086791992e-01,-5.657175183296203613e-01,1.206939816474914551e+00,7.163403630256652832e-01,7.236991524696350098e-01,8.270934820175170898e-01,9.144419431686401367e-01,7.838758826255798340e-01,7.360824346542358398e-01,1.413303732872009277e+00,8.061283826828002930e-01,1.307817459106445312e+00,1.185354590415954590e+00,1.988152980804443359e+00,-1.335535407066345215e+00,-6.802391409873962402e-01,6.852304339408874512e-01,-2.075042575597763062e-02,-2.572579979896545410e-01
-1.149293303489685059e+00,-6.611702442169189453e-01,-1.166244409978389740e-02,-6.255429983139038086e-01,-6.099655032157897949e-01,-1.416455864906311035e+00,-1.431746482849121094e+00,-4.810805548913776875e-04,-3.311632573604583740e-01,-1.296724915504455566e+00,6.953411549329757690e-02,-1.498289227485656738e+00,4.029162824153900146e-01,-3.966227471828460693e-01,-8.124482035636901855e-01,-1.374286860227584839e-01,1.848188936710357666e-01,-5.492457747459411621e-01,-7.643802762031555176e-01,-1.758048087358474731e-01,-2.203453481197357178e-01,-1.747433245182037354e-01,-1.104466319084167480e-01,-8.361048996448516846e-02,-6.751736998558044434e-01,-1.725738197565078735e-01,-1.351629018783569336e+00,-5.742173790931701660e-01,-1.003614783287048340e+00,3.426407575607299805e-01,8.453876972198486328e-01,-5.471859872341156006e-02
4.600851535797119141e-01,1.518983691930770874e-01,6.903374195098876953e-01,-2.503049075603485107e-01,-5.884857773780822754e-01,-1.470176219940185547e+00,-1.670530796051025391e+00,4.447353780269622803e-01,-1.455792427062988281e+00,2.988011389970779419e-02,8.288440108299255371e-01,-1.035597681999206543e+00,1.165476918220520020e+00,6.062771379947662354e-02,-8.134449720382690430e-01,6.569805145263671875e-01,3.003158271312713623e-01,4.794874489307403564e-01,3.349176049232482910e-01,3.310940265655517578e-01,6.237617135047912598e-01,6.163032650947570801e-01,6.212378144264221191e-01,4.187487661838531494e-01,7.359648942947387695e-01,4.912719428539276123e-01,1.436000823974609375e+00,-2.191014051437377930e+00,-6.633560657501220703e-01,2.265468239784240723e-01,-5.625670552253723145e-01,-2.717983424663543701e-01
-3.934749662876129150e-01,-3.571462333202362061e-01,5.196985602378845215e-02,-3.042406439781188965e-01,7.735318541526794434e-01,-3.867795169353485107e-01,-2.948277592658996582e-01,2.382103353738784790e-01,-5.012063980102539062e-01,-6.692245602607727051e-01,2.228594422340393066e-01,-1.233445882797241211e+00,5.919849276542663574e-01,2.239966839551925659e-01,-3.526622056961059570e-01,2.988246381282806396e-01,6.091371774673461914e-01,1.670884341001510620e-01,-6.551235914230346680e-02,3.286824524402618408e-01,5.181307792663574219e-01,4.717534780502319336e-01,-9.717525541782379150e-02,3.798419535160064697e-01,-2.856274247169494629e-01,1.957210302352905273e-01,-7.038234472274780273e-01,-2.466250360012054443e-01,6.455917358398437500e-01,7.461916804313659668e-01,1.183472871780395508e+00,7.154805064201354980e-01
8.022983670234680176e-01,5.795062184333801270e-01,1.163886904716491699e+00,3.077486455440521240e-01,8.418289422988891602e-01,-3.541463017463684082e-01,8.572684526443481445e-01,8.938948512077331543e-01,-2.600080072879791260e-01,7.155927419662475586e-01,7.257459163665771484e-01,-1.150868311524391174e-01,1.088362097740173340e+00,1.261925399303436279e-01,-8.663716316223144531e-01,1.073587179183959961e+00,5.917686223983764648e-01,4.773111045360565186e-01,6.202452778816223145e-01,5.586413145065307617e-01,5.449020862579345703e-01,6.787115931510925293e-01,7.644118070602416992e-01,1.264341026544570923e-01,7.266175746917724609e-01,1.076494336128234863e+00,8.245003223419189453e-01,-1.002474203705787659e-01,-1.796562314033508301e+00,-2.402660846710205078e-01,-1.046359419822692871e+00,-1.239336013793945312e+00
1.562865018844604492e+00,1.434332251548767090e+00,7.574747204780578613e-01,1.251444697380065918e+00,4.182172417640686035e-01,2.063427865505218506e-01,1.281148791313171387e+00,1.311510443687438965e+00,9.044883251190185547e-01,1.664736390113830566e+00,1.572431802749633789e+00,-1.740034818649291992e-01,2.033306837081909180e+00,1.469592571258544922e+00,-1.593273282051086426e-01,2.264907598495483398e+00,1.241123557090759277e+00,1.164488077163696289e+00,2.020819187164306641e+00,1.425600528717041016e+00,1.061064600944519043e+00,1.505604863166809082e+00,1.616198897361755371e+00,7.398213744163513184e-01,1.771559476852416992e+00,1.647996425628662109e+00,7.989667057991027832e-01,1.545191407203674316e+00,1.440626531839370728e-01,1.429376959800720215e+00,6.247833967208862305e-01,1.111512780189514160e+00
-6.899103522300720215e-01,-1.144497990608215332e+00,7.662371993064880371e-01,-1.322322607040405273e+00,7.762454748153686523e-01,-1.129484176635742188e+00,-7.448762655258178711e-01,5.235854387283325195e-01,-9.220821857452392578e-01,-1.038262009620666504e+00,2.441550940275192261e-01,-6.894982457160949707e-01,2.867459878325462341e-02,1.892641186714172363e-01,-8.156730532646179199e-01,-4.215794801712036133e-01,3.474703729152679443e-01,6.296984106302261353e-02,-4.963159859180450439e-01,9.094607830047607422e-02,3.177898824214935303e-01,2.961146235466003418e-01,4.615562967956066132e-03,-7.340941578149795532e-02,-1.880447119474411011e-01,2.729984223842620850e-01,-6.662431955337524414e-01,-1.437497735023498535e+00,-3.028748035430908203e-01,6.717327237129211426e-01,6.262506246566772461e-01,2.030155360698699951e-01
5.154933333396911621e-01,6.946476697921752930e-01,6.475264430046081543e-01,4.228753447532653809e-01,1.811228543519973755e-01,9.152822196483612061e-03,-7.035741806030273438e-01,7.109238505363464355e-01,1.429069042205810547e-01,1.442525535821914673e-01,1.277869343757629395e+00,-2.959736883640289307e-01,8.001773357391357422e-01,4.042258858680725098e-01,-2.214790582656860352e-01,1.104288101196289062e+00,8.956124186515808105e-01,7.513286471366882324e-01,7.534311413764953613e-01,1.075028419494628906e+00,1.087592124938964844e+00,8.670000433921813965e-01,1.119424462318420410e+00,6.340679526329040527e-01,9.882901906967163086e-01,1.193706870079040527e+00,6.169912815093994141e-01,-1.115714088082313538e-01,-6.287550926208496094e-01,2.467081695795059204e-01,-4.059607386589050293e-01,2.507386505603790283e-01
-6.997079253196716309e-01,-3.774729669094085693e-01,5.358465313911437988e-01,-3.684612512588500977e-01,3.868313133716583252e-01,-1.988717466592788696e-01,-5.206588506698608398e-01,1.969883441925048828e-01,-4.276426136493682861e-01,-1.499225735664367676e+00,1.238208115100860596e-01,-2.890213727951049805e-01,-1.014843955636024475e-02,5.181990861892700195e-01,-4.893960058689117432e-02,-3.151941299438476562e-01,7.924072146415710449e-01,5.076357722282409668e-01,8.394747227430343628e-02,4.237577617168426514e-01,4.058722853660583496e-01,6.493265032768249512e-01,5.425378680229187012e-01,8.971198201179504395e-01,2.199496328830718994e-01,5.212219357490539551e-01,4.789869785308837891e-01,1.189713999629020691e-01,2.760659754276275635e-01,1.259036540985107422e+00,1.682146787643432617e+00,3.877915143966674805e-01
5.227495431900024414e-01,9.009021520614624023e-01,8.425542116165161133e-01,8.077604770660400391e-01,3.845427632331848145e-01,-6.983312368392944336e-01,-1.143068194389343262e+00,3.083820641040802002e-01,-4.085577726364135742e-01,-6.508644819259643555e-01,9.707112908363342285e-01,-6.022092103958129883e-01,6.182137131690979004e-01,4.719877243041992188e-02,-1.022982239723205566e+00,1.271080821752548218e-01,6.615473628044128418e-01,-2.527153193950653076e-01,2.932823598384857178e-01,2.838861644268035889e-01,2.297510206699371338e-01,4.588240385055541992e-01,7.745712399482727051e-01,2.333538681268692017e-01,5.898747444152832031e-01,6.845619082450866699e-01,1.671233773231506348e-01,9.112025499343872070e-01,-1.028150916099548340e+00,-3.403400257229804993e-02,-3.586958944797515869e-01,-5.668905377388000488e-01
-1.699161767959594727e+00,-1.482129335403442383e+00,-4.338470995426177979e-01,-1.623573422431945801e+00,-1.196587737649679184e-02,-1.018841743469238281e+00,-8.278293013572692871e-01,5.676750540733337402e-01,-1.234779953956604004e-01,-1.262974858283996582e+00,6.752731204032897949e-01,-7.512647509574890137e-01,2.344212085008621216e-01,5.680639147758483887e-01,-7.099369168281555176e-01,4.707042500376701355e-02,8.913563489913940430e-01,1.421109288930892944e-01,2.682856023311614990e-01,8.027329444885253906e-01,6.937904357910156250e-01,9.087610244750976562e-01,6.872939467430114746e-01,8.661684393882751465e-01,5.670182704925537109e-01,7.277053594589233398e-01,1.215619966387748718e-01,-9.619982838630676270e-01,4.608056843280792236e-01,1.400353431701660156e+00,9.367384314537048340e-01,5.353193283081054688e-01
-1.469403386116027832e+00,-6.231469511985778809e-01,3.289476931095123291e-01,1.431908309459686279e-01,6.855859607458114624e-02,-1.549446702003479004e+00,-2.088392496109008789e+00,-1.949885487556457520e-01,-1.602507233619689941e+00,-2.952947139739990234e+00,-8.406130969524383545e-02,-1.298418521881103516e+00,-6.172398328781127930e-01,-1.985582262277603149e-01,-1.095629453659057617e+00,-1.264412403106689453e+00,3.125810325145721436e-01,-6.210650801658630371e-01,-1.222745418548583984e+00,-3.428839743137359619e-01,-1.218470335006713867e-01,-3.575403392314910889e-01,-4.440943300724029541e-01,-3.198366761207580566e-01,-1.009413123130798340e+00,-3.675279766321182251e-02,-1.108144998550415039e+00,-1.600204706192016602e+00,-9.265278577804565430e-01,-4.819296598434448242e-01,-6.461626291275024414e-01,-8.753877282142639160e-01
7.188684344291687012e-01,5.225849151611328125e-01,1.184770822525024414e+00,1.195994138717651367e+00,5.598134398460388184e-01,2.500370144844055176e-01,-5.237554311752319336e-01,3.076274394989013672e-01,-1.824758350849151611e-01,-3.168192207813262939e-01,1.012852430343627930e+00,-3.858712613582611084e-01,2.256893515586853027e-01,-2.392029948532581329e-02,-6.983274221420288086e-02,3.892318308353424072e-01,9.785102009773254395e-01,9.753623008728027344e-01,7.337852716445922852e-01,7.901048064231872559e-01,7.815070748329162598e-01,7.142970561981201172e-01,1.162023544311523438e+00,8.669344186782836914e-01,1.244441032409667969e+00,1.158169507980346680e+00,7.296570539474487305e-01,-6.381136775016784668e-01,-1.205747842788696289e+00,4.347217381000518799e-01,6.442063450813293457e-01,-5.456477403640747070e-01
6.285834908485412598e-01,6.500003337860107422e-01,1.001927018165588379e+00,5.506787300109863281e-01,7.190315723419189453e-01,-4.504935145378112793e-01,-1.458874046802520752e-01,2.831866443157196045e-01,-1.368740797042846680e-01,-1.331897020339965820e+00,2.448425740003585815e-01,-6.177686452865600586e-01,2.438502907752990723e-01,3.371922969818115234e-01,-4.499941468238830566e-01,-1.922436356544494629e-01,5.618304014205932617e-01,7.600483894348144531e-01,-4.831406101584434509e-02,3.722145259380340576e-01,3.883150219917297363e-01,6.245870590209960938e-01,4.702317416667938232e-01,3.747414052486419678e-01,1.785031259059906006e-01,8.349379897117614746e-01,3.567048907279968262e-01,2.078175842761993408e-01,6.474934220314025879e-01,8.001825213432312012e-01,1.320132255554199219e+00,3.044317364692687988e-01
-8.474407792091369629e-01,-5.135905146598815918e-01,4.014050588011741638e-02,-1.633220463991165161e-01,-3.273615837097167969e-01,-4.750088453292846680e-01,-5.747833251953125000e-01,6.376487016677856445e-01,-1.254048347473144531e-01,3.212832212448120117e-01,1.053847789764404297e+00,-8.031371831893920898e-01,7.156586647033691406e-01,4.160749539732933044e-02,-7.381592988967895508e-01,5.563505887985229492e-01,7.708289027214050293e-01,3.372612223029136658e-02,3.787400424480438232e-01,6.192605495452880859e-01,5.013050436973571777e-01,8.514025807380676270e-01,7.216426730155944824e-01,-6.371317896991968155e-03,1.118569850921630859e+00,9.838637709617614746e-01,-4.558687508106231689e-01,-1.107804298400878906e+00,-1.949159264564514160e+00,5.649610236287117004e-02,-1.394924640655517578e+00,-1.077267885208129883e+00
7.629742622375488281e-01,8.813222646713256836e-01,1.078869938850402832e+00,6.485444307327270508e-01,9.707726836204528809e-01,-3.145272135734558105e-01,2.327220439910888672e-01,6.242161989212036133e-01,-3.273095786571502686e-01,-4.332616552710533142e-02,5.342242717742919922e-01,-1.033379793167114258e+00,6.701400876045227051e-01,6.886281371116638184e-01,-5.923372507095336914e-01,6.120459437370300293e-01,7.543274760246276855e-01,3.148780167102813721e-01,5.201280117034912109e-01,6.259250640869140625e-01,6.940429806709289551e-01,7.751443982124328613e-01,9.523162245750427246e-01,1.195631742477416992e+00,5.368095040321350098e-01,6.642683148384094238e-01,8.111184239387512207e-01,2.255837321281433105e-01,3.587651550769805908e-01,1.200580596923828125e+00,1.749917507171630859e+00,6.822977066040039062e-01
1.929421722888946533e-01,7.955344021320343018e-02,9.196849465370178223e-01,-1.997974365949630737e-01,4.793543815612792969e-01,-2.347068339586257935e-01,9.765079617500305176e-02,6.183488965034484863e-01,3.268508017063140869e-01,1.978207528591156006e-01,8.976578712463378906e-01,-5.159659385681152344e-01,3.909085988998413086e-01,-2.174056470394134521e-01,-3.634117245674133301e-01,4.230468869209289551e-01,7.381768226623535156e-01,5.379460453987121582e-01,5.000784993171691895e-01,3.716992437839508057e-01,5.993418097496032715e-01,8.347230553627014160e-01,7.301480770111083984e-01,5.094268918037414551e-01,9.672344326972961426e-01,9.346895813941955566e-01,-2.548856474459171295e-02,-7.277632355690002441e-01,-1.202037215232849121e+00,9.985068440437316895e-01,-2.940342128276824951e-01,-5.474057793617248535e-01
2.285545468330383301e-01,3.572761118412017822e-01,1.287333607673645020e+00,3.427490890026092529e-01,1.506131291389465332e+00,4.985862672328948975e-01,1.874380588531494141e+00,1.079139113426208496e+00,8.175513744354248047e-01,8.255191445350646973e-01,8.330998420715332031e-01,4.712527096271514893e-01,8.564862608909606934e-01,1.331217646598815918e+00,4.112372696399688721e-01,8.951858878135681152e-01,1.048348546028137207e+00,1.831746339797973633e+00,1.179678082466125488e+00,1.123143196105957031e+00,1.340935707092285156e+00,1.340258479118347168e+00,7.950863242149353027e-01,1.314528226852416992e+00,7.118456959724426270e-01,1.199586272239685059e+00,8.535293340682983398e-01,-1.252899691462516785e-02,1.718223094940185547e+00,1.419696807861328125e+00,1.181970715522766113e+00,9.325602650642395020e-01
-6.617548316717147827e-02,1.271556168794631958e-01,1.161612868309020996e+00,2.782095670700073242e-01,6.236314773559570312e-01,2.315049618482589722e-01,6.833811402320861816e-01,3.430387377738952637e-01,4.050940573215484619e-01,-4.533317387104034424e-01,4.852410554885864258e-01,2.197394371032714844e-01,-7.978200912475585938e-02,-2.210961431264877319e-01,-2.279678434133529663e-01,-2.641128599643707275e-01,8.875900506973266602e-01,1.308083534240722656e+00,-6.020054221153259277e-02,6.594054698944091797e-01,1.210013985633850098e+00,8.239951729774475098e-01,7.663142085075378418e-01,9.516242146492004395e-01,7.987809777259826660e-01,1.083954453468322754e+00,-3.933850228786468506e-01,-6.928797811269760132e-02,-8.763424754142761230e-01,5.874060988426208496e-01,8.495796471834182739e-02,-9.887072443962097168e-01
1.279270172119140625e+00,9.885407686233520508e-01,1.316187143325805664e+00,6.260213255882263184e-01,4.679442942142486572e-01,-5.226164460182189941e-01,-2.503419294953346252e-02,1.197890564799308777e-01,-9.061858057975769043e-01,-7.949190139770507812e-01,3.770359456539154053e-01,-7.522185444831848145e-01,-8.873520791530609131e-02,7.424549460411071777e-01,-5.454107522964477539e-01,2.924985885620117188e-01,8.215445280075073242e-01,6.928123831748962402e-01,6.507100462913513184e-01,7.899124026298522949e-01,8.956815004348754883e-01,1.001139044761657715e+00,1.138141632080078125e+00,1.368475437164306641e+00,9.100894927978515625e-01,1.199998378753662109e+00,1.076550602912902832e+00,6.833787560462951660e-01,1.772258132696151733e-01,5.315917134284973145e-01,5.728025436401367188e-01,3.386033773422241211e-01
1.118195205926895142e-01,1.449171453714370728e-01,3.346850275993347168e-01,-7.236478328704833984e-01,-1.022657528519630432e-01,-1.344850420951843262e+00,-1.381154656410217285e+00,-1.406075805425643921e-01,-2.075705677270889282e-01,-2.278754711151123047e+00,-2.505224943161010742e-02,-1.851835012435913086e+00,-1.746926009654998779e-01,-1.412013471126556396e-01,-1.375097274780273438e+00,-5.030030012130737305e-01,4.299511611461639404e-01,-6.506258845329284668e-01,-2.942327558994293213e-01,1.368622761219739914e-02,7.123056799173355103e-02,1.997128725051879883e-01,2.602301537990570068e-01,8.881025314331054688e-01,-2.795079648494720459e-01,7.603577375411987305e-01,-2.484197467565536499e-01,4.672960340976715088e-01,-2.607135176658630371e-01,5.033351182937622070e-01,7.870489358901977539e-01,3.329996764659881592e-01
8.872664570808410645e-01,5.415478944778442383e-01,1.070712566375732422e+00,5.921370983123779297e-01,4.312947094440460205e-01,-7.161194086074829102e-01,-2.139245867729187012e-01,2.794229090213775635e-01,1.727957874536514282e-01,-7.957110404968261719e-01,2.780218720436096191e-01,-4.210465848445892334e-01,6.383224725723266602e-01,5.355160236358642578e-01,-9.781079292297363281e-01,2.738302052021026611e-01,5.046346187591552734e-01,1.155912410467863083e-02,4.120169878005981445e-01,2.771392166614532471e-01,6.494879722595214844e-01,6.479085087776184082e-01,5.996047854423522949e-01,6.871622800827026367e-01,5.386176705360412598e-01,7.531219124794006348e-01,-4.416617751121520996e-02,-9.004965424537658691e-01,-1.181768298149108887e+00,3.380222320556640625e-01,-2.657731175422668457e-01,-8.644732832908630371e-01
4.976704120635986328e-01,6.838998198509216309e-01,7.354224920272827148e-01,6.234700605273246765e-02,4.979243576526641846e-01,-6.040216088294982910e-01,-7.174433022737503052e-02,5.125583410263061523e-01,3.332735896110534668e-01,-5.335760116577148438e-01,5.597103238105773926e-01,-9.740723967552185059e-01,1.724570691585540771e-01,9.255847334861755371e-02,-1.216043472290039062e+00,2.064120471477508545e-01,6.430535316467285156e-01,1.944584697484970093e-01,1.177191436290740967e-01,1.890444457530975342e-01,5.515557527542114258e-01,6.943960785865783691e-01,4.631645679473876953e-01,8.507972359657287598e-01,6.135531663894653320e-01,9.652134776115417480e-01,-1.528413742780685425e-01,1.765491664409637451e-01,-1.025924563407897949e+00,1.151566147804260254e+00,4.041442275047302246e-01,5.320962667465209961e-01
-3.465602397918701172e-01,-2.540189921855926514e-01,6.545781493186950684e-01,-7.671791315078735352e-01,-2.935563325881958008e-01,-1.062115550041198730e+00,-8.760659098625183105e-01,5.810415744781494141e-01,9.689226001501083374e-02,-4.455196857452392578e-01,5.046133995056152344e-01,-1.166324257850646973e+00,1.274033188819885254e-01,3.842059075832366943e-01,-1.044598579406738281e+00,6.461381912231445312e-02,4.945537149906158447e-01,2.817428410053253174e-01,1.554486304521560669e-01,5.521417260169982910e-01,6.848289370536804199e-01,5.958860516548156738e-01,5.434269905090332031e-01,8.764739632606506348e-01,5.413374304771423340e-01,8.461907505989074707e-01,7.143849134445190430e-01,-2.717293798923492432e-01,-6.281521320343017578e-01,-2.905757352709770203e-02,8.218426108360290527e-01,2.789403200149536133e-01
1.009385108947753906e+00,1.010198831558227539e+00,8.217955231666564941e-01,5.518746376037597656e-01,6.698930263519287109e-02,-8.095881938934326172e-01,-8.336299061775207520e-01,4.420753121376037598e-01,-6.260377764701843262e-01,-1.119370222091674805e+00,7.265643477439880371e-01,-1.709950208663940430e+00,5.867059826850891113e-01,5.278140902519226074e-01,-1.242037773132324219e+00,2.959713935852050781e-01,7.217944860458374023e-01,2.375097274780273438e-01,2.996617555618286133e-01,7.105982303619384766e-01,8.087312579154968262e-01,7.554610967636108398e-01,1.045372724533081055e+00,1.165898919105529785e+00,8.456520438194274902e-01,9.045465588569641113e-01,-4.200587421655654907e-02,2.150321900844573975e-01,-6.708235740661621094e-01,4.890023171901702881e-01,4.499418660998344421e-02,8.501527309417724609e-01
7.480939626693725586e-01,8.050483465194702148e-01,1.496360421180725098e+00,1.459852814674377441e+00,9.853867888450622559e-01,3.784029046073555946e-03,7.688637375831604004e-01,6.477042436599731445e-01,-2.296603471040725708e-01,-4.986199140548706055e-01,9.471485614776611328e-01,1.293821930885314941e-01,3.360494673252105713e-01,6.829998493194580078e-01,5.287978649139404297e-01,-1.462492942810058594e-01,9.061765670776367188e-01,2.013752222061157227e+00,6.974228024482727051e-01,1.005120038986206055e+00,1.536791443824768066e+00,1.045648932456970215e+00,9.828141927719116211e-01,1.401620268821716309e+00,1.326519608497619629e+00,1.098394751548767090e+00,1.100253820419311523e+00,8.808919787406921387e-02,2.403981685638427734e-01,1.268648505210876465e+00,1.456197738647460938e+00,9.344281554222106934e-01
1.058105587959289551e+00,1.135406136512756348e+00,1.488536834716796875e+00,7.320989966392517090e-01,1.743062257766723633e+00,4.726478755474090576e-01,1.834779500961303711e+00,1.058754563331604004e+00,9.097642302513122559e-01,-1.617486178874969482e-01,6.436570286750793457e-01,-3.752186894416809082e-01,8.898754119873046875e-01,1.489945769309997559e+00,-9.417355060577392578e-01,6.030949354171752930e-01,1.126017212867736816e+00,1.064073562622070312e+00,7.018883228302001953e-01,8.315688371658325195e-01,1.062588691711425781e+00,1.024864792823791504e+00,1.026237130165100098e+00,1.091096878051757812e+00,7.756629586219787598e-01,1.306182384490966797e+00,7.192005962133407593e-02,5.413422584533691406e-01,1.257139086723327637e+00,1.456576943397521973e+00,3.839178010821342468e-02,1.019069790840148926e+00
2.974720299243927002e-01,5.062521100044250488e-01,5.588585138320922852e-01,4.110756516456604004e-01,6.666236370801925659e-02,-7.286681532859802246e-01,5.244532227516174316e-01,7.733228206634521484e-01,-2.250497192144393921e-01,7.949010133743286133e-01,1.127711415290832520e+00,-1.343350052833557129e+00,7.819167971611022949e-01,3.356124162673950195e-01,-1.132216811180114746e+00,5.984318852424621582e-01,8.075318932533264160e-01,3.718809485435485840e-01,6.357250213623046875e-01,6.253341436386108398e-01,8.844904899597167969e-01,7.363187670707702637e-01,6.035012006759643555e-01,6.312826871871948242e-01,9.793986082077026367e-01,9.013173580169677734e-01,1.265126913785934448e-01,-4.148627221584320068e-01,-4.143308699131011963e-01,2.062832117080688477e-01,-2.650395035743713379e-01,-1.385398745536804199e+00
-1.586004644632339478e-01,6.982519030570983887e-01,8.559691905975341797e-01,7.699695825576782227e-01,5.465398430824279785e-01,-5.297640562057495117e-01,3.463790118694305420e-01,8.608417510986328125e-01,8.556293249130249023e-01,-2.799010574817657471e-01,6.884253621101379395e-01,-7.095393538475036621e-01,1.193553924560546875e+00,9.998388886451721191e-01,-1.055543541908264160e+00,6.857249736785888672e-01,8.715453147888183594e-01,7.542256116867065430e-01,7.835835218429565430e-01,8.008847832679748535e-01,7.194035053253173828e-01,1.068827390670776367e+00,9.536302685737609863e-01,7.983992099761962891e-01,7.175915241241455078e-01,1.048057198524475098e+00,1.530964076519012451e-01,4.484330415725708008e-01,3.650731146335601807e-01,9.916387200355529785e-01,4.675133526325225830e-01,2.925650477409362793e-01
5.048263072967529297e-01,4.005596935749053955e-01,2.722419202327728271e-01,-3.045595586299896240e-01,-9.625012427568435669e-02,-8.605593442916870117e-01,8.264772593975067139e-02,2.490770965814590454e-01,-1.772458553314208984e-01,-4.250176250934600830e-01,1.027166843414306641e+00,-1.203556656837463379e+00,5.333740711212158203e-01,-1.637886315584182739e-01,-8.288069963455200195e-01,2.354988604784011841e-01,6.109574437141418457e-01,3.792026638984680176e-02,1.906524151563644409e-01,3.289228975772857666e-01,7.334684729576110840e-01,5.705620050430297852e-01,7.731460332870483398e-01,1.007869362831115723e+00,8.869789838790893555e-01,8.385323882102966309e-01,-2.143649756908416748e-01,-5.440612435340881348e-01,-5.615938901901245117e-01,7.791178822517395020e-01,-9.876713156700134277e-01,-9.268100261688232422e-01
-1.223861891776323318e-02,1.408907622098922729e-01,2.927920222282409668e-01,-2.344789654016494751e-01,-1.884135305881500244e-01,-1.352515459060668945e+00,-1.024788141250610352e+00,7.050848603248596191e-01,-1.032232940196990967e-01,-6.878186464309692383e-01,5.614781379699707031e-01,-1.498622417449951172e+00,9.165689945220947266e-01,1.005652308464050293e+00,-2.158130884170532227e+00,5.758504867553710938e-01,7.060542702674865723e-01,-6.031787395477294922e-01,1.390054523944854736e-01,3.467383682727813721e-01,1.998444646596908569e-01,4.497006833553314209e-01,5.000498294830322266e-01,6.477680206298828125e-01,1.777185797691345215e-01,7.892278432846069336e-01,-5.321094393730163574e-01,-2.175966948270797729e-01,-8.210550546646118164e-01,1.821168512105941772e-01,-7.017416357994079590e-01,1.841899901628494263e-01
1.211021423339843750e+00,1.598277330398559570e+00,9.336840510368347168e-01,5.008091330528259277e-01,-2.276786118745803833e-01,-1.197499632835388184e+00,-3.927838504314422607e-01,5.155580043792724609e-01,-1.448429226875305176e+00,1.931407302618026733e-01,1.055239081382751465e+00,-1.643426179885864258e+00,7.883577942848205566e-01,9.029974788427352905e-02,-1.183599591255187988e+00,5.204975008964538574e-01,8.567516207695007324e-01,6.358959078788757324e-01,5.503584742546081543e-01,6.532906293869018555e-01,8.626223206520080566e-01,9.857655167579650879e-01,9.622337818145751953e-01,1.049161076545715332e+00,1.369490385055541992e+00,1.035171627998352051e+00,8.729270696640014648e-01,4.329687654972076416e-01,-4.693399667739868164e-01,9.173160791397094727e-01,-1.025609016418457031e+00,-5.358687043190002441e-01
-2.665076553821563721e-01,1.156284883618354797e-01,9.605138897895812988e-01,5.775868296623229980e-01,1.250107288360595703e+00,-3.331239148974418640e-02,1.768835783004760742e+00,4.050603806972503662e-01,-2.595033645629882812e-01,-5.533041357994079590e-01,4.303568899631500244e-01,-9.393567442893981934e-01,9.778026938438415527e-01,4.307751953601837158e-01,-2.907059192657470703e-01,4.364652931690216064e-01,1.017701983451843262e+00,5.394305586814880371e-01,5.026042461395263672e-01,1.152198910713195801e+00,9.970102310180664062e-01,1.141304373741149902e+00,1.128988981246948242e+00,1.064654111862182617e+00,8.516743779182434082e-01,1.198349833488464355e+00,-5.466764569282531738e-01,8.716690540313720703e-01,1.106953978538513184e+00,1.000671267509460449e+00,9.700648784637451172e-01,1.783335566520690918e+00
1.066197752952575684e+00,1.732641458511352539e-01,9.803129434585571289e-01,2.379471063613891602e-01,6.422995328903198242e-01,-8.562902212142944336e-01,2.605474889278411865e-01,4.228509366512298584e-01,-1.927522867918014526e-01,-2.426949292421340942e-01,2.501132786273956299e-01,-1.118427991867065430e+00,2.629519402980804443e-01,5.519442558288574219e-01,-1.479015707969665527e+00,-8.815718442201614380e-02,2.838209867477416992e-01,-5.210253596305847168e-01,-8.807454258203506470e-02,-2.260563522577285767e-01,-2.380332499742507935e-01,3.017801940441131592e-01,-1.851455308496952057e-02,-2.937769293785095215e-01,-6.597667001187801361e-03,2.384575754404067993e-01,-5.028703063726425171e-02,-1.690626621246337891e+00,-1.272027730941772461e+00,1.188207641243934631e-01,-7.180206179618835449e-01,-6.582347154617309570e-01
1.110103011131286621e+00,1.805927991867065430e+00,1.532829046249389648e+00,1.928013443946838379e+00,1.431033968925476074e+00,7.462623119354248047e-01,1.886287093162536621e+00,6.545714139938354492e-01,9.781209826469421387e-01,7.497748732566833496e-01,1.112734079360961914e+00,-3.972477912902832031e-01,1.452853679656982422e+00,1.349386215209960938e+00,-7.002428174018859863e-01,1.532536149024963379e+00,1.214369058609008789e+00,1.043045163154602051e+00,1.498868584632873535e+00,1.018345952033996582e+00,1.286722421646118164e+00,1.255859613418579102e+00,1.217802643775939941e+00,1.157856464385986328e+00,1.425708770751953125e+00,8.820201754570007324e-01,3.223650753498077393e-01,5.763956308364868164e-01,3.335797190666198730e-01,1.338505983352661133e+00,1.766266345977783203e+00,-3.036259673535823822e-02
1.432955026626586914e+00,6.902641057968139648e-01,1.261818051338195801e+00,7.940074801445007324e-01,8.810613155364990234e-01,-3.282726183533668518e-02,9.506887197494506836e-01,4.125218689441680908e-01,1.828887313604354858e-01,-1.075432062149047852e+00,2.509644627571105957e-01,-9.981469810009002686e-02,-2.981339395046234131e-01,5.302703380584716797e-01,-5.574110746383666992e-01,-2.445803433656692505e-01,7.255607843399047852e-01,8.201357126235961914e-01,1.234866231679916382e-01,2.422847002744674683e-01,3.405551016330718994e-01,6.776045560836791992e-01,6.801418066024780273e-01,6.510755419731140137e-01,4.048711061477661133e-01,7.864733338356018066e-01,5.935580134391784668e-01,9.893736243247985840e-01,-6.854339241981506348e-01,3.253937065601348877e-01,1.254911661148071289e+00,4.584422409534454346e-01
1.811683535575866699e+00,1.734167575836181641e+00,1.033242464065551758e+00,5.234517455101013184e-01,6.385724544525146484e-01,6.698054820299148560e-02,3.281485438346862793e-01,9.356073737144470215e-01,3.761915490031242371e-03,9.054034948348999023e-03,1.613517165184020996e+00,-3.558211326599121094e-01,1.110794901847839355e+00,1.373109102249145508e+00,-8.971543312072753906e-01,1.879849672317504883e+00,1.724232792854309082e+00,1.326546430587768555e+00,2.052494764328002930e+00,1.693107247352600098e+00,1.735921740531921387e+00,1.675727367401123047e+00,1.944100022315979004e+00,1.334094762802124023e+00,1.883495688438415527e+00,1.594497561454772949e+00,6.456903219223022461e-01,-2.861276865005493164e-01,-1.245821863412857056e-01,-3.403400182723999023e-01,-1.640121936798095703e-01,-2.890489995479583740e-01
1.394634127616882324e+00,7.613751292228698730e-01,1.684649467468261719e+00,1.179291248321533203e+00,1.780463814735412598e+00,1.983219385147094727e-01,3.710206747055053711e-01,6.722204685211181641e-01,-6.897839307785034180e-01,-1.508117794990539551e+00,7.323343157768249512e-01,-1.011109352111816406e+00,1.612351387739181519e-01,1.056479811668395996e+00,-2.575583159923553467e-01,1.434938758611679077e-01,1.176851987838745117e+00,9.256811738014221191e-01,4.526367485523223877e-01,7.026558518409729004e-01,9.321807622909545898e-01,6.234116554260253906e-01,8.831743001937866211e-01,1.669999003410339355e+00,4.796048104763031006e-01,6.316420435905456543e-01,7.128247022628784180e-01,3.388081789016723633e-01,1.677174925804138184e+00,1.983822703361511230e+00,2.092334508895874023e+00,1.371371150016784668e+00
-4.748316947370767593e-03,2.915877103805541992e-01,7.869333624839782715e-01,-1.482933908700942993e-01,4.557822346687316895e-01,-3.008464872837066650e-01,-2.049401849508285522e-01,3.782519400119781494e-01,-1.292814314365386963e-01,-5.557340979576110840e-01,7.036891579627990723e-01,-5.605412721633911133e-01,-1.206081733107566833e-01,3.606558963656425476e-02,-9.303214401006698608e-02,-3.938296139240264893e-01,1.064115166664123535e+00,9.353233575820922852e-01,-1.490952968597412109e-01,1.009276866912841797e+00,1.077176213264465332e+00,9.607648849487304688e-01,9.282642602920532227e-01,8.233796954154968262e-01,8.371341228485107422e-01,1.275528073310852051e+00,-1.819904446601867676e-01,-7.714988589286804199e-01,1.660941243171691895e-01,-5.867755040526390076e-02,2.000634372234344482e-01,-2.999634109437465668e-02
1.588612914085388184e+00,9.787346124649047852e-01,1.584256529808044434e+00,1.233266830444335938e+00,6.940209269523620605e-01,4.366187378764152527e-03,-2.295382469892501831e-01,3.720544874668121338e-01,-2.759273350238800049e-01,-1.665006399154663086e+00,4.572915434837341309e-01,-7.978510856628417969e-02,-1.848189160227775574e-03,9.795843958854675293e-01,-1.474442332983016968e-01,3.238191008567810059e-01,1.107880830764770508e+00,1.224330306053161621e+00,3.181619644165039062e-01,7.965081930160522461e-01,7.079511880874633789e-01,8.822305202484130859e-01,1.028584122657775879e+00,1.523267149925231934e+00,8.024122714996337891e-01,1.118907451629638672e+00,1.738218069076538086e+00,3.674348294734954834e-01,-5.630781054496765137e-01,1.285980820655822754e+00,3.371070623397827148e-01,2.124283015727996826e-01
3.846805393695831299e-01,6.933813095092773438e-01,1.182934880256652832e+00,6.384588479995727539e-01,2.969237864017486572e-01,-7.223291397094726562e-01,-3.717621266841888428e-01,4.101353287696838379e-01,-6.518895030021667480e-01,-1.437611460685729980e+00,6.627265214920043945e-01,-6.649065613746643066e-01,8.286970108747482300e-02,7.143257856369018555e-01,-9.718536734580993652e-01,5.545081943273544312e-02,8.990808725357055664e-01,7.839593887329101562e-01,7.133191823959350586e-01,7.442229390144348145e-01,7.725020051002502441e-01,9.237490296363830566e-01,9.690656065940856934e-01,9.357829689979553223e-01,1.175363540649414062e+00,1.155373334884643555e+00,4.506780207157135010e-01,1.246874630451202393e-01,-1.595635294914245605e+00,1.918822377920150757e-01,-6.067927181720733643e-02,-1.233695626258850098e+00
-2.672767341136932373e-01,-8.913232386112213135e-02,3.528567552566528320e-01,-1.073851466178894043e+00,1.211299896240234375e-01,-1.362412214279174805e+00,-9.761590361595153809e-01,3.736958205699920654e-01,-7.396981120109558105e-01,-6.469584703445434570e-01,1.023802995681762695e+00,-1.224700808525085449e+00,5.258042812347412109e-01,6.356776356697082520e-01,-3.559847772121429443e-01,3.534765541553497314e-01,9.751477241516113281e-01,3.598750233650207520e-01,7.357511520385742188e-01,5.974739193916320801e-01,1.740049868822097778e-01,7.167722582817077637e-01,8.864104151725769043e-01,7.727398872375488281e-01,9.303233623504638672e-01,7.387651205062866211e-01,-3.414477407932281494e-01,-4.674659967422485352e-01,1.878472976386547089e-02,1.001983523368835449e+00,-1.596105843782424927e-01,3.169943094253540039e-01
1.161732554435729980e+00,9.825336933135986328e-01,1.360813260078430176e+00,1.034266710281372070e+00,9.856156110763549805e-01,-2.074100673198699951e-01,3.134071528911590576e-01,8.469564914703369141e-01,-5.455924272537231445e-01,-5.835801959037780762e-01,1.096299886703491211e+00,-4.063260555267333984e-01,1.015972852706909180e+00,1.798749685287475586e+00,-5.672420263290405273e-01,1.083614349365234375e+00,1.268003821372985840e+00,1.706311106681823730e+00,1.627680063247680664e+00,1.124737143516540527e+00,1.366130709648132324e+00,1.201554656028747559e+00,1.322711825370788574e+00,1.603291630744934082e+00,1.430378675460815430e+00,1.267029881477355957e+00,1.032549381256103516e+00,6.750518083572387695e-01,5.123361349105834961e-01,1.388082861900329590e+00,1.049154043197631836e+00,9.633257389068603516e-01
5.463908314704895020e-01,6.018461585044860840e-01,8.160790205001831055e-01,1.527581363916397095e-01,1.025926947593688965e+00,-7.617218494415283203e-01,9.622899293899536133e-01,2.560952305793762207e-01,1.778193265199661255e-01,-1.504445791244506836e+00,3.143194019794464111e-01,-7.941278815269470215e-01,1.510092169046401978e-01,4.959080219268798828e-01,-4.068983793258666992e-01,-1.701350510120391846e-01,9.896038770675659180e-01,5.675356984138488770e-01,-1.743524372577667236e-01,3.437771499156951904e-01,1.707565486431121826e-01,4.963063597679138184e-01,7.338353395462036133e-01,7.058061957359313965e-01,4.962073266506195068e-01,7.756952643394470215e-01,3.854789137840270996e-01,1.368966698646545410e+00,1.038586854934692383e+00,7.982907891273498535e-01,6.770087778568267822e-02,9.940545558929443359e-01
7.563533782958984375e-01,9.676296114921569824e-01,8.162250518798828125e-01,6.982944607734680176e-01,8.932560682296752930e-01,-6.105870604515075684e-01,-3.481235504150390625e-01,1.171714186668395996e+00,-3.417837899178266525e-03,1.179004460573196411e-02,1.208016037940979004e+00,-1.686829328536987305e-01,1.201411485671997070e+00,1.988865494728088379e+00,-1.367592096328735352e+00,1.414982318878173828e+00,1.289694666862487793e+00,6.997161507606506348e-01,1.539319038391113281e+00,1.023258447647094727e+00,7.821428179740905762e-01,1.178027987480163574e+00,1.136317610740661621e+00,7.918712496757507324e-01,1.150773644447326660e+00,1.385567426681518555e+00,7.904605567455291748e-02,1.094935417175292969e+00,-1.020219564437866211e+00,-1.780948042869567871e-01,-3.978911414742469788e-02,-9.577586501836776733e-02
-8.583418726921081543e-01,-3.244481682777404785e-01,7.613134980201721191e-01,-1.219832710921764374e-02,-1.502273380756378174e-01,-8.684508800506591797e-01,-1.029280349612236023e-01,1.612940430641174316e-01,-1.480910181999206543e+00,-1.486895680427551270e+00,2.222456187009811401e-01,-1.626257896423339844e+00,-4.516775012016296387e-01,-3.438944220542907715e-01,-4.466324746608734131e-01,-5.160790085792541504e-01,8.328102827072143555e-01,5.337951183319091797e-01,-3.034503161907196045e-01,3.418877124786376953e-01,5.373166203498840332e-01,4.744712114334106445e-01,2.007769942283630371e-01,1.038350701332092285e+00,4.051625132560729980e-01,6.109519600868225098e-01,1.892214566469192505e-01,-9.855732321739196777e-01,8.238843679428100586e-01,1.012209057807922363e+00,1.924479603767395020e-01,1.427151918411254883e+00
-4.397208988666534424e-02,-1.998252570629119873e-01,1.391565352678298950e-01,-8.063253760337829590e-01,-2.189821004867553711e-01,-9.037361145019531250e-01,-7.953371405601501465e-01,7.025191187858581543e-01,-7.709632813930511475e-02,-4.745718240737915039e-01,8.434857726097106934e-01,-4.200468361377716064e-01,1.133471131324768066e+00,1.635244965553283691e+00,-9.854958057403564453e-01,6.345621347427368164e-01,9.616777896881103516e-01,7.184384465217590332e-01,9.877367615699768066e-01,1.024412751197814941e+00,5.831866860389709473e-01,1.282209753990173340e+00,8.589524030685424805e-01,5.707725882530212402e-01,9.032378196716308594e-01,1.014695405960083008e+00,-3.053826987743377686e-01,9.819272905588150024e-02,-2.035847425460815430e+00,-2.496735751628875732e-01,-1.151159524917602539e+00,-1.937858909368515015e-01
-1.033996105194091797e+00,-7.360479235649108887e-01,1.065058633685112000e-01,-1.371992945671081543e+00,-1.070030689239501953e+00,-2.359164237976074219e+00,-2.255519628524780273e+00,-6.626082658767700195e-01,-2.416204929351806641e+00,-3.098225831985473633e+00,9.346511214971542358e-02,-2.534265995025634766e+00,-8.761523365974426270e-01,-4.881074130535125732e-01,-1.543825507164001465e+00,-1.106293559074401855e+00,5.377566814422607422e-01,-6.691319942474365234e-01,-4.090876877307891846e-01,1.209293603897094727e-01,1.272814273834228516e-01,3.329812288284301758e-01,-5.954468622803688049e-02,4.573074281215667725e-01,-7.196911424398422241e-02,2.953839600086212158e-01,-2.749134302139282227e-01,-9.966654777526855469e-01,-2.503703236579895020e-01,4.798504710197448730e-01,2.287786751985549927e-01,-3.291539847850799561e-01
9.218422174453735352e-01,1.229863762855529785e+00,1.074363589286804199e+00,1.085970044136047363e+00,3.221632838249206543e-01,-8.760188817977905273e-01,-8.750627636909484863e-01,1.992522478103637695e-01,-7.300868630409240723e-01,-1.291918873786926270e+00,5.066594481468200684e-01,-8.438513875007629395e-01,2.621440589427947998e-01,1.154975175857543945e+00,-5.580951571464538574e-01,-4.471282660961151123e-01,8.954601883888244629e-01,1.466668367385864258e+00,1.473377048969268799e-01,8.259830474853515625e-01,1.025767207145690918e+00,6.218008995056152344e-01,8.155490756034851074e-01,9.196805953979492188e-01,1.069076061248779297e+00,5.792491436004638672e-01,1.075800418853759766e+00,-1.179533243179321289e+00,-1.035989522933959961e+00,2.003524005413055420e-01,-8.726357221603393555e-01,2.873642146587371826e-01
-1.295454502105712891e+00,-5.115123987197875977e-01,-8.322270214557647705e-02,-7.387961149215698242e-01,-4.810544550418853760e-01,-1.106941699981689453e+00,-5.194813013076782227e-01,-8.036875165998935699e-03,-8.711816072463989258e-01,-1.733514666557312012e+00,2.685444056987762451e-01,-1.627993106842041016e+00,-2.162713259458541870e-01,2.696649730205535889e-01,-1.430076122283935547e+00,-3.820416331291198730e-01,7.196962237358093262e-01,-7.537932135164737701e-03,6.169774755835533142e-02,2.331055849790573120e-01,8.655572533607482910e-01,7.119089365005493164e-01,2.029213309288024902e-01,7.308214902877807617e-01,3.680795729160308838e-01,7.265419960021972656e-01,-1.240013360977172852e+00,2.660287544131278992e-02,3.426705896854400635e-01,8.091809749603271484e-01,1.652348600327968597e-02,1.118105411529541016e+00
1.381659865379333496e+00,1.200152993202209473e+00,1.192615270614624023e+00,3.783076107501983643e-01,-3.593032807111740112e-02,-8.924487233161926270e-01,-2.434945851564407349e-01,4.851933121681213379e-01,-7.920896410942077637e-01,4.011675417423248291e-01,1.272295832633972168e+00,-1.450955986976623535e+00,9.214827418327331543e-01,7.494286298751831055e-01,-8.548598885536193848e-01,1.246510267257690430e+00,1.000651121139526367e+00,2.664075493812561035e-01,1.438368558883666992e+00,7.714099287986755371e-01,8.710787296295166016e-01,1.159756302833557129e+00,1.338049173355102539e+00,1.917992949485778809e+00,1.766164779663085938e+00,1.193325996398925781e+00,1.795150995254516602e+00,8.371717929840087891e-01,3.364554047584533691e-01,6.743572354316711426e-01,6.211503148078918457e-01,5.487242937088012695e-01
-9.316063672304153442e-02,-4.058849066495895386e-02,2.594528794288635254e-01,-5.549840331077575684e-01,4.067090749740600586e-01,-1.184983253479003906e+00,-1.932517588138580322e-01,5.405930280685424805e-01,-3.466008603572845459e-02,-9.219095110893249512e-01,4.456043243408203125e-01,-1.326446175575256348e+00,7.125598788261413574e-01,6.312342286109924316e-01,-1.170016050338745117e+00,1.599448770284652710e-01,7.460601925849914551e-01,4.450694844126701355e-02,2.243850231170654297e-01,3.997931182384490967e-01,5.276322364807128906e-01,6.388162374496459961e-01,4.501154720783233643e-01,6.119076013565063477e-01,3.236144483089447021e-01,3.960381150245666504e-01,-1.577830672264099121e+00,5.130709409713745117e-01,3.835795447230339050e-02,9.517761468887329102e-01,1.444495022296905518e-01,1.501648314297199249e-02
1.471576929092407227e+00,1.026336789131164551e+00,1.233715534210205078e+00,7.428223490715026855e-01,-4.468241930007934570e-01,-1.313575625419616699e+00,-6.586086153984069824e-01,4.736285209655761719e-01,-1.088982820510864258e+00,-7.008326649665832520e-01,7.537609338760375977e-01,-1.411758661270141602e+00,3.570103645324707031e-01,1.447930932044982910e-01,-1.464494109153747559e+00,6.975781321525573730e-01,9.558794498443603516e-01,5.584987998008728027e-02,3.789874315261840820e-01,5.355011224746704102e-01,6.952274441719055176e-01,7.945354580879211426e-01,6.985059976577758789e-01,5.924454927444458008e-01,1.007328510284423828e+00,8.281612992286682129e-01,6.027092933654785156e-01,1.178899779915809631e-01,-1.897211432456970215e+00,-4.403798654675483704e-02,-2.167755603790283203e+00,-7.317788600921630859e-01
-1.444558352231979370e-01,1.819663196802139282e-01,5.366184711456298828e-01,-6.024219989776611328e-01,-6.798645853996276855e-01,-1.667592525482177734e+00,-1.567123055458068848e+00,-2.037612050771713257e-01,-6.623494625091552734e-01,-1.323401093482971191e+00,2.415852099657058716e-01,-1.724360466003417969e+00,3.263769149780273438e-01,3.166045248508453369e-01,-1.360634207725524902e+00,1.682437509298324585e-01,5.945751667022705078e-01,-2.357801795005798340e-01,-4.819819033145904541e-01,3.835785090923309326e-01,1.643380373716354370e-01,4.309750795364379883e-01,6.134645938873291016e-01,6.351298689842224121e-01,6.678662300109863281e-01,8.255946040153503418e-01,5.680094361305236816e-01,1.055494546890258789e+00,2.563535869121551514e-01,5.687274336814880371e-01,5.075819492340087891e-01,6.321939229965209961e-01
5.239868164062500000e-01,8.299859166145324707e-01,8.231098651885986328e-01,3.266042470932006836e-01,7.061829324811697006e-03,-1.006551742553710938e+00,1.704418510198593140e-01,5.042290091514587402e-01,-1.368213295936584473e+00,3.280872404575347900e-01,1.261116027832031250e+00,-6.161483526229858398e-01,1.316784977912902832e+00,6.259762048721313477e-01,-3.550857305526733398e-01,1.264265656471252441e+00,1.033117890357971191e+00,1.785236001014709473e+00,1.262805342674255371e+00,8.942630290985107422e-01,1.799532055854797363e+00,1.060014963150024414e+00,1.582732796669006348e+00,1.550771832466125488e+00,2.046763658523559570e+00,1.421495914459228516e+00,1.018192410469055176e+00,5.025502666831016541e-02,-9.409526586532592773e-01,7.726417183876037598e-01,-1.449665188789367676e+00,-6.356001496315002441e-01
1.251716494560241699e+00,1.868271946907043457e+00,1.505081176757812500e+00,2.223324537277221680e+00,1.913657665252685547e+00,1.631013602018356323e-01,2.512883424758911133e+00,7.068205475807189941e-01,5.354995131492614746e-01,4.395256638526916504e-01,7.082560062408447266e-01,-1.102006673812866211e+00,8.363443017005920410e-01,1.316974163055419922e+00,-1.422512292861938477e+00,7.178443670272827148e-01,1.213409304618835449e+00,5.775958895683288574e-01,6.738060712814331055e-01,7.587473988533020020e-01,6.688218712806701660e-01,6.481199860572814941e-01,9.233087301254272461e-01,1.490157246589660645e+00,1.088129401206970215e+00,8.786135315895080566e-01,1.509676098823547363e+00,1.543893694877624512e+00,6.595063805580139160e-01,1.801995635032653809e+00,7.993804216384887695e-01,1.265266895294189453e+00
-6.970997452735900879e-01,6.123991310596466064e-02,1.912515759468078613e-01,-1.014374613761901855e+00,4.424432218074798584e-01,-1.182104825973510742e+00,1.219435572624206543e+00,1.405368328094482422e+00,8.600335121154785156e-01,1.640364289283752441e+00,1.571801543235778809e+00,-2.675208635628223419e-02,1.776762723922729492e+00,1.143447041511535645e+00,-8.084219694137573242e-01,1.053777575492858887e+00,9.918874502182006836e-01,1.041243553161621094e+00,1.084221720695495605e+00,7.951821684837341309e-01,1.353067278861999512e+00,1.020505189895629883e+00,1.062906622886657715e+00,6.631740927696228027e-01,1.548591256141662598e+00,9.665124416351318359e-01,-1.318669438362121582e+00,-1.244881749153137207e+00,-2.112284898757934570e+00,4.362896829843521118e-02,-2.285376310348510742e+00,-1.291271090507507324e+00
7.074992060661315918e-01,1.312988996505737305e+00,1.139581441879272461e+00,8.407278656959533691e-01,8.327073603868484497e-02,-3.020754754543304443e-01,-6.512379050254821777e-01,4.261619150638580322e-01,-9.915400147438049316e-01,-7.261227965354919434e-01,9.203940033912658691e-01,-1.094318866729736328e+00,7.842962145805358887e-01,1.535749793052673340e+00,-3.185373842716217041e-01,1.247211337089538574e+00,1.275801062583923340e+00,1.030087947845458984e+00,1.347690224647521973e+00,1.060078024864196777e+00,6.918135285377502441e-01,1.192145228385925293e+00,1.468873500823974609e+00,1.478110909461975098e+00,1.501413822174072266e+00,1.265626549720764160e+00,2.030428886413574219e+00,2.849829196929931641e+00,1.422398328781127930e+00,6.610981225967407227e-01,5.753526836633682251e-02,9.588574171066284180e-01
-6.562039852142333984e-01,-3.909483253955841064e-01,-7.516956329345703125e-02,-4.432058930397033691e-01,2.018179297447204590e-01,-1.626259326934814453e+00,-1.360263824462890625e+00,2.250891029834747314e-01,-2.699403762817382812e-01,-1.616748213768005371e+00,6.564655303955078125e-01,-5.833172798156738281e-01,4.153666794300079346e-01,3.488068282604217529e-01,-8.789387941360473633e-01,-5.272474884986877441e-01,8.225903511047363281e-01,4.624658524990081787e-01,5.906787887215614319e-02,5.912079215049743652e-01,1.025279521942138672e+00,6.137098670005798340e-01,7.892482280731201172e-01,7.486124038696289062e-01,9.412024021148681641e-01,7.887479066848754883e-01,-1.455773591995239258e+00,8.541964292526245117e-01,-1.252176165580749512e+00,-5.214002132415771484e-01,-1.162966966629028320e+00,1.114882305264472961e-01
9.315060377120971680e-01,6.386030912399291992e-01,8.123445510864257812e-01,-3.713314533233642578e-01,4.885739684104919434e-01,-7.170249819755554199e-01,-6.325277090072631836e-01,9.122230410575866699e-01,-6.243174076080322266e-01,-2.413269132375717163e-01,1.574486017227172852e+00,-5.541864633560180664e-01,1.260442852973937988e+00,1.907687067985534668e+00,-4.692455530166625977e-01,1.999767541885375977e+00,1.741932392120361328e+00,1.265969038009643555e+00,1.695757150650024414e+00,1.645033717155456543e+00,1.481829285621643066e+00,1.732165455818176270e+00,1.492990851402282715e+00,8.816441297531127930e-01,1.892424583435058594e+00,1.479079604148864746e+00,7.502099275588989258e-01,1.025601148605346680e+00,-1.190534472465515137e+00,-3.808331489562988281e-01,-1.077869296073913574e+00,-7.323648929595947266e-01
1.552131175994873047e+00,1.678999662399291992e+00,1.550938248634338379e+00,1.702543735504150391e+00,1.127963781356811523e+00,-1.145558208227157593e-01,2.291021049022674561e-01,4.908719658851623535e-01,-4.033736884593963623e-01,-8.926414251327514648e-01,5.813906192779541016e-01,-8.786359429359436035e-01,3.371229767799377441e-01,1.350460052490234375e+00,-1.480501145124435425e-01,2.485259771347045898e-01,1.433792710304260254e+00,1.554442763328552246e+00,8.319365978240966797e-01,1.325626492500305176e+00,1.267301440238952637e+00,1.399955391883850098e+00,1.031133770942687988e+00,1.816765546798706055e+00,1.415853381156921387e+00,1.170403122901916504e+00,8.948001265525817871e-01,2.367254257202148438e+00,8.332999348640441895e-01,1.858372449874877930e+00,1.647248387336730957e+00,2.157831907272338867e+00
-3.212470412254333496e-01,-4.687808156013488770e-01,4.627424106001853943e-02,-1.149194121360778809e+00,-3.249749168753623962e-02,-1.663614392280578613e+00,-9.733677506446838379e-01,3.871566653251647949e-01,-7.143051624298095703e-01,-1.447925567626953125e+00,5.023381114006042480e-01,-2.301276922225952148e-01,-9.584022685885429382e-03,8.164869546890258789e-01,-9.303214550018310547e-01,-5.988557934761047363e-01,9.430847167968750000e-01,2.792638242244720459e-01,5.547459423542022705e-02,4.992518424987792969e-01,4.995458424091339111e-01,6.203518509864807129e-01,5.766184926033020020e-01,2.306904494762420654e-01,4.687182903289794922e-01,8.210924267768859863e-01,-1.835371613502502441e+00,-2.297240197658538818e-01,-1.101017117500305176e+00,-5.306714177131652832e-01,-3.647743165493011475e-01,-4.024417400360107422e-01
1.913638591766357422e+00,2.297146081924438477e+00,1.256936073303222656e+00,1.005485057830810547e+00,1.147547289729118347e-01,-3.789527416229248047e-01,-3.926530182361602783e-01,5.786927342414855957e-01,-7.033176422119140625e-01,-5.123719573020935059e-01,1.131868958473205566e+00,-1.581280469894409180e+00,6.164429783821105957e-01,9.666738510131835938e-01,-4.903146028518676758e-01,1.606459617614746094e+00,1.350961089134216309e+00,1.464636087417602539e+00,1.377855539321899414e+00,1.455652594566345215e+00,1.740485310554504395e+00,1.406379580497741699e+00,1.758274555206298828e+00,2.219359874725341797e+00,2.130366563796997070e+00,1.505654335021972656e+00,1.679349899291992188e+00,-1.111079454421997070e-01,9.947558641433715820e-01,1.095564246177673340e+00,1.053939938545227051e+00,1.618667006492614746e+00
4.045097827911376953e-01,5.346316099166870117e-01,7.823225855827331543e-01,4.883317276835441589e-02,5.183578729629516602e-01,-9.599790573120117188e-01,-2.648652493953704834e-01,6.968404650688171387e-01,-2.139015942811965942e-01,-1.202746629714965820e+00,8.400074243545532227e-01,-8.338882923126220703e-01,8.831687569618225098e-01,7.376536130905151367e-01,-7.680233716964721680e-01,3.503461480140686035e-01,1.087215900421142578e+00,5.841249227523803711e-01,5.702517628669738770e-01,6.935248374938964844e-01,5.655161738395690918e-01,8.914285302162170410e-01,9.233872294425964355e-01,7.381676435470581055e-01,7.190335988998413086e-01,5.611570477485656738e-01,-7.835745811462402344e-01,1.045344710350036621e+00,8.042647689580917358e-02,1.234682679176330566e+00,2.843925952911376953e-01,2.093883752822875977e-01
1.614160180091857910e+00,1.262983918190002441e+00,9.703195691108703613e-01,8.984905481338500977e-01,-2.548797428607940674e-01,-1.319073796272277832e+00,-6.814621090888977051e-01,5.536577105522155762e-01,-1.247074961662292480e+00,-8.196151256561279297e-01,1.116556167602539062e+00,-1.454368948936462402e+00,6.437785029411315918e-01,8.048723936080932617e-01,-6.763398051261901855e-01,2.285369485616683960e-01,1.126526832580566406e+00,1.371543407440185547e+00,9.511269330978393555e-01,1.155194520950317383e+00,1.640593528747558594e+00,1.146640300750732422e+00,1.296783685684204102e+00,1.719507217407226562e+00,1.534970045089721680e+00,1.523350000381469727e+00,1.387274026870727539e+00,3.035075962543487549e-01,-2.122442573308944702e-01,-2.211784124374389648e-01,-3.813327252864837646e-01,-5.138567462563514709e-02
7.335814833641052246e-01,6.652615666389465332e-01,8.952125906944274902e-01,3.793440759181976318e-01,4.472165107727050781e-01,-8.659928441047668457e-01,5.002040863037109375e-01,4.360004663467407227e-01,-1.150802016258239746e+00,-6.146843433380126953e-01,8.146278262138366699e-01,-1.417469859123229980e+00,8.551914095878601074e-01,1.482095837593078613e+00,-8.669775128364562988e-01,8.824522495269775391e-01,1.302912950515747070e+00,1.241279840469360352e+00,1.056998610496520996e+00,1.156231999397277832e+00,1.317264795303344727e+00,1.277147412300109863e+00,1.138141632080078125e+00,1.650658726692199707e+00,1.169707298278808594e+00,8.502599000930786133e-01,3.398125171661376953e-01,7.374032735824584961e-01,4.747666716575622559e-01,6.275243163108825684e-01,5.826537609100341797e-01,4.678916335105895996e-01
1.408778786659240723e+00,1.419038534164428711e+00,1.478355646133422852e+00,1.225772500038146973e+00,5.524573922157287598e-01,-1.165513277053833008e+00,1.678686589002609253e-01,1.923567652702331543e-01,-1.580027461051940918e+00,-6.073043346405029297e-01,5.004311800003051758e-01,-1.352416753768920898e+00,4.281379878520965576e-01,1.258592754602432251e-01,-5.390782952308654785e-01,-4.522967338562011719e-01,7.426314949989318848e-01,9.526620507240295410e-01,4.055465012788772583e-02,4.572931230068206787e-01,1.009925603866577148e+00,6.303583383560180664e-01,7.944129705429077148e-01,1.941180348396301270e+00,6.877040266990661621e-01,8.355327248573303223e-01,1.151951074600219727e+00,1.294657826423645020e+00,1.718501329421997070e+00,1.395377039909362793e+00,9.078136086463928223e-01,1.499670505523681641e+00
-2.271501123905181885e-01,1.712509542703628540e-01,3.060191869735717773e-01,-4.193274676799774170e-01,-1.050774082541465759e-01,-1.663161635398864746e+00,1.330214086920022964e-02,5.521106719970703125e-01,-5.858495235443115234e-01,1.367105245590209961e-01,7.389472723007202148e-01,-1.255187630653381348e+00,1.077627062797546387e+00,9.329903721809387207e-01,-1.614733219146728516e+00,1.238635331392288208e-01,7.827631831169128418e-01,2.066229432821273804e-01,8.845079541206359863e-01,6.492919325828552246e-01,7.790511250495910645e-01,9.688807725906372070e-01,4.034760594367980957e-01,5.162333846092224121e-01,5.488467216491699219e-01,5.445622205734252930e-01,-9.539533853530883789e-01,4.616572260856628418e-01,-1.028707504272460938e+00,-3.925414085388183594e-01,-1.546116232872009277e+00,-6.769137382507324219e-01
5.845111012458801270e-01,3.767261207103729248e-01,1.056588292121887207e+00,4.514577090740203857e-01,-3.129436671733856201e-01,-1.369430422782897949e+00,-8.212435990571975708e-02,3.335586190223693848e-01,-1.205166339874267578e+00,-2.144168168306350708e-01,1.023876667022705078e+00,-9.342430830001831055e-01,6.831548810005187988e-01,9.113164544105529785e-01,-9.762707352638244629e-01,9.366802573204040527e-01,1.105908274650573730e+00,1.279315352439880371e+00,1.048796534538269043e+00,1.154102087020874023e+00,1.408090472221374512e+00,1.276500701904296875e+00,1.112658023834228516e+00,1.385779023170471191e+00,1.278744459152221680e+00,1.395735025405883789e+00,9.902284741401672363e-01,-2.412488460540771484e-01,-6.339962482452392578e-01,2.996594309806823730e-01,-6.758210659027099609e-01,-2.527164295315742493e-02
1.044997572898864746e+00,9.056103825569152832e-01,1.055419921875000000e+00,9.846761226654052734e-01,6.754509210586547852e-01,-7.157636880874633789e-01,4.289395213127136230e-01,3.102875351905822754e-01,-8.966892361640930176e-01,-6.098783016204833984e-01,8.594206571578979492e-01,-1.112900614738464355e+00,7.968683242797851562e-01,1.162047624588012695e+00,-4.340066909790039062e-01,6.228883266448974609e-01,1.212125182151794434e+00,8.136931061744689941e-01,7.512960433959960938e-01,1.057652711868286133e+00,9.247084856033325195e-01,1.161976575851440430e+00,1.054734587669372559e+00,1.534686803817749023e+00,1.119556069374084473e+00,1.287959933280944824e+00,2.665272653102874756e-01,2.173773288726806641e+00,1.067343711853027344e+00,1.313453435897827148e+00,5.220792889595031738e-01,1.358662128448486328e+00
1.919724494218826294e-01,8.114451169967651367e-02,7.541783452033996582e-01,-7.129244804382324219e-01,2.796615362167358398e-01,-1.531852602958679199e+00,-2.374759167432785034e-01,4.449523389339447021e-01,-3.970197141170501709e-01,-8.977534174919128418e-01,4.620139002799987793e-01,-9.351279139518737793e-01,4.897811710834503174e-01,7.143011093139648438e-01,-1.540952444076538086e+00,-2.212489396333694458e-01,6.142868399620056152e-01,-1.021151989698410034e-01,3.829973042011260986e-01,3.429938852787017822e-01,2.977157235145568848e-01,7.175869345664978027e-01,2.766199707984924316e-01,4.857520461082458496e-01,2.759438753128051758e-01,6.386848092079162598e-01,-4.474525749683380127e-01,-6.584443449974060059e-01,-4.686906337738037109e-01,1.564166694879531860e-01,-1.860900878906250000e+00,-4.533146619796752930e-01
1.447166562080383301e+00,1.527653336524963379e+00,1.189777970314025879e+00,1.110486268997192383e+00,8.613797426223754883e-01,-7.684490084648132324e-02,1.561409592628479004e+00,7.220736145973205566e-01,1.173763498663902283e-01,7.260687947273254395e-01,1.351340174674987793e+00,-6.456009149551391602e-01,1.028721928596496582e+00,3.546202778816223145e-01,-3.189087212085723877e-01,1.344482660293579102e+00,1.177401304244995117e+00,1.779773592948913574e+00,1.388088583946228027e+00,1.259325265884399414e+00,1.837450861930847168e+00,1.352559804916381836e+00,1.417173981666564941e+00,2.075865745544433594e+00,1.913525223731994629e+00,1.580829381942749023e+00,6.952572464942932129e-01,1.188941523432731628e-01,6.207773685455322266e-01,1.127876996994018555e+00,7.174267172813415527e-01,8.394580483436584473e-01
1.241918921470642090e+00,1.026726484298706055e+00,1.625252366065979004e+00,1.403285980224609375e+00,7.941942811012268066e-01,-2.613244056701660156e-01,9.687011241912841797e-01,9.435121417045593262e-01,-2.955168187618255615e-01,-2.970011346042156219e-02,5.382100939750671387e-01,-2.154531180858612061e-01,1.015629768371582031e+00,1.445153832435607910e+00,-9.596773982048034668e-01,9.400552511215209961e-01,1.233703494071960449e+00,1.688136458396911621e+00,1.249903321266174316e+00,1.194033980369567871e+00,1.301936984062194824e+00,1.471860170364379883e+00,9.301536679267883301e-01,1.752373456954956055e+00,1.033061623573303223e+00,1.181541085243225098e+00,1.095123171806335449e+00,8.319191932678222656e-01,-1.767156124114990234e-01,1.797820210456848145e+00,1.033259391784667969e+00,6.882310509681701660e-01
