5.003469437360763550e-02,9.267398118972778320e-01,-2.659828960895538330e-01,2.282444953918457031e+00,2.559641838073730469e+00,1.367038786411285400e-01,7.749699801206588745e-02,1.654150724411010742e+00,1.183064818382263184e+00,1.580283761024475098e+00,5.469815135002136230e-01,-4.012859165668487549e-01,-2.845288515090942383e-01,-3.820408284664154053e-01,-9.201164245605468750e-01,8.410845994949340820e-01,-1.045079469680786133e+00,1.116010665893554688e+00,-8.296383619308471680e-01,8.327966332435607910e-01,6.886736750602722168e-01,1.782909035682678223e+00,-2.810472846031188965e-01,4.398684501647949219e-01,1.181011557579040527e+00,9.743149578571319580e-02,2.112412452697753906e+00,-1.354102492332458496e-01,5.990760922431945801e-01,-5.218838155269622803e-02,-7.615554928779602051e-01,1.789910078048706055e+00,1.629578828811645508e+00,1.266056180000305176e+00,6.684327125549316406e-01,7.214041352272033691e-01,5.425701737403869629e-01,1.963014245033264160e+00,5.846587419509887695e-01,2.359501600265502930e+00,1.633232116699218750e+00,9.466536641120910645e-01,-8.595255762338638306e-02,1.339026331901550293e+00,2.658671617507934570e+00,2.462265014648437500e+00,7.660249471664428711e-01,8.598156571388244629e-01,-2.770527601242065430e-01,1.065232679247856140e-01,-3.883287906646728516e-01,-2.833618223667144775e-01,-9.095231890678405762e-01,5.895564556121826172e-01,2.799785137176513672e-01,-2.258165180683135986e-01,-5.032334327697753906e-01,3.558444082736968994e-01,-9.787890911102294922e-01,6.730448454618453979e-02,-1.856131196022033691e+00,-1.265817999839782715e+00,-8.086059689521789551e-01,-1.233622431755065918e+00,-5.235549807548522949e-01,-7.255259752273559570e-01,-1.280139684677124023e+00,-1.111005902290344238e+00,-1.635756939649581909e-01,3.945190608501434326e-01,-1.225242391228675842e-01,-7.974867224693298340e-01,-1.075716137886047363e+00,-8.262057900428771973e-01,-1.877373576164245605e+00,-4.269549846649169922e-01,-3.844728469848632812e-01,-1.067606806755065918e+00,-9.929842948913574219e-01,2.551911771297454834e-01,-1.519322872161865234e+00,-1.260210752487182617e+00,2.510085515677928925e-02,-6.912789344787597656e-01,-5.341758728027343750e-01,-7.219713926315307617e-01,-2.733589708805084229e-01,-1.490337014198303223e+00,5.699216723442077637e-01,-1.456362962722778320e+00,-1.094313621520996094e+00,-6.746996641159057617e-01,-6.173947453498840332e-01,-5.975012108683586121e-02,-1.464758992195129395e+00,-6.048652529716491699e-01,1.695680022239685059e+00,-1.144680678844451904e-01,3.166490793228149414e-01,1.534011065959930420e-01
2.048535197973251343e-01,1.241582632064819336e+00,1.876786500215530396e-01,1.725420951843261719e+00,2.036203145980834961e+00,6.882979869842529297e-01,6.185665130615234375e-01,1.698816180229187012e+00,8.947744369506835938e-01,1.416527867317199707e+00,3.052784800529479980e-01,-7.511771321296691895e-01,-7.738882899284362793e-01,-1.178119540214538574e+00,-1.756693243980407715e+00,9.387813210487365723e-01,-1.682921767234802246e+00,6.046224832534790039e-01,-1.457885265350341797e+00,3.393430635333061218e-02,-4.529217481613159180e-01,1.377543807029724121e+00,-1.408727526664733887e+00,-3.147559165954589844e-01,8.084693551063537598e-01,1.060801297426223755e-01,3.989259600639343262e-01,-5.451322197914123535e-01,7.553598284721374512e-01,-1.272201776504516602e+00,-9.223164916038513184e-01,1.386559128761291504e+00,1.166484594345092773e+00,1.210850000381469727e+00,4.156145453453063965e-01,6.924099922180175781e-01,2.427981644868850708e-01,1.666081905364990234e+00,6.734236478805541992e-01,2.165601968765258789e+00,1.530693531036376953e+00,1.028401613235473633e+00,2.247184216976165771e-01,1.576339364051818848e+00,1.840436458587646484e+00,1.029598474502563477e+00,-3.462986350059509277e-01,-9.540381282567977905e-02,4.031354784965515137e-01,5.926760435104370117e-01,5.718931183218955994e-02,4.625141620635986328e-01,-1.115531802177429199e+00,-5.484221577644348145e-01,6.568550467491149902e-01,2.021873891353607178e-01,-6.531751155853271484e-01,-8.601280860602855682e-03,-1.245784282684326172e+00,-1.435789167881011963e-01,-2.050725698471069336e+00,-1.862400531768798828e+00,-1.881088614463806152e+00,-2.174065351486206055e+00,-1.550220489501953125e+00,-1.824838638305664062e+00,-1.665746212005615234e+00,-1.631989836692810059e+00,-1.030540466308593750e+00,-3.292014896869659424e-01,-8.421007394790649414e-01,-1.407574772834777832e+00,-1.983805179595947266e+00,-1.232730865478515625e+00,-2.535702705383300781e+00,-3.832970559597015381e-01,-2.242557555437088013e-01,-2.220641374588012695e+00,-1.004730820655822754e+00,-1.836408525705337524e-01,-2.443061351776123047e+00,-1.889437317848205566e+00,-1.428152024745941162e-01,-1.476153135299682617e+00,-1.498075127601623535e+00,-1.734757781028747559e+00,-2.973254919052124023e-01,-1.684808254241943359e+00,3.871617019176483154e-01,-1.984881877899169922e+00,-6.205437183380126953e-01,-3.999557793140411377e-01,-7.610267996788024902e-01,-1.525111030787229538e-02,-1.551373124122619629e+00,-5.300185084342956543e-01,-3.193319141864776611e-01,-8.918401002883911133e-01,9.750962257385253906e-01,5.163193345069885254e-01
5.595369935035705566e-01,9.512424468994140625e-01,-2.481502443552017212e-01,1.960199952125549316e+00,1.130813837051391602e+00,5.133809447288513184e-01,1.033778429031372070e+00,1.256466627120971680e+00,1.082194328308105469e+00,9.979130625724792480e-01,2.106729894876480103e-01,-8.574079871177673340e-01,-4.857617318630218506e-01,-1.134152889251708984e+00,-1.338744759559631348e+00,1.274327516555786133e+00,-9.080162644386291504e-01,6.133624911308288574e-01,-1.258328557014465332e+00,7.995318770408630371e-01,-2.583929598331451416e-01,1.405966997146606445e+00,-1.599703311920166016e+00,3.145727217197418213e-01,8.777810335159301758e-01,-7.424957752227783203e-01,1.259953498840332031e+00,6.212680935859680176e-01,1.496590375900268555e+00,-1.534919261932373047e+00,-1.098481655120849609e+00,1.469929456710815430e+00,2.077686786651611328e+00,1.286850810050964355e+00,6.061110496520996094e-01,1.490548491477966309e+00,1.096958279609680176e+00,1.536579012870788574e+00,2.734457850456237793e-01,1.028180360794067383e+00,2.038562059402465820e+00,9.179664850234985352e-01,7.115416973829269409e-02,2.120483398437500000e+00,9.196598529815673828e-01,1.019731640815734863e+00,1.097052097320556641e-01,1.578014045953750610e-01,9.792934060096740723e-01,1.908224940299987793e+00,6.051625013351440430e-01,2.326476126909255981e-01,-3.863369226455688477e-01,-2.198273837566375732e-01,-2.954260110855102539e-01,-1.910514198243618011e-02,-8.228712677955627441e-01,2.593823894858360291e-02,-1.803775548934936523e+00,-5.801291465759277344e-01,-2.212752103805541992e+00,-1.786521434783935547e+00,-1.554740190505981445e+00,-1.826389670372009277e+00,-1.210916638374328613e+00,-1.062889456748962402e+00,-1.309518575668334961e+00,-9.530102014541625977e-01,-5.486451983451843262e-01,-6.674880981445312500e-01,-8.521260619163513184e-01,-1.578178286552429199e+00,-1.925155162811279297e+00,-1.860140562057495117e+00,-2.064249515533447266e+00,-9.590371251106262207e-01,2.195705324411392212e-01,-1.728502154350280762e+00,-1.079088807106018066e+00,4.790106788277626038e-03,-2.063454866409301758e+00,-1.345397710800170898e+00,-5.060563236474990845e-02,-1.598449945449829102e+00,-1.370332717895507812e+00,-1.667532324790954590e+00,3.785844445228576660e-01,-1.306655526161193848e+00,1.261642098426818848e+00,-1.463434576988220215e+00,-7.666137814521789551e-01,-4.488094151020050049e-01,-1.362141489982604980e+00,-4.835574701428413391e-02,-1.824717283248901367e+00,-6.038129329681396484e-02,-4.774509966373443604e-01,-1.015761375427246094e+00,1.022799730300903320e+00,1.831642866134643555e+00
-1.526076495647430420e-01,4.848542809486389160e-01,-5.735213160514831543e-01,1.233659267425537109e+00,5.378094315528869629e-02,-6.492397189140319824e-01,4.027579426765441895e-01,3.798091411590576172e-01,-5.366153717041015625e-01,3.567534685134887695e-01,-4.984188973903656006e-01,-1.381039023399353027e+00,-7.915171980857849121e-01,-1.151160597801208496e+00,-1.570880651473999023e+00,7.380437254905700684e-01,-1.497462630271911621e+00,5.639969930052757263e-02,-1.462762475013732910e+00,6.429707407951354980e-01,-1.760762631893157959e-01,7.128930687904357910e-01,-1.829620242118835449e+00,-4.401941597461700439e-01,2.469161003828048706e-01,-1.271479368209838867e+00,9.123425483703613281e-01,2.447896450757980347e-01,5.035505294799804688e-01,-1.815143465995788574e+00,-6.369827985763549805e-01,1.255708098411560059e+00,2.095955371856689453e+00,7.564282417297363281e-01,-3.205075487494468689e-02,9.955803155899047852e-01,9.764236211776733398e-01,1.432029843330383301e+00,7.697332501411437988e-01,6.657380461692810059e-01,1.947831869125366211e+00,6.380483508110046387e-01,-4.009849727153778076e-01,2.407463788986206055e+00,1.469506978988647461e+00,1.303720235824584961e+00,4.403168261051177979e-01,1.200226321816444397e-01,4.475407600402832031e-01,1.844466686248779297e+00,-1.546661257743835449e-01,-5.146116018295288086e-01,-1.106181025505065918e+00,-4.687393903732299805e-01,-1.873254895210266113e+00,-2.881257236003875732e-01,-1.886461138725280762e+00,-1.295013546943664551e+00,-2.084272384643554688e+00,-1.495562076568603516e+00,-2.433470010757446289e+00,-1.866346716880798340e+00,-1.930423378944396973e+00,-2.121010780334472656e+00,-1.415374279022216797e+00,-1.358551025390625000e+00,-1.762274026870727539e+00,-1.764598608016967773e+00,-1.803339362144470215e+00,-1.082521319389343262e+00,-6.430005431175231934e-01,-2.090463876724243164e+00,-2.153761386871337891e+00,-1.962559461593627930e+00,-2.262850999832153320e+00,-1.476137757301330566e+00,-5.867693424224853516e-01,-2.247929334640502930e+00,-9.719128012657165527e-01,3.111661374568939209e-01,-2.613718509674072266e+00,-1.785698056221008301e+00,-4.589321017265319824e-01,-2.227372407913208008e+00,-1.909886956214904785e+00,-2.136398315429687500e+00,2.410024590790271759e-02,-1.348300933837890625e+00,1.460947394371032715e-01,-2.122795343399047852e+00,-6.382931470870971680e-01,-3.545001745223999023e-01,-1.371536493301391602e+00,-4.312394857406616211e-01,-1.961136341094970703e+00,-1.198733225464820862e-01,-6.419906616210937500e-01,-1.279271960258483887e+00,3.613855540752410889e-01,1.118109822273254395e+00
2.304921895265579224e-01,4.845243692398071289e-02,-9.257659316062927246e-01,1.061229109764099121e+00,-1.463168114423751831e-01,-9.422534704208374023e-01,1.872959583997726440e-01,2.500302791595458984e-01,-1.212715983390808105e+00,3.495538830757141113e-01,-5.764433145523071289e-01,-1.390684962272644043e+00,-8.335763216018676758e-01,-1.166103005409240723e+00,-1.244559168815612793e+00,7.532740235328674316e-01,-1.246282577514648438e+00,1.917126476764678955e-01,-1.390059471130371094e+00,4.591040909290313721e-01,-2.059716582298278809e-01,1.093295693397521973e+00,-1.651671409606933594e+00,-1.149728417396545410e+00,4.948562979698181152e-01,-6.087921261787414551e-01,1.379769206047058105e+00,5.781838893890380859e-01,8.843828439712524414e-01,-2.067788362503051758e+00,-4.331520199775695801e-01,9.204645752906799316e-01,1.810500264167785645e+00,8.762665987014770508e-01,4.397126436233520508e-01,6.113379597663879395e-01,1.423853635787963867e+00,1.306269407272338867e+00,-8.756212890148162842e-02,3.819193243980407715e-01,1.904826998710632324e+00,6.699767112731933594e-01,-4.995647445321083069e-02,2.246801853179931641e+00,9.108734726905822754e-01,1.132780909538269043e+00,6.872366666793823242e-01,-1.529343426227569580e-01,-8.161213994026184082e-02,1.798736929893493652e+00,-4.477036595344543457e-01,-7.525301575660705566e-01,-1.302991867065429688e+00,-2.502849102020263672e-01,-1.992148876190185547e+00,-5.029976963996887207e-01,-1.598090767860412598e+00,-1.775627017021179199e+00,-2.159734010696411133e+00,-8.954553604125976562e-01,-2.426680564880371094e+00,-2.005347251892089844e+00,-1.819740176200866699e+00,-1.738727450370788574e+00,-1.468582868576049805e+00,-9.749282598495483398e-01,-2.050195932388305664e+00,-9.411963224411010742e-01,-1.216093420982360840e+00,-1.118737459182739258e+00,-7.940838932991027832e-01,-2.146087169647216797e+00,-1.960661053657531738e+00,-2.464471101760864258e+00,-2.440425157546997070e+00,-1.220379471778869629e+00,-3.658414259552955627e-02,-2.074904680252075195e+00,-8.697853088378906250e-01,-3.843232393264770508e-01,-2.627610206604003906e+00,-1.805065274238586426e+00,-4.427944719791412354e-01,-2.064855813980102539e+00,-1.546682119369506836e+00,-2.106832265853881836e+00,2.754480838775634766e-01,-1.432743310928344727e+00,2.891458384692668915e-02,-2.434156417846679688e+00,-1.120377421379089355e+00,-8.757894635200500488e-01,-2.163538932800292969e+00,-5.341991409659385681e-02,-1.997510194778442383e+00,-3.233081996440887451e-01,-1.073374748229980469e+00,-1.199715256690979004e+00,-1.714834570884704590e-01,8.406628966331481934e-01
-1.071963235735893250e-01,-9.688704460859298706e-02,-1.318930983543395996e+00,1.235914230346679688e+00,-1.464777588844299316e-01,-1.287616252899169922e+00,-2.185581624507904053e-01,1.980444341897964478e-01,-1.674253582954406738e+00,-2.571058571338653564e-01,-1.981094360351562500e+00,-2.228047370910644531e+00,-1.915704250335693359e+00,-1.254505753517150879e+00,-2.201963424682617188e+00,6.170809268951416016e-01,-2.369818687438964844e+00,1.453587412834167480e-01,-1.765382885932922363e+00,2.698808312416076660e-01,-2.716062404215335846e-02,4.189241826534271240e-01,-1.467857599258422852e+00,-2.401443958282470703e+00,-3.578343987464904785e-01,-1.739873766899108887e+00,6.779877841472625732e-02,-2.068847566843032837e-01,-4.558784365653991699e-01,-2.442101001739501953e+00,-5.615563988685607910e-01,7.521302700042724609e-01,2.111280679702758789e+00,-2.894325926899909973e-02,-1.204622536897659302e-01,-7.203767895698547363e-01,-6.765920203179121017e-03,9.173375368118286133e-01,3.061612835153937340e-03,3.094269931316375732e-01,1.035958766937255859e+00,1.541376560926437378e-01,-6.718508005142211914e-01,1.856566071510314941e+00,6.515111923217773438e-01,4.339314103126525879e-01,-2.961625158786773682e-01,-7.784696221351623535e-01,-8.425894975662231445e-01,3.118283748626708984e-01,-7.808344364166259766e-01,-8.867924809455871582e-01,-1.283341288566589355e+00,3.021760098636150360e-02,-2.599929094314575195e+00,-1.065381407737731934e+00,-1.277813315391540527e+00,-2.279457092285156250e+00,-2.672602653503417969e+00,-2.067020893096923828e+00,-3.225924730300903320e+00,-2.575963258743286133e+00,-2.587257385253906250e+00,-2.161497116088867188e+00,-1.713202118873596191e+00,-1.935163974761962891e+00,-2.630351305007934570e+00,-2.158923864364624023e+00,-1.915049552917480469e+00,-8.911941051483154297e-01,-5.792769193649291992e-01,-2.489642620086669922e+00,-2.067097425460815430e+00,-2.656900405883789062e+00,-3.006107807159423828e+00,-1.855273365974426270e+00,-1.123533844947814941e+00,-2.213197469711303711e+00,-1.138790011405944824e+00,4.117282480001449585e-02,-2.938801765441894531e+00,-2.071699857711791992e+00,-5.644133687019348145e-01,-2.339788675308227539e+00,-2.153267621994018555e+00,-2.581047773361206055e+00,-1.086366176605224609e+00,-1.770417928695678711e+00,-1.246724724769592285e+00,-2.791355609893798828e+00,-1.804021477699279785e+00,-8.215095996856689453e-01,-2.379484653472900391e+00,-7.895878553390502930e-01,-2.022099256515502930e+00,-9.098989963531494141e-01,-1.644506335258483887e+00,-1.928211331367492676e+00,-1.080496072769165039e+00,-6.243087649345397949e-01
7.113954424858093262e-01,4.494645893573760986e-01,-6.584007740020751953e-01,1.685621857643127441e+00,3.890093564987182617e-01,-1.147147893905639648e+00,4.552313089370727539e-01,4.614262878894805908e-01,-1.229426264762878418e+00,4.280307888984680176e-01,-2.202586531639099121e-01,-9.390593171119689941e-01,-1.169312834739685059e+00,-5.631491541862487793e-01,-1.784748435020446777e+00,1.023149847984313965e+00,-1.020793676376342773e+00,1.596166193485260010e-01,-9.628434777259826660e-01,-3.220143318176269531e-01,3.577228188514709473e-01,6.920514702796936035e-01,-1.178391695022583008e+00,-6.720167398452758789e-01,-4.080913662910461426e-01,-5.459551811218261719e-01,-2.300704717636108398e-01,-4.285401403903961182e-01,1.055045276880264282e-01,-1.875512719154357910e+00,-7.023460865020751953e-01,1.082234621047973633e+00,1.645605325698852539e+00,1.255587041378021240e-01,-5.571096763014793396e-02,-6.223851442337036133e-01,2.893995642662048340e-01,1.083973526954650879e+00,-3.612047135829925537e-01,8.272017240524291992e-01,1.186014294624328613e+00,-2.839018106460571289e-01,-4.562932550907135010e-01,1.591519832611083984e+00,8.966854214668273926e-01,8.136510103940963745e-02,-1.184026718139648438e+00,-1.792613625526428223e+00,-6.335359811782836914e-01,5.411813259124755859e-01,5.619851350784301758e-01,-8.817691206932067871e-01,-6.664786338806152344e-01,4.762571305036544800e-02,-2.166513442993164062e+00,-5.435221791267395020e-01,-1.473340272903442383e+00,-1.812132000923156738e+00,-2.235090255737304688e+00,-6.267967820167541504e-01,-2.338236331939697266e+00,-2.168024778366088867e+00,-2.238487958908081055e+00,-2.064070940017700195e+00,-1.671851992607116699e+00,-1.976936340332031250e+00,-1.434289693832397461e+00,-1.522232770919799805e+00,-1.625629305839538574e+00,-1.173683881759643555e+00,-4.699083566665649414e-01,-1.958833575248718262e+00,-1.887450456619262695e+00,-2.000239849090576172e+00,-2.063954830169677734e+00,-1.811373233795166016e+00,-5.852367877960205078e-01,-1.625205874443054199e+00,-1.228599786758422852e+00,2.808890640735626221e-01,-2.255334377288818359e+00,-1.549552321434020996e+00,-4.245410561561584473e-01,-2.166640043258666992e+00,-2.343974828720092773e+00,-2.498856782913208008e+00,-3.936930596828460693e-01,-1.869120717048645020e+00,-1.226374745368957520e+00,-2.286547422409057617e+00,-1.144451618194580078e+00,-5.134079456329345703e-01,-2.085573911666870117e+00,-1.396502256393432617e+00,-1.896881103515625000e+00,-6.382276415824890137e-01,-1.652177095413208008e+00,-2.538177251815795898e+00,-6.467203497886657715e-01,6.288776546716690063e-02
1.421548247337341309e+00,7.007146477699279785e-01,-3.723685741424560547e-01,1.540679097175598145e+00,5.960855484008789062e-01,-6.983467936515808105e-01,9.247420430183410645e-01,4.784708023071289062e-01,-1.043579578399658203e+00,6.568121910095214844e-01,2.345490306615829468e-01,-8.742883801460266113e-02,-9.507080316543579102e-01,7.819499373435974121e-01,-1.069553732872009277e+00,1.159304141998291016e+00,-6.141493916511535645e-01,-9.854152053594589233e-02,-3.566929101943969727e-01,-3.059712052345275879e-01,4.741522371768951416e-01,5.068050026893615723e-01,-6.206261515617370605e-01,2.238834351301193237e-01,-4.038642719388008118e-02,1.073179766535758972e-01,-2.040256708860397339e-01,8.977474644780158997e-03,-3.396465480327606201e-01,-1.030791044235229492e+00,-1.004546999931335449e+00,9.081714153289794922e-01,1.690032362937927246e+00,2.737827226519584656e-02,-4.690513014793395996e-01,-8.132950663566589355e-01,7.049075514078140259e-02,9.430714845657348633e-01,4.116557240486145020e-01,6.777491569519042969e-01,1.107449889183044434e+00,-1.443552523851394653e-01,4.647113848477602005e-03,1.625821948051452637e+00,6.987933516502380371e-01,6.085648536682128906e-01,-8.633882999420166016e-01,-1.888371825218200684e+00,-4.478935003280639648e-01,3.057190775871276855e-01,7.605085372924804688e-01,-4.280057847499847412e-01,-4.432834982872009277e-01,-8.798693865537643433e-02,-1.763061642646789551e+00,-4.407754838466644287e-01,-1.294615745544433594e+00,-1.569229841232299805e+00,-1.747135400772094727e+00,1.856517046689987183e-01,-1.860756516456604004e+00,-2.053594589233398438e+00,-1.802593827247619629e+00,-1.667518854141235352e+00,-1.178599953651428223e+00,-1.548462033271789551e+00,-1.169395565986633301e+00,-1.343713641166687012e+00,-1.662388682365417480e+00,-1.180860638618469238e+00,-3.798458278179168701e-01,-1.722461104393005371e+00,-1.401360988616943359e+00,-1.888108372688293457e+00,-1.435026526451110840e+00,-1.015603303909301758e+00,-6.487500071525573730e-01,-1.040001153945922852e+00,-1.118810415267944336e+00,3.226744532585144043e-01,-2.012323856353759766e+00,-1.270309805870056152e+00,-4.661834537982940674e-01,-2.099262714385986328e+00,-2.273115634918212891e+00,-2.274486780166625977e+00,-4.841776192188262939e-01,-1.520198583602905273e+00,-1.128358960151672363e+00,-1.888438463211059570e+00,-1.038354635238647461e+00,-6.420179009437561035e-01,-1.586346507072448730e+00,-1.221096992492675781e+00,-1.680492520332336426e+00,-6.063621640205383301e-01,-6.249751448631286621e-01,-2.260683536529541016e+00,-8.646871447563171387e-01,1.730800569057464600e-01
1.273454308509826660e+00,6.796448826789855957e-01,2.977005839347839355e-01,7.860090136528015137e-01,7.367460131645202637e-01,-2.589645087718963623e-01,9.581530690193176270e-01,3.581756949424743652e-01,-7.093580365180969238e-01,1.303444147109985352e+00,1.075196981430053711e+00,7.519432902336120605e-01,1.709434539079666138e-01,1.483148217201232910e+00,-8.231038451194763184e-01,9.327383637428283691e-01,6.879070401191711426e-01,-2.429525405168533325e-01,2.548993825912475586e-01,-3.238088190555572510e-01,3.934476077556610107e-01,9.908965229988098145e-01,-6.398373842239379883e-01,8.605608344078063965e-01,2.144173830747604370e-01,3.429973125457763672e-01,5.660629272460937500e-01,7.805415391921997070e-01,7.522300481796264648e-01,-1.129044651985168457e+00,-4.558093249797821045e-01,1.147940993309020996e+00,1.550779700279235840e+00,4.627144038677215576e-01,-1.179620400071144104e-01,-5.381549596786499023e-01,4.237492680549621582e-01,9.688715934753417969e-01,6.320918798446655273e-01,9.601945877075195312e-01,1.466454267501831055e+00,4.375444650650024414e-01,5.621293783187866211e-01,1.698603749275207520e+00,5.625081658363342285e-01,1.145647048950195312e+00,-1.824472546577453613e-01,-1.434884667396545410e+00,-2.486511766910552979e-01,4.883988499641418457e-01,1.106558561325073242e+00,3.082457184791564941e-01,-2.144105732440948486e-02,1.554466933012008667e-01,-1.260803818702697754e+00,-6.321401149034500122e-02,-1.154096126556396484e+00,-1.285841107368469238e+00,-1.190109729766845703e+00,5.933343172073364258e-01,-1.181088209152221680e+00,-1.689419627189636230e+00,-1.227083802223205566e+00,-1.260335564613342285e+00,-6.331043839454650879e-01,-1.243615508079528809e+00,-8.997064828872680664e-01,-6.329830884933471680e-01,-7.517593502998352051e-01,-1.170261383056640625e+00,-3.852514922618865967e-01,-1.197773694992065430e+00,-1.431606292724609375e+00,-1.588095188140869141e+00,-1.059396862983703613e+00,-5.541607737541198730e-01,1.644644439220428467e-01,-9.123801589012145996e-01,-7.452157139778137207e-01,4.389826655387878418e-01,-1.498207688331604004e+00,-8.413070440292358398e-01,-1.424112915992736816e-01,-1.637421131134033203e+00,-1.872167587280273438e+00,-1.556668996810913086e+00,2.903060242533683777e-02,-1.093727707862854004e+00,-1.024344325065612793e+00,-1.438251733779907227e+00,-6.856944561004638672e-01,6.717819720506668091e-02,-1.136534094810485840e+00,-2.812839150428771973e-01,-1.391062378883361816e+00,-3.575746417045593262e-01,-2.273041456937789917e-01,-1.854345321655273438e+00,-5.651722550392150879e-01,4.475898668169975281e-02
1.703354239463806152e+00,7.759612798690795898e-01,3.706251680850982666e-01,6.928480267524719238e-01,6.587877869606018066e-01,-4.251541569828987122e-02,3.446929454803466797e-01,4.642233252525329590e-01,-6.931523084640502930e-01,5.237194299697875977e-01,-4.175399243831634521e-01,1.066076681017875671e-01,-2.577343583106994629e-01,1.157779097557067871e+00,-1.635597467422485352e+00,8.616074323654174805e-01,9.628678858280181885e-02,-1.939661055803298950e-01,-6.422668099403381348e-01,-4.950605332851409912e-01,1.912038773298263550e-01,4.581378698348999023e-01,-9.881341457366943359e-01,2.794776856899261475e-01,4.739712476730346680e-01,-1.156033992767333984e+00,1.424234211444854736e-01,8.754955977201461792e-02,-8.164580794982612133e-04,-1.935964941978454590e+00,-5.280155539512634277e-01,1.108028531074523926e+00,2.194826126098632812e+00,3.093996644020080566e-01,-2.928780913352966309e-01,-5.969550013542175293e-01,-1.876574158668518066e-01,1.507155537605285645e+00,6.405987739562988281e-01,-9.187261573970317841e-03,1.641347646713256836e+00,3.521075546741485596e-01,-2.350220680236816406e-01,1.449220180511474609e+00,5.022345781326293945e-01,7.032065987586975098e-01,-4.237779378890991211e-01,-1.310585737228393555e+00,-2.656999826431274414e-01,-3.863227786496281624e-03,7.426111102104187012e-01,7.915085554122924805e-02,-2.055188715457916260e-01,-1.510213594883680344e-02,-1.045775175094604492e+00,3.960402011871337891e-01,-1.294468045234680176e+00,-1.393693089485168457e+00,-1.604639649391174316e+00,-7.659206986427307129e-01,-1.557857036590576172e+00,-1.816295385360717773e+00,-1.728876113891601562e+00,-1.375183820724487305e+00,-8.775698542594909668e-01,-1.876587748527526855e+00,-9.790738224983215332e-01,-1.052902221679687500e+00,-9.955884218215942383e-01,-1.067172050476074219e+00,-3.619601726531982422e-01,-1.633946776390075684e+00,-1.620846390724182129e+00,-1.877340316772460938e+00,-1.522487163543701172e+00,-1.238932132720947266e+00,-4.238155782222747803e-01,-1.752121329307556152e+00,-9.696100950241088867e-01,5.342425312846899033e-03,-1.654690504074096680e+00,-6.691114306449890137e-01,-3.468534052371978760e-01,-1.975167036056518555e+00,-2.084697961807250977e+00,-1.705821037292480469e+00,-6.410799026489257812e-01,-1.355068325996398926e+00,-9.530133605003356934e-01,-1.376590728759765625e+00,-7.089085578918457031e-01,3.627729415893554688e-01,-9.820066690444946289e-01,-1.172495037317276001e-01,-1.707527875900268555e+00,-6.504550576210021973e-01,-1.139932274818420410e+00,-1.807753086090087891e+00,-4.155754148960113525e-01,-5.928322076797485352e-01
1.051678895950317383e+00,5.624905228614807129e-01,6.084519028663635254e-01,5.296680927276611328e-01,6.864255666732788086e-01,5.263645052909851074e-01,5.696976184844970703e-01,4.214152991771697998e-01,-3.843970000743865967e-01,9.785001873970031738e-01,2.540551424026489258e-01,4.440018534660339355e-01,-6.172672286629676819e-02,7.311144471168518066e-01,-1.629782438278198242e+00,9.034293889999389648e-01,1.854810714721679688e-01,-4.766595959663391113e-01,-3.923229873180389404e-01,-4.089793562889099121e-01,-1.261450499296188354e-01,5.686848759651184082e-01,-1.052191734313964844e+00,9.456112980842590332e-01,9.993325471878051758e-01,-6.115610003471374512e-01,4.456420242786407471e-01,3.245702385902404785e-02,1.285014301538467407e-01,-1.404340386390686035e+00,-9.026780724525451660e-01,6.841351389884948730e-01,1.456616759300231934e+00,-6.659287959337234497e-02,-1.662712395191192627e-01,-4.121584594249725342e-01,3.787871897220611572e-01,1.073050498962402344e+00,1.090721487998962402e+00,4.675252437591552734e-01,9.461519122123718262e-01,4.038717746734619141e-01,-5.498830676078796387e-01,9.874445199966430664e-01,2.445588558912277222e-01,3.324539363384246826e-01,-9.908583164215087891e-01,-1.631976962089538574e+00,2.014109790325164795e-01,1.567751765251159668e-01,9.048053622245788574e-01,3.388809859752655029e-01,3.135658800601959229e-01,-8.757372386753559113e-03,-2.847562432289123535e-01,1.261565804481506348e+00,-7.231889367103576660e-01,-1.069700360298156738e+00,-8.987625241279602051e-01,1.723666191101074219e-01,-9.704539179801940918e-01,-1.534530401229858398e+00,-1.500571489334106445e+00,-1.396750330924987793e+00,-1.079818129539489746e+00,-1.594949960708618164e+00,-6.354432106018066406e-01,-2.036300897598266602e-01,-7.095611691474914551e-01,-8.763425946235656738e-01,-4.339716136455535889e-01,-1.234781146049499512e+00,-1.730181932449340820e+00,-7.929106950759887695e-01,-9.757682681083679199e-01,8.350243419408798218e-02,1.479566991329193115e-01,-1.127386808395385742e+00,-1.041213035583496094e+00,5.199826508760452271e-02,-1.257029771804809570e+00,-1.291898250579833984e+00,-7.857240438461303711e-01,-1.846990346908569336e+00,-1.611304640769958496e+00,-1.874457240104675293e+00,1.916320472955703735e-01,-1.234990835189819336e+00,-5.400869250297546387e-01,-1.084620594978332520e+00,-1.222842693328857422e+00,1.096627116203308105e-01,-2.237984091043472290e-01,1.516788005828857422e-01,-1.500513315200805664e+00,-9.653596282005310059e-01,-1.403831362724304199e+00,-2.083374977111816406e+00,5.547556281089782715e-01,-4.410628676414489746e-01
8.066221475601196289e-01,5.761863589286804199e-01,7.396563291549682617e-01,8.939671516418457031e-01,1.000040411949157715e+00,5.689106583595275879e-01,1.153489828109741211e+00,7.743902206420898438e-01,-1.071479544043540955e-02,1.413929343223571777e+00,5.472986698150634766e-01,7.027966976165771484e-01,-4.159486889839172363e-01,9.898294806480407715e-01,-1.283850908279418945e+00,8.990685939788818359e-01,-3.366195037961006165e-02,-4.367501735687255859e-01,-5.127000212669372559e-01,-5.678036808967590332e-01,2.950533330440521240e-01,2.757383882999420166e-01,-9.149796962738037109e-01,3.254839181900024414e-01,1.355652570724487305e+00,-4.723521769046783447e-01,-2.842659056186676025e-01,-9.330435097217559814e-02,-5.910249426960945129e-02,-1.606572508811950684e+00,-2.238949388265609741e-01,1.004902124404907227e+00,1.458119273185729980e+00,-1.298938989639282227e-01,-4.392182528972625732e-01,5.808978900313377380e-02,1.591332405805587769e-01,1.318091630935668945e+00,1.263921260833740234e+00,6.995858550071716309e-01,8.793662786483764648e-01,6.848035454750061035e-01,-4.680253267288208008e-01,1.179011106491088867e+00,9.483778476715087891e-02,4.255959689617156982e-01,-7.912073135375976562e-01,-9.201341271400451660e-01,6.808414459228515625e-01,3.789407312870025635e-01,2.277858704328536987e-01,2.847450673580169678e-01,4.375444650650024414e-01,-1.481688767671585083e-01,-4.884588532149791718e-03,1.215908288955688477e+00,-5.575273036956787109e-01,-6.318917870521545410e-01,-5.911220312118530273e-01,8.280110359191894531e-01,-7.560370564460754395e-01,-1.655881524085998535e+00,-1.576180219650268555e+00,-1.211008667945861816e+00,-8.398554325103759766e-01,-1.455116510391235352e+00,-6.621302962303161621e-01,-6.135462522506713867e-01,-9.616252779960632324e-01,-6.396518945693969727e-01,-2.069053053855895996e-01,-1.294085383415222168e+00,-1.267448186874389648e+00,-6.578137874603271484e-01,-9.749603867530822754e-01,6.140712499618530273e-01,-1.742289662361145020e-01,-1.185402750968933105e+00,-9.368057847023010254e-01,5.893337726593017578e-01,-1.609067559242248535e+00,-1.900846719741821289e+00,-9.906278252601623535e-01,-1.524266481399536133e+00,-1.951148033142089844e+00,-2.005685806274414062e+00,-1.908799707889556885e-01,-1.335807323455810547e+00,-3.423210680484771729e-01,-1.470954179763793945e+00,-1.305291175842285156e+00,-4.050973430275917053e-02,-2.848662137985229492e-01,1.526869386434555054e-01,-1.415081620216369629e+00,-8.654652237892150879e-01,-1.426186680793762207e+00,-1.393122196197509766e+00,7.792215347290039062e-01,-7.776935398578643799e-02
4.740138649940490723e-01,7.336968779563903809e-01,7.359702587127685547e-01,1.025413036346435547e+00,1.097623229026794434e+00,9.260278344154357910e-01,8.720607161521911621e-01,7.429889440536499023e-01,-2.513970062136650085e-02,1.766418099403381348e+00,8.998887538909912109e-01,1.018173575401306152e+00,-3.453304469585418701e-01,7.989420294761657715e-01,-1.078177809715270996e+00,1.229451775550842285e+00,-2.002589590847492218e-02,1.416521221399307251e-01,-2.474346309900283813e-01,1.502269357442855835e-01,2.999759018421173096e-01,3.705244660377502441e-01,-6.713574528694152832e-01,4.203667044639587402e-01,1.542332172393798828e+00,2.296203970909118652e-01,1.949487179517745972e-01,3.716252446174621582e-01,1.285467892885208130e-01,-1.200166821479797363e+00,-3.667514324188232422e-01,7.929624319076538086e-01,1.236823678016662598e+00,4.827893972396850586e-01,-2.019239962100982666e-01,7.258687168359756470e-02,-1.902207136154174805e-01,9.647457003593444824e-01,7.439500689506530762e-01,6.548873782157897949e-01,1.199162900447845459e-01,1.532654911279678345e-01,-7.077135443687438965e-01,8.518781065940856934e-01,3.350319564342498779e-01,-5.380136892199516296e-02,-8.717201352119445801e-01,-2.523074150085449219e-01,1.223228454589843750e+00,8.919863402843475342e-02,1.189173460006713867e+00,4.272632002830505371e-01,4.068138301372528076e-01,-9.981005638837814331e-02,2.517089545726776123e-01,1.355873465538024902e+00,-8.488742709159851074e-01,-7.637668848037719727e-01,-4.643577337265014648e-01,9.705510735511779785e-01,-4.784375429153442383e-01,-1.651822566986083984e+00,-1.164057612419128418e+00,-1.146917581558227539e+00,-4.254723191261291504e-01,-1.232336640357971191e+00,-1.151583075523376465e+00,-5.333325266838073730e-01,-6.583606004714965820e-01,-5.922556519508361816e-01,-1.923844218254089355e-01,-1.161333680152893066e+00,-1.108827829360961914e+00,-7.459077239036560059e-01,-8.600639104843139648e-01,5.452778339385986328e-01,-6.605287641286849976e-02,-7.972301840782165527e-01,-1.192167878150939941e+00,1.719618290662765503e-01,-1.275473952293395996e+00,-2.144374847412109375e+00,-8.849542140960693359e-01,-1.247225880622863770e+00,-1.475775122642517090e+00,-1.351493716239929199e+00,-3.828128576278686523e-01,-6.582179665565490723e-01,-4.115992784500122070e-02,-1.801866531372070312e+00,-9.695376157760620117e-01,-5.443995818495750427e-03,-4.740151166915893555e-01,-9.267891943454742432e-02,-1.247846484184265137e+00,-9.898738265037536621e-01,-1.417223453521728516e+00,-8.284755349159240723e-01,1.297782063484191895e+00,-1.682500690221786499e-01
1.265888810157775879e+00,1.359753370285034180e+00,1.431045055389404297e+00,1.447155952453613281e+00,1.436680078506469727e+00,1.283160328865051270e+00,1.637649655342102051e+00,1.767824649810791016e+00,1.133972644805908203e+00,1.302267074584960938e+00,9.479755759239196777e-01,8.871873021125793457e-01,2.141161859035491943e-01,1.011765837669372559e+00,-6.575454771518707275e-02,1.794630408287048340e+00,6.846792101860046387e-01,1.481513500213623047e+00,6.627164483070373535e-01,1.213104605674743652e+00,1.209014773368835449e+00,8.368888497352600098e-01,6.285659670829772949e-01,1.167296171188354492e+00,1.587719321250915527e+00,1.495187431573867798e-01,6.378797292709350586e-01,1.014473795890808105e+00,1.757289886474609375e+00,-2.418587207794189453e-01,-4.933599531650543213e-01,9.720243215560913086e-01,7.680200338363647461e-01,1.435092806816101074e+00,6.542930752038955688e-02,1.309201836585998535e+00,8.331619501113891602e-01,1.257697582244873047e+00,7.747192978858947754e-01,1.239390611648559570e+00,8.853672742843627930e-01,1.445202678442001343e-01,-1.241503119468688965e+00,1.214124113321304321e-01,2.408551573753356934e-01,-5.409026741981506348e-01,-5.746433734893798828e-01,-3.388040512800216675e-02,9.862958192825317383e-01,1.008032932877540588e-01,1.380800127983093262e+00,1.137830018997192383e+00,1.070966243743896484e+00,7.281681895256042480e-01,9.982572197914123535e-01,1.591868996620178223e+00,5.665066242218017578e-01,8.796489834785461426e-01,-3.452132940292358398e-01,4.757062792778015137e-01,-4.065311551094055176e-01,-1.085621237754821777e+00,-3.004868030548095703e-01,-2.020374871790409088e-02,4.340863525867462158e-01,-1.707492470741271973e-01,5.213132500648498535e-01,1.578059941530227661e-01,4.434821009635925293e-01,9.622158408164978027e-01,8.592417240142822266e-01,-6.294163465499877930e-01,3.638545051217079163e-02,1.043842062354087830e-01,-4.924367666244506836e-01,5.965324044227600098e-01,1.333405494689941406e+00,3.503889739513397217e-01,-1.339522361755371094e+00,3.776652812957763672e-01,-6.015798076987266541e-02,-2.797538936138153076e-01,-1.190415263175964355e+00,-9.207163453102111816e-01,-7.315731644630432129e-01,-6.638587117195129395e-01,6.785171627998352051e-01,-2.366372942924499512e-01,1.309225440025329590e+00,-2.505001127719879150e-01,-7.744241952896118164e-01,9.950770139694213867e-01,6.681700795888900757e-02,-1.329929679632186890e-01,-1.055933833122253418e+00,-8.759585618972778320e-01,-1.295974731445312500e+00,-3.544485569000244141e-01,1.189505100250244141e+00,2.176595479249954224e-01
1.549449205398559570e+00,1.515489578247070312e+00,9.527764320373535156e-01,1.453410625457763672e+00,1.479723215103149414e+00,1.155076384544372559e+00,1.159335613250732422e+00,1.351806759834289551e+00,5.638920664787292480e-01,1.440419435501098633e+00,6.127243041992187500e-01,1.307827949523925781e+00,9.253526329994201660e-01,6.779632717370986938e-02,-1.254435777664184570e-01,1.818763494491577148e+00,1.356732487678527832e+00,1.416584372520446777e+00,6.054134964942932129e-01,1.415331006050109863e+00,1.063726305961608887e+00,1.558527588844299316e+00,2.170296311378479004e-01,1.687085270881652832e+00,1.541743874549865723e+00,3.994170129299163818e-01,9.657150506973266602e-01,1.546523451805114746e+00,1.562020421028137207e+00,1.680482476949691772e-01,-1.144400015473365784e-01,8.125500679016113281e-01,1.026623249053955078e+00,1.922307372093200684e+00,5.823377966880798340e-01,8.859961032867431641e-01,1.478651642799377441e+00,9.699823856353759766e-01,1.151713132858276367e+00,8.109934926033020020e-01,4.539486169815063477e-01,4.897565543651580811e-01,-3.795778006315231323e-02,6.653100252151489258e-02,1.316469669342041016e+00,-4.526071622967720032e-02,-3.797504007816314697e-01,-6.700475811958312988e-01,5.323536396026611328e-01,-2.598245441913604736e-01,1.719491958618164062e+00,7.700027227401733398e-01,1.485646367073059082e+00,6.380752325057983398e-01,6.063148379325866699e-01,4.117001593112945557e-01,-1.430042982101440430e-01,3.222120553255081177e-02,2.743516862392425537e-01,1.026208639144897461e+00,-1.019751280546188354e-01,-7.180117964744567871e-01,-3.966681659221649170e-02,5.367507934570312500e-01,1.148618578910827637e+00,3.474458754062652588e-01,3.905275464057922363e-02,8.796088695526123047e-01,1.069192409515380859e+00,5.994532704353332520e-01,7.632632255554199219e-01,1.156927049160003662e-01,4.958291351795196533e-01,2.558038234710693359e-01,-4.903078451752662659e-02,1.009156703948974609e+00,1.978105187416076660e+00,5.747268199920654297e-01,-9.886438846588134766e-01,5.423264503479003906e-01,2.304642349481582642e-01,-6.841322183609008789e-01,-2.411413192749023438e-01,-1.884390860795974731e-01,-3.057254850864410400e-01,-1.972331106662750244e-01,1.212583303451538086e+00,2.142213433980941772e-01,1.241805315017700195e+00,-1.733837723731994629e-01,-2.086752653121948242e-01,8.302804827690124512e-01,6.408122777938842773e-01,2.327406108379364014e-01,-6.707350015640258789e-01,-7.238937616348266602e-01,-8.324455022811889648e-01,-4.133205115795135498e-01,2.205612957477569580e-01,-2.264873236417770386e-01
1.249953746795654297e+00,1.250436663627624512e+00,1.220228791236877441e+00,1.276898503303527832e+00,1.447624802589416504e+00,7.237147092819213867e-01,8.908226490020751953e-01,9.912273883819580078e-01,2.107342006638646126e-03,1.548764705657958984e+00,4.452748894691467285e-01,7.576830983161926270e-01,2.243954092264175415e-01,-3.953872919082641602e-01,-8.409425616264343262e-01,1.541887164115905762e+00,1.440459191799163818e-01,1.257115125656127930e+00,-2.722910046577453613e-01,1.188785433769226074e+00,1.264113306999206543e+00,1.028458595275878906e+00,1.520145032554864883e-02,1.025450468063354492e+00,1.360468029975891113e+00,1.212274506688117981e-01,-2.238981425762176514e-01,1.860332190990447998e-01,-4.501178860664367676e-01,-2.568763680756092072e-02,-1.932800710201263428e-01,2.829044759273529053e-01,6.483688950538635254e-01,1.218836784362792969e+00,6.764701008796691895e-02,-1.857858598232269287e-01,2.698469460010528564e-01,1.171648859977722168e+00,9.482252597808837891e-01,9.680666327476501465e-01,6.050463914871215820e-01,-1.123915538191795349e-01,-3.168798387050628662e-01,-6.136515140533447266e-01,-5.573115944862365723e-01,-3.713052272796630859e-01,-6.458686590194702148e-01,-8.744404911994934082e-01,1.555947810411453247e-01,-1.585570573806762695e+00,7.192982435226440430e-01,3.921287357807159424e-01,1.443208098411560059e+00,6.768236160278320312e-01,1.831415444612503052e-01,6.532810330390930176e-01,2.188730835914611816e-01,-5.162280797958374023e-01,-3.096244931221008301e-01,8.593758344650268555e-01,-5.755193233489990234e-01,-1.107953906059265137e+00,-2.436026036739349365e-01,6.805870532989501953e-01,1.136005163192749023e+00,5.331515148282051086e-02,1.286616921424865723e-01,-2.067517191171646118e-01,3.448320329189300537e-01,4.620560705661773682e-01,6.734765172004699707e-01,-3.504160344600677490e-01,3.844740092754364014e-01,-1.084933057427406311e-02,-5.650822520256042480e-01,7.842994332313537598e-01,-3.901432827115058899e-02,1.705729588866233826e-02,-1.113770961761474609e+00,2.056833654642105103e-01,-2.477093227207660675e-02,-3.671300411224365234e-01,-4.877451956272125244e-01,-7.003270387649536133e-01,-1.160068273544311523e+00,-6.043489575386047363e-01,4.590745866298675537e-01,-8.455591201782226562e-01,-4.648099243640899658e-01,-5.224711894989013672e-01,-3.853615820407867432e-01,3.884806931018829346e-01,6.065834164619445801e-01,-2.620236873626708984e-01,-1.036166310310363770e+00,-1.662071466445922852e+00,-1.301547646522521973e+00,-8.417287468910217285e-01,1.985462754964828491e-01,-1.098120927810668945e+00
1.083823204040527344e+00,8.797585964202880859e-01,1.195522069931030273e+00,9.157596230506896973e-01,9.528470039367675781e-01,1.124346017837524414e+00,6.776250600814819336e-01,9.338877797126770020e-01,3.419236838817596436e-02,1.235850572586059570e+00,-3.322557508945465088e-01,4.066112935543060303e-01,3.797315657138824463e-01,-3.463511168956756592e-01,-1.225020647048950195e+00,1.231625676155090332e+00,1.053774878382682800e-01,8.141100406646728516e-01,-9.379557520151138306e-02,4.667640924453735352e-01,6.312865614891052246e-01,7.555043697357177734e-01,-1.955042127519845963e-03,4.273287057876586914e-01,1.630306482315063477e+00,-5.362641215324401855e-01,5.380090475082397461e-01,5.596534609794616699e-01,9.779353439807891846e-02,2.140636369585990906e-02,-5.338443517684936523e-01,3.517560958862304688e-01,9.053463935852050781e-01,1.551801204681396484e+00,2.412635087966918945e-02,-7.565624266862869263e-02,2.986393570899963379e-01,1.346853971481323242e+00,1.315684437751770020e+00,1.950987577438354492e-01,8.432707786560058594e-01,4.582996666431427002e-01,-1.467078626155853271e-01,-3.945056796073913574e-01,-7.891069054603576660e-01,-4.797604307532310486e-02,-1.241871342062950134e-01,-8.289358019828796387e-01,3.635247945785522461e-01,-9.814545512199401855e-01,3.143348097801208496e-01,3.030476272106170654e-01,1.242173314094543457e+00,4.528641402721405029e-01,2.004512995481491089e-01,1.088558077812194824e+00,1.705571562051773071e-01,-8.350970745086669922e-01,6.101191416382789612e-02,3.206003010272979736e-01,-4.922174513339996338e-01,-9.589188694953918457e-01,6.250011920928955078e-02,7.164222598075866699e-01,9.286388158798217773e-01,-4.570322632789611816e-01,1.150973215699195862e-01,2.033886313438415527e-01,8.509891629219055176e-01,1.726176440715789795e-01,3.880508616566658020e-02,-2.651340663433074951e-01,3.034455478191375732e-01,-1.171175539493560791e-01,-7.314768433570861816e-01,1.010231137275695801e+00,-2.179723083972930908e-01,-1.346591562032699585e-01,-1.061055541038513184e+00,6.865920424461364746e-01,3.139016218483448029e-03,1.656279712915420532e-01,-2.942666411399841309e-01,-7.848876714706420898e-01,-5.975342988967895508e-01,-4.382804334163665771e-01,4.335370287299156189e-02,-4.004740417003631592e-01,-4.167133271694183350e-01,-4.147803187370300293e-01,-1.275734901428222656e-01,5.062026381492614746e-01,1.079056143760681152e+00,2.527393698692321777e-01,-7.374364137649536133e-01,-1.234215021133422852e+00,-6.608284711837768555e-01,-8.694144487380981445e-01,1.293928772211074829e-01,-1.013106584548950195e+00
1.108621239662170410e+00,8.884611725807189941e-01,1.520345211029052734e+00,3.139164149761199951e-01,8.259019255638122559e-01,9.605533480644226074e-01,9.927887320518493652e-01,9.468678832054138184e-01,4.778472185134887695e-01,1.435314059257507324e+00,1.070333719253540039e+00,1.243835687637329102e+00,7.059769034385681152e-01,-1.122793480753898621e-01,-1.109095811843872070e+00,1.478416562080383301e+00,6.718775629997253418e-01,9.893534779548645020e-01,-1.861483789980411530e-02,2.446109056472778320e-01,7.308035492897033691e-01,1.164062738418579102e+00,1.161255165934562683e-01,1.411251425743103027e+00,5.917750000953674316e-01,4.677754044532775879e-01,3.185404837131500244e-01,2.094935923814773560e-01,-8.128293603658676147e-02,-4.692805930972099304e-02,-5.120152831077575684e-01,6.509555578231811523e-01,8.087795376777648926e-01,1.627748012542724609e+00,4.107977449893951416e-01,7.616357505321502686e-02,6.356239318847656250e-01,1.563304781913757324e+00,9.758453965187072754e-01,1.222795605659484863e+00,1.016109228134155273e+00,-2.155310809612274170e-01,2.251945734024047852e-01,-2.150197476148605347e-01,8.588848114013671875e-01,3.624330461025238037e-01,-1.629579514265060425e-01,-4.971961081027984619e-01,6.968843340873718262e-01,-2.935903370380401611e-01,1.564243078231811523e+00,7.410564422607421875e-01,9.909257292747497559e-01,3.290346264839172363e-01,2.167536132037639618e-02,8.571736216545104980e-01,1.558458954095840454e-01,-2.834054827690124512e-01,-1.033252105116844177e-01,1.371740937232971191e+00,-2.987816631793975830e-01,-6.375706791877746582e-01,4.544054269790649414e-01,9.822468161582946777e-01,1.122077226638793945e+00,-1.846147030591964722e-01,-1.604380607604980469e-01,5.935402512550354004e-01,1.239639163017272949e+00,7.794966697692871094e-01,3.446536958217620850e-01,6.988530606031417847e-02,4.465931355953216553e-01,3.707287907600402832e-01,-6.605126708745956421e-02,3.156991302967071533e-01,-1.673105955123901367e-01,5.006060749292373657e-02,-1.187206029891967773e+00,1.995375752449035645e-01,8.764874190092086792e-02,7.609459012746810913e-02,-1.631074696779251099e-01,-2.074615508317947388e-01,-7.725480198860168457e-01,-9.608663618564605713e-02,4.500996768474578857e-01,-5.849125981330871582e-01,-2.848458290100097656e-01,-3.324482440948486328e-01,-7.869782447814941406e-01,5.927906632423400879e-01,5.558221340179443359e-01,-6.131391525268554688e-01,-9.534779787063598633e-01,-1.193397641181945801e+00,-7.484699487686157227e-01,-8.638735413551330566e-01,7.133691012859344482e-02,-4.764229655265808105e-01
1.472295641899108887e+00,1.547375082969665527e+00,2.323960065841674805e+00,8.141219019889831543e-01,1.563314795494079590e+00,1.710527062416076660e+00,2.088883638381958008e+00,1.995587825775146484e+00,1.497889876365661621e+00,1.914154529571533203e+00,8.575814366340637207e-01,1.491389513015747070e+00,1.116392016410827637e+00,1.049567833542823792e-01,-2.344798296689987183e-01,2.017249584197998047e+00,1.336750507354736328e+00,2.046058177947998047e+00,5.427471995353698730e-01,1.161747813224792480e+00,1.383910775184631348e+00,1.386776924133300781e+00,3.343521058559417725e-01,1.544323444366455078e+00,1.258080244064331055e+00,9.027642011642456055e-01,1.279874324798583984e+00,1.279424428939819336e+00,7.148317098617553711e-01,1.250198036432266235e-01,7.874562144279479980e-01,9.557293653488159180e-01,1.530846834182739258e+00,1.999855160713195801e+00,5.690174698829650879e-01,9.962399005889892578e-01,8.106585741043090820e-01,1.712247014045715332e+00,1.346759796142578125e+00,2.190707445144653320e+00,1.225609064102172852e+00,1.681394577026367188e-01,1.287231445312500000e+00,9.347390532493591309e-01,2.429212570190429688e+00,-1.078395396471023560e-01,-4.945668876171112061e-01,-8.243995308876037598e-01,1.797230720520019531e+00,1.173942089080810547e-01,1.511109113693237305e+00,1.430801749229431152e+00,2.143998622894287109e+00,9.747342467308044434e-01,8.894835710525512695e-01,1.391700029373168945e+00,1.576638936996459961e+00,9.321638345718383789e-01,2.588836550712585449e-01,1.735712647438049316e+00,-1.585694551467895508e-01,-5.290640592575073242e-01,8.063595890998840332e-01,1.387065172195434570e+00,1.796028494834899902e+00,3.098085224628448486e-01,6.404483318328857422e-01,1.259774684906005859e+00,1.528019309043884277e+00,1.788942813873291016e+00,8.865734934806823730e-01,2.128619104623794556e-01,9.458425641059875488e-01,5.106656551361083984e-01,1.315239071846008301e-01,8.561647534370422363e-01,4.439138770103454590e-01,9.525273926556110382e-03,-4.511509239673614502e-01,1.917187571525573730e+00,2.357479184865951538e-01,1.335889846086502075e-01,1.515918493270874023e+00,-1.779545843601226807e-01,-6.375909447669982910e-01,-3.271149694919586182e-01,2.504620552062988281e-01,-1.543245613574981689e-01,8.625181913375854492e-01,1.200583055615425110e-01,2.393523231148719788e-02,7.841488718986511230e-01,1.186440065503120422e-01,1.413980722427368164e-01,-5.847827792167663574e-01,1.717472821474075317e-01,-1.373614549636840820e+00,-6.257837414741516113e-01,1.430000662803649902e+00,7.135656476020812988e-02
1.401647686958312988e+00,1.554000020027160645e+00,1.975090146064758301e+00,1.072339296340942383e+00,1.998551845550537109e+00,1.469186425209045410e+00,8.569032549858093262e-01,8.714566826820373535e-01,8.525385856628417969e-01,6.169470548629760742e-01,2.024441212415695190e-01,6.762955188751220703e-01,7.862062454223632812e-01,8.796467632055282593e-02,-5.643082261085510254e-01,1.653339028358459473e+00,8.566340208053588867e-01,1.247448444366455078e+00,3.548267185688018799e-01,1.074581861495971680e+00,1.143106698989868164e+00,1.404173851013183594e+00,5.964075326919555664e-01,7.086791992187500000e-01,6.536674499511718750e-01,3.013991713523864746e-01,8.815293312072753906e-01,7.996666431427001953e-01,7.125864923000335693e-02,2.226095944643020630e-01,-3.162039816379547119e-01,4.269824624061584473e-01,8.028158545494079590e-01,1.239631295204162598e+00,7.845443487167358398e-01,7.384759783744812012e-01,1.035483837127685547e+00,7.293844223022460938e-01,2.754576802253723145e-01,3.169701993465423584e-01,4.466371834278106689e-01,6.620211154222488403e-02,3.644556105136871338e-01,1.804302036762237549e-01,1.150657415390014648e+00,3.480197191238403320e-01,2.497455775737762451e-01,-4.624179005622863770e-01,7.427266240119934082e-01,-4.869164526462554932e-01,1.856212019920349121e+00,1.677340030670166016e+00,2.256759166717529297e+00,1.612622857093811035e+00,1.343475580215454102e+00,1.489992260932922363e+00,7.847400903701782227e-01,3.213720917701721191e-01,-5.881723947823047638e-03,6.470140814781188965e-01,-2.478946596384048462e-01,-4.428381323814392090e-01,5.045647621154785156e-01,1.242699503898620605e+00,1.474665760993957520e+00,2.214954197406768799e-01,2.263671755790710449e-01,7.066431641578674316e-01,1.209000706672668457e+00,1.012204885482788086e+00,8.757483363151550293e-01,5.066651701927185059e-01,1.228489398956298828e+00,1.511597633361816406e-01,9.907690435647964478e-02,4.944923818111419678e-01,-3.327821381390094757e-03,4.483758211135864258e-01,-1.041587710380554199e+00,4.987334609031677246e-01,4.745178818702697754e-01,-5.417065694928169250e-03,2.035765796899795532e-01,1.482059955596923828e-01,-1.675128042697906494e-01,5.549462437629699707e-01,5.792415738105773926e-01,-1.102340742945671082e-01,3.555042743682861328e-01,3.531192541122436523e-01,1.291025578975677490e-01,6.758026480674743652e-01,9.738035202026367188e-01,-3.067806065082550049e-01,-6.009891033172607422e-01,-5.477001070976257324e-01,-1.943962126970291138e-01,1.645232737064361572e-01,4.217534959316253662e-01,3.312458749860525131e-03
1.011603593826293945e+00,1.433082938194274902e+00,1.313040733337402344e+00,1.114623785018920898e+00,1.686546444892883301e+00,1.405574679374694824e+00,1.037151932716369629e+00,8.962368369102478027e-01,1.031410336494445801e+00,1.427350163459777832e+00,1.083619713783264160e+00,1.199311137199401855e+00,3.941396176815032959e-01,3.657527863979339600e-01,4.940090328454971313e-02,1.606470465660095215e+00,6.764668226242065430e-01,1.776822209358215332e+00,2.057355195283889771e-01,1.784456968307495117e+00,1.311856627464294434e+00,1.444347023963928223e+00,4.630656838417053223e-01,8.491407036781311035e-01,1.124991297721862793e+00,8.877635002136230469e-01,1.156839370727539062e+00,1.056637287139892578e+00,3.803107142448425293e-01,6.029292941093444824e-01,-4.307833313941955566e-01,3.105939626693725586e-01,7.404515147209167480e-01,1.729202389717102051e+00,2.641892135143280029e-01,8.024508357048034668e-01,3.888317644596099854e-01,1.210778713226318359e+00,8.500568270683288574e-01,8.754590153694152832e-01,1.128014206886291504e+00,-1.433534473180770874e-01,4.617212414741516113e-01,-3.640627488493919373e-02,-2.923880219459533691e-01,5.194483995437622070e-01,1.538366228342056274e-01,-2.008488923311233521e-01,5.369260907173156738e-01,-6.307692527770996094e-01,1.325335025787353516e+00,1.518965601921081543e+00,1.988279223442077637e+00,1.725055813789367676e+00,1.025870442390441895e+00,1.210949301719665527e+00,8.383697271347045898e-01,3.941805958747863770e-01,-4.386010468006134033e-01,1.149510264396667480e+00,-3.062988519668579102e-01,-8.940976262092590332e-01,-8.403962850570678711e-02,8.020009994506835938e-01,1.757125377655029297e+00,1.010014176368713379e+00,1.015413641929626465e+00,8.267309069633483887e-01,1.104809403419494629e+00,1.003824949264526367e+00,1.018861055374145508e+00,-8.063790947198867798e-02,1.078256964683532715e+00,-7.243714760988950729e-03,-1.555316299200057983e-01,8.599933385848999023e-01,6.928436756134033203e-01,6.867370009422302246e-01,-9.894526004791259766e-01,9.159447550773620605e-01,2.776274681091308594e-01,1.993288397789001465e-01,2.999215424060821533e-01,-3.455992043018341064e-01,-6.012310981750488281e-01,-1.904866546392440796e-01,-1.137992888689041138e-01,-3.081285357475280762e-01,7.713505029678344727e-01,-4.031808581203222275e-03,-3.685417398810386658e-02,-1.204439532011747360e-02,7.339774370193481445e-01,-3.301202952861785889e-01,-8.957045674324035645e-01,-1.183556318283081055e+00,-4.247093200683593750e-01,-1.987607479095458984e-01,9.176824688911437988e-01,-2.069878876209259033e-01
1.201143383979797363e+00,1.354876041412353516e+00,1.020184278488159180e+00,1.211702227592468262e+00,1.500463008880615234e+00,1.013901233673095703e+00,5.159303545951843262e-01,1.137001872062683105e+00,7.858456373214721680e-01,8.942147493362426758e-01,1.824975013732910156e-01,5.808786749839782715e-01,2.276333570480346680e-01,-1.108085811138153076e-01,-3.586888313293457031e-01,1.572697162628173828e+00,3.972461223602294922e-01,9.207597970962524414e-01,2.470112144947052002e-01,1.021310091018676758e+00,8.043546080589294434e-01,1.400210022926330566e+00,2.600206136703491211e-01,8.555938005447387695e-01,1.014497876167297363e+00,1.752529144287109375e-01,1.759669899940490723e+00,1.316619515419006348e+00,1.013541936874389648e+00,-3.104752488434314728e-02,-8.954558521509170532e-02,6.196433901786804199e-01,1.159357547760009766e+00,1.490766763687133789e+00,6.968532204627990723e-01,8.927309513092041016e-01,1.160504341125488281e+00,1.000133156776428223e+00,1.005280613899230957e+00,6.754088401794433594e-02,6.212328076362609863e-01,3.430441021919250488e-01,1.358899921178817749e-01,1.068683788180351257e-01,8.332551121711730957e-01,6.357496976852416992e-01,5.130172967910766602e-01,8.101527392864227295e-02,8.971195220947265625e-01,-3.451449796557426453e-02,1.355180263519287109e+00,1.027592539787292480e+00,1.400540232658386230e+00,1.357645988464355469e+00,9.272017478942871094e-01,1.056490063667297363e+00,3.287893235683441162e-01,3.158114850521087646e-01,-2.727715373039245605e-01,4.538508057594299316e-01,-5.471168160438537598e-01,-8.768212199211120605e-01,-3.267749547958374023e-01,-3.091151118278503418e-01,9.203464388847351074e-01,5.042064785957336426e-01,7.024869322776794434e-01,6.505228281021118164e-01,9.706104993820190430e-01,6.084554195404052734e-01,6.987811326980590820e-01,-3.564849868416786194e-02,3.318177163600921631e-01,-7.471095887012779713e-04,-2.143227159976959229e-01,4.700379073619842529e-01,9.371101260185241699e-01,6.852729320526123047e-01,-1.104039311408996582e+00,8.965633809566497803e-02,2.412753179669380188e-02,3.277404606342315674e-02,-2.229071259498596191e-01,-2.026690095663070679e-01,-6.811655312776565552e-02,2.580519020557403564e-01,8.019098043441772461e-01,1.361835747957229614e-01,8.625889420509338379e-01,-6.524490565061569214e-02,-7.529824227094650269e-02,7.026312351226806641e-01,7.390395402908325195e-01,-2.354485392570495605e-01,-7.381302714347839355e-01,-5.740520954132080078e-01,3.431917428970336914e-01,3.335204422473907471e-01,7.801848649978637695e-01,2.886897623538970947e-01
1.207594156265258789e+00,1.827603816986083984e+00,1.774846434593200684e+00,1.498361587524414062e+00,1.945104241371154785e+00,1.750169277191162109e+00,1.118576884269714355e+00,1.825295329093933105e+00,1.605542302131652832e+00,7.004376649856567383e-01,6.673484444618225098e-01,4.473678767681121826e-01,3.567061126232147217e-01,1.216985508799552917e-01,-5.360561609268188477e-02,1.638574481010437012e+00,3.969167470932006836e-01,1.971735954284667969e+00,2.016267627477645874e-01,2.079621315002441406e+00,1.347768545150756836e+00,1.066964507102966309e+00,-1.313668638467788696e-01,9.582325220108032227e-01,1.880196779966354370e-01,-2.413962185382843018e-01,1.259106278419494629e+00,1.048235297203063965e+00,1.542584180831909180e+00,-5.369014739990234375e-01,-4.016701877117156982e-02,8.623405694961547852e-01,1.284001469612121582e+00,1.726899862289428711e+00,4.306723177433013916e-01,1.865151524543762207e+00,1.848348021507263184e+00,1.416822314262390137e+00,1.370443582534790039e+00,1.128273129463195801e+00,1.710873246192932129e+00,-6.100447475910186768e-02,-1.886080652475357056e-01,8.457505106925964355e-01,1.528777837753295898e+00,6.777425408363342285e-01,3.069044947624206543e-01,1.670157462358474731e-01,1.098517417907714844e+00,1.099732160568237305e+00,1.887611508369445801e+00,1.992501974105834961e+00,1.742357492446899414e+00,1.881475567817687988e+00,1.353992700576782227e+00,1.185266971588134766e+00,1.290064573287963867e+00,1.345428586006164551e+00,-3.353811800479888916e-01,3.083340525627136230e-01,-4.155613481998443604e-01,-5.965912342071533203e-01,-2.544363439083099365e-01,-4.642132520675659180e-01,1.046061158180236816e+00,1.119442209601402283e-01,1.576473712921142578e+00,5.467848181724548340e-01,1.032228469848632812e+00,1.903025627136230469e+00,1.463437199592590332e+00,-7.983311265707015991e-02,8.953035622835159302e-02,3.749678134918212891e-01,2.549251317977905273e-01,-9.326304495334625244e-02,1.533425092697143555e+00,-1.185543835163116455e-01,-9.664850234985351562e-01,2.734779417514801025e-01,4.550793766975402832e-01,1.583189368247985840e+00,1.601838469505310059e-01,2.243495136499404907e-01,-2.120532989501953125e-01,3.245346844196319580e-01,1.445279359817504883e+00,-8.105075359344482422e-02,1.985886931419372559e+00,7.263495326042175293e-01,1.390589177608489990e-01,9.668429493904113770e-01,5.051029324531555176e-01,-3.843256235122680664e-01,-7.861296534538269043e-01,-2.429183572530746460e-02,2.591525614261627197e-01,9.427002072334289551e-02,9.074199199676513672e-01,1.642179965972900391e+00
1.457438707351684570e+00,2.509593725204467773e+00,2.102023363113403320e+00,1.492798328399658203e+00,2.498709917068481445e+00,2.034255743026733398e+00,1.460335493087768555e+00,2.459614515304565430e+00,2.605194091796875000e+00,1.291123747825622559e+00,2.507776916027069092e-01,5.920192003250122070e-01,7.855380773544311523e-01,1.733946204185485840e-01,-2.641811966896057129e-01,1.711012482643127441e+00,2.628398835659027100e-01,2.400230407714843750e+00,3.628090023994445801e-01,2.890710115432739258e+00,1.339089274406433105e+00,1.335042595863342285e+00,2.373979799449443817e-02,1.007536530494689941e+00,5.807060599327087402e-01,-6.379792094230651855e-01,2.535567760467529297e+00,1.870518207550048828e+00,1.818025350570678711e+00,-6.660366058349609375e-01,7.631733417510986328e-01,1.114185690879821777e+00,1.895463347434997559e+00,2.450049638748168945e+00,9.550108313560485840e-01,2.860858678817749023e+00,2.297566413879394531e+00,1.627150416374206543e+00,1.884116530418395996e+00,1.110208034515380859e+00,2.039768218994140625e+00,-1.672083586454391479e-01,7.321490049362182617e-01,1.524044513702392578e+00,2.997658014297485352e+00,1.607694745063781738e+00,1.085479021072387695e+00,1.253834843635559082e+00,1.462434172630310059e+00,2.243322610855102539e+00,1.954053163528442383e+00,2.248941421508789062e+00,1.852409362792968750e+00,2.078269958496093750e+00,1.705820441246032715e+00,1.432241916656494141e+00,1.403744697570800781e+00,2.147632360458374023e+00,1.277650892734527588e-01,6.850314140319824219e-02,-4.913747608661651611e-01,-5.361931920051574707e-01,-2.858427762985229492e-01,-2.403277754783630371e-01,1.411123275756835938e+00,3.522671163082122803e-01,2.167627811431884766e+00,8.365614414215087891e-01,1.610233426094055176e+00,2.179188966751098633e+00,1.461699604988098145e+00,-8.397582918405532837e-02,1.704774051904678345e-01,4.966167509555816650e-01,3.646466648206114769e-03,-4.421482682228088379e-01,1.676981210708618164e+00,-5.237665772438049316e-01,-6.849160194396972656e-01,7.822234630584716797e-01,1.959058195352554321e-01,1.916634440422058105e+00,9.097473025321960449e-01,-8.081522770226001740e-03,-1.338003724813461304e-01,4.190480113029479980e-01,1.744259476661682129e+00,4.013732075691223145e-01,2.907419919967651367e+00,1.138074040412902832e+00,8.195319175720214844e-01,1.494732618331909180e+00,5.703914761543273926e-01,-2.298334091901779175e-01,-7.658594250679016113e-01,8.011563420295715332e-01,6.103117465972900391e-01,8.349523544311523438e-01,1.640607714653015137e+00,2.371263504028320312e+00
6.412774324417114258e-01,2.296907663345336914e+00,1.715059757232666016e+00,7.597560286521911621e-01,2.318236827850341797e+00,2.092966079711914062e+00,1.649664759635925293e+00,2.263602256774902344e+00,2.840073823928833008e+00,1.317996144294738770e+00,8.841006159782409668e-01,6.459384560585021973e-01,4.883657991886138916e-01,-1.157998144626617432e-01,-7.898240089416503906e-01,1.517430543899536133e+00,-6.096259951591491699e-01,2.241940736770629883e+00,-8.073225617408752441e-02,2.584243297576904297e+00,6.871767044067382812e-01,8.629998564720153809e-01,-3.410950005054473877e-01,7.110609859228134155e-02,6.172030568122863770e-01,-7.352478504180908203e-01,7.563400268554687500e-01,-4.423516243696212769e-02,9.804527759552001953e-01,-1.143381953239440918e+00,8.829544782638549805e-01,9.494669437408447266e-01,1.569764852523803711e+00,1.794913768768310547e+00,5.664748549461364746e-01,2.479191064834594727e+00,1.250115513801574707e+00,1.683590531349182129e+00,1.447246313095092773e+00,1.355962514877319336e+00,1.756915807723999023e+00,-2.158610820770263672e-01,8.136067986488342285e-01,1.055576682090759277e+00,3.212085723876953125e+00,1.271736145019531250e+00,9.383950829505920410e-01,4.770190715789794922e-01,1.408217668533325195e+00,1.042023420333862305e+00,1.581921935081481934e+00,2.079588413238525391e+00,1.835804343223571777e+00,1.936952233314514160e+00,1.687548995018005371e+00,1.730233430862426758e+00,1.110159039497375488e+00,2.135889530181884766e+00,1.002526655793190002e-02,4.776840507984161377e-01,-3.070936799049377441e-01,-3.494049906730651855e-01,-5.784815549850463867e-01,-4.575912654399871826e-01,6.201273798942565918e-01,-1.046419814229011536e-01,1.539460897445678711e+00,1.114817410707473755e-01,8.227376341819763184e-01,1.792655587196350098e+00,1.006767272949218750e+00,-5.687531828880310059e-01,-5.459771752357482910e-01,4.802615568041801453e-02,-3.030170202255249023e-01,4.757732152938842773e-02,8.162357807159423828e-01,-1.044922590255737305e+00,-4.886839985847473145e-01,7.542359828948974609e-01,-9.081700444221496582e-02,1.636896610260009766e+00,7.652779221534729004e-01,-2.966133654117584229e-01,-8.810789585113525391e-01,1.631358265876770020e-01,9.023218750953674316e-01,-9.014648795127868652e-01,2.195650339126586914e+00,4.226679503917694092e-01,7.036089301109313965e-01,7.999471426010131836e-01,4.765672087669372559e-01,-2.854571640491485596e-01,-6.685968041419982910e-01,1.557256430387496948e-01,-2.846652269363403320e-01,2.120701074600219727e-01,1.308391451835632324e+00,1.157010793685913086e+00
-7.809652090072631836e-01,1.497959613800048828e+00,7.904893755912780762e-01,8.018760085105895996e-01,1.743523478507995605e+00,9.133054614067077637e-01,1.180708527565002441e+00,1.645409941673278809e+00,1.517642498016357422e+00,1.263426065444946289e+00,4.918816089630126953e-01,2.035819590091705322e-01,-4.454329144209623337e-03,-9.331265091896057129e-01,-1.366710543632507324e+00,1.052665948867797852e+00,-8.334242105484008789e-01,1.226577639579772949e+00,-1.191663265228271484e+00,6.690039634704589844e-01,8.067727088928222656e-01,1.301932036876678467e-01,-1.548233747482299805e+00,-5.400643497705459595e-02,5.419647097587585449e-01,-1.055605649948120117e+00,1.057767402380704880e-02,-5.158211588859558105e-01,-1.144855692982673645e-01,-1.866153717041015625e+00,3.155769705772399902e-01,3.825837969779968262e-01,1.766011476516723633e+00,1.030498743057250977e+00,-1.941408514976501465e-01,1.161301136016845703e+00,9.940239600837230682e-03,1.593601107597351074e+00,1.183575868606567383e+00,1.635719418525695801e+00,1.613576173782348633e+00,-1.083843037486076355e-01,2.076917141675949097e-01,5.486600995063781738e-01,1.831171512603759766e+00,1.604048013687133789e+00,-2.762992382049560547e-01,-6.465156078338623047e-01,3.964074254035949707e-01,-1.675712466239929199e-01,2.696761488914489746e-01,1.320200204849243164e+00,1.217656135559082031e+00,1.560838460922241211e+00,6.545348763465881348e-01,1.204354763031005859e+00,7.194988131523132324e-01,1.118216991424560547e+00,-3.152779638767242432e-01,-2.853198945522308350e-01,-9.679833054542541504e-01,-6.885846853256225586e-01,-1.460620403289794922e+00,-1.454895257949829102e+00,-3.981339037418365479e-01,-1.079728603363037109e+00,8.034099936485290527e-01,-9.597191214561462402e-01,-3.963735401630401611e-01,7.842881679534912109e-01,4.899866282939910889e-01,-1.276828408241271973e+00,-1.558043241500854492e+00,-2.140144258737564087e-01,-1.117696642875671387e+00,-4.601108133792877197e-01,-6.191499233245849609e-01,-2.045623302459716797e+00,-7.651861310005187988e-01,4.507420361042022705e-01,-9.560936689376831055e-01,1.098002433776855469e+00,-1.155600994825363159e-01,-1.198616027832031250e+00,-1.446105241775512695e+00,-8.705318570137023926e-01,-5.862109065055847168e-01,-1.422678947448730469e+00,5.656747221946716309e-01,2.186616212129592896e-01,2.950679659843444824e-01,3.706009089946746826e-01,1.051403805613517761e-01,-2.963592112064361572e-01,-1.193142294883728027e+00,-4.272636175155639648e-01,-1.660441160202026367e-01,-1.129031419754028320e+00,3.249078989028930664e-01,2.023373730480670929e-03
-3.242021799087524414e+00,3.596572577953338623e-01,-4.414950013160705566e-01,-1.990452557802200317e-01,4.714627265930175781e-01,-2.414021193981170654e-01,7.673681378364562988e-01,7.939040660858154297e-01,3.952898681163787842e-01,-3.123484551906585693e-01,-1.273764610290527344e+00,-1.036535978317260742e+00,-7.643971443176269531e-01,-9.386966824531555176e-01,-1.137544751167297363e+00,-8.548139035701751709e-02,-1.630287885665893555e+00,1.204401016235351562e+00,-1.020789384841918945e+00,6.961353421211242676e-01,1.345926165580749512e+00,-1.312974095344543457e+00,-2.122716903686523438e+00,-1.194777846336364746e+00,-1.496727228164672852e+00,-2.317426443099975586e+00,-1.621022462844848633e+00,-2.524511814117431641e+00,-1.031141161918640137e+00,-2.674916028976440430e+00,-2.256598323583602905e-01,-1.185361146926879883e+00,3.475113809108734131e-01,1.096569970250129700e-01,-2.030483961105346680e+00,3.653568625450134277e-01,-1.382959961891174316e+00,9.029366075992584229e-02,4.513692110776901245e-02,1.260801792144775391e+00,1.048675656318664551e+00,-1.834542274475097656e+00,-1.845627903938293457e+00,-4.345761835575103760e-01,1.125210046768188477e+00,1.145805001258850098e+00,-1.221363902091979980e+00,-1.871006369590759277e+00,-2.109086662530899048e-01,-7.137538194656372070e-01,-1.015055656433105469e+00,1.400428563356399536e-01,2.491049766540527344e-01,5.415308475494384766e-01,-2.312242090702056885e-01,-4.820829331874847412e-01,1.934358775615692139e-01,4.100055992603302002e-01,-1.494870901107788086e+00,-1.567341566085815430e+00,-1.255924940109252930e+00,-6.289237737655639648e-01,-1.130290985107421875e+00,-8.515531420707702637e-01,-2.219235338270664215e-02,-1.194699287414550781e+00,4.575292170047760010e-01,-1.041191816329956055e+00,-5.504013299942016602e-01,9.101940393447875977e-01,1.154168605804443359e+00,-1.839380741119384766e+00,-1.687884211540222168e+00,-4.853289127349853516e-01,-1.595307350158691406e+00,-2.023882389068603516e+00,-1.524536371231079102e+00,-2.532946825027465820e+00,-1.151349782943725586e+00,-1.008884906768798828e+00,-9.043291807174682617e-01,1.290731668472290039e+00,-1.393664836883544922e+00,-1.833820939064025879e+00,-1.689605236053466797e+00,-2.735209167003631592e-01,-1.582543849945068359e+00,-2.123252153396606445e+00,-2.744939029216766357e-01,-2.625475451350212097e-02,-3.483770787715911865e-01,-7.112598419189453125e-01,-7.757924199104309082e-01,-1.708147764205932617e+00,-1.411371588706970215e+00,-1.065876603126525879e+00,-1.813432276248931885e-01,-1.242937922477722168e+00,-5.786073803901672363e-01,-7.455480098724365234e-01
-2.489728689193725586e+00,-4.933517575263977051e-01,-1.068464517593383789e+00,5.878361463546752930e-01,-2.644095420837402344e-01,-6.364866495132446289e-01,5.117020010948181152e-01,6.774767637252807617e-01,-1.366062164306640625e-01,-2.569988369941711426e-01,-3.360265865921974182e-02,-6.343331933021545410e-01,-3.456730842590332031e-01,-4.029915034770965576e-01,6.233710423111915588e-02,-1.135740503668785095e-01,1.579015552997589111e-01,3.416835963726043701e-01,-2.427926808595657349e-01,1.730729937553405762e-01,1.028634786605834961e+00,-8.864210844039916992e-01,-9.034489393234252930e-01,-4.554210007190704346e-01,-9.359366297721862793e-01,-1.069531321525573730e+00,-1.112374305725097656e+00,-1.998562335968017578e+00,2.526484243571758270e-02,-6.864639520645141602e-01,-5.518262386322021484e-01,-1.287659168243408203e+00,-1.843500733375549316e-01,-8.012012392282485962e-02,-1.702051997184753418e+00,-1.923177838325500488e-01,-6.105571985244750977e-01,-7.716219872236251831e-02,2.791097462177276611e-01,7.976670861244201660e-01,1.301761120557785034e-01,-1.460229754447937012e+00,-2.417584896087646484e+00,-1.140859961509704590e+00,1.551000028848648071e-02,-3.429679274559020996e-01,-1.493653059005737305e+00,-1.448493599891662598e+00,-1.095329761505126953e+00,-1.101828575134277344e+00,-1.161465167999267578e+00,-5.911852717399597168e-01,1.931684613227844238e-01,5.686160922050476074e-01,-5.870054364204406738e-01,-8.152745366096496582e-01,4.871691167354583740e-01,2.887476980686187744e-01,-7.668188214302062988e-01,-4.210475981235504150e-01,-7.370956540107727051e-01,-4.659947454929351807e-01,-2.918567955493927002e-01,-3.466508388519287109e-01,-2.761248946189880371e-01,-3.431173041462898254e-02,5.236476194113492966e-03,-3.640920519828796387e-01,-5.115278363227844238e-01,6.666376590728759766e-01,1.086942315101623535e+00,-1.357373952865600586e+00,-3.225014805793762207e-01,-3.511739969253540039e-01,-8.195161223411560059e-01,-8.891087174415588379e-01,-5.664083361625671387e-01,-8.855329751968383789e-01,-9.814662337303161621e-01,-5.774137377738952637e-01,-3.867131769657135010e-01,7.710928916931152344e-01,-1.622188448905944824e+00,-1.119532465934753418e+00,-9.297932982444763184e-01,-5.588481202721595764e-02,-6.412303447723388672e-01,-1.928228735923767090e+00,-1.971465051174163818e-01,-6.716961264610290527e-01,-6.381454467773437500e-01,-6.479244232177734375e-01,-8.113533854484558105e-01,-1.272828817367553711e+00,-1.221685647964477539e+00,-1.217096567153930664e+00,-1.090369105339050293e+00,-8.393888473510742188e-01,-1.027359485626220703e+00,-1.440740108489990234e+00
-1.201874375343322754e+00,2.391770780086517334e-01,-1.099671602249145508e+00,8.797625899314880371e-01,1.174949202686548233e-02,-2.231175750494003296e-01,7.242526412010192871e-01,6.373783349990844727e-01,5.188216567039489746e-01,1.020673513412475586e+00,1.450235843658447266e+00,1.292818903923034668e+00,4.718162491917610168e-02,2.902583777904510498e-01,1.732162714004516602e+00,4.739778935909271240e-01,1.015984773635864258e+00,8.334434628486633301e-01,3.265516161918640137e-01,1.006994485855102539e+00,1.573200345039367676e+00,-4.276855289936065674e-02,5.651268959045410156e-01,1.411047816276550293e+00,-3.779241144657135010e-01,8.221413493156433105e-01,1.175888851284980774e-01,-5.808886289596557617e-01,7.251961827278137207e-01,4.773785173892974854e-01,-1.646081358194351196e-01,-1.244109988212585449e+00,-3.734926581382751465e-01,-3.417787083890289068e-04,-9.065744876861572266e-01,4.240427613258361816e-01,-1.012354493141174316e-01,-4.914048612117767334e-01,-2.709527313709259033e-01,3.943366408348083496e-01,3.590192273259162903e-02,-9.480680227279663086e-01,-8.160636425018310547e-01,-8.700966238975524902e-01,6.335852146148681641e-01,-5.968036651611328125e-01,-9.550586938858032227e-01,-1.039944052696228027e+00,-8.840683698654174805e-01,-7.385353446006774902e-01,2.193349748849868774e-01,2.630499303340911865e-01,8.681255578994750977e-01,8.323769569396972656e-01,1.653738468885421753e-01,-9.488365650177001953e-01,7.573840022087097168e-01,8.873431086540222168e-01,-2.498415857553482056e-02,1.256829857826232910e+00,3.151949942111968994e-01,-4.324479997158050537e-01,7.165618706494569778e-03,3.237780556082725525e-02,9.763796329498291016e-01,1.818768024444580078e+00,1.802062839269638062e-01,6.378638744354248047e-01,2.875447273254394531e-01,1.079513669013977051e+00,1.568916916847229004e+00,-7.608619332313537598e-02,9.046360850334167480e-01,-9.744907915592193604e-02,7.796342372894287109e-01,2.843592166900634766e-01,4.611003100872039795e-01,6.064424514770507812e-01,-7.627143859863281250e-01,-1.477190613746643066e+00,3.312929570674896240e-01,7.662191241979598999e-02,-5.580660700798034668e-01,-1.116646230220794678e-01,4.383691027760505676e-02,3.888022303581237793e-01,-1.987351030111312866e-01,-4.977885782718658447e-01,9.666212797164916992e-01,5.119757261127233505e-03,-6.369290947914123535e-01,-3.118199706077575684e-01,-4.595719873905181885e-01,-1.342437624931335449e+00,-6.631416082382202148e-01,-7.992592453956604004e-01,-6.307599544525146484e-01,1.451488733291625977e-01,-7.133948206901550293e-01,-5.121420025825500488e-01
-1.645023107528686523e+00,6.582184135913848877e-02,-1.034866333007812500e+00,4.145665168762207031e-01,6.962320953607559204e-02,-8.587130308151245117e-01,-2.407628744840621948e-01,-3.008579611778259277e-01,-5.956951379776000977e-01,-4.376454949378967285e-01,2.508481740951538086e-01,5.817704200744628906e-01,-6.491156816482543945e-01,-7.849227786064147949e-01,1.322731018066406250e+00,2.031185925006866455e-01,2.923077940940856934e-01,8.359917998313903809e-01,-4.200806021690368652e-01,1.487377882003784180e+00,1.698193907737731934e+00,-3.293760493397712708e-02,1.964817345142364502e-01,6.403416395187377930e-01,-7.786180377006530762e-01,-3.934232294559478760e-01,-6.645780801773071289e-01,-1.234421968460083008e+00,-2.346636652946472168e-01,6.316868662834167480e-01,-4.661045968532562256e-01,-1.439895153045654297e+00,-6.951845288276672363e-01,9.417802095413208008e-01,-9.623419642448425293e-01,-1.968837976455688477e-01,-3.003681004047393799e-01,-6.315927505493164062e-01,-1.533212065696716309e+00,-8.583997488021850586e-01,3.579768538475036621e-02,-1.354650616645812988e+00,-6.223704218864440918e-01,-1.871654152870178223e+00,6.329242587089538574e-01,-7.217718958854675293e-01,-7.433567047119140625e-01,-1.341371059417724609e+00,-1.460121750831604004e+00,-1.234061717987060547e+00,-1.313872814178466797e+00,1.335197500884532928e-02,2.440240085124969482e-01,1.440167903900146484e+00,-4.726907908916473389e-01,-1.199256539344787598e+00,1.698683351278305054e-01,2.409030683338642120e-02,-5.742844939231872559e-01,-8.305281996726989746e-01,3.796895593404769897e-02,-5.556117892265319824e-01,-1.082193255424499512e+00,-4.066427052021026611e-01,8.794156908988952637e-01,1.886423826217651367e+00,-5.012085437774658203e-01,2.529207468032836914e-01,9.493323564529418945e-01,1.009529113769531250e+00,1.994848966598510742e+00,3.535824641585350037e-02,4.182698130607604980e-01,-8.345376849174499512e-01,4.582757055759429932e-01,-6.631164997816085815e-02,5.195342376828193665e-02,5.024935007095336914e-01,-7.570855617523193359e-01,-1.331780195236206055e+00,8.875324726104736328e-01,8.957014083862304688e-01,-7.596614956855773926e-01,-1.310495436191558838e-01,4.245358984917402267e-03,2.451253980398178101e-01,-2.573979794979095459e-01,-8.725497126579284668e-01,2.899775505065917969e-01,-5.599734373390674591e-03,-7.750931978225708008e-01,-6.474618911743164062e-01,-8.645265102386474609e-01,-1.334700703620910645e+00,-3.738318085670471191e-01,-1.772844552993774414e+00,-9.230324029922485352e-01,-6.700172424316406250e-01,-1.496893525123596191e+00,-1.323857665061950684e+00
-1.426902532577514648e+00,-8.042177557945251465e-01,-1.536907672882080078e+00,-1.450085759162902832e+00,-7.349180579185485840e-01,-1.957798719406127930e+00,-1.287896513938903809e+00,-1.031041622161865234e+00,-1.580061316490173340e+00,-1.461758375167846680e+00,-2.005005598068237305e+00,-5.942046046257019043e-01,-1.496808767318725586e+00,-1.474652171134948730e+00,8.820950239896774292e-02,-4.906186759471893311e-01,-6.413117051124572754e-01,2.906332537531852722e-02,-7.126801013946533203e-01,3.112206980586051941e-02,6.474792957305908203e-01,-7.800895571708679199e-01,-6.330944895744323730e-01,-3.684977293014526367e-01,-1.770781874656677246e+00,-1.406534910202026367e+00,-1.145414471626281738e+00,-1.718304038047790527e+00,-1.536506056785583496e+00,-1.793654114007949829e-01,-5.278297662734985352e-01,-2.157399415969848633e+00,-9.258494377136230469e-01,4.289682507514953613e-01,-1.338320374488830566e+00,-1.181594491004943848e+00,-1.396894216537475586e+00,-1.288522720336914062e+00,-1.780634045600891113e+00,-1.046535491943359375e+00,-5.095660686492919922e-02,-2.438917875289916992e+00,-1.151208162307739258e+00,-2.046808719635009766e+00,8.432608246803283691e-01,-6.759428381919860840e-01,-1.459203958511352539e-01,-4.207643866539001465e-01,-2.295643568038940430e+00,-1.914349198341369629e+00,-2.093760251998901367e+00,-1.191121459007263184e+00,-9.177261590957641602e-01,-4.587956890463829041e-02,-1.803603768348693848e+00,-1.830961704254150391e+00,-1.018447399139404297e+00,-1.152622103691101074e+00,-1.426502466201782227e+00,-1.972646832466125488e+00,-8.788592219352722168e-01,-9.604973196983337402e-01,-1.445777297019958496e+00,-8.201213479042053223e-01,5.313859321177005768e-03,1.015345692634582520e+00,-6.908363103866577148e-01,-1.055506467819213867e+00,-1.843082346022129059e-02,5.494642630219459534e-02,7.575541734695434570e-01,-4.510419070720672607e-01,-1.764384955167770386e-01,-7.542396187782287598e-01,-3.896588087081909180e-01,-1.687436223030090332e+00,-1.404274940490722656e+00,-1.736951321363449097e-01,-9.454408884048461914e-01,-2.393275976181030273e+00,1.899299770593643188e-01,8.769413828849792480e-01,-1.547328233718872070e+00,-9.053587317466735840e-01,-6.201563477516174316e-01,1.220403537154197693e-01,-1.372794747352600098e+00,-1.054795622825622559e+00,-1.292556285858154297e+00,-2.043263018131256104e-01,-1.248254895210266113e+00,-1.188623547554016113e+00,-1.133967995643615723e+00,-2.157135248184204102e+00,-7.404171228408813477e-01,-1.585964918136596680e+00,-9.589281082153320312e-01,-4.918663799762725830e-01,-2.231763839721679688e+00,-1.978435397148132324e+00
-1.631555080413818359e+00,-1.275527834892272949e+00,-1.481081008911132812e+00,-1.759097218513488770e+00,-1.078630924224853516e+00,-1.200956702232360840e+00,-1.424336552619934082e+00,-9.521123170852661133e-01,-1.374358057975769043e+00,-1.676950693130493164e+00,-1.938628554344177246e+00,-1.167007327079772949e+00,-1.725453019142150879e+00,-2.177681207656860352e+00,-1.072094440460205078e+00,-1.046001911163330078e+00,-6.682544350624084473e-01,-9.818349033594131470e-02,-1.542757630348205566e+00,-6.864264607429504395e-01,1.192375779151916504e+00,-7.918866872787475586e-01,-1.383810758590698242e+00,-8.033584356307983398e-01,-1.653326749801635742e+00,-1.863186001777648926e+00,-1.963840842247009277e+00,-2.891782760620117188e+00,-1.438236236572265625e+00,-1.294736504554748535e+00,-5.404240489006042480e-01,-2.086876869201660156e+00,-1.605716466903686523e+00,3.084103167057037354e-01,-1.677953839302062988e+00,-1.384122371673583984e+00,-1.564045190811157227e+00,-1.476660966873168945e+00,-1.799572348594665527e+00,-1.685543417930603027e+00,8.325493335723876953e-02,-1.905329108238220215e+00,-1.427006840705871582e+00,-2.332547187805175781e+00,-4.166047573089599609e-01,-1.170337677001953125e+00,-1.025681376457214355e+00,-2.119273662567138672e+00,-2.244967460632324219e+00,-2.231478214263916016e+00,-1.598119497299194336e+00,-1.313167452812194824e+00,-1.098406553268432617e+00,-8.550367951393127441e-01,-1.514634609222412109e+00,-1.511063694953918457e+00,-1.372895359992980957e+00,-1.112454771995544434e+00,-1.643704771995544434e+00,-2.074612379074096680e+00,-7.287166118621826172e-01,-8.775410652160644531e-01,-1.201350092887878418e+00,-1.117118716239929199e+00,-5.258622765541076660e-01,-1.449890583753585815e-01,-1.723894238471984863e+00,-1.537789225578308105e+00,-4.689374566078186035e-01,2.940432429313659668e-01,1.209962964057922363e+00,-7.485789060592651367e-01,-9.193270802497863770e-01,-1.796327590942382812e+00,-8.500307202339172363e-01,-1.346737742424011230e+00,-1.683023810386657715e+00,-7.541195154190063477e-01,-1.092452764511108398e+00,-2.738605499267578125e+00,4.422893375158309937e-02,1.343592047691345215e+00,-2.099912405014038086e+00,-1.375899314880371094e+00,-5.382304787635803223e-01,6.071683764457702637e-01,-1.370922923088073730e+00,-1.759012818336486816e+00,-1.440438270568847656e+00,-4.954164922237396240e-01,-1.867139220237731934e+00,-1.165032863616943359e+00,-1.515687346458435059e+00,-1.646217226982116699e+00,-8.297146558761596680e-01,-2.154177427291870117e+00,-1.269953489303588867e+00,-1.085471749305725098e+00,-2.031175374984741211e+00,-2.058228015899658203e+00
-5.808447003364562988e-01,-1.159220576286315918e+00,-1.035215020179748535e+00,-9.987815618515014648e-01,-8.241659402847290039e-01,-1.131214261054992676e+00,-8.024659156799316406e-01,-1.027108311653137207e+00,-1.281145215034484863e+00,-1.322948694229125977e+00,-2.080193042755126953e+00,-1.358971476554870605e+00,-2.005887269973754883e+00,-1.802039742469787598e+00,-7.118310332298278809e-01,-5.492496490478515625e-01,-1.379942297935485840e+00,-9.483067989349365234e-01,-2.158176422119140625e+00,-1.323853015899658203e+00,4.852064698934555054e-02,-1.192548871040344238e+00,-1.387621045112609863e+00,-9.581714272499084473e-01,-1.820298075675964355e+00,-1.611365795135498047e+00,-2.308571338653564453e+00,-3.304535627365112305e+00,-2.188629388809204102e+00,-8.184532523155212402e-01,1.970033943653106689e-01,-2.022097349166870117e+00,-1.015620470046997070e+00,-6.037970185279846191e-01,-2.092424154281616211e+00,-1.374102592468261719e+00,-1.996155023574829102e+00,-6.343433856964111328e-01,-1.747787356376647949e+00,-1.336678981781005859e+00,2.318510711193084717e-01,-2.135533809661865234e+00,-9.820075631141662598e-01,-1.931287765502929688e+00,3.842742145061492920e-01,-9.237006902694702148e-01,-8.398474454879760742e-01,-1.654067754745483398e+00,-1.606454014778137207e+00,-1.088501930236816406e+00,-1.320818066596984863e+00,-1.410417079925537109e+00,-1.129228949546813965e+00,-9.137125611305236816e-01,-1.304261445999145508e+00,-8.275241255760192871e-01,-9.873766303062438965e-01,-1.311947345733642578e+00,-1.880220413208007812e+00,-2.270212888717651367e+00,-1.171799540519714355e+00,-1.010271072387695312e+00,-1.460094332695007324e+00,-1.058602094650268555e+00,-1.069344162940979004e+00,-3.339675068855285645e-01,-1.196566343307495117e+00,-1.756078839302062988e+00,-1.568256855010986328e+00,-7.564934492111206055e-01,2.435591518878936768e-01,-9.832099080085754395e-01,-9.397023320198059082e-01,-1.365034222602844238e+00,-9.278074502944946289e-01,-1.488849282264709473e+00,-2.092324018478393555e+00,-9.349409341812133789e-01,-7.201235890388488770e-01,-1.824598908424377441e+00,-4.167385399341583252e-01,7.447905540466308594e-01,-1.624034881591796875e+00,-1.210281848907470703e+00,-1.205586552619934082e+00,-2.081709355115890503e-01,-2.301740646362304688e+00,-2.313748359680175781e+00,-1.821017146110534668e+00,-9.763696789741516113e-01,-1.084626555442810059e+00,-1.322873115539550781e+00,-1.277950644493103027e+00,-2.102777481079101562e+00,-1.082615137100219727e+00,-2.124668598175048828e+00,-1.179896473884582520e+00,-1.385709404945373535e+00,-1.424901485443115234e+00,-1.289982438087463379e+00
2.943421602249145508e-01,-7.304067015647888184e-01,-4.102629423141479492e-01,-1.590485721826553345e-01,-2.139281332492828369e-01,-1.343530118465423584e-01,-1.349381208419799805e-01,-2.101722806692123413e-01,-4.534347057342529297e-01,-1.216284930706024170e-01,-3.659289181232452393e-01,-1.094085052609443665e-01,-8.229715824127197266e-01,-1.250907063484191895e+00,4.372901096940040588e-02,1.037785038352012634e-02,-4.492651522159576416e-01,-6.293052434921264648e-01,-1.149744629859924316e+00,-4.728840589523315430e-01,-5.294378399848937988e-01,5.204896628856658936e-02,-6.673077344894409180e-01,6.518228352069854736e-02,-4.763136059045791626e-02,-8.238189667463302612e-02,-1.748826056718826294e-01,-1.325788855552673340e+00,-2.285402268171310425e-01,1.195437535643577576e-01,2.510109543800354004e-01,-3.838405013084411621e-01,-1.159218773245811462e-01,-5.279941558837890625e-01,-4.457442462444305420e-01,-8.487704396247863770e-01,-7.848765254020690918e-01,2.298203706741333008e-01,-7.206817865371704102e-01,-3.405089378356933594e-01,-2.230803370475769043e-01,-3.258600831031799316e-01,-4.808429777622222900e-01,-1.022126436233520508e+00,-5.600238442420959473e-01,-6.574881076812744141e-01,-5.975193977355957031e-01,-5.219566822052001953e-01,-6.782416701316833496e-01,-2.647808492183685303e-01,1.935937106609344482e-01,-5.458147525787353516e-01,-4.061710461974143982e-02,-3.979072868824005127e-01,-4.129003584384918213e-01,-1.275416165590286255e-01,2.511738985776901245e-02,-7.313272953033447266e-01,-6.552591919898986816e-01,-4.360507726669311523e-01,-7.340025901794433594e-01,-8.203433156013488770e-01,-7.831850647926330566e-01,-1.115350604057312012e+00,-1.011199474334716797e+00,1.780338883399963379e-01,-2.503624260425567627e-01,-9.107216596603393555e-01,-8.370594978332519531e-01,-6.772992014884948730e-01,-3.173081278800964355e-01,-1.673183888196945190e-01,-5.180773735046386719e-01,-6.836864948272705078e-01,-2.262119501829147339e-01,4.044980183243751526e-02,-6.223245263099670410e-01,5.626967642456293106e-03,-4.832425117492675781e-01,-1.841429471969604492e-01,-1.685807704925537109e-01,-3.515979051589965820e-01,-9.164985418319702148e-01,-4.361068904399871826e-01,-4.729878604412078857e-01,-7.499138116836547852e-01,-1.085814714431762695e+00,-1.081817746162414551e+00,-7.830473184585571289e-01,-4.801212251186370850e-01,-2.793428301811218262e-01,-3.676120340824127197e-01,-6.751392483711242676e-01,-7.494261860847473145e-01,-5.930169224739074707e-01,-1.045853257179260254e+00,-8.131415247917175293e-01,-7.874991297721862793e-01,-7.222958803176879883e-01,-2.867316603660583496e-01
-5.222942233085632324e-01,-3.656045794486999512e-01,-3.508374094963073730e-01,2.062709927558898926e-01,-2.147213965654373169e-01,-4.715569317340850830e-02,-4.254940748214721680e-01,-8.939642459154129028e-02,9.060087054967880249e-02,6.887440681457519531e-01,1.150930762290954590e+00,1.130169391632080078e+00,7.983700037002563477e-01,-8.586804270744323730e-01,-5.442150831222534180e-01,4.223733246326446533e-01,4.663925468921661377e-01,-3.759277984499931335e-02,-3.008483946323394775e-01,4.685317873954772949e-01,6.493648886680603027e-01,3.706974983215332031e-01,-1.846916377544403076e-01,1.144578099250793457e+00,9.597523212432861328e-01,1.266316294670104980e+00,-4.176366031169891357e-01,-1.146239399909973145e+00,4.537465870380401611e-01,1.807095296680927277e-02,-1.553021430969238281e+00,1.064851522445678711e+00,-2.562301158905029297e-01,1.978718908503651619e-03,3.849198296666145325e-02,4.350392520427703857e-02,2.982071787118911743e-02,3.399103879928588867e-01,-9.854020178318023682e-02,2.130090892314910889e-01,-4.329673349857330322e-01,2.629933953285217285e-01,-4.851472675800323486e-01,-1.337979435920715332e+00,-8.515001535415649414e-01,-1.056072831153869629e+00,-9.702885746955871582e-01,-7.446364760398864746e-01,-3.846496343612670898e-01,-6.642056703567504883e-01,2.693847417831420898e-01,-5.678593879565596581e-04,1.767165511846542358e-01,2.281315624713897705e-01,-2.472670227289199829e-01,-6.993560791015625000e-01,-2.698704786598682404e-02,-9.646202623844146729e-02,-1.399850249290466309e-01,3.635321259498596191e-01,4.147186577320098877e-01,2.972201704978942871e-01,-6.345269083976745605e-02,-4.779864847660064697e-01,-5.324206948280334473e-01,1.696407198905944824e-01,-8.925563097000122070e-01,1.138962581753730774e-01,-4.236020445823669434e-01,3.123172223567962646e-01,7.413508892059326172e-01,1.196902990341186523e-01,-1.030812487006187439e-01,-4.682590663433074951e-01,1.512191891670227051e-01,1.161830902099609375e+00,3.123554587364196777e-01,3.304741084575653076e-01,-1.114195823669433594e+00,7.965033650398254395e-01,4.498931765556335449e-02,-2.030520737171173096e-01,-8.307517170906066895e-01,8.692335337400436401e-02,-3.303032517433166504e-01,-7.192023098468780518e-02,1.530750095844268799e-01,-5.267195105552673340e-01,3.017274141311645508e-01,-4.772573709487915039e-01,-5.218749642372131348e-01,8.464879542589187622e-02,-2.146417498588562012e-01,5.028997734189033508e-02,-2.003061026334762573e-01,-1.566489934921264648e+00,-1.315956830978393555e+00,-5.253925323486328125e-01,-4.919729530811309814e-01,-5.939581394195556641e-01
-1.229943513870239258e+00,-3.623322248458862305e-01,-6.794835925102233887e-01,-1.405644975602626801e-02,-1.929583847522735596e-01,-6.841647624969482422e-01,-1.485936641693115234e-01,-2.597106993198394775e-01,-1.350182890892028809e-01,2.250975370407104492e-01,5.133612155914306641e-01,9.621316790580749512e-01,1.607755899429321289e+00,-6.296155452728271484e-01,-1.000488996505737305e+00,2.090839147567749023e-01,1.065061450004577637e+00,3.016899526119232178e-01,2.395307719707489014e-01,6.373596191406250000e-01,7.507242560386657715e-01,8.124294877052307129e-02,-1.694702357053756714e-01,1.179469585418701172e+00,6.073216199874877930e-01,8.680882453918457031e-01,-7.806662321090698242e-01,-1.067149400711059570e+00,2.941743731498718262e-01,7.483930140733718872e-02,-1.321927547454833984e+00,3.467503488063812256e-01,-4.334453642368316650e-01,4.492231309413909912e-01,-3.839592933654785156e-01,-7.166098058223724365e-02,-2.244526892900466919e-01,-2.288153469562530518e-01,-5.361321568489074707e-01,2.901240717619657516e-03,-4.515660703182220459e-01,-6.485850811004638672e-01,-9.067395329475402832e-01,-1.565870165824890137e+00,-1.579376220703125000e+00,-1.357411026954650879e+00,-1.507158517837524414e+00,-9.647645950317382812e-01,-7.617873549461364746e-01,-1.415169239044189453e+00,-8.244488835334777832e-01,-5.441548824310302734e-01,2.162470519542694092e-01,2.592022418975830078e-01,-5.796632766723632812e-01,-1.052836060523986816e+00,-3.291829526424407959e-01,-1.746295243501663208e-01,-5.509155988693237305e-01,2.077668905258178711e-03,4.264971613883972168e-01,6.603543758392333984e-01,4.158049225807189941e-01,-4.190532490611076355e-02,-4.410363137722015381e-01,-8.161441087722778320e-01,-6.649273037910461426e-01,7.473795413970947266e-01,1.209341660141944885e-01,5.002012252807617188e-01,6.974435448646545410e-01,1.927552074193954468e-01,1.814875006675720215e-01,-4.988580942153930664e-01,1.032801643013954163e-01,6.235141158103942871e-01,2.418800741434097290e-01,3.228538632392883301e-01,-9.437412619590759277e-01,5.098099708557128906e-01,2.625075578689575195e-01,-3.087247908115386963e-01,-1.314515352249145508e+00,-2.186306864023208618e-01,-4.764938652515411377e-01,-5.760918930172920227e-02,-2.634648382663726807e-01,-8.781182169914245605e-01,1.306288093328475952e-01,-3.323042392730712891e-01,-8.870458006858825684e-01,-3.082440197467803955e-01,-3.160942196846008301e-01,-6.357872486114501953e-01,-5.991624593734741211e-01,-1.769835948944091797e+00,-1.814216375350952148e+00,-5.258417725563049316e-01,-1.222733139991760254e+00,-1.261638879776000977e+00
-1.176436662673950195e+00,-6.382186412811279297e-01,-6.375544667243957520e-01,-7.760180830955505371e-01,-4.909494221210479736e-01,-4.328367412090301514e-01,-3.514167666435241699e-01,-3.521664142608642578e-01,-4.229969680309295654e-01,-1.824962347745895386e-01,4.325879812240600586e-01,7.047937512397766113e-01,1.506282806396484375e+00,-7.007132768630981445e-01,-1.236328721046447754e+00,-7.419774681329727173e-02,1.005005717277526855e+00,-3.585319221019744873e-01,-1.904923617839813232e-01,-4.348920881748199463e-01,3.380612432956695557e-01,3.759354120120406151e-03,-7.481028791517019272e-03,6.799558401107788086e-01,4.172973632812500000e-01,1.207860589027404785e+00,-1.273242115974426270e+00,-1.713278174400329590e+00,-5.492721796035766602e-01,-2.252480536699295044e-01,-1.523645162582397461e+00,-5.134910345077514648e-02,-5.409225225448608398e-01,-2.393170446157455444e-01,-3.745517134666442871e-01,-7.015166282653808594e-01,-8.653671145439147949e-01,-2.767392098903656006e-01,-7.096162438392639160e-01,-4.589762687683105469e-01,-4.788759350776672363e-01,-3.343931436538696289e-01,-3.025575876235961914e-01,-1.671753168106079102e+00,-1.043181419372558594e+00,-8.064680099487304688e-01,-1.268154859542846680e+00,-1.201124072074890137e+00,-7.085245251655578613e-01,-1.649553418159484863e+00,-5.351753830909729004e-01,-9.883082509040832520e-01,-4.547003805637359619e-01,-7.191442847251892090e-01,-3.603299856185913086e-01,-5.962439775466918945e-01,-7.255259752273559570e-01,-4.604709446430206299e-01,-6.822097301483154297e-01,-2.211918383836746216e-01,4.006323218345642090e-01,8.297360539436340332e-01,7.465607672929763794e-02,-3.219986557960510254e-01,-5.931665301322937012e-01,-1.389730691909790039e+00,-9.323450922966003418e-01,5.455430746078491211e-01,-3.645245358347892761e-02,3.727603554725646973e-01,6.080428957939147949e-01,4.033478498458862305e-01,3.491960838437080383e-02,-7.624253630638122559e-01,4.872509464621543884e-02,8.255512714385986328e-01,-8.238766193389892578e-01,-2.996933460235595703e-01,-1.022288918495178223e+00,2.005819529294967651e-01,1.324723362922668457e-01,-2.767657041549682617e-01,-1.339866280555725098e+00,1.032206416130065918e-01,-2.638443112373352051e-01,2.462456077337265015e-01,-8.675252795219421387e-01,-1.219168663024902344e+00,-6.441546678543090820e-01,-6.059712767601013184e-01,-8.416600823402404785e-01,-5.107748880982398987e-02,-3.441531658172607422e-01,-2.866059839725494385e-01,-3.495825231075286865e-01,-1.544791817665100098e+00,-8.101113438606262207e-01,-3.960613906383514404e-01,-8.063614368438720703e-01,-1.473897337913513184e+00
-1.287872552871704102e+00,-4.351713657379150391e-01,-1.031105592846870422e-01,-8.431401252746582031e-01,-5.484782457351684570e-01,-6.159434318542480469e-01,-2.968407571315765381e-01,-3.517730832099914551e-01,-7.429122924804687500e-02,-7.627575192600488663e-03,9.301081895828247070e-01,7.090766429901123047e-01,1.383857369422912598e+00,-6.306951642036437988e-01,-1.206555724143981934e+00,-3.313536345958709717e-01,4.782280325889587402e-01,5.612170100212097168e-01,-9.522265940904617310e-02,1.899062246084213257e-01,1.022157788276672363e+00,-2.014950849115848541e-02,3.818317130208015442e-02,6.638333201408386230e-01,8.828906416893005371e-01,4.988518655300140381e-01,-2.775126695632934570e-01,-6.600553989410400391e-01,2.538050711154937744e-01,-3.011991679668426514e-01,-1.797421813011169434e+00,5.304177999496459961e-01,-2.267661541700363159e-01,4.534683823585510254e-01,-3.760490119457244873e-01,-5.059265494346618652e-01,-5.047465562820434570e-01,1.437451783567667007e-02,-8.912574052810668945e-01,1.570538245141506195e-02,2.107953578233718872e-01,1.079246476292610168e-01,1.945121884346008301e-01,-1.353888511657714844e+00,-1.469837546348571777e+00,-9.629939496517181396e-02,-1.721208244562149048e-01,-1.868383735418319702e-01,-7.274937629699707031e-01,-9.336134195327758789e-01,-4.034821391105651855e-01,-2.068172991275787354e-01,-1.192343086004257202e-01,-7.365657091140747070e-01,-1.363105513155460358e-02,2.762589752674102783e-01,-5.870482325553894043e-01,-2.471188455820083618e-02,-3.537110686302185059e-01,1.182073801755905151e-01,6.227099895477294922e-01,8.345321416854858398e-01,4.167148470878601074e-01,-3.897724673151969910e-02,2.628961810842156410e-03,-1.288643002510070801e+00,-3.903172612190246582e-01,5.291588306427001953e-01,3.481226265430450439e-01,4.596499800682067871e-01,8.595037460327148438e-01,5.764713287353515625e-01,8.565402030944824219e-02,-4.218083322048187256e-01,4.991510882973670959e-02,1.302338361740112305e+00,-2.107912153005599976e-01,1.419265866279602051e-01,-9.413791894912719727e-01,5.566766858100891113e-01,4.626832008361816406e-01,5.415946841239929199e-01,-7.021507024765014648e-01,3.928129971027374268e-01,3.849443793296813965e-02,7.280884981155395508e-01,-2.700330615043640137e-01,-3.310019671916961670e-01,7.301197946071624756e-02,-1.650001704692840576e-01,-4.232756793498992920e-01,4.489161670207977295e-01,-1.415566951036453247e-01,3.091368377208709717e-01,6.956179160624742508e-03,-1.322222828865051270e+00,-2.727352976799011230e-01,1.765223033726215363e-02,-4.123001396656036377e-01,-8.448238372802734375e-01
-4.379771947860717773e-01,2.250800281763076782e-01,4.881188869476318359e-01,-1.935642212629318237e-01,-1.803811453282833099e-02,2.562909722328186035e-01,5.010733008384704590e-01,7.322596311569213867e-01,6.290564537048339844e-01,3.270991742610931396e-01,1.150877833366394043e+00,1.184842228889465332e+00,1.722060799598693848e+00,3.595255017280578613e-01,-4.793730378150939941e-01,-6.180126219987869263e-02,8.778676390647888184e-01,5.903645753860473633e-01,4.334575533866882324e-01,3.190414011478424072e-01,7.719259262084960938e-01,1.192139983177185059e-01,7.851489186286926270e-01,8.297203779220581055e-01,2.693808376789093018e-01,1.299558997154235840e+00,5.872666835784912109e-01,1.525019705295562744e-01,2.360697835683822632e-01,6.621369719505310059e-01,-2.348497152328491211e+00,2.694950401782989502e-01,-4.203314185142517090e-01,1.213494241237640381e-01,-2.309236526489257812e-01,2.081719934940338135e-01,-4.299935996532440186e-01,-8.663060516119003296e-02,4.116338491439819336e-01,2.246914207935333252e-01,-6.779819726943969727e-02,-1.312256306409835815e-01,-3.312401771545410156e-01,-9.656438827514648438e-01,-1.464572548866271973e+00,-2.126322239637374878e-01,-9.615828096866607666e-02,6.279451847076416016e-01,3.370697796344757080e-01,-4.329510629177093506e-01,5.432377383112907410e-02,7.515400052070617676e-01,2.598484754562377930e-01,-2.409410476684570312e-01,8.404086828231811523e-01,7.872780561447143555e-01,6.366925835609436035e-01,1.094681024551391602e+00,6.504133343696594238e-01,1.009866952896118164e+00,7.735228538513183594e-01,9.044097065925598145e-01,8.338988423347473145e-01,5.792867541313171387e-01,6.051226854324340820e-01,-5.615334510803222656e-01,5.392098054289817810e-02,8.936475515365600586e-01,2.916878163814544678e-01,8.541690707206726074e-01,9.413611888885498047e-01,4.132692813873291016e-01,7.492080330848693848e-01,3.466101288795471191e-01,5.304954051971435547e-01,1.067690134048461914e+00,1.208305731415748596e-01,5.822411775588989258e-01,-1.246569156646728516e+00,8.645590543746948242e-01,3.185321688652038574e-01,-4.092361405491828918e-02,-1.113400816917419434e+00,5.624846816062927246e-01,3.128209710121154785e-01,4.877460300922393799e-01,5.964894592761993408e-02,3.829324841499328613e-01,3.887189030647277832e-01,-2.091100811958312988e-02,-4.415463805198669434e-01,4.272647202014923096e-01,3.908759951591491699e-01,-2.447328418493270874e-01,-1.347162425518035889e-01,-7.106881141662597656e-01,-2.092291414737701416e-01,6.538625955581665039e-01,6.021765470504760742e-01,-2.550919651985168457e-01
8.106424659490585327e-02,4.579085409641265869e-01,2.840770483016967773e-01,-7.548346519470214844e-01,2.855402529239654541e-01,1.982413679361343384e-01,7.466652989387512207e-01,6.658077836036682129e-01,1.184756636619567871e+00,3.149470090866088867e-01,6.665907502174377441e-01,6.759940981864929199e-01,1.612227320671081543e+00,6.443232297897338867e-02,-3.885333538055419922e-01,-2.793349623680114746e-01,1.161809340119361877e-01,3.475173413753509521e-01,2.989037893712520599e-02,8.500182032585144043e-01,9.716076254844665527e-01,-5.754328370094299316e-01,-3.057446479797363281e-01,-2.629072964191436768e-01,-1.834983974695205688e-01,8.491784930229187012e-01,7.879520058631896973e-01,6.416784524917602539e-01,5.723144412040710449e-01,-3.375899791717529297e-01,-1.449975967407226562e+00,7.173709571361541748e-02,-3.251822590827941895e-01,-4.403368830680847168e-01,-7.950960397720336914e-01,1.274677634239196777e+00,3.055841326713562012e-01,-5.612277239561080933e-02,3.284891843795776367e-01,6.436305642127990723e-01,4.800523221492767334e-01,-8.957380196079611778e-04,-5.075638741254806519e-02,1.060472652316093445e-01,-6.820525228977203369e-02,8.783294558525085449e-01,-4.437451064586639404e-01,7.546304911375045776e-02,1.260461449623107910e+00,1.056637763977050781e+00,5.343011617660522461e-01,8.820312023162841797e-01,1.727986931800842285e-01,-1.915158778429031372e-01,8.192217946052551270e-01,5.693958997726440430e-01,6.817612051963806152e-01,1.608355641365051270e+00,2.970007359981536865e-01,9.891302585601806641e-01,4.671091139316558838e-01,8.217656612396240234e-01,6.868472695350646973e-01,8.335003852844238281e-01,8.609150648117065430e-01,-2.692679166793823242e-01,2.219718992710113525e-01,7.000204920768737793e-01,-4.086834937334060669e-02,3.592571020126342773e-01,6.898452043533325195e-01,8.475424349308013916e-02,1.207853630185127258e-01,2.738643884658813477e-01,9.903322905302047729e-02,3.273513317108154297e-01,-8.435589820146560669e-02,-8.803822845220565796e-02,-1.082465171813964844e+00,1.379590928554534912e-01,-8.895504474639892578e-02,3.185522258281707764e-01,-2.389293611049652100e-01,1.418965011835098267e-01,3.554891943931579590e-01,8.017204999923706055e-01,3.920050561428070068e-01,8.346272110939025879e-01,1.118254780769348145e+00,5.464860796928405762e-01,-3.769429922103881836e-01,4.977697730064392090e-01,1.742290258407592773e-01,-3.919570446014404297e-01,-2.295468300580978394e-01,3.558554053306579590e-01,1.019425272941589355e+00,7.262123823165893555e-01,1.183827996253967285e+00,1.165022730827331543e+00
-6.251778602600097656e-01,2.129713743925094604e-01,-2.204672992229461670e-01,-1.125931501388549805e+00,-2.621677219867706299e-01,-1.199205160140991211e+00,-6.808829307556152344e-01,-2.853649258613586426e-01,-2.363191097974777222e-01,-1.445631861686706543e+00,-1.299649357795715332e+00,-1.090857148170471191e+00,1.257833987474441528e-01,-3.405932188034057617e-01,-5.465232133865356445e-01,-1.218802094459533691e+00,-8.251020312309265137e-01,6.570417284965515137e-01,-9.949136972427368164e-01,9.754840731620788574e-01,7.991441488265991211e-01,-2.352852344512939453e+00,-9.553971886634826660e-01,-1.482805371284484863e+00,-1.698670268058776855e+00,-1.763181090354919434e+00,-1.075993895530700684e+00,-6.345808506011962891e-01,-7.979970574378967285e-01,-1.100154399871826172e+00,-2.254547119140625000e+00,-1.099856495857238770e+00,-8.985351920127868652e-01,-8.073172569274902344e-01,-2.451155424118041992e+00,7.722644209861755371e-01,-1.050043940544128418e+00,-1.228181481361389160e+00,-9.547858685255050659e-02,-2.100498229265213013e-01,7.465544939041137695e-01,-1.859835028648376465e+00,-2.042444705963134766e+00,-4.743593037128448486e-01,8.555001765489578247e-02,1.419800400733947754e+00,-7.550336718559265137e-01,-1.507843285799026489e-01,2.431511431932449341e-01,5.338292121887207031e-01,-1.472108662128448486e-01,3.474716842174530029e-01,-3.122497200965881348e-01,-3.509480357170104980e-01,-2.033973187208175659e-01,-9.362041950225830078e-01,-5.947237014770507812e-01,9.185395836830139160e-01,-9.913952946662902832e-01,-1.554875493049621582e+00,-9.431430697441101074e-02,7.047683000564575195e-01,-2.934491448104381561e-02,6.119686365127563477e-01,2.682380080223083496e-01,-3.036148250102996826e-01,1.765260249376296997e-01,-5.458534955978393555e-01,-3.311239778995513916e-01,1.082749485969543457e+00,1.055928587913513184e+00,-7.323642373085021973e-01,-9.708758443593978882e-02,-2.377757579088211060e-01,-7.590109705924987793e-01,-1.411248683929443359e+00,-9.770877957344055176e-01,-5.989280939102172852e-01,-1.353882193565368652e+00,-1.106715559959411621e+00,9.197707474231719971e-02,2.223857164382934570e+00,-1.459273338317871094e+00,-1.793641597032546997e-01,-2.140805870294570923e-01,1.347742795944213867e+00,-3.405622243881225586e-01,2.700167000293731689e-01,3.727043867111206055e-01,6.759839057922363281e-01,-5.742370486259460449e-01,2.405321002006530762e-01,-1.185879185795783997e-01,-1.415762543678283691e+00,-5.891724824905395508e-01,-4.127685353159904480e-02,1.786966085433959961e+00,7.410567402839660645e-01,-2.003444731235504150e-01,4.614924192428588867e-01
-1.844595372676849365e-01,-6.602335572242736816e-01,-1.704985380172729492e+00,-1.187473773956298828e+00,-1.130239009857177734e+00,-1.503358602523803711e+00,-1.389839529991149902e+00,-7.179684638977050781e-01,-5.969862341880798340e-01,-1.375225901603698730e+00,-1.500754356384277344e+00,-9.332817792892456055e-01,-4.682528078556060791e-01,-5.485822558403015137e-01,3.708377778530120850e-01,-1.399133443832397461e+00,-2.774859964847564697e-01,1.334385722875595093e-01,-7.608246207237243652e-01,6.385916471481323242e-01,3.983414173126220703e-01,-1.775752186775207520e+00,-5.617952942848205566e-01,-8.257915377616882324e-01,-2.626664638519287109e+00,-1.014724135398864746e+00,-1.241678595542907715e+00,-5.938752889633178711e-01,-1.902120560407638550e-01,-3.843189030885696411e-02,-3.325626134872436523e+00,-1.350437879562377930e+00,-1.273815393447875977e+00,-5.033680796623229980e-01,-2.078778982162475586e+00,2.277550995349884033e-01,-1.000238418579101562e+00,-1.977468132972717285e+00,-1.375429630279541016e+00,-1.632760167121887207e+00,3.019871413707733154e-01,-1.976728916168212891e+00,-1.789595961570739746e+00,-8.440467119216918945e-01,-9.374034404754638672e-01,9.329675436019897461e-01,-6.017788052558898926e-01,-2.231286913156509399e-01,-2.467829883098602295e-01,1.152484774589538574e+00,-7.941179275512695312e-01,-7.929209470748901367e-01,-9.054523110389709473e-01,-5.109400749206542969e-01,-1.048766970634460449e+00,-1.796283602714538574e+00,-8.903511762619018555e-01,2.348720878362655640e-01,-8.134687542915344238e-01,-1.058332562446594238e+00,-3.325659036636352539e-01,2.672032713890075684e-01,1.337724328041076660e-01,6.422067284584045410e-01,3.451771140098571777e-01,1.302966028451919556e-01,5.195888280868530273e-01,-4.017240405082702637e-01,-2.326955497264862061e-01,5.678212046623229980e-01,1.150721192359924316e+00,-3.325522243976593018e-01,3.006767332553863525e-01,-6.433263421058654785e-01,-5.158658623695373535e-01,-1.479754567146301270e+00,-5.043181777000427246e-01,2.333692274987697601e-02,-1.807993769645690918e+00,-9.040046334266662598e-01,3.771108984947204590e-01,2.112351894378662109e+00,-1.785988330841064453e+00,-9.693799912929534912e-02,1.830513030290603638e-02,1.469682455062866211e+00,-7.077149152755737305e-01,1.441498249769210815e-01,3.384280502796173096e-01,6.866234540939331055e-01,-2.215941995382308960e-01,-3.258747458457946777e-01,-7.843320965766906738e-01,-2.087971925735473633e+00,-7.358858585357666016e-01,-2.288975715637207031e-01,2.019249916076660156e+00,7.108251452445983887e-01,-4.212011992931365967e-01,1.144903302192687988e+00
-1.735571622848510742e+00,-9.361110925674438477e-01,-1.929985523223876953e+00,-3.983703255653381348e-01,-1.054396152496337891e+00,-2.211600542068481445e+00,-9.000880718231201172e-01,-9.834043383598327637e-01,-1.314239382743835449e+00,-8.046098351478576660e-01,-9.823712110519409180e-01,-6.924600005149841309e-01,-1.371042609214782715e+00,-5.171797275543212891e-01,7.381149530410766602e-01,-8.141435980796813965e-01,-1.557737946510314941e+00,4.805978834629058838e-01,-1.413598537445068359e+00,5.206920504570007324e-01,7.225992679595947266e-01,-2.016744136810302734e+00,-1.149285510182380676e-01,-9.328476190567016602e-01,-1.234351634979248047e+00,-5.542617440223693848e-01,-9.450196027755737305e-01,-9.967107176780700684e-01,-1.325179457664489746e+00,5.190296769142150879e-01,-1.666130065917968750e+00,-1.629803895950317383e+00,-6.008135676383972168e-01,-7.071221619844436646e-02,-2.248793601989746094e+00,-7.547740936279296875e-01,-1.431439161300659180e+00,-1.491538047790527344e+00,-3.454592823982238770e-01,-3.272406160831451416e-01,3.072882890701293945e-01,-1.707689166069030762e+00,-1.067236423492431641e+00,-8.520423173904418945e-01,-1.034315347671508789e+00,9.372141361236572266e-01,-5.009455680847167969e-01,-2.536068856716156006e-01,-2.097668409347534180e+00,-7.529401183128356934e-01,-1.151581406593322754e+00,-1.071477770805358887e+00,-5.414746999740600586e-01,1.627111881971359253e-01,-1.293896913528442383e+00,-1.953248500823974609e+00,-9.960114955902099609e-01,-3.843529522418975830e-01,3.990793600678443909e-02,-1.388841718435287476e-01,-1.452109068632125854e-01,-2.545755505561828613e-01,-5.682733654975891113e-02,2.950378060340881348e-01,1.484804153442382812e-01,8.353938460350036621e-01,3.466168642044067383e-01,-1.107401371002197266e+00,1.812904328107833862e-01,9.608260989189147949e-01,1.217051029205322266e+00,-1.267355531454086304e-01,5.357488989830017090e-01,-5.645062923431396484e-01,-4.244094192981719971e-01,-2.127813845872879028e-01,-1.482150316238403320e+00,7.915326356887817383e-01,-9.568310379981994629e-01,-1.082795143127441406e+00,6.411586999893188477e-01,2.232837677001953125e+00,-1.322709202766418457e+00,-1.742762923240661621e-01,3.408451080322265625e-01,1.826325774192810059e+00,-1.382254362106323242e+00,4.058059155941009521e-01,-3.997432589530944824e-01,7.795310020446777344e-01,-3.374650478363037109e-01,4.269088804721832275e-01,-1.687182039022445679e-01,-1.326154947280883789e+00,-3.077498674392700195e-01,-9.819000214338302612e-02,2.519352912902832031e+00,8.568725585937500000e-01,-1.857058882713317871e+00,-7.421702742576599121e-01
-1.523408412933349609e+00,-3.814849257469177246e-01,-1.454693198204040527e+00,3.361861705780029297e-01,-8.445263504981994629e-01,-1.905818343162536621e+00,-2.905559539794921875e-01,-4.242123663425445557e-01,-6.832091808319091797e-01,-1.157465457916259766e+00,-1.344229698181152344e+00,-3.108929693698883057e-01,-6.123846173286437988e-01,2.506570704281330109e-02,1.318078994750976562e+00,-5.910586714744567871e-01,-1.461758613586425781e-01,8.267462849617004395e-01,-7.756600379943847656e-01,1.044008880853652954e-01,2.017126083374023438e+00,-1.359234571456909180e+00,-2.658657729625701904e-01,6.049005389213562012e-01,-1.469545125961303711e+00,-1.681059718132019043e+00,-9.893634915351867676e-01,-1.395728707313537598e+00,-1.601074337959289551e+00,4.604857414960861206e-02,-1.602105855941772461e+00,-1.204506397247314453e+00,-1.315553486347198486e-01,4.516875371336936951e-02,-2.288542747497558594e+00,-6.382520198822021484e-01,-2.511437892913818359e+00,-1.335111021995544434e+00,-8.260012865066528320e-01,-3.566204905509948730e-01,6.665457487106323242e-01,-2.133565425872802734e+00,-1.297078013420104980e+00,-1.496834754943847656e+00,-1.493222117424011230e+00,1.181009531021118164e+00,-1.407260298728942871e-01,-1.179907560348510742e+00,-2.915971517562866211e+00,-1.865160465240478516e+00,-8.117725253105163574e-01,-1.667176783084869385e-01,5.000158548355102539e-01,5.937685370445251465e-01,-7.108602523803710938e-01,-1.803191423416137695e+00,2.698704786598682404e-02,4.616300761699676514e-01,-4.338780939579010010e-01,-1.114509582519531250e+00,7.191597484052181244e-03,1.469015330076217651e-01,1.333032548427581787e-01,4.263509213924407959e-01,8.647047281265258789e-01,1.277504920959472656e+00,3.087838590145111084e-01,-7.451719641685485840e-01,3.981637656688690186e-01,1.828270196914672852e+00,2.592246055603027344e+00,9.037462063133716583e-03,6.394327878952026367e-01,-2.132348269224166870e-01,-1.497016549110412598e-01,-5.659794211387634277e-01,-1.096035480499267578e+00,1.706964373588562012e-01,-9.433940649032592773e-01,-1.042295098304748535e+00,8.856900334358215332e-01,2.081926822662353516e+00,-1.851481318473815918e+00,7.682815939188003540e-02,3.826308846473693848e-01,2.059330224990844727e+00,-2.287083148956298828e+00,-2.591321170330047607e-01,-1.966687291860580444e-01,9.033651351928710938e-01,1.645840406417846680e-01,2.890832722187042236e-01,-1.161199659109115601e-01,-1.214649558067321777e+00,-3.854041993618011475e-01,-6.119497418403625488e-01,1.802434682846069336e+00,3.112632930278778076e-01,-2.354734659194946289e+00,-1.751801133155822754e+00
-1.716986775398254395e+00,4.519344568252563477e-01,5.622763037681579590e-01,-1.637724600732326508e-02,-7.898141629993915558e-03,3.841906189918518066e-01,7.028104066848754883e-01,5.681513249874114990e-02,8.171441555023193359e-01,3.905501961708068848e-01,8.440487384796142578e-01,8.543434143066406250e-01,-9.163754582405090332e-01,-3.945580124855041504e-01,1.769414663314819336e+00,-9.308491349220275879e-01,-2.208996713161468506e-01,-8.230396360158920288e-02,-5.097674131393432617e-01,-2.713271379470825195e-01,1.600807070732116699e+00,-1.268962860107421875e+00,-9.510481953620910645e-01,1.040025830268859863e+00,-5.328894853591918945e-01,-6.213660240173339844e-01,-6.803357005119323730e-01,-1.251647949218750000e+00,1.910738646984100342e-01,-9.035477042198181152e-02,-5.339682102203369141e-01,-1.559983491897583008e+00,-3.675058782100677490e-01,-6.789523959159851074e-01,-1.609261512756347656e+00,2.291883155703544617e-02,-7.226420044898986816e-01,-1.059852838516235352e+00,-7.216658908873796463e-03,-2.907043136656284332e-02,3.728975057601928711e-01,-1.260751247406005859e+00,-7.709066867828369141e-01,-6.189990639686584473e-01,-5.749184489250183105e-01,1.045827269554138184e+00,-1.165617823600769043e+00,-1.559609055519104004e+00,-1.155137717723846436e-01,-2.756667695939540863e-02,1.311104446649551392e-01,1.239360332489013672e+00,8.973411321640014648e-01,6.976040601730346680e-01,1.039913654327392578e+00,3.203852474689483643e-01,6.742087602615356445e-01,1.210731148719787598e+00,6.447598338127136230e-01,5.531993508338928223e-01,9.007499814033508301e-01,-7.622609287500381470e-02,2.660662531852722168e-01,4.366555213928222656e-01,7.200418710708618164e-01,1.735223412513732910e+00,5.567488670349121094e-01,-7.041768729686737061e-02,5.263270139694213867e-01,1.153128147125244141e+00,2.029930830001831055e+00,5.056360960006713867e-01,4.084649682044982910e-01,5.393157005310058594e-01,7.004491090774536133e-01,4.279688894748687744e-01,-1.310548633337020874e-01,5.577224493026733398e-01,-8.551741242408752441e-01,-1.852013945579528809e+00,1.103822469711303711e+00,1.349744200706481934e+00,-1.149138331413269043e+00,3.785025477409362793e-01,4.627203047275543213e-01,1.711711525917053223e+00,-5.516315698623657227e-01,-1.708091795444488525e-01,3.085578978061676025e-01,7.670035958290100098e-01,-2.668756544589996338e-01,1.909668296575546265e-01,-4.189909994602203369e-02,-9.932212233543395996e-01,3.784302994608879089e-02,-1.840191781520843506e-01,1.710258603096008301e+00,1.233971416950225830e-01,1.875259131193161011e-01,-5.115545988082885742e-01
-1.870544701814651489e-01,7.858942747116088867e-01,5.300729274749755859e-01,7.903872430324554443e-02,4.836605787277221680e-01,4.996598362922668457e-01,3.036569654941558838e-01,5.228521823883056641e-01,6.772730350494384766e-01,-7.408378124237060547e-01,-1.209695696830749512e+00,-8.463051319122314453e-01,-1.964993119239807129e+00,-4.972617030143737793e-01,1.164061307907104492e+00,-9.658775925636291504e-01,-1.213740468025207520e+00,2.851364910602569580e-01,-1.235087394714355469e+00,7.922468781471252441e-01,2.143717288970947266e+00,-2.070806503295898438e+00,-8.027442693710327148e-01,-9.383236169815063477e-01,-4.389885663986206055e-01,-1.281952261924743652e+00,-9.197009205818176270e-01,-1.897278070449829102e+00,-1.705195426940917969e+00,-4.543791115283966064e-01,-9.060994982719421387e-01,-1.296336650848388672e+00,-7.265362143516540527e-01,-7.788057327270507812e-01,-2.751562356948852539e+00,-2.014498114585876465e-01,-2.153738498687744141e+00,-1.083629727363586426e+00,-4.184131324291229248e-01,-1.278209209442138672e+00,2.253139615058898926e-01,-1.335592508316040039e+00,-1.387068271636962891e+00,-1.175644516944885254e+00,-8.138248920440673828e-01,1.110995054244995117e+00,-1.025598287582397461e+00,-8.948773741722106934e-01,-4.914757013320922852e-01,-1.150957465171813965e+00,6.795449852943420410e-01,1.475415110588073730e+00,8.903012275695800781e-01,8.791362643241882324e-01,1.223574161529541016e+00,-8.473774418234825134e-03,1.043146610260009766e+00,1.271242499351501465e+00,2.868876792490482330e-02,-1.280802965164184570e+00,1.615093052387237549e-01,-4.369405508041381836e-01,-1.695578694343566895e-01,3.701430559158325195e-01,8.653619289398193359e-01,1.110468387603759766e+00,7.192689180374145508e-01,-1.145119547843933105e+00,3.892467170953750610e-02,1.308011174201965332e+00,2.512374162673950195e+00,-1.573705822229385376e-01,5.936496257781982422e-01,-2.012485861778259277e-01,-3.752257823944091797e-01,3.610670566558837891e-02,-1.249049663543701172e+00,9.784573316574096680e-02,-5.863933563232421875e-01,-1.576306700706481934e+00,8.274329900741577148e-01,1.251565814018249512e+00,-1.686084985733032227e+00,2.545948028564453125e-01,2.659073472023010254e-01,1.617915749549865723e+00,-2.033278703689575195e+00,-6.611835956573486328e-01,-3.137958049774169922e-01,-2.268692404031753540e-01,-2.573884427547454834e-01,4.837150275707244873e-01,5.496803205460309982e-03,-7.357107400894165039e-01,-1.091748476028442383e-01,-1.062126874923706055e+00,7.725416421890258789e-01,2.368918061256408691e-01,-7.849629521369934082e-01,-1.902901530265808105e+00
-1.585010766983032227e+00,-3.645970225334167480e-01,-4.611084163188934326e-01,-1.390189528465270996e+00,-7.812837362289428711e-01,-4.015378952026367188e-01,-6.430356204509735107e-02,-2.638625800609588623e-01,3.207760453224182129e-01,-6.602514982223510742e-01,-4.595124125480651855e-01,1.278211921453475952e-01,-3.157948255538940430e-01,-4.311708509922027588e-01,1.318758964538574219e+00,-1.234705328941345215e+00,4.424580931663513184e-01,3.942081928253173828e-01,-7.805059105157852173e-02,6.686290502548217773e-01,9.914419054985046387e-01,-2.579011321067810059e-01,-5.253676772117614746e-01,8.835029006004333496e-01,-1.029891967773437500e+00,7.415673881769180298e-02,-1.482326686382293701e-01,-4.860688745975494385e-01,-8.776924014091491699e-02,3.527901694178581238e-02,-1.752006530761718750e+00,-2.177015066146850586e+00,-2.157140970230102539e+00,1.424677576869726181e-02,-5.717860460281372070e-01,-7.838316261768341064e-03,-1.559589266777038574e+00,-1.922998309135437012e+00,-1.650406122207641602e+00,-1.171192169189453125e+00,-2.999321818351745605e-01,-1.935536742210388184e+00,-9.003401994705200195e-01,-1.343942761421203613e+00,-9.931186437606811523e-01,-1.308724656701087952e-02,-1.598226308822631836e+00,-7.010455727577209473e-01,-6.404207944869995117e-01,-2.271817624568939209e-01,-1.945893645286560059e+00,-3.858822882175445557e-01,-5.286957621574401855e-01,-4.198740422725677490e-01,-4.157700538635253906e-01,-5.297065973281860352e-01,4.184591397643089294e-02,8.611696958541870117e-01,1.321544349193572998e-01,-5.124250799417495728e-02,2.518591284751892090e-01,7.927028089761734009e-02,2.294135391712188721e-01,5.475283861160278320e-01,8.318706750869750977e-01,1.052789449691772461e+00,-1.413217633962631226e-01,3.286848664283752441e-01,5.890191197395324707e-01,6.308156847953796387e-01,1.463947415351867676e+00,3.933208882808685303e-01,4.837929308414459229e-01,1.437211483716964722e-01,4.963343441486358643e-01,-2.408374845981597900e-01,1.843437924981117249e-02,2.651554048061370850e-01,-1.250425219535827637e+00,-2.280944347381591797e+00,1.062293767929077148e+00,1.983700543642044067e-01,-1.870504140853881836e+00,4.269782602787017822e-01,5.720621347427368164e-01,8.480646610260009766e-01,-1.002266049385070801e+00,8.231274038553237915e-02,2.882610559463500977e-01,3.272644877433776855e-01,-1.289218544960021973e+00,-3.594994246959686279e-01,-9.040137529373168945e-01,-1.561873078346252441e+00,-2.808809578418731689e-01,-8.884824514389038086e-01,-1.605559289455413818e-01,7.989365607500076294e-02,-9.754045009613037109e-01,-3.848652839660644531e-01
-5.509664118289947510e-02,-9.454199671745300293e-02,-9.779313951730728149e-02,2.084930390119552612e-01,-1.781163215637207031e-01,5.064512491226196289e-01,6.136218309402465820e-01,2.276101559400558472e-01,6.870676875114440918e-01,1.207572035491466522e-02,-1.210541501641273499e-01,1.749958395957946777e-01,5.759790539741516113e-02,2.856583297252655029e-01,1.961256980895996094e+00,-7.978780567646026611e-02,4.831247329711914062e-01,3.156740367412567139e-01,2.307487130165100098e-01,4.139610230922698975e-01,5.000749826431274414e-01,3.220775425434112549e-01,5.388934016227722168e-01,6.468150615692138672e-01,5.462571978569030762e-02,-5.180221796035766602e-01,4.258663654327392578e-01,-1.112401187419891357e-01,6.253842115402221680e-01,1.070650100708007812e+00,1.919254213571548462e-01,-7.278598546981811523e-01,-5.564250349998474121e-01,2.147989124059677124e-01,3.603414818644523621e-02,6.512398123741149902e-01,1.225317046046257019e-01,-5.297545194625854492e-01,-6.295332312583923340e-01,1.467640995979309082e-01,2.293196041136980057e-03,-3.127775788307189941e-01,-2.284703999757766724e-01,-1.576236784458160400e-01,-4.424737691879272461e-01,4.324632287025451660e-01,1.980926990509033203e-01,4.934394955635070801e-01,9.240056872367858887e-01,7.047545909881591797e-01,1.985234022140502930e-01,6.183406114578247070e-01,-3.865817934274673462e-02,2.829951047897338867e-01,1.045851469039916992e+00,1.026997089385986328e+00,7.592536807060241699e-01,1.090867519378662109e+00,4.040129780769348145e-01,-2.110631912946701050e-01,1.355965733528137207e-01,-8.908800035715103149e-02,3.206187784671783447e-01,4.676368534564971924e-01,8.345415592193603516e-01,1.634980320930480957e+00,4.090339839458465576e-01,-1.015477254986763000e-01,5.442293360829353333e-02,4.183727502822875977e-02,4.897246062755584717e-01,-6.382954865694046021e-02,3.989532589912414551e-01,5.648473501205444336e-01,1.058567091822624207e-01,6.003004908561706543e-01,3.952006995677947998e-01,7.358627319335937500e-01,-3.464055061340332031e-01,-1.075514554977416992e+00,4.791776537895202637e-01,-8.510705083608627319e-02,-5.490643382072448730e-01,7.772760000079870224e-03,2.161078602075576782e-01,-3.058560751378536224e-02,-3.447404801845550537e-01,-1.536462455987930298e-01,8.666943311691284180e-01,5.045520663261413574e-01,-7.675955295562744141e-01,5.787180662155151367e-01,1.495494991540908813e-01,4.126357380300760269e-03,1.452938765287399292e-01,3.557071788236498833e-03,5.505773425102233887e-01,-8.710055798292160034e-02,1.193294167518615723e+00,1.013253450393676758e+00
1.964473910629749298e-02,-3.503484129905700684e-01,-6.019016504287719727e-01,6.784788370132446289e-01,-1.642514616250991821e-01,3.583464026451110840e-01,6.370280683040618896e-02,-1.151817515492439270e-01,2.041450440883636475e-01,7.524091005325317383e-01,1.304777026176452637e+00,1.185382246971130371e+00,-5.322580933570861816e-01,-4.974025189876556396e-01,3.171426951885223389e-01,4.860638082027435303e-01,-5.762934684753417969e-01,-5.206336379051208496e-01,-7.359839677810668945e-01,-7.690124511718750000e-01,-4.109069705009460449e-01,2.481488287448883057e-01,-3.574136197566986084e-01,3.736072480678558350e-01,5.693864822387695312e-01,4.259166717529296875e-01,-8.675387501716613770e-01,-8.593821898102760315e-03,-7.903767824172973633e-01,6.083390116691589355e-01,6.334916949272155762e-01,-8.549056947231292725e-02,2.027496397495269775e-01,-4.539900422096252441e-01,6.188663244247436523e-01,-2.991116940975189209e-01,-2.232902646064758301e-01,-2.777045592665672302e-04,-3.847791254520416260e-01,9.438122510910034180e-01,-6.261765956878662109e-01,7.051343917846679688e-01,1.241979241371154785e+00,2.254684716463088989e-01,-6.604000926017761230e-02,-4.883326590061187744e-01,-3.710861802101135254e-01,-8.873641490936279297e-01,6.537332534790039062e-01,1.915891468524932861e-01,1.719807684421539307e-01,-1.352087706327438354e-01,-2.725814878940582275e-01,3.095204830169677734e-01,5.355798602104187012e-01,1.532413363456726074e-01,1.726236194372177124e-01,4.609917104244232178e-01,6.966419219970703125e-01,8.793733716011047363e-01,1.455077528953552246e-01,-1.884620487689971924e-01,-4.788737297058105469e-01,-4.088162183761596680e-01,-7.199299931526184082e-01,1.017738729715347290e-01,-6.097024679183959961e-01,-8.666739463806152344e-01,-9.940880537033081055e-01,-4.968409538269042969e-01,-5.389687418937683105e-01,-8.330296725034713745e-02,-3.920638263225555420e-01,-1.146650873124599457e-02,-1.832731664180755615e-01,8.629745244979858398e-01,-7.832421660423278809e-01,-6.905823945999145508e-02,1.556149683892726898e-02,2.856992483139038086e-01,-6.883707046508789062e-01,-9.948065280914306641e-01,-2.209259867668151855e-01,7.862704247236251831e-02,-6.229110360145568848e-01,-8.598583340644836426e-01,-5.310410857200622559e-01,-2.672876715660095215e-01,-2.526929378509521484e-01,-6.141148805618286133e-01,5.680686235427856445e-01,6.162033677101135254e-01,8.078337460756301880e-02,8.182730674743652344e-01,5.936859846115112305e-01,1.850566565990447998e-01,-1.212105154991149902e+00,-1.225940823554992676e+00,7.350373864173889160e-01,1.461887657642364502e-01
-3.534956872463226318e-01,-8.190637826919555664e-01,-1.041441559791564941e+00,-5.923789739608764648e-02,-5.282328128814697266e-01,-1.127803232520818710e-02,-6.975653767585754395e-01,-7.785857915878295898e-01,-6.908668875694274902e-01,-4.153130650520324707e-01,-1.437319815158843994e-01,-1.616573184728622437e-01,-1.098266243934631348e+00,-1.797627508640289307e-01,-2.625172138214111328e-01,6.265529990196228027e-02,-1.467489719390869141e+00,-9.635124206542968750e-01,-5.326007604598999023e-01,-1.009311199188232422e+00,-1.040077686309814453e+00,-1.185533553361892700e-01,-1.423789411783218384e-01,-1.245771408081054688e+00,2.039258480072021484e-01,-3.208138048648834229e-01,-7.010311484336853027e-01,4.058279097080230713e-01,-1.009006142616271973e+00,4.359264969825744629e-01,2.245296835899353027e-01,-4.484446048736572266e-01,-6.109071373939514160e-01,-7.703512310981750488e-01,4.464787542819976807e-01,-7.513115406036376953e-01,-5.472347736358642578e-01,-7.342640757560729980e-01,-6.028097271919250488e-01,-5.038487911224365234e-01,-1.280645847320556641e+00,5.573965907096862793e-01,3.239647671580314636e-02,-2.639788687229156494e-01,-5.081149339675903320e-01,-3.309383988380432129e-01,1.735336929559707642e-01,3.095071762800216675e-02,2.840159833431243896e-01,-3.453546166419982910e-01,-1.356758773326873779e-01,-1.232866406440734863e+00,-6.617802977561950684e-01,-8.588223457336425781e-01,-2.262785583734512329e-01,-3.318344056606292725e-01,-8.853818178176879883e-01,-7.130327820777893066e-01,3.500591516494750977e-01,-4.176114499568939209e-01,-2.269135713577270508e-01,-5.094373226165771484e-01,-3.916209638118743896e-01,-2.182545512914657593e-01,-6.005220413208007812e-01,-3.149992823600769043e-01,-9.189910292625427246e-01,-8.987352848052978516e-01,-8.718751668930053711e-01,-7.269771099090576172e-01,-8.337577581405639648e-01,-3.275123536586761475e-01,-3.716234564781188965e-01,-2.199263274669647217e-01,-6.618773937225341797e-01,3.166070878505706787e-01,-6.536979675292968750e-01,2.374262809753417969e-01,-2.279626727104187012e-01,-6.786185503005981445e-01,-7.412952780723571777e-01,-1.334995031356811523e+00,-8.040736317634582520e-01,-1.596302092075347900e-01,-3.224803507328033447e-01,-3.831633925437927246e-01,-3.801721930503845215e-01,4.250195622444152832e-01,-6.723437309265136719e-01,-9.606904387474060059e-01,5.516831949353218079e-02,7.384975552558898926e-01,2.676606476306915283e-01,7.645835280418395996e-01,6.049681305885314941e-01,-1.397929191589355469e-01,-5.440932512283325195e-01,-2.502760589122772217e-01,-1.048346906900405884e-01,-3.873455524444580078e-01
-2.027154415845870972e-01,-8.240302801132202148e-01,-2.748742997646331787e-01,5.431649088859558105e-02,-1.614347994327545166e-01,2.716407775878906250e-01,-6.382064819335937500e-01,-4.026444554328918457e-01,-4.694920480251312256e-01,-1.123500585556030273e+00,-1.077981114387512207e+00,-1.320463061332702637e+00,8.279912918806076050e-02,-7.322566118091344833e-03,-5.318693518638610840e-01,2.284809201955795288e-01,3.127509057521820068e-01,-5.365974307060241699e-01,5.749585628509521484e-01,-1.111288189888000488e+00,-5.184699296951293945e-01,5.693927407264709473e-01,-3.441273272037506104e-01,-8.988315463066101074e-01,-2.843936383724212646e-01,-1.044350981712341309e+00,3.019357025623321533e-01,8.543947339057922363e-01,1.026922836899757385e-01,3.214273229241371155e-02,9.216662645339965820e-01,-2.404716163873672485e-01,8.422346413135528564e-02,-1.892734467983245850e-01,1.153163313865661621e+00,-3.105393946170806885e-01,5.427191853523254395e-01,-2.935205101966857910e-01,-4.395382702350616455e-01,-4.184749424457550049e-01,-6.257745027542114258e-01,7.068080306053161621e-01,-1.915791779756546021e-01,-2.189713865518569946e-01,-6.440695524215698242e-01,-5.111761689186096191e-01,3.750546872615814209e-01,-7.522678375244140625e-02,-1.331243291497230530e-02,2.888137102127075195e-01,-4.677138477563858032e-02,-7.648919820785522461e-01,-5.099328756332397461e-01,-6.263720989227294922e-01,3.300760686397552490e-01,1.084016710519790649e-01,-8.101280331611633301e-01,-4.307192265987396240e-01,-3.888609707355499268e-01,-1.604380011558532715e+00,-7.436265349388122559e-01,-2.743324041366577148e-01,2.457067817449569702e-01,2.414539456367492676e-02,-5.029008388519287109e-01,-6.477702856063842773e-01,-1.275008320808410645e+00,-1.588407903909683228e-02,-7.596364021301269531e-01,-4.803093373775482178e-01,-6.898728013038635254e-01,-4.058150351047515869e-01,-3.795390129089355469e-01,-7.587060332298278809e-01,-1.099769949913024902e+00,-3.588274121284484863e-01,3.456336557865142822e-01,-2.411834746599197388e-01,-1.608462929725646973e-01,-4.501997530460357666e-01,-8.696829676628112793e-01,-8.546179533004760742e-01,-2.853034436702728271e-01,-2.679789960384368896e-01,-1.994364857673645020e-01,-3.684873580932617188e-01,3.484507799148559570e-01,1.570535898208618164e-01,-3.709171414375305176e-01,-1.035630822181701660e+00,1.416044831275939941e-01,4.862235486507415771e-01,-1.136239692568778992e-01,5.040251612663269043e-01,4.902884960174560547e-01,-2.272672504186630249e-01,-1.249272227287292480e+00,-7.205030322074890137e-01,-9.697401896119117737e-03,5.510430037975311279e-02
-3.983953297138214111e-01,-6.118614077568054199e-01,-1.625610142946243286e-01,2.167392671108245850e-01,-2.204351872205734253e-01,6.484254002571105957e-01,3.997541666030883789e-01,5.672335028648376465e-01,7.849700450897216797e-01,2.242568284273147583e-01,1.707973629236221313e-01,-1.936722695827484131e-01,-2.525604665279388428e-01,3.915538787841796875e-01,-3.170353472232818604e-01,2.287138402462005615e-01,-5.225616693496704102e-01,4.188909754157066345e-02,1.957772821187973022e-01,-2.294650077819824219e-01,-2.048345655202865601e-01,1.561311632394790649e-01,-5.226745270192623138e-03,-6.919256448745727539e-01,-8.774759769439697266e-01,5.679432153701782227e-01,4.802312552928924561e-01,6.799094080924987793e-01,6.577023304998874664e-04,6.373786181211471558e-02,9.785688519477844238e-01,-5.430549979209899902e-01,-3.317007049918174744e-02,-4.047918915748596191e-01,9.592343568801879883e-01,8.355544209480285645e-01,3.531094789505004883e-01,-5.793843269348144531e-01,3.001911342144012451e-01,4.531157612800598145e-01,-2.397432457655668259e-03,2.195972502231597900e-01,1.388211011886596680e+00,4.177022278308868408e-01,4.299723207950592041e-01,4.250434339046478271e-01,6.935737729072570801e-01,-2.934647798538208008e-01,9.602327346801757812e-01,1.101948261260986328e+00,9.890957921743392944e-02,-5.938789844512939453e-01,-5.353989601135253906e-01,7.439101487398147583e-02,2.421839982271194458e-01,4.780287742614746094e-01,1.616762876510620117e-01,4.184892773628234863e-01,3.396476209163665771e-01,7.846996188163757324e-01,-3.014725446701049805e-01,-1.465286016464233398e-01,-2.856864035129547119e-01,-6.258206814527511597e-02,-1.119965687394142151e-01,-4.977312386035919189e-01,8.351022750139236450e-02,-1.222953274846076965e-01,-1.189308166503906250e+00,-2.190597206354141235e-01,-2.990225553512573242e-01,-1.325538456439971924e-01,-3.568510413169860840e-01,2.373859584331512451e-01,-3.802478611469268799e-01,-5.392701625823974609e-01,-4.488180391490459442e-03,-5.177692174911499023e-01,-1.150481626391410828e-01,1.661172956228256226e-01,-8.135901093482971191e-01,-5.323585271835327148e-01,3.709348440170288086e-01,1.039589866995811462e-01,-2.315628826618194580e-01,-8.658873438835144043e-01,2.566458880901336670e-01,3.347879052162170410e-01,1.940497756004333496e-01,8.671588264405727386e-03,4.326847195625305176e-01,6.650214195251464844e-01,-9.780663251876831055e-02,1.894724816083908081e-01,5.955657958984375000e-01,8.004893660545349121e-01,-3.361990749835968018e-01,-5.749048590660095215e-01,9.510132670402526855e-01,9.748745560646057129e-01
9.683669209480285645e-01,2.173939794301986694e-01,9.772091507911682129e-01,6.321616768836975098e-01,4.346392154693603516e-01,1.288415312767028809e+00,1.053557038307189941e+00,1.240405440330505371e+00,1.438394546508789062e+00,-2.459166944026947021e-01,-3.798844814300537109e-01,-2.987476289272308350e-01,6.748993992805480957e-01,8.090810179710388184e-01,2.972463667392730713e-01,4.995084404945373535e-01,9.953660517930984497e-02,2.800819873809814453e-01,9.018551707267761230e-01,3.465075492858886719e-01,-1.869146078824996948e-01,3.035324513912200928e-01,3.928637206554412842e-01,-1.684316694736480713e-01,-4.844192266464233398e-01,-1.219440996646881104e-01,1.639660477638244629e+00,1.040159344673156738e+00,7.924179434776306152e-01,4.448707103729248047e-01,5.767284035682678223e-01,-3.213145136833190918e-01,1.574904099106788635e-02,-5.587722063064575195e-01,9.862705469131469727e-01,1.344220519065856934e+00,2.995484508574008942e-02,-3.282203525304794312e-02,1.143424987792968750e+00,-3.067578375339508057e-02,8.202643394470214844e-01,1.063087821006774902e+00,1.420017123222351074e+00,1.224870562553405762e+00,6.563773155212402344e-01,1.737762093544006348e+00,1.536059975624084473e+00,7.382100820541381836e-01,8.991183638572692871e-01,1.855831742286682129e+00,1.094902157783508301e+00,3.705064058303833008e-01,2.299136221408843994e-01,6.807690858840942383e-01,1.321800112724304199e+00,1.388585448265075684e+00,1.009492754936218262e+00,1.216678142547607422e+00,4.963121712207794189e-01,-1.328309625387191772e-01,-1.847982108592987061e-01,1.921653747558593750e-01,6.886386871337890625e-01,6.477813124656677246e-01,3.588812649250030518e-01,3.491702377796173096e-01,9.964025616645812988e-01,7.469655871391296387e-01,-6.251305937767028809e-01,4.030234366655349731e-02,-1.991277337074279785e-01,3.125642538070678711e-01,-9.233174473047256470e-02,4.940505921840667725e-01,3.578777983784675598e-02,-3.314220309257507324e-01,5.512580275535583496e-01,9.213057160377502441e-02,2.709327042102813721e-01,3.121101111173629761e-02,-5.146622061729431152e-01,-3.829337954521179199e-01,3.125970065593719482e-01,2.293165624141693115e-01,1.574122011661529541e-01,-1.882210671901702881e-01,8.665726333856582642e-02,5.792337059974670410e-01,7.329156994819641113e-01,5.601654052734375000e-01,7.743721008300781250e-01,1.337372660636901855e+00,7.363612651824951172e-01,9.706903696060180664e-01,6.243498325347900391e-01,1.682776570320129395e+00,9.986167550086975098e-01,-1.062128916382789612e-01,1.089127421379089355e+00,1.499695301055908203e+00
-1.672635376453399658e-01,3.328720033168792725e-01,1.403822898864746094e-01,6.810135841369628906e-01,6.278965473175048828e-01,9.226014018058776855e-01,9.900391101837158203e-01,1.317805171012878418e+00,1.463979363441467285e+00,-1.585740745067596436e-01,-5.405147075653076172e-01,-5.728529095649719238e-01,2.952192425727844238e-01,5.654804706573486328e-01,1.349623352289199829e-01,1.877717971801757812e-01,3.352800309658050537e-01,2.182065993547439575e-01,5.543363690376281738e-01,2.725725471973419189e-01,4.450484737753868103e-02,-2.089823335409164429e-01,-2.607387863099575043e-02,-4.144021570682525635e-01,-8.245934247970581055e-01,-9.997722506523132324e-01,3.369122445583343506e-01,-4.099713563919067383e-01,-7.815545201301574707e-01,-4.938066601753234863e-01,9.914340972900390625e-01,-6.278856396675109863e-01,2.927749752998352051e-01,-1.303184151649475098e+00,-1.049524545669555664e-01,6.734864115715026855e-01,-6.015558838844299316e-01,6.393817067146301270e-02,1.557245612144470215e+00,3.742987215518951416e-01,7.111439704895019531e-01,1.865374445915222168e-01,5.212766528129577637e-01,7.610728144645690918e-01,5.407759547233581543e-01,1.313555359840393066e+00,9.154567122459411621e-02,-2.862823307514190674e-01,-1.496113687753677368e-01,7.597681283950805664e-01,4.966120719909667969e-01,9.623906016349792480e-01,7.350410223007202148e-01,1.622339963912963867e+00,1.248317599296569824e+00,4.971339106559753418e-01,1.736593127250671387e+00,1.116369009017944336e+00,2.773891389369964600e-01,-8.753378987312316895e-01,-3.164303004741668701e-01,4.188835918903350830e-01,2.069641053676605225e-01,3.186539113521575928e-01,1.323989927768707275e-01,1.612299382686614990e-01,6.804474592208862305e-01,6.360012292861938477e-01,-8.717216849327087402e-01,2.903303503990173340e-01,-4.233533050864934921e-03,-3.157174587249755859e-01,-1.126906573772430420e-01,4.000447094440460205e-01,8.045153319835662842e-02,-7.564703226089477539e-01,-2.200740873813629150e-01,-8.420518636703491211e-01,4.293255209922790527e-01,-2.057335823774337769e-01,-6.702482104301452637e-01,-7.835249900817871094e-01,-7.289826869964599609e-03,2.425799146294593811e-02,-3.908354043960571289e-01,-1.166859865188598633e+00,-3.154591917991638184e-01,-6.594483852386474609e-01,-3.942576050758361816e-02,2.972658909857273102e-02,3.362661302089691162e-01,1.069353699684143066e+00,1.082351326942443848e+00,4.697365462779998779e-01,4.122518599033355713e-01,8.303984403610229492e-01,-1.758126616477966309e-01,-1.043840169906616211e+00,1.912122070789337158e-01,2.769248187541961670e-01
-2.614851891994476318e-01,5.999934673309326172e-02,-6.349518299102783203e-01,3.742077052593231201e-01,1.264622434973716736e-03,-9.325119107961654663e-02,4.635031819343566895e-01,5.143299102783203125e-01,6.065583229064941406e-01,-8.397058844566345215e-01,-1.835935115814208984e+00,-1.037076115608215332e+00,-9.688337445259094238e-01,-4.156651496887207031e-01,-8.125652074813842773e-01,-2.559265792369842529e-01,-1.639005303382873535e+00,8.070548176765441895e-01,-3.958671987056732178e-01,1.020305752754211426e+00,9.778687953948974609e-01,-1.654634952545166016e+00,-1.939661145210266113e+00,-1.628315329551696777e+00,-1.499080538749694824e+00,-1.908807158470153809e+00,6.334502249956130981e-02,-8.744981288909912109e-01,-2.493417501449584961e+00,-1.372629165649414062e+00,1.224826931953430176e+00,-1.751815915107727051e+00,5.716347321867942810e-02,-6.292865276336669922e-01,-1.406475901603698730e+00,5.703453421592712402e-01,-2.433793783187866211e+00,-6.754832863807678223e-01,3.510795235633850098e-01,-8.620552718639373779e-02,7.216718196868896484e-01,-1.038490414619445801e+00,-1.557164043188095093e-01,2.913425862789154053e-01,-4.169808328151702881e-02,1.757890224456787109e+00,-1.015292644500732422e+00,-1.238690257072448730e+00,-1.489059031009674072e-01,3.796894252300262451e-01,-2.629979886114597321e-02,6.186172366142272949e-01,4.737845957279205322e-01,1.395221471786499023e+00,2.426571995019912720e-01,-2.900745272636413574e-01,1.250678658485412598e+00,7.586094737052917480e-01,-1.028336063027381897e-01,-9.014685750007629395e-01,-5.712101459503173828e-01,2.437083981931209564e-02,-2.588295340538024902e-01,5.606033802032470703e-01,1.232144117355346680e+00,-5.184062719345092773e-01,8.106864094734191895e-01,-1.364720016717910767e-01,-4.244545400142669678e-01,9.985978603363037109e-01,1.394211292266845703e+00,-1.053530573844909668e+00,-1.130277991294860840e+00,3.647194206714630127e-01,-3.599848747253417969e-01,-1.291427612304687500e+00,-2.042078256607055664e+00,-1.697615504264831543e+00,2.216713726520538330e-01,-1.149384617805480957e+00,-5.810884833335876465e-01,1.193512156605720520e-01,-8.777605295181274414e-01,-9.806430935859680176e-01,-3.705029785633087158e-01,-4.216660261154174805e-01,-2.531160831451416016e+00,-5.047294497489929199e-01,1.210377924144268036e-02,6.162907555699348450e-02,-1.806827634572982788e-01,5.782021284103393555e-01,6.774529218673706055e-01,-4.538758397102355957e-01,-1.395519375801086426e-01,4.922839105129241943e-01,4.254933595657348633e-01,-1.161527991294860840e+00,-2.850265502929687500e-01,-4.679704606533050537e-01
-1.039709329605102539e+00,-3.430903553962707520e-01,-9.641957879066467285e-01,-9.842806495726108551e-03,-8.051621317863464355e-01,-6.668174862861633301e-01,-4.115843772888183594e-01,-2.868727147579193115e-01,-3.709367215633392334e-01,-3.117828667163848877e-01,-3.370838239789009094e-02,-2.604904584586620331e-02,-1.404826939105987549e-01,3.431279584765434265e-02,1.114195227622985840e+00,-6.683231592178344727e-01,-3.652091026306152344e-01,-4.780706483870744705e-03,1.820396333932876587e-01,1.095285296440124512e+00,9.488370418548583984e-01,-2.190649658441543579e-01,-4.499589204788208008e-01,4.412730634212493896e-01,-1.159331202507019043e+00,-6.800822615623474121e-01,7.177811264991760254e-01,4.307461380958557129e-01,6.780230998992919922e-01,4.746902585029602051e-01,5.863579511642456055e-01,-1.605280756950378418e+00,-7.593981027603149414e-01,-5.851610898971557617e-01,-3.120746314525604248e-01,-2.575356364250183105e-01,1.478368416428565979e-02,-6.479376554489135742e-01,3.694273233413696289e-01,-2.458511292934417725e-01,9.329585433006286621e-01,-4.434374868869781494e-01,5.620532035827636719e-01,4.579985439777374268e-01,-3.965363502502441406e-01,1.875785946846008301e+00,1.988407038152217865e-02,2.890230119228363037e-01,-6.187864542007446289e-01,9.402467608451843262e-01,-5.731316208839416504e-01,4.841801822185516357e-01,5.188093055039644241e-03,7.424839138984680176e-01,-3.323351740837097168e-01,-8.812725543975830078e-01,2.631052732467651367e-01,1.908409297466278076e-01,2.271574437618255615e-01,-5.721580609679222107e-02,1.084964051842689514e-01,-3.241929039359092712e-02,1.907135099172592163e-01,9.008237123489379883e-01,6.027035117149353027e-01,1.582562565803527832e+00,8.006761074066162109e-01,2.694429457187652588e-01,-7.304130494594573975e-02,-1.316308081150054932e-01,8.300482630729675293e-01,-1.606161445379257202e-01,1.241567954421043396e-01,2.918274998664855957e-01,3.736099898815155029e-01,-5.360620021820068359e-01,1.055050790309906006e-01,2.459108233451843262e-01,2.744324207305908203e-01,-1.383125782012939453e+00,3.966663777828216553e-01,1.082678079605102539e+00,-2.177138477563858032e-01,-2.311557084321975708e-01,-5.149286612868309021e-02,7.053569704294204712e-02,8.057370781898498535e-02,3.648230433464050293e-01,-9.897140413522720337e-02,6.620165705680847168e-01,3.944143950939178467e-01,5.784868001937866211e-01,8.452877402305603027e-01,-4.514023661613464355e-01,2.787817120552062988e-01,7.350540757179260254e-01,1.741873979568481445e+00,-1.663952022790908813e-01,-8.405399322509765625e-01,6.869027614593505859e-01
-1.246901869773864746e+00,-3.878870010375976562e-01,-1.514965534210205078e+00,-6.714506149291992188e-01,-6.034318208694458008e-01,-7.633721828460693359e-01,-7.070849537849426270e-01,-5.853269696235656738e-01,-8.558925390243530273e-01,7.551605105400085449e-01,5.155990719795227051e-01,8.520449399948120117e-01,-2.949622571468353271e-01,-8.138062357902526855e-01,9.840638041496276855e-01,-8.170033693313598633e-01,4.609030187129974365e-01,-1.185867905616760254e+00,-4.557420313358306885e-01,-4.687996208667755127e-01,-1.181854158639907837e-01,-1.587579995393753052e-01,-3.671090304851531982e-01,1.213465332984924316e+00,-7.521985173225402832e-01,3.408636450767517090e-01,2.920841872692108154e-01,3.721431829035282135e-03,6.293530762195587158e-02,1.470567435026168823e-01,6.031013131141662598e-01,-1.518912672996520996e+00,-4.745515882968902588e-01,-6.239979863166809082e-01,-4.104022383689880371e-01,-1.297736048698425293e+00,3.023948967456817627e-01,-6.741873621940612793e-01,3.762066066265106201e-01,-1.095508486032485962e-01,3.103111386299133301e-01,-5.712451338768005371e-01,6.905534863471984863e-01,6.964714527130126953e-01,3.108040094375610352e-01,1.219860792160034180e+00,-1.014918684959411621e+00,-7.717832922935485840e-01,-2.280750423669815063e-01,5.049299001693725586e-01,-1.315645575523376465e+00,-1.002650380134582520e+00,-5.365161299705505371e-01,-3.787530362606048584e-01,-9.613175392150878906e-01,-1.468155384063720703e+00,-1.062531948089599609e+00,-6.853978037834167480e-01,8.695645928382873535e-01,8.791736364364624023e-01,3.963901400566101074e-01,-1.275956630706787109e-01,-4.476094543933868408e-01,-3.165704607963562012e-01,-8.460222929716110229e-02,1.225051999092102051e+00,-1.237196326255798340e-01,1.523215919733047485e-01,-4.402596950531005859e-01,-1.478056788444519043e+00,-1.710236966609954834e-01,-2.096163481473922729e-01,-2.167817056179046631e-01,-3.206562101840972900e-01,5.501797795295715332e-01,-1.043402105569839478e-01,1.881532669067382812e-01,4.127618670463562012e-02,1.568211466073989868e-01,-1.028657913208007812e+00,2.503121793270111084e-01,2.078619152307510376e-01,4.081148803234100342e-01,2.523797797039151192e-03,-8.552729338407516479e-02,-9.135530591011047363e-01,-2.655038237571716309e-01,-1.780971288681030273e-01,-9.161711931228637695e-01,-5.772526189684867859e-02,2.055736631155014038e-01,6.600933670997619629e-01,5.812168121337890625e-01,-3.875376284122467041e-01,2.950057089328765869e-01,9.635811448097229004e-01,8.558603525161743164e-01,-7.956794500350952148e-01,-6.474653482437133789e-01,3.062637448310852051e-01
1.856290847063064575e-01,9.950850158929824829e-02,3.497540056705474854e-01,-9.757711291313171387e-01,1.436036229133605957e-01,-5.955538526177406311e-02,2.904635369777679443e-01,-1.051079947501420975e-02,1.900911629199981689e-01,1.041034102439880371e+00,1.006599664688110352e+00,1.525552153587341309e+00,-7.720552086830139160e-01,-1.178807973861694336e+00,1.290399551391601562e+00,-8.385354280471801758e-01,-9.253851771354675293e-01,-8.837356567382812500e-01,-1.205134272575378418e+00,-1.758718341588973999e-01,7.174751162528991699e-01,-7.693462967872619629e-01,-1.289489984512329102e+00,8.939662575721740723e-01,-6.799343973398208618e-02,3.072626590728759766e-01,-5.385900139808654785e-01,-4.582348763942718506e-01,-6.508985161781311035e-02,-5.398883819580078125e-01,1.163125038146972656e+00,-1.763449192047119141e+00,-9.906563162803649902e-01,-1.440003633499145508e+00,-9.376929998397827148e-01,-4.600000977516174316e-01,4.913935661315917969e-01,-4.404129981994628906e-01,1.000622630119323730e+00,4.522067010402679443e-01,4.454905688762664795e-01,3.191773891448974609e-01,8.938456773757934570e-01,1.073815822601318359e+00,8.073177337646484375e-01,1.494519352912902832e+00,-1.430946588516235352e+00,-6.420502066612243652e-01,5.346660017967224121e-01,3.632632195949554443e-01,-1.667596548795700073e-01,-9.740971960127353668e-03,-5.741336345672607422e-01,-2.920857071876525879e-01,1.265261024236679077e-01,-9.390752017498016357e-02,-3.214828968048095703e-01,-2.432717829942703247e-01,1.100321292877197266e+00,1.335541605949401855e+00,7.723641991615295410e-01,-6.301727145910263062e-02,-6.755159497261047363e-01,-2.298429906368255615e-01,2.176724523305892944e-01,1.645326733589172363e+00,7.180491685867309570e-01,-6.085447669029235840e-01,-5.056626796722412109e-01,-6.950131654739379883e-01,8.375638127326965332e-01,3.727128356695175171e-02,-6.913398504257202148e-01,1.403104364871978760e-01,8.031725287437438965e-01,5.976825356483459473e-01,-7.756232023239135742e-01,-4.129382595419883728e-02,6.726166605949401855e-01,-1.928977012634277344e+00,3.884386420249938965e-01,5.897729992866516113e-01,6.733760833740234375e-01,3.470490276813507080e-01,-3.051649965345859528e-02,-1.427580118179321289e-01,-1.358271092176437378e-01,7.900004088878631592e-02,-4.616954922676086426e-01,7.482525110244750977e-01,1.831848919391632080e-01,1.030889987945556641e+00,1.199705362319946289e+00,5.817577838897705078e-01,5.195009112358093262e-01,1.663108944892883301e+00,1.763614773750305176e+00,-2.953332364559173584e-01,2.068179696798324585e-01,4.334099292755126953e-01
2.865939140319824219e-01,3.978467583656311035e-01,-2.728444710373878479e-02,-8.155703544616699219e-02,6.893916726112365723e-01,-1.383786797523498535e-01,-4.746633172035217285e-01,-5.060261487960815430e-01,-3.622995913028717041e-01,3.610181808471679688e-01,-7.381483912467956543e-01,-2.337380684912204742e-02,-1.762492418289184570e+00,-1.606583595275878906e+00,-1.107897087931632996e-01,-6.929220557212829590e-01,-1.923232555389404297e+00,-9.744638204574584961e-01,-1.712941408157348633e+00,-1.983563303947448730e-01,2.936139702796936035e-01,-1.351810216903686523e+00,-1.318436503410339355e+00,-1.191581845283508301e+00,4.003343880176544189e-01,-6.868415474891662598e-01,-7.388880848884582520e-01,-6.026417613029479980e-01,-9.629896283149719238e-01,-6.195399761199951172e-01,1.245340108871459961e+00,-8.713200092315673828e-01,4.693892225623130798e-02,-1.385300993919372559e+00,-1.344422578811645508e+00,-4.892225563526153564e-01,-9.253215044736862183e-02,1.284714192152023315e-01,-3.746102005243301392e-02,-9.971563816070556641e-01,-2.001930475234985352e-01,4.668445289134979248e-01,-9.305655211210250854e-02,1.011605858802795410e+00,-1.269176155328750610e-01,6.554673910140991211e-01,-1.775437593460083008e+00,-7.293500900268554688e-01,8.026914000511169434e-01,8.385151028633117676e-01,-6.423901915550231934e-01,-1.735028773546218872e-01,-1.561325192451477051e-01,6.202139332890510559e-02,8.244269341230392456e-02,-6.158015727996826172e-01,-3.860599398612976074e-01,-5.497260093688964844e-01,3.221077919006347656e-01,-4.962432384490966797e-01,-1.812071949243545532e-01,-7.239700555801391602e-01,-1.824815750122070312e+00,-1.063895225524902344e+00,-5.945509076118469238e-01,3.012745976448059082e-01,3.292460739612579346e-01,-1.877839565277099609e+00,-1.061144828796386719e+00,-6.783985495567321777e-01,2.320031225681304932e-01,-4.885770678520202637e-01,-7.406735420227050781e-01,-6.801295876502990723e-01,-4.653721153736114502e-01,2.446358054876327515e-01,-1.602039575576782227e+00,-5.055980086326599121e-01,7.183600068092346191e-01,-2.795735299587249756e-01,-4.703357815742492676e-01,5.541706085205078125e-02,3.778976798057556152e-01,-3.455320596694946289e-01,-4.028321206569671631e-01,-9.260013103485107422e-01,-4.165565371513366699e-01,-1.752103418111801147e-01,-9.187901020050048828e-01,-1.784235388040542603e-01,9.776695370674133301e-01,8.453493118286132812e-01,4.150506854057312012e-01,5.558742284774780273e-01,4.551500678062438965e-01,1.543205976486206055e+00,4.496498405933380127e-01,-8.240016102790832520e-01,1.577015817165374756e-01,9.556198716163635254e-01
1.874199509620666504e-01,1.193745359778404236e-01,-6.351884007453918457e-01,1.247468814253807068e-01,4.608398973941802979e-01,-8.328227400779724121e-01,-8.495787382125854492e-01,-5.141987800598144531e-01,-8.192217946052551270e-01,-1.251701951026916504e+00,-1.452315092086791992e+00,-1.156997084617614746e+00,-1.602462053298950195e+00,-1.256539821624755859e+00,-2.861709594726562500e-01,-3.505176901817321777e-01,-2.344413042068481445e+00,-1.586689054965972900e-01,-1.907589554786682129e+00,3.883027434349060059e-01,-5.111148580908775330e-02,-1.309387803077697754e+00,-1.082794070243835449e+00,-1.400971293449401855e+00,-6.170614361763000488e-01,-7.159798145294189453e-01,7.718071341514587402e-01,6.176809668540954590e-01,-1.411996245384216309e+00,-2.172165177762508392e-02,1.346535563468933105e+00,-7.184731960296630859e-01,-7.355202734470367432e-02,-9.124411940574645996e-01,-7.782019972801208496e-01,-3.955686390399932861e-01,-1.147747397422790527e+00,-2.453982681035995483e-01,-2.864576280117034912e-01,-1.044582009315490723e+00,6.924261339008808136e-03,2.223669737577438354e-01,-6.566905379295349121e-01,8.981993794441223145e-01,-5.435565710067749023e-01,1.804256081581115723e+00,-1.293254017829895020e+00,5.703437700867652893e-02,-1.259024381637573242e+00,-3.475557565689086914e-01,5.395222902297973633e-01,1.609662920236587524e-01,1.820882856845855713e-01,2.781698703765869141e-01,-4.707522317767143250e-02,-1.082816123962402344e+00,-1.561903059482574463e-01,-4.672746956348419189e-01,-2.701379358768463135e-01,-1.469171643257141113e+00,-5.802307128906250000e-01,-4.809641838073730469e-01,-5.380896329879760742e-01,-4.460366368293762207e-01,-3.222995400428771973e-01,4.049664139747619629e-01,3.804751932621002197e-01,-1.910780429840087891e+00,-9.786579757928848267e-02,5.500450134277343750e-01,5.073068737983703613e-01,-1.361952126026153564e-01,-5.778022408485412598e-01,-6.228457689285278320e-01,-9.424915313720703125e-01,1.361340880393981934e-01,-1.276022434234619141e+00,3.010339438915252686e-01,7.753426432609558105e-01,-3.627828061580657959e-01,6.171774119138717651e-02,4.431287348270416260e-01,-1.648193299770355225e-01,3.170588016510009766e-01,6.907175779342651367e-01,3.878204822540283203e-01,-1.290081858634948730e+00,8.885138034820556641e-01,-4.087857007980346680e-01,1.488089412450790405e-01,1.178708076477050781e+00,6.618902683258056641e-01,7.132663130760192871e-01,5.392867326736450195e-01,3.413979411125183105e-01,1.327365875244140625e+00,1.699812054634094238e+00,4.578722640872001648e-02,-9.515527486801147461e-01,-6.586897969245910645e-01
-8.408131599426269531e-01,-6.075725331902503967e-02,-2.324719578027725220e-01,-4.432555139064788818e-01,-8.125199079513549805e-01,-1.148638367652893066e+00,-1.034332990646362305e+00,-7.302274107933044434e-01,-2.889136373996734619e-01,-5.331812500953674316e-01,-4.369755387306213379e-01,-2.297440469264984131e-01,-6.609025597572326660e-01,-8.915537595748901367e-01,3.757939636707305908e-01,-8.185561299324035645e-01,-1.037328243255615234e+00,-3.984623849391937256e-01,-1.884771943092346191e+00,2.596764564514160156e-01,-4.951812028884887695e-01,-7.620320916175842285e-01,-1.340241193771362305e+00,2.863379120826721191e-01,-1.183713436126708984e+00,-8.280048370361328125e-01,-2.058652639389038086e-01,-2.795677781105041504e-01,-7.826884388923645020e-01,7.354496419429779053e-02,-1.836350262165069580e-01,-8.676481842994689941e-01,-4.043897688388824463e-01,-1.058686494827270508e+00,-6.788149476051330566e-01,-2.436600327491760254e-01,-8.159937858581542969e-01,-6.107913851737976074e-01,-6.636046171188354492e-01,-1.209237128496170044e-01,2.643727660179138184e-01,-1.096076965332031250e+00,-7.381292581558227539e-01,1.180047765374183655e-01,-1.269688963890075684e+00,9.823801517486572266e-01,-1.249953746795654297e+00,-3.062230944633483887e-01,-8.979556560516357422e-01,-1.453951299190521240e-01,-4.690980613231658936e-01,1.884419471025466919e-01,-2.982617616653442383e-01,2.474324405193328857e-01,-5.132023692131042480e-01,-7.790478467941284180e-01,-6.757832169532775879e-01,-1.287000328302383423e-01,-2.956663668155670166e-01,-9.113374948501586914e-01,-2.118792086839675903e-01,-2.128242254257202148e-01,-6.980649232864379883e-01,-2.906682193279266357e-01,-3.218240737915039062e-01,8.457753658294677734e-01,3.503181338310241699e-01,-1.577576994895935059e+00,-9.429386854171752930e-01,-3.116534650325775146e-01,1.188009306788444519e-01,-2.239575386047363281e-01,-5.513030886650085449e-01,-3.369301855564117432e-01,-7.450146228075027466e-02,-5.728496909141540527e-01,-9.786203503608703613e-01,-3.649414777755737305e-01,1.371019929647445679e-01,-6.772628426551818848e-01,5.033246874809265137e-01,-5.218918994069099426e-02,-4.292149841785430908e-01,5.157139301300048828e-01,1.444376111030578613e-01,-5.019689798355102539e-01,-7.583388090133666992e-01,-9.767736494541168213e-02,-3.353136181831359863e-01,6.184986829757690430e-01,2.189617604017257690e-01,-3.225122690200805664e-01,-9.479180909693241119e-03,-6.810013651847839355e-01,1.513579636812210083e-01,9.278029203414916992e-03,1.123700812458992004e-01,-4.520318806171417236e-01,-3.949090242385864258e-01,-1.642359495162963867e-01
1.016482830047607422e+00,-5.205115079879760742e-01,3.428924083709716797e-01,2.692781388759613037e-01,2.191245742142200470e-02,2.220112830400466919e-01,-9.931353330612182617e-01,-9.006727933883666992e-01,-3.893685340881347656e-01,4.422312378883361816e-01,-2.862481474876403809e-01,1.075998917222023010e-01,-5.697943568229675293e-01,-1.018290519714355469e+00,2.495989017188549042e-02,-3.365166783332824707e-01,-1.249883770942687988e+00,-1.596987605094909668e+00,-1.135567784309387207e+00,-8.756229281425476074e-01,-1.295966148376464844e+00,-3.701626956462860107e-01,-4.300294816493988037e-01,-4.892131984233856201e-01,1.023191809654235840e+00,5.074190497398376465e-01,6.809892058372497559e-01,7.720052599906921387e-01,1.358041912317276001e-01,1.488654911518096924e-01,1.870487183332443237e-01,5.586408972740173340e-01,-3.914915770292282104e-02,-1.748575806617736816e+00,6.657912731170654297e-01,-5.266258120536804199e-01,8.613880723714828491e-03,2.751523256301879883e-01,-4.843690395355224609e-01,-6.722947955131530762e-01,-6.824343204498291016e-01,1.371469259262084961e+00,4.980220496654510498e-01,7.158498167991638184e-01,-1.229814291000366211e+00,4.861856698989868164e-01,-1.188265383243560791e-01,3.812372386455535889e-01,3.856294453144073486e-01,3.369693160057067871e-01,2.986229062080383301e-01,-8.409997224807739258e-01,-2.792234718799591064e-01,-1.762937754392623901e-01,5.661543458700180054e-02,1.709718853235244751e-01,-6.723883152008056641e-01,-5.986289978027343750e-01,1.001561045646667480e+00,2.399507910013198853e-01,3.214098215103149414e-01,-4.872086644172668457e-01,-7.641478180885314941e-01,-9.100133776664733887e-01,-1.286541223526000977e+00,5.627651810646057129e-01,-5.925629734992980957e-01,-1.427342295646667480e+00,-1.542426347732543945e+00,-1.941647768020629883e+00,-1.128312349319458008e+00,-2.031779848039150238e-03,-6.732448339462280273e-01,-3.207861185073852539e-01,-1.230627968907356262e-01,8.611283302307128906e-01,-4.190208911895751953e-01,8.892019838094711304e-02,4.855406284332275391e-01,9.646190404891967773e-01,-3.885166347026824951e-01,-1.247139453887939453e+00,6.774345785379409790e-02,-1.967219859361648560e-01,-3.585897386074066162e-02,-1.050634503364562988e+00,-5.219992995262145996e-01,2.176917940378189087e-01,-9.013245701789855957e-01,-8.500396460294723511e-02,8.585233092308044434e-01,9.606517553329467773e-01,5.743177533149719238e-01,1.499977707862854004e+00,6.482061743736267090e-01,7.544252872467041016e-01,1.334964204579591751e-02,-4.824693202972412109e-01,2.270219475030899048e-01,-8.845733851194381714e-02
-2.275134995579719543e-02,-8.955230116844177246e-01,-4.105369150638580322e-01,-3.192163705825805664e-01,-4.074268639087677002e-01,5.162695795297622681e-02,-8.503643274307250977e-01,-7.577608823776245117e-01,-7.072655558586120605e-01,-4.108954966068267822e-01,-2.197828888893127441e-01,-3.559450209140777588e-01,7.038697004318237305e-01,-3.747182488441467285e-01,-4.039565920829772949e-01,-4.461052119731903076e-01,5.409846305847167969e-01,-1.462327480316162109e+00,2.705346047878265381e-01,-1.024149179458618164e+00,-5.877029299736022949e-01,-3.439258635044097900e-01,4.061699807643890381e-01,-6.115164756774902344e-01,1.030305996537208557e-01,4.482142031192779541e-01,5.255191922187805176e-01,9.211311340332031250e-01,-2.295154333114624023e-01,2.299275845289230347e-01,-1.248575806617736816e+00,4.293273687362670898e-01,-1.502014696598052979e-01,-1.357329130172729492e+00,-5.579572170972824097e-03,-6.791939139366149902e-01,-3.666115226224064827e-03,-2.260779738426208496e-01,-1.095620077103376389e-02,-1.149974465370178223e+00,-5.297729969024658203e-01,8.868278264999389648e-01,1.080453991889953613e-01,1.174607872962951660e-01,-1.353552341461181641e+00,6.651130914688110352e-01,3.312972784042358398e-01,1.746234744787216187e-01,1.061597988009452820e-01,4.805076718330383301e-01,3.383275866508483887e-01,-5.908067226409912109e-01,-6.827622056007385254e-01,-1.728681325912475586e-01,-9.814970195293426514e-02,1.219736319035291672e-02,-6.582674980163574219e-01,-5.429894924163818359e-01,7.121801972389221191e-01,2.714554369449615479e-01,4.721843898296356201e-01,4.960636794567108154e-01,5.459234714508056641e-01,-3.627890646457672119e-01,-1.084698438644409180e+00,-1.149355024099349976e-01,-3.326318860054016113e-01,-1.751560270786285400e-01,-9.894505143165588379e-01,-1.331014394760131836e+00,-9.100716710090637207e-01,5.809042975306510925e-02,-1.895821988582611084e-01,-3.283384442329406738e-01,-9.498281870037317276e-04,4.904368221759796143e-01,7.224875735118985176e-04,8.705747723579406738e-01,1.490952223539352417e-01,1.097537040710449219e+00,-2.564732432365417480e-01,-4.196867346763610840e-01,-1.125403046607971191e-01,1.137722656130790710e-01,3.683325946331024170e-01,-3.966185450553894043e-01,3.634591102600097656e-01,1.056310057640075684e+00,-8.357447385787963867e-01,-1.674800515174865723e-01,9.066631197929382324e-01,8.473063111305236816e-01,8.494944572448730469e-01,1.208424806594848633e+00,7.983534336090087891e-01,7.563372254371643066e-01,1.054897189140319824e+00,-2.057617306709289551e-01,-3.996228575706481934e-01,1.994328647851943970e-01
-6.451880931854248047e-01,-7.153377532958984375e-01,-5.054409503936767578e-01,-4.340710639953613281e-01,-5.048027634620666504e-01,-3.689176216721534729e-02,-4.215660989284515381e-01,-2.152200937271118164e-01,-2.128118649125099182e-02,-5.173758268356323242e-01,-2.942655468359589577e-03,-8.970215916633605957e-02,1.178529858589172363e+00,1.194610968232154846e-01,-2.910913825035095215e-01,-3.564183413982391357e-01,6.115363836288452148e-01,-1.452028989791870117e+00,4.297879040241241455e-01,-9.422059655189514160e-01,-9.380850195884704590e-01,-4.737100899219512939e-01,4.477046430110931396e-01,-7.667163014411926270e-01,-6.583630293607711792e-02,9.351599216461181641e-01,-1.550101339817047119e-01,3.492391109466552734e-01,-1.908243894577026367e-01,1.515703350305557251e-01,-4.876472651958465576e-01,3.366335928440093994e-01,-1.682620197534561157e-01,-1.874800086021423340e+00,-1.854677945375442505e-01,-2.703077793121337891e-01,3.734519481658935547e-01,2.170459628105163574e-01,2.166965901851654053e-01,-6.051020622253417969e-01,-3.640374541282653809e-01,9.697660803794860840e-01,3.013386726379394531e-01,4.979356229305267334e-01,-6.986565589904785156e-01,1.894887983798980713e-01,1.839016675949096680e-01,9.443512558937072754e-02,2.624469697475433350e-01,7.551711797714233398e-01,-2.656935155391693115e-01,-3.627019822597503662e-01,-7.463507652282714844e-01,2.848745286464691162e-01,-7.595535367727279663e-02,-2.401366829872131348e-01,6.814414262771606445e-02,2.285387367010116577e-01,2.573385834693908691e-01,4.026282727718353271e-01,3.412801027297973633e-01,9.017124176025390625e-01,5.124697089195251465e-01,1.028319075703620911e-01,-8.183203339576721191e-01,-7.609637975692749023e-01,5.665488541126251221e-02,-4.794542491436004639e-02,-8.266079425811767578e-01,-1.176504850387573242e+00,-1.119776368141174316e+00,1.102966144680976868e-01,-2.408052235841751099e-01,-3.705501258373260498e-01,4.959849640727043152e-02,1.264037340879440308e-01,-1.948964893817901611e-01,1.444666534662246704e-01,3.847746849060058594e-01,1.628897428512573242e+00,-3.705988824367523193e-01,3.473633229732513428e-01,7.157494425773620605e-01,-1.146448552608489990e-01,2.146649211645126343e-01,-3.883491158485412598e-01,5.539379715919494629e-01,6.802868843078613281e-01,-2.628501951694488525e-01,3.175689280033111572e-01,1.105981469154357910e+00,1.104775309562683105e+00,3.773022294044494629e-01,1.104281187057495117e+00,7.646416425704956055e-01,1.216607451438903809e+00,6.169229745864868164e-01,2.196139544248580933e-01,7.003964483737945557e-02,9.314536452293395996e-01
-2.626912891864776611e-01,-2.152183502912521362e-01,9.484178572893142700e-02,-5.538142323493957520e-01,-1.573075354099273682e-01,8.361723273992538452e-02,-3.920599222183227539e-01,-1.783776581287384033e-01,5.753043889999389648e-01,-1.610656529664993286e-01,2.559581696987152100e-01,1.300819516181945801e-01,1.535561442375183105e+00,1.719394922256469727e-01,-8.663497865200042725e-02,-6.556937694549560547e-01,1.857884824275970459e-01,-1.031158328056335449e+00,4.264789521694183350e-01,-2.993021905422210693e-02,-9.217627644538879395e-01,-4.676542282104492188e-01,2.467342913150787354e-01,-9.725432991981506348e-01,3.629875779151916504e-01,6.379954814910888672e-01,2.228815257549285889e-01,3.611131608486175537e-01,-4.297291040420532227e-01,3.110892176628112793e-01,-5.299971699714660645e-01,1.108716607093811035e+00,3.489753305912017822e-01,-1.103981137275695801e+00,5.198183469474315643e-03,6.901396512985229492e-01,-8.551288396120071411e-02,6.353219151496887207e-01,2.259032987058162689e-02,-6.220453381538391113e-01,-3.934171497821807861e-01,1.254457592964172363e+00,4.052130877971649170e-01,7.112104892730712891e-01,-4.739154279232025146e-01,3.582495450973510742e-01,5.122485160827636719e-01,8.880965709686279297e-01,8.718533515930175781e-01,1.133587837219238281e+00,1.980134397745132446e-01,1.094221323728561401e-01,-4.307188391685485840e-01,4.574627429246902466e-02,4.407272636890411377e-01,6.144617199897766113e-01,-1.759447306394577026e-01,5.708596706390380859e-01,5.215070247650146484e-01,1.449973136186599731e-01,4.241223037242889404e-01,1.003029227256774902e+00,5.556340217590332031e-01,3.193521201610565186e-01,-6.147295832633972168e-01,-5.849885940551757812e-01,3.254185914993286133e-01,2.245501577854156494e-01,-4.623391628265380859e-01,-9.585444331169128418e-01,-1.111267924308776855e+00,-8.602080866694450378e-03,3.713465854525566101e-02,4.062002524733543396e-02,3.090216815471649170e-01,6.520695686340332031e-01,-6.968064308166503906e-01,-1.747887879610061646e-01,7.380242943763732910e-01,2.398327112197875977e+00,-3.111233115196228027e-01,2.305049300193786621e-01,9.600836634635925293e-01,8.007688075304031372e-02,5.120308399200439453e-01,-2.359245419502258301e-01,2.621779143810272217e-01,8.147036433219909668e-01,5.040056109428405762e-01,4.797692298889160156e-01,1.466182827949523926e+00,1.453137636184692383e+00,4.880796372890472412e-01,1.565776705741882324e+00,7.940912246704101562e-01,1.310810565948486328e+00,6.059042215347290039e-01,9.332657456398010254e-01,1.175350785255432129e+00,1.306936383247375488e+00
-9.001311063766479492e-01,-1.268733441829681396e-01,7.248871028423309326e-02,-5.087974071502685547e-01,-2.497054487466812134e-01,-2.688443064689636230e-01,-6.147771477699279785e-01,-3.163947165012359619e-01,2.990348041057586670e-01,2.798509895801544189e-01,9.895427823066711426e-01,9.863972067832946777e-01,2.303487777709960938e+00,4.241455793380737305e-01,-9.304045699536800385e-03,-3.563277423381805420e-01,1.546802759170532227e+00,-4.455955326557159424e-01,1.092473030090332031e+00,3.150774836540222168e-01,-3.094900548458099365e-01,2.499262690544128418e-01,8.288780450820922852e-01,6.152824759483337402e-01,8.445633053779602051e-01,1.919703364372253418e+00,1.130383014678955078e-01,7.784506678581237793e-01,7.876325845718383789e-01,9.755991697311401367e-01,-5.967538356781005859e-01,9.502392411231994629e-01,1.342598050832748413e-01,-5.560379624366760254e-01,6.972063779830932617e-01,4.468854963779449463e-01,5.236881971359252930e-01,5.165304988622665405e-02,-3.636977374553680420e-01,-1.663184612989425659e-01,-8.558535575866699219e-01,1.283168315887451172e+00,7.491185665130615234e-01,-2.391503378748893738e-02,-4.813570380210876465e-01,-3.822612464427947998e-01,2.770056724548339844e-01,5.317617058753967285e-01,1.847279816865921021e-01,3.960557281970977783e-01,6.097764894366264343e-02,-3.970647230744361877e-02,-2.559765279293060303e-01,-3.388983309268951416e-01,2.609438896179199219e-01,-1.990727931261062622e-01,-2.741018235683441162e-01,4.352214634418487549e-01,9.488186240196228027e-01,7.997826933860778809e-01,1.098447084426879883e+00,1.312165975570678711e+00,1.211558222770690918e+00,6.730078458786010742e-01,-4.104257002472877502e-02,-1.434406340122222900e-01,-4.043863415718078613e-01,1.379793524742126465e+00,4.579232931137084961e-01,-1.831962317228317261e-01,-3.731852471828460693e-01,8.534794449806213379e-01,3.456780612468719482e-01,1.330179870128631592e-01,8.631754517555236816e-01,1.551317214965820312e+00,8.680578470230102539e-01,7.947430014610290527e-01,5.276425480842590332e-01,2.141408681869506836e+00,4.856311678886413574e-01,-1.585969775915145874e-01,1.115862846374511719e+00,5.813997387886047363e-01,8.401398658752441406e-01,1.749421209096908569e-01,6.590965986251831055e-01,8.863526582717895508e-01,8.003889918327331543e-01,2.601636648178100586e-01,1.199368000030517578e+00,1.230254054069519043e+00,4.248664081096649170e-01,1.448433399200439453e+00,9.983515739440917969e-01,6.611707210540771484e-01,-5.422497540712356567e-02,8.536903262138366699e-01,2.875440120697021484e-01,8.510081768035888672e-01
-1.150231480598449707e+00,-1.091383583843708038e-02,2.725954055786132812e-01,-2.358158826828002930e-01,-5.837956815958023071e-02,6.410807967185974121e-01,6.631376594305038452e-02,2.599292397499084473e-01,5.872806310653686523e-01,1.407815068960189819e-01,8.793253898620605469e-01,1.020597577095031738e+00,2.402665138244628906e+00,3.156996071338653564e-01,-1.138850897550582886e-01,-1.698240637779235840e-01,1.759753584861755371e+00,-1.346179544925689697e-01,1.030622124671936035e+00,1.878840923309326172e-01,-2.085480988025665283e-01,3.811418712139129639e-01,4.993137717247009277e-01,9.875665903091430664e-01,8.413929343223571777e-01,1.167614340782165527e+00,-7.777132093906402588e-02,5.162239670753479004e-01,6.155866980552673340e-01,3.138604462146759033e-01,-2.635510563850402832e-01,6.412670016288757324e-01,7.866045087575912476e-02,3.371376991271972656e-01,6.502673029899597168e-01,2.797949314117431641e-01,8.168283700942993164e-01,-1.788285225629806519e-01,1.351264715194702148e-01,2.511313855648040771e-01,-9.230412244796752930e-01,1.056947350502014160e+00,6.486723423004150391e-01,-8.648928403854370117e-01,-5.338699221611022949e-01,-1.177110195159912109e+00,-9.759192913770675659e-02,-2.451249510049819946e-01,-1.759357601404190063e-01,-4.173184633255004883e-01,-3.714269697666168213e-01,3.856493234634399414e-01,2.290412932634353638e-01,2.973774448037147522e-02,1.150778532028198242e+00,7.170518636703491211e-01,7.834607958793640137e-01,8.927021026611328125e-01,8.895800113677978516e-01,7.250065803527832031e-01,1.098514199256896973e+00,1.545839786529541016e+00,1.397295594215393066e+00,7.066357135772705078e-01,1.115910410881042480e-01,-3.156503140926361084e-01,-1.520050168037414551e-01,1.824012994766235352e+00,1.354708194732666016e+00,3.134373128414154053e-01,-2.085049450397491455e-02,1.265759229660034180e+00,7.495337724685668945e-01,3.356471061706542969e-01,1.068611264228820801e+00,1.858647942543029785e+00,1.225338935852050781e+00,7.795907855033874512e-01,7.249711155891418457e-01,1.852114439010620117e+00,8.773940801620483398e-01,1.639820784330368042e-01,9.806644320487976074e-01,1.083702683448791504e+00,9.386059641838073730e-01,5.430141091346740723e-01,1.352538585662841797e+00,9.970915317535400391e-01,1.041155099868774414e+00,3.951812684535980225e-01,9.709450602531433105e-01,1.090346932411193848e+00,6.226111054420471191e-01,1.724360108375549316e+00,1.290989041328430176e+00,-1.352724730968475342e-01,-4.987892508506774902e-01,4.747570157051086426e-01,5.946754813194274902e-01,2.066452056169509888e-01
-7.961693406105041504e-01,2.757259309291839600e-01,5.496116280555725098e-01,-4.226646125316619873e-01,-1.065616831183433533e-01,1.197991251945495605e+00,4.039825499057769775e-01,1.903088390827178955e-01,7.884872555732727051e-01,1.107664585113525391e+00,1.173626184463500977e+00,1.600735187530517578e+00,1.488345623016357422e+00,7.077698707580566406e-01,-2.725011669099330902e-02,-2.748448029160499573e-02,1.060472130775451660e+00,8.228290826082229614e-02,7.339452505111694336e-01,-1.393395662307739258e-01,-3.486261069774627686e-01,-1.101852580904960632e-01,1.303793668746948242e+00,3.640599548816680908e-01,1.465023875236511230e+00,1.343681573867797852e+00,-5.997081398963928223e-01,2.601165771484375000e-01,-4.217913150787353516e-01,1.066269278526306152e+00,-4.616768658161163330e-01,1.344835400581359863e+00,1.717755049467086792e-01,1.974041759967803955e-01,5.296779274940490723e-01,1.873585879802703857e-01,3.361201882362365723e-01,6.265808343887329102e-01,8.930068612098693848e-01,8.516688346862792969e-01,-5.221190452575683594e-01,1.371598839759826660e+00,1.455651283264160156e+00,-5.338286757469177246e-01,-4.790550172328948975e-01,-5.221637487411499023e-01,7.016770243644714355e-01,8.409616947174072266e-01,9.189367890357971191e-01,-7.385653257369995117e-01,1.796545833349227905e-01,1.966103911399841309e-01,2.180223315954208374e-01,-3.682895004749298096e-01,1.232305407524108887e+00,1.332174777984619141e+00,4.105376899242401123e-01,9.810500144958496094e-01,1.438160538673400879e+00,1.341015458106994629e+00,1.411803483963012695e+00,1.132090568542480469e+00,9.992625713348388672e-01,8.091072440147399902e-01,5.855173468589782715e-01,-3.834116086363792419e-02,-2.155367136001586914e-01,9.625303149223327637e-01,9.621196985244750977e-01,5.617022514343261719e-01,7.323873788118362427e-02,1.113362550735473633e+00,1.054722070693969727e+00,3.510278165340423584e-01,5.478979945182800293e-01,2.142523050308227539e+00,-1.652088165283203125e-01,7.198990583419799805e-01,4.826577007770538330e-01,1.968372344970703125e+00,5.217103362083435059e-01,1.726429909467697144e-01,1.061833500862121582e+00,9.842945337295532227e-01,5.849651694297790527e-01,5.574384331703186035e-01,2.946681380271911621e-01,8.523264527320861816e-01,4.977414011955261230e-01,-2.342128902673721313e-01,1.600619792938232422e+00,1.742985963821411133e+00,1.089362621307373047e+00,2.009899377822875977e+00,1.155090332031250000e+00,-1.211627572774887085e-01,2.750450000166893005e-02,5.401245355606079102e-01,1.263513684272766113e+00,-5.461151003837585449e-01
-1.729833632707595825e-01,4.750282764434814453e-01,2.669417858123779297e-01,2.296435534954071045e-01,2.719742953777313232e-01,3.622645139694213867e-01,3.201545476913452148e-01,4.014426171779632568e-01,5.878742337226867676e-01,1.311514992266893387e-02,2.947413027286529541e-01,6.608846187591552734e-01,2.091102123260498047e+00,1.228297948837280273e+00,3.329774737358093262e-01,3.582816720008850098e-01,1.566938519477844238e+00,7.981252074241638184e-01,1.297879219055175781e+00,3.471101820468902588e-02,4.826731979846954346e-01,5.984451174736022949e-01,1.610236525535583496e+00,6.032516360282897949e-01,-1.268026977777481079e-01,1.061664462089538574e+00,-3.011127375066280365e-02,1.486654486507177353e-02,-8.264143466949462891e-01,1.200664639472961426e+00,1.342115640640258789e+00,1.354214996099472046e-01,-3.755961358547210693e-01,5.200792551040649414e-01,1.086392045021057129e+00,2.845511734485626221e-01,-2.477012276649475098e-01,-3.763425946235656738e-01,2.133944183588027954e-01,2.988664805889129639e-01,-7.256625890731811523e-01,1.406308710575103760e-01,1.197926878929138184e+00,-9.817582964897155762e-01,8.333234786987304688e-01,-9.940781593322753906e-01,7.976067662239074707e-01,1.297567486763000488e-01,-3.326410055160522461e-01,-1.298104405403137207e+00,-2.717888653278350830e-01,3.735349774360656738e-01,1.863581389188766479e-01,6.442334055900573730e-01,6.049257516860961914e-01,7.072034478187561035e-01,8.019852042198181152e-01,1.102912664413452148e+00,4.537179470062255859e-01,9.198279976844787598e-01,1.510053515434265137e+00,1.911029458045959473e+00,1.073861837387084961e+00,6.264964342117309570e-01,7.934430837631225586e-01,1.868669688701629639e-01,-1.232990324497222900e-01,1.671225786209106445e+00,1.149650335311889648e+00,1.152692675590515137e+00,7.034973502159118652e-01,1.458540797233581543e+00,1.131792783737182617e+00,4.607230126857757568e-01,1.554191827774047852e+00,1.000531077384948730e+00,-1.429211795330047607e-01,7.031416296958923340e-01,1.024815440177917480e+00,2.555125355720520020e-01,7.584136128425598145e-01,-1.060562357306480408e-01,1.035251617431640625e+00,1.410198807716369629e+00,8.038396835327148438e-01,6.530342102050781250e-01,3.215928673744201660e-01,3.487012386322021484e-01,3.343403637409210205e-01,-4.089246094226837158e-01,-5.717349648475646973e-01,-1.748590111732482910e+00,-4.420859813690185547e-01,2.515788376331329346e-01,1.061127066612243652e+00,-3.002316951751708984e-01,-4.299856126308441162e-01,3.500495254993438721e-01,2.026178985834121704e-01,-9.110566973686218262e-01
5.576182007789611816e-01,1.152488589286804199e+00,1.278209805488586426e+00,8.158337473869323730e-01,8.018395900726318359e-01,1.120612263679504395e+00,8.996490836143493652e-01,8.773785829544067383e-01,1.436539411544799805e+00,6.491234898567199707e-01,1.869273424148559570e+00,1.400381088256835938e+00,2.899185895919799805e+00,1.167652010917663574e+00,1.296554446220397949e+00,1.320833683013916016e+00,1.659690022468566895e+00,1.169019579887390137e+00,2.003596305847167969e+00,8.453311324119567871e-01,6.025282740592956543e-01,1.466997504234313965e+00,2.196729183197021484e+00,1.397714138031005859e+00,3.899844884872436523e-01,1.260306239128112793e+00,9.242756962776184082e-01,1.310615420341491699e+00,1.626838088035583496e+00,2.035960912704467773e+00,1.393738985061645508e+00,7.264697551727294922e-01,2.032735794782638550e-01,1.179928064346313477e+00,1.644645929336547852e+00,8.330557942390441895e-01,1.191860079765319824e+00,-3.574190139770507812e-01,9.940401315689086914e-01,1.311708927154541016e+00,-4.617514312267303467e-01,1.860188692808151245e-01,1.489076256752014160e+00,-2.052997797727584839e-01,8.458135724067687988e-01,-6.393333077430725098e-01,1.054084300994873047e+00,4.347985088825225830e-01,4.667059481143951416e-01,-6.498608272522687912e-03,1.024477958679199219e+00,1.505468010902404785e+00,7.467486858367919922e-01,1.136125802993774414e+00,1.470047473907470703e+00,7.782648801803588867e-01,1.613343358039855957e+00,1.938211321830749512e+00,1.743887305259704590e+00,2.057811260223388672e+00,2.086664438247680664e+00,2.208093643188476562e+00,2.028595209121704102e+00,1.578065991401672363e+00,1.236744761466979980e+00,1.522015571594238281e+00,1.310191512107849121e+00,2.336511611938476562e+00,1.796979784965515137e+00,1.139790892601013184e+00,6.234877109527587891e-01,2.006448507308959961e+00,1.903900504112243652e+00,1.576791048049926758e+00,2.222881793975830078e+00,1.661831617355346680e+00,1.950541257858276367e+00,2.027701616287231445e+00,1.570966482162475586e+00,4.484825432300567627e-01,1.522959113121032715e+00,4.191754162311553955e-01,2.004817724227905273e+00,1.829659342765808105e+00,1.587788224220275879e+00,1.221712470054626465e+00,1.583797335624694824e+00,1.422962903976440430e+00,1.624613881111145020e+00,1.246244907379150391e+00,4.688525497913360596e-01,-6.291550993919372559e-01,7.544642686843872070e-01,8.626782894134521484e-01,1.433811902999877930e+00,6.624601483345031738e-01,5.963264107704162598e-01,1.089515089988708496e+00,8.471419215202331543e-01,3.775876760482788086e-01
9.887974262237548828e-01,1.373520493507385254e+00,1.061378717422485352e+00,8.932429552078247070e-01,6.174921393394470215e-01,9.964309930801391602e-01,1.356751918792724609e+00,3.126580417156219482e-01,8.560408949851989746e-01,8.409287333488464355e-01,1.967438340187072754e+00,1.713848829269409180e+00,9.041603207588195801e-01,1.280197381973266602e+00,7.968199253082275391e-01,1.055253982543945312e+00,6.511051058769226074e-01,8.589265346527099609e-01,1.342699050903320312e+00,8.563122749328613281e-01,1.872600428760051727e-02,1.923405081033706665e-01,1.911472678184509277e+00,1.032025694847106934e+00,1.288704991340637207e+00,8.223856687545776367e-01,-5.032504200935363770e-01,3.453066647052764893e-01,4.400708973407745361e-01,1.624029517173767090e+00,1.399204015731811523e+00,1.520864367485046387e+00,4.831888973712921143e-01,9.031952023506164551e-01,3.459193408489227295e-01,4.900089204311370850e-01,7.992280125617980957e-01,6.370674967765808105e-01,4.330651462078094482e-01,8.690569400787353516e-01,-4.049873650074005127e-01,7.730219364166259766e-01,9.836454391479492188e-01,-5.406542420387268066e-01,6.815625429153442383e-01,-3.803194761276245117e-01,1.000706791877746582e+00,4.549755454063415527e-01,2.086746841669082642e-01,-7.957051396369934082e-01,4.904438853263854980e-01,1.113557696342468262e+00,1.057804703712463379e+00,1.122969746589660645e+00,1.309085011482238770e+00,5.355877876281738281e-01,9.193308949470520020e-01,1.262607574462890625e+00,1.482896685600280762e+00,1.615767240524291992e+00,1.593364953994750977e+00,1.048293113708496094e+00,1.308279871940612793e+00,2.199911355972290039e+00,1.846440196037292480e+00,1.732619285583496094e+00,7.928529381752014160e-01,9.252260327339172363e-01,1.062542915344238281e+00,6.492348313331604004e-01,3.815557658672332764e-01,1.303162455558776855e+00,2.017307758331298828e+00,1.010043501853942871e+00,1.295205354690551758e+00,1.315670251846313477e+00,1.060918211936950684e+00,1.735945940017700195e+00,1.367808103561401367e+00,1.728706359863281250e+00,1.107292890548706055e+00,2.381910830736160278e-01,1.327421665191650391e+00,8.969416022300720215e-01,9.572211503982543945e-01,9.107840061187744141e-01,8.491241931915283203e-01,9.048407077789306641e-01,8.607308864593505859e-01,8.194971084594726562e-01,1.620515108108520508e+00,9.140219688415527344e-01,1.144036173820495605e+00,1.092042803764343262e+00,1.168061137199401855e+00,8.784485608339309692e-02,3.630890548229217529e-01,8.388646841049194336e-01,2.343303263187408447e-01,-5.007197856903076172e-01
4.904240667819976807e-01,1.418709456920623779e-01,3.657934069633483887e-01,-3.112664222717285156e-01,-3.171558082103729248e-01,-1.311724185943603516e-01,-1.244480684399604797e-01,-1.217329740524291992e+00,-9.072256088256835938e-01,9.060459136962890625e-01,1.809275031089782715e+00,1.504087448120117188e+00,7.844758778810501099e-02,4.842594638466835022e-02,-6.487245559692382812e-01,2.672749161720275879e-01,2.132582217454910278e-01,-4.860314428806304932e-01,7.939769625663757324e-01,-7.225971817970275879e-01,-8.800502419471740723e-01,5.736554265022277832e-01,8.308729529380798340e-01,6.304075717926025391e-01,1.039315819740295410e+00,1.486766815185546875e+00,-7.986991405487060547e-01,2.532108128070831299e-01,-6.845774054527282715e-01,1.245452165603637695e+00,7.509273886680603027e-01,6.669415831565856934e-01,1.680848002433776855e-01,4.666358530521392822e-01,7.937259078025817871e-01,-1.240166306495666504e+00,-1.132471933960914612e-01,9.465758502483367920e-02,6.024379730224609375e-01,5.804222226142883301e-01,-1.225251674652099609e+00,6.848624348640441895e-01,1.499379873275756836e+00,-9.309824705123901367e-01,2.825076580047607422e-01,-8.535441756248474121e-01,8.226020932197570801e-01,3.328501582145690918e-01,-1.990332901477813721e-01,-1.682226061820983887e+00,-9.922527521848678589e-02,-4.258217215538024902e-01,4.198223054409027100e-01,-1.453963816165924072e-01,-1.064077094197273254e-01,-1.615933179855346680e-01,-4.615842998027801514e-01,-7.591470479965209961e-01,1.646865129470825195e+00,1.782659888267517090e+00,1.445214271545410156e+00,7.359386682510375977e-01,8.782858848571777344e-01,1.859668493270874023e+00,1.036677956581115723e+00,3.221079707145690918e-01,6.904157251119613647e-02,6.411407589912414551e-01,8.459083437919616699e-01,-5.318955183029174805e-01,-6.548875570297241211e-01,1.424000501632690430e+00,1.120473146438598633e+00,1.284557580947875977e+00,1.132577300071716309e+00,1.308996796607971191e+00,-4.648003354668617249e-02,1.025131225585937500e+00,1.209634542465209961e+00,8.173709511756896973e-01,9.146430492401123047e-01,-2.041386812925338745e-01,1.163237094879150391e+00,1.098845481872558594e+00,7.257298231124877930e-01,8.554026484489440918e-01,1.835094988346099854e-01,6.684873104095458984e-01,-8.067593574523925781e-01,8.570633530616760254e-01,1.075843095779418945e+00,5.134079456329345703e-01,1.116145491600036621e+00,8.012987375259399414e-01,1.363736867904663086e+00,-3.186691701412200928e-01,-5.064387992024421692e-02,5.006644129753112793e-01,-6.761208176612854004e-01,-1.325277209281921387e+00
-2.262343019247055054e-01,-5.250767469406127930e-01,8.794284611940383911e-02,-9.066081047058105469e-01,-1.077699780464172363e+00,-1.065574288368225098e-01,-8.373557031154632568e-02,-1.235794663429260254e+00,-1.418701291084289551e+00,4.458845257759094238e-01,9.404867887496948242e-01,9.794265627861022949e-01,-2.244810611009597778e-01,-1.846288144588470459e-01,-8.185591697692871094e-01,-2.220885753631591797e-01,7.401456832885742188e-01,-7.516028285026550293e-01,7.898995280265808105e-01,-1.632703423500061035e+00,-8.709247708320617676e-01,2.218648195266723633e-01,7.222084999084472656e-01,9.229746460914611816e-01,1.245278954505920410e+00,1.120201587677001953e+00,-7.136178016662597656e-01,-2.647012174129486084e-01,-7.957064509391784668e-01,1.065041303634643555e+00,4.642313420772552490e-01,8.808119297027587891e-01,5.633903667330741882e-02,3.250855207443237305e-01,7.716618776321411133e-01,-1.827697515487670898e+00,-7.567696273326873779e-02,3.597199916839599609e-01,1.163412909954786301e-02,5.554715394973754883e-01,-9.449457526206970215e-01,8.856963515281677246e-01,1.367032289505004883e+00,-1.270134568214416504e+00,-8.683776855468750000e-02,-8.229020237922668457e-01,5.668102502822875977e-01,4.304748773574829102e-02,-5.853943228721618652e-01,-1.759625434875488281e+00,-5.577839612960815430e-01,-8.938106298446655273e-01,-1.410120576620101929e-01,-1.024239420890808105e+00,-1.721512079238891602e-01,-3.553591370582580566e-01,-9.276705384254455566e-01,-1.390652418136596680e+00,1.113401532173156738e+00,7.847995162010192871e-01,9.876237511634826660e-01,4.019974470138549805e-01,8.354059457778930664e-01,1.776116847991943359e+00,4.022451639175415039e-01,-1.455345302820205688e-01,-3.035894334316253662e-01,1.969039291143417358e-01,6.866291761398315430e-01,-8.082870244979858398e-01,-8.091012239456176758e-01,1.234636068344116211e+00,8.337056636810302734e-01,8.779999613761901855e-01,5.737944841384887695e-01,1.089708328247070312e+00,1.814976334571838379e-02,9.473590850830078125e-01,1.226516366004943848e+00,6.533926725387573242e-01,7.422409057617187500e-01,-2.289549112319946289e-01,9.658539295196533203e-01,8.596350550651550293e-01,7.405170202255249023e-01,8.394930958747863770e-01,-1.067296639084815979e-01,4.198769927024841309e-01,-1.116379022598266602e+00,5.826123356819152832e-01,1.228064179420471191e+00,7.642053365707397461e-01,1.189721345901489258e+00,1.149296045303344727e+00,1.265642285346984863e+00,-6.124388575553894043e-01,6.079384684562683105e-02,3.727746605873107910e-01,-1.020590543746948242e+00,-1.504639506340026855e+00
4.333355426788330078e-01,-4.779885709285736084e-01,8.655682802200317383e-01,-6.863464713096618652e-01,-9.012848734855651855e-01,4.446986317634582520e-01,-3.449702262878417969e-02,-8.404269218444824219e-01,-8.104065656661987305e-01,2.870047092437744141e-01,1.391928911209106445e+00,8.534516692161560059e-01,-9.186197817325592041e-02,-3.512797653675079346e-01,-8.359147906303405762e-01,-2.286879569292068481e-01,6.202318668365478516e-01,-4.064021706581115723e-01,5.686542987823486328e-01,-1.506916165351867676e+00,-1.278175711631774902e+00,5.098565220832824707e-01,6.788384914398193359e-01,9.476876854896545410e-01,1.365359663963317871e+00,1.523136734962463379e+00,-8.258331418037414551e-01,-1.822734326124191284e-01,-6.968469619750976562e-01,8.974742293357849121e-01,7.627630829811096191e-01,8.397551178932189941e-01,-3.532053828239440918e-01,6.877666711807250977e-01,6.832644939422607422e-01,-1.457216620445251465e+00,2.986989617347717285e-01,3.031079173088073730e-01,2.921653389930725098e-01,5.584694743156433105e-01,-8.019336462020874023e-01,1.180747747421264648e+00,1.890937328338623047e+00,-1.109349608421325684e+00,6.258700788021087646e-02,-1.280213713645935059e+00,3.532798588275909424e-01,1.879488229751586914e-01,-3.366909027099609375e-01,-1.263425230979919434e+00,-6.384561061859130859e-01,-4.605193734169006348e-01,2.103702723979949951e-01,-8.665133714675903320e-01,1.688846498727798462e-01,5.712924599647521973e-01,-2.120832651853561401e-01,-7.989279627799987793e-01,1.509619116783142090e+00,8.200399279594421387e-01,1.089771270751953125e+00,6.839099526405334473e-01,5.323742032051086426e-01,1.482531785964965820e+00,-6.123523414134979248e-02,-5.133562684059143066e-01,4.169412553310394287e-01,6.286542415618896484e-01,9.866032004356384277e-01,-5.209642648696899414e-01,-1.177377223968505859e+00,1.609881997108459473e+00,8.924207687377929688e-01,1.295764207839965820e+00,9.088108539581298828e-01,1.693882703781127930e+00,6.480494514107704163e-03,7.135665416717529297e-01,1.327533602714538574e+00,1.305329203605651855e+00,1.323222160339355469e+00,5.670660734176635742e-01,1.498434424400329590e+00,1.300440430641174316e+00,8.137852549552917480e-01,7.562196850776672363e-01,2.988129556179046631e-01,8.847594261169433594e-01,-7.152377963066101074e-01,1.333120703697204590e+00,1.531429171562194824e+00,7.924215793609619141e-01,1.205790996551513672e+00,1.242983102798461914e+00,1.701240777969360352e+00,-2.597700059413909912e-01,-2.477312088012695312e-01,2.494898438453674316e-01,-3.066433966159820557e-01,-9.497292637825012207e-01
6.252143979072570801e-01,2.304477840662002563e-01,1.178361892700195312e+00,-1.862561851739883423e-01,-2.594200372695922852e-01,7.888168692588806152e-01,8.060241937637329102e-01,-1.094128340482711792e-01,1.194506734609603882e-01,5.775251388549804688e-01,8.221814632415771484e-01,1.170009136199951172e+00,1.612124592065811157e-01,5.926584601402282715e-01,-3.059957325458526611e-01,4.582558274269104004e-01,3.715330660343170166e-01,3.355760872364044189e-01,1.101082563400268555e+00,-5.688482522964477539e-01,-6.114090681076049805e-01,1.039170384407043457e+00,1.722392082214355469e+00,1.138491392135620117e+00,1.086032032966613770e+00,1.372575521469116211e+00,1.635303646326065063e-01,7.241637706756591797e-01,-7.485559582710266113e-01,1.758408308029174805e+00,4.043949246406555176e-01,6.229711771011352539e-01,2.712317705154418945e-01,9.870389103889465332e-01,1.393918275833129883e+00,-8.050382137298583984e-01,-2.575222402811050415e-02,3.514682054519653320e-01,6.044061183929443359e-01,1.079571008682250977e+00,-3.350448906421661377e-01,1.035673499107360840e+00,2.234081029891967773e+00,-5.516880154609680176e-01,6.282632797956466675e-02,-4.083252251148223877e-01,1.616261124610900879e+00,1.295795440673828125e+00,1.374485939741134644e-01,-6.250792741775512695e-01,3.627817928791046143e-01,3.810045123100280762e-01,1.028803467750549316e+00,-1.622713208198547363e-01,6.951838135719299316e-01,6.559084057807922363e-01,8.379761576652526855e-01,1.254745423793792725e-01,1.797911286354064941e+00,1.106778264045715332e+00,1.104796051979064941e+00,7.084282636642456055e-01,9.556859731674194336e-01,2.029001474380493164e+00,1.186514854431152344e+00,2.365925759077072144e-01,7.076392769813537598e-01,1.068544864654541016e+00,1.502870917320251465e+00,3.571206629276275635e-01,-3.715028464794158936e-01,1.773651361465454102e+00,1.726370692253112793e+00,1.767969965934753418e+00,1.157916903495788574e+00,1.733454823493957520e+00,-1.272453814744949341e-01,1.383052229881286621e+00,1.256378412246704102e+00,8.255352377891540527e-01,1.260461330413818359e+00,5.085170269012451172e-01,1.680910944938659668e+00,1.662149071693420410e+00,1.320604801177978516e+00,1.504912614822387695e+00,3.972696661949157715e-01,1.602211594581604004e+00,9.980309754610061646e-03,1.539670944213867188e+00,1.580142378807067871e+00,1.277684450149536133e+00,1.687224030494689941e+00,1.411249399185180664e+00,1.729635357856750488e+00,2.929693162441253662e-01,8.458799123764038086e-01,1.471593260765075684e+00,2.508094906806945801e-01,-1.458624154329299927e-01
6.629140377044677734e-01,7.582619190216064453e-01,1.241361379623413086e+00,3.732695281505584717e-01,1.103095635771751404e-01,6.522052288055419922e-01,1.242447376251220703e+00,4.180719554424285889e-01,6.761451363563537598e-01,9.177547693252563477e-01,1.014863729476928711e+00,1.412978649139404297e+00,5.935736298561096191e-01,1.401410937309265137e+00,1.138314127922058105e+00,7.534034252166748047e-01,1.594012975692749023e+00,1.200336337089538574e+00,1.972216129302978516e+00,3.762770891189575195e-01,4.484453499317169189e-01,1.340327739715576172e+00,2.510613203048706055e+00,1.309101343154907227e+00,1.133434653282165527e+00,2.034448385238647461e+00,1.130019903182983398e+00,1.279558658599853516e+00,1.124761700630187988e+00,2.300155401229858398e+00,1.073920011520385742e+00,7.619380950927734375e-01,-3.877161145210266113e-01,1.194984197616577148e+00,1.445645928382873535e+00,2.681896388530731201e-01,9.486594796180725098e-01,1.754696220159530640e-01,8.070192933082580566e-01,1.005550622940063477e+00,-3.082710802555084229e-01,1.066329002380371094e+00,1.714423179626464844e+00,-6.720945239067077637e-01,2.640346884727478027e-01,-1.192691698670387268e-01,2.313200950622558594e+00,1.624227523803710938e+00,6.000915765762329102e-01,2.174787670373916626e-01,8.434391617774963379e-01,1.450633168220520020e+00,1.447340130805969238e+00,5.475557446479797363e-01,1.330378770828247070e+00,6.582052111625671387e-01,1.678978204727172852e+00,8.935253024101257324e-01,1.809446573257446289e+00,1.643935561180114746e+00,1.471481323242187500e+00,6.841180920600891113e-01,1.905343651771545410e+00,2.523114919662475586e+00,2.113307714462280273e+00,1.690090298652648926e+00,1.185946106910705566e+00,1.794952630996704102e+00,2.324670791625976562e+00,1.054602146148681641e+00,1.367831081151962280e-01,1.890769004821777344e+00,2.508755683898925781e+00,1.757575392723083496e+00,1.595842361450195312e+00,1.995644569396972656e+00,1.782420635223388672e+00,2.416544437408447266e+00,1.292348980903625488e+00,3.548394739627838135e-01,1.813600778579711914e+00,4.408276975154876709e-01,1.690451145172119141e+00,1.940907835960388184e+00,1.767595887184143066e+00,1.826439023017883301e+00,1.438293337821960449e+00,1.959967613220214844e+00,9.418120980262756348e-01,1.774075865745544434e+00,1.481873273849487305e+00,7.253323793411254883e-01,1.575731515884399414e+00,1.161581277847290039e+00,1.822926044464111328e+00,4.014748334884643555e-01,9.588221311569213867e-01,2.018774986267089844e+00,7.429494261741638184e-01,7.232255935668945312e-01
1.702696442604064941e+00,1.558734774589538574e+00,1.712955236434936523e+00,9.583404660224914551e-01,9.714714288711547852e-01,1.703873991966247559e+00,4.347826242446899414e-01,7.060809731483459473e-01,1.341189622879028320e+00,-2.420646995306015015e-01,6.715598106384277344e-01,5.840311646461486816e-01,1.015415787696838379e+00,2.431655168533325195e+00,2.101801633834838867e+00,7.097569704055786133e-01,2.141145944595336914e+00,1.149264931678771973e+00,2.580029010772705078e+00,1.060694813728332520e+00,1.020372986793518066e+00,9.555366039276123047e-01,2.672961473464965820e+00,1.372207164764404297e+00,1.188605070114135742e+00,8.995881676673889160e-01,1.864405870437622070e+00,1.986496448516845703e+00,2.296515226364135742e+00,2.079918622970581055e+00,1.199173927307128906e+00,1.232497811317443848e+00,-1.884106099605560303e-01,1.060917019844055176e+00,1.122115492820739746e+00,1.527127265930175781e+00,2.478830337524414062e+00,5.577762126922607422e-01,4.895737767219543457e-01,-9.728826582431793213e-03,-6.090669631958007812e-01,1.350383996963500977e+00,6.088480949401855469e-01,3.201637864112854004e-01,-1.634191162884235382e-02,-4.720880687236785889e-01,9.034889340400695801e-01,1.054143667221069336e+00,1.432438731193542480e+00,1.398772954940795898e+00,2.021903276443481445e+00,2.264244556427001953e+00,1.739510893821716309e+00,1.576353788375854492e+00,2.157843351364135742e+00,1.618630170822143555e+00,2.238203048706054688e+00,1.800859689712524414e+00,1.483950138092041016e+00,6.152896881103515625e-01,1.234618186950683594e+00,8.822504281997680664e-01,1.539228916168212891e+00,2.020566463470458984e+00,2.545799970626831055e+00,2.198449373245239258e+00,1.864269614219665527e+00,1.917955040931701660e+00,2.359315872192382812e+00,1.527382016181945801e+00,8.891660571098327637e-01,1.646612405776977539e+00,2.667832136154174805e+00,1.858695030212402344e+00,1.556757450103759766e+00,1.160514354705810547e+00,3.165984153747558594e+00,2.437747001647949219e+00,1.235772967338562012e+00,1.385104060173034668e+00,1.945302963256835938e+00,1.097443103790283203e+00,2.397314310073852539e+00,1.790084123611450195e+00,2.322903156280517578e+00,1.425918698310852051e+00,3.100090503692626953e+00,2.368675947189331055e+00,1.852568387985229492e+00,1.781531453132629395e+00,1.975981593132019043e+00,1.459346652030944824e+00,2.225756406784057617e+00,1.636499166488647461e+00,1.653089046478271484e+00,1.706164360046386719e+00,1.488167166709899902e+00,2.136574983596801758e+00,1.676366090774536133e+00,1.943711638450622559e+00
1.026826024055480957e+00,1.112435579299926758e+00,1.195820927619934082e+00,2.683728635311126709e-01,7.712127566337585449e-01,6.329987645149230957e-01,5.115633457899093628e-02,-1.892380863428115845e-01,4.617601931095123291e-01,-9.633062034845352173e-02,1.487362533807754517e-01,5.802757740020751953e-01,3.654263317584991455e-01,2.547658443450927734e+00,1.174331545829772949e+00,4.131729900836944580e-01,1.337760567665100098e+00,4.004842042922973633e-01,2.036560535430908203e+00,6.367570161819458008e-01,5.921505391597747803e-02,7.717686891555786133e-01,2.106597900390625000e+00,1.065044283866882324e+00,1.039511919021606445e+00,2.983371317386627197e-01,1.281592965126037598e+00,2.064320325851440430e+00,1.473366618156433105e+00,1.328488945960998535e+00,1.888500094413757324e+00,9.453598260879516602e-01,1.358393281698226929e-01,8.516405820846557617e-01,1.290109992027282715e+00,1.006970047950744629e+00,2.162829160690307617e+00,2.989687919616699219e-01,6.606960892677307129e-01,-5.891259312629699707e-01,-4.593539834022521973e-01,1.210248112678527832e+00,1.059180140495300293e+00,4.862757623195648193e-01,5.786563754081726074e-01,-3.629066646099090576e-01,1.214528083801269531e+00,6.323160529136657715e-01,1.005918264389038086e+00,1.188915848731994629e+00,1.585977435111999512e+00,1.372647166252136230e+00,1.389597773551940918e+00,1.407977581024169922e+00,1.396625995635986328e+00,7.623438835144042969e-01,1.349057197570800781e+00,1.039965510368347168e+00,1.775736331939697266e+00,1.263182759284973145e-01,1.129655361175537109e+00,6.577958464622497559e-01,7.233577966690063477e-01,4.294366538524627686e-01,1.250309109687805176e+00,9.611331820487976074e-01,1.754808306694030762e+00,1.516265511512756348e+00,2.067457675933837891e+00,8.597487211227416992e-01,1.076448187232017517e-01,1.620542287826538086e+00,1.190198421478271484e+00,1.742357015609741211e+00,1.391192555427551270e+00,1.062363386154174805e+00,1.613993406295776367e+00,1.860832929611206055e+00,1.706597328186035156e+00,1.084241151809692383e+00,1.507878184318542480e+00,1.113678336143493652e+00,2.190102577209472656e+00,1.459117531776428223e+00,1.882530570030212402e+00,1.059105277061462402e+00,2.619556427001953125e+00,2.094904899597167969e+00,1.361675262451171875e+00,1.610243558883666992e+00,2.214404344558715820e+00,1.424956917762756348e+00,2.109159708023071289e+00,1.841527581214904785e+00,1.705945491790771484e+00,1.571158647537231445e+00,1.025443196296691895e+00,1.309260129928588867e+00,9.450920820236206055e-01,1.368355512619018555e+00
8.089978098869323730e-01,2.294223904609680176e-01,6.349393725395202637e-01,-7.602169513702392578e-01,-6.557641923427581787e-02,5.407155752182006836e-01,1.458440721035003662e-01,-8.986405730247497559e-01,-2.561756074428558350e-01,1.889162361621856689e-01,8.567708730697631836e-01,1.223174810409545898e+00,-2.235216647386550903e-01,2.254333496093750000e+00,6.066595315933227539e-01,-2.673913836479187012e-01,7.650023698806762695e-01,-2.550833225250244141e-01,1.377105951309204102e+00,-5.356638431549072266e-01,-4.173409044742584229e-01,1.158636063337326050e-01,1.385107398033142090e+00,3.267053365707397461e-01,8.452496528625488281e-01,9.702593684196472168e-01,2.556311488151550293e-01,9.238933920860290527e-01,-1.785548478364944458e-01,7.098947763442993164e-01,5.809625983238220215e-01,5.880644917488098145e-01,-4.100375473499298096e-01,2.237391322851181030e-01,6.230050921440124512e-01,-2.475791797041893005e-02,1.016393184661865234e+00,-5.766998231410980225e-02,6.330978274345397949e-01,-4.023633897304534912e-01,-4.064020216464996338e-01,6.046938896179199219e-01,1.231275677680969238e+00,-2.008965462446212769e-01,7.593176513910293579e-02,2.337075918912887573e-01,1.473602771759033203e+00,5.828185677528381348e-01,3.235875070095062256e-01,5.350121483206748962e-02,5.356367826461791992e-01,3.831594586372375488e-01,4.948736727237701416e-01,4.565297067165374756e-01,6.709592938423156738e-01,8.629329800605773926e-01,5.361984372138977051e-01,7.616838067770004272e-02,1.532373428344726562e+00,9.869326949119567871e-01,1.554591655731201172e+00,4.449716508388519287e-01,3.401109576225280762e-01,-2.286492288112640381e-01,-2.449968643486499786e-02,-1.245427876710891724e-01,9.384858608245849609e-01,2.870344221591949463e-01,1.211387634277343750e+00,8.514725416898727417e-02,-6.168960928916931152e-01,1.385370373725891113e+00,5.470684170722961426e-01,1.334873795509338379e+00,1.078655481338500977e+00,1.050877690315246582e+00,2.017053961753845215e-01,1.145978689193725586e+00,1.180992364883422852e+00,5.238388776779174805e-01,1.466252088546752930e+00,9.886384010314941406e-01,1.457388281822204590e+00,1.357440710067749023e+00,1.390414714813232422e+00,1.239434599876403809e+00,1.315836668014526367e+00,1.471675395965576172e+00,1.162599921226501465e-01,1.217318296432495117e+00,1.778887271881103516e+00,1.218583226203918457e+00,1.497486233711242676e+00,1.459206581115722656e+00,1.605939269065856934e+00,6.145434379577636719e-01,1.319177746772766113e+00,8.184232711791992188e-01,1.701733469963073730e-01,1.578884273767471313e-01
-5.014982223510742188e-01,-6.779240071773529053e-02,8.494167923927307129e-01,-9.523985385894775391e-01,-5.471331477165222168e-01,5.344619154930114746e-01,2.130820751190185547e-01,-5.620983242988586426e-01,-1.236208435148000717e-02,2.319914102554321289e-01,3.854526281356811523e-01,7.335808277130126953e-01,-7.611420750617980957e-01,1.861778140068054199e+00,6.992347538471221924e-02,-9.832042455673217773e-01,7.572730779647827148e-01,-5.476120114326477051e-01,8.682481050491333008e-01,-1.359702348709106445e+00,-6.559715270996093750e-01,-7.398535013198852539e-01,9.381409287452697754e-01,3.337894678115844727e-01,1.092263817787170410e+00,6.937962770462036133e-01,-7.177811264991760254e-01,3.134059309959411621e-01,-5.113068819046020508e-01,2.327153831720352173e-01,6.279802322387695312e-01,2.767403423786163330e-01,-8.189655542373657227e-01,-2.430945932865142822e-01,-2.670425474643707275e-01,-7.467581629753112793e-01,3.925425931811332703e-02,-2.815395407378673553e-02,4.007869958877563477e-01,5.204825848340988159e-02,-7.782124876976013184e-01,9.182847142219543457e-01,9.066061973571777344e-01,-2.138907164335250854e-01,-1.238988041877746582e+00,-4.702568054199218750e-01,-2.591993510723114014e-01,-4.481947422027587891e-02,7.691816687583923340e-01,-4.214961230754852295e-01,-4.201896488666534424e-01,4.146683812141418457e-01,2.211902886629104614e-01,-3.472425043582916260e-01,6.033840775489807129e-01,9.021872878074645996e-01,3.847068846225738525e-01,-1.289856135845184326e-01,9.712394475936889648e-01,5.040944218635559082e-01,1.509651422500610352e+00,3.760481476783752441e-01,-8.452302217483520508e-02,-3.961015939712524414e-01,-2.218396365642547607e-01,-8.028417229652404785e-01,5.494934916496276855e-01,6.767031550407409668e-01,7.506340742111206055e-01,-3.617047071456909180e-01,-9.259439706802368164e-01,6.602360606193542480e-01,2.789822518825531006e-01,1.106891632080078125e+00,7.506262660026550293e-01,1.129204750061035156e+00,-1.813881695270538330e-01,4.058825075626373291e-01,9.493518471717834473e-01,5.849252939224243164e-01,8.511998653411865234e-01,2.173857241868972778e-01,1.165275931358337402e+00,6.021137237548828125e-01,6.003724932670593262e-01,1.719716638326644897e-01,2.685288786888122559e-01,6.623824834823608398e-01,-6.101260781288146973e-01,2.894742786884307861e-01,1.258376359939575195e+00,4.059868678450584412e-02,9.322409629821777344e-01,1.469733476638793945e+00,1.173891544342041016e+00,4.907425343990325928e-01,2.307369112968444824e-01,4.928772151470184326e-02,7.544578313827514648e-01,-3.809327483177185059e-01
6.244468688964843750e-01,-7.284361124038696289e-01,7.711623311042785645e-01,-1.043321013450622559e+00,-4.855000376701354980e-01,7.064595818519592285e-01,-3.935618102550506592e-01,-7.898614406585693359e-01,-6.066770479083061218e-02,-5.632788538932800293e-01,2.862833738327026367e-01,2.240670099854469299e-02,-2.027062475681304932e-01,2.020730972290039062e+00,4.240497481077909470e-03,-7.481368780136108398e-01,1.062514305114746094e+00,-1.682640194892883301e+00,1.288752079010009766e+00,-2.216403007507324219e+00,-1.439498662948608398e+00,-2.323563992977142334e-01,3.054853081703186035e-01,1.625485718250274658e-01,3.652209639549255371e-01,1.146489500999450684e+00,-1.101506233215332031e+00,4.036027193069458008e-02,-1.737241446971893311e-02,4.596560262143611908e-03,-2.679323554039001465e-01,2.132806032896041870e-01,-1.164257884025573730e+00,-1.556694030761718750e+00,-1.017035916447639465e-01,-8.485675454139709473e-01,-3.286836147308349609e-01,-5.875964164733886719e-01,-6.089766621589660645e-01,-7.958876490592956543e-01,-2.406039237976074219e+00,4.270195364952087402e-01,-2.263944447040557861e-01,-6.081808209419250488e-01,-1.320389986038208008e+00,-2.039968490600585938e+00,-1.532839417457580566e+00,8.791421353816986084e-02,8.819127678871154785e-01,-5.136445760726928711e-01,1.214453279972076416e-01,-5.078409910202026367e-01,-3.704053461551666260e-01,-1.039288163185119629e+00,5.974156856536865234e-01,7.810836434364318848e-01,1.737060546875000000e-01,-3.649832606315612793e-01,5.578858852386474609e-01,1.147112995386123657e-01,1.160317778587341309e+00,7.627205848693847656e-01,4.469981193542480469e-01,-2.837083935737609863e-01,-4.635502994060516357e-01,-1.079007148742675781e+00,-8.453649282455444336e-01,8.727619647979736328e-01,-6.049265712499618530e-02,-9.722758531570434570e-01,-1.233654260635375977e+00,5.590824484825134277e-01,-4.511535167694091797e-02,8.596633076667785645e-01,1.179904937744140625e+00,4.532254338264465332e-01,6.418535709381103516e-01,1.159613952040672302e-01,7.300471067428588867e-01,5.846541523933410645e-01,4.348219931125640869e-01,-1.614748954772949219e+00,2.046729475259780884e-01,5.640553832054138184e-01,7.701153159141540527e-01,-4.513076245784759521e-01,4.882054626941680908e-01,5.045717358589172363e-01,-1.081306338310241699e+00,-5.635892748832702637e-01,-1.109847664833068848e+00,-1.642058491706848145e+00,-5.728594064712524414e-01,5.204133391380310059e-01,8.343662619590759277e-01,9.703395515680313110e-02,-1.057249307632446289e+00,1.231350675225257874e-01,3.486569225788116455e-01,-5.909230709075927734e-01
1.567449212074279785e+00,-5.242207646369934082e-01,1.337411165237426758e+00,-1.026499390602111816e+00,-4.989165365695953369e-01,1.180613279342651367e+00,4.628331363201141357e-01,1.990714818239212036e-01,9.523257017135620117e-01,-1.881978064775466919e-01,1.014352798461914062e+00,1.576256155967712402e-01,2.177139073610305786e-01,2.635169506072998047e+00,1.057207942008972168e+00,-5.605332851409912109e-01,1.023209095001220703e+00,-7.124515771865844727e-01,1.227559924125671387e+00,-8.236635327339172363e-01,-1.222026586532592773e+00,-5.491645932197570801e-01,9.626986384391784668e-01,-3.036818504333496094e-01,-1.706971973180770874e-01,1.166001915931701660e+00,-2.920841872692108154e-01,5.325100570917129517e-02,1.262334883213043213e-01,5.507907271385192871e-01,4.427583515644073486e-01,-3.484142720699310303e-01,-1.191757082939147949e+00,-9.306994080543518066e-01,3.218212425708770752e-01,8.652715086936950684e-01,-5.946259945631027222e-03,-1.669797897338867188e-01,1.836967654526233673e-02,5.218364670872688293e-02,-1.000190854072570801e+00,6.037981510162353516e-01,-2.654758989810943604e-01,4.972171485424041748e-01,-7.440697550773620605e-01,-1.396199226379394531e+00,9.744648635387420654e-02,1.404359221458435059e+00,1.915435791015625000e+00,1.022347807884216309e+00,6.324822306632995605e-01,5.298710465431213379e-01,-1.630346775054931641e-01,-5.678563117980957031e-01,1.008209586143493652e+00,1.204928994178771973e+00,1.319782257080078125e+00,6.633738279342651367e-01,8.045671582221984863e-01,1.155623435974121094e+00,9.398106336593627930e-01,1.153885602951049805e+00,9.406154155731201172e-01,1.824418902397155762e-01,-4.157395660877227783e-02,2.355368286371231079e-01,1.795964092016220093e-01,5.733272433280944824e-01,4.308482259511947632e-02,-1.001439541578292847e-01,-1.019426465034484863e+00,2.224139124155044556e-01,2.501540482044219971e-01,1.104699015617370605e+00,1.186913967132568359e+00,-3.770321011543273926e-01,3.266738355159759521e-01,2.764798998832702637e-01,7.602106332778930664e-01,-1.562659442424774170e-01,-4.883997607976198196e-03,-8.256310820579528809e-01,3.326007425785064697e-01,4.383756220340728760e-01,8.151566386222839355e-01,8.824513852596282959e-02,4.270523488521575928e-01,4.810673296451568604e-01,3.360922336578369141e-01,-1.182343885302543640e-01,-5.558099746704101562e-01,-8.673032522201538086e-01,-4.636525213718414307e-01,2.249216437339782715e-01,4.854032397270202637e-01,1.220698118209838867e+00,-3.608853220939636230e-01,8.299168944358825684e-01,1.424978613853454590e+00,6.104388236999511719e-01
1.221555590629577637e+00,4.258892536163330078e-01,1.239804863929748535e+00,7.678376883268356323e-02,-1.112867742776870728e-01,1.057200193405151367e+00,7.073391675949096680e-01,7.838958501815795898e-01,1.893936514854431152e+00,-1.073623299598693848e+00,-2.606805264949798584e-01,-4.886142909526824951e-01,4.265534281730651855e-01,2.712557077407836914e+00,1.872188568115234375e+00,-2.498706802725791931e-02,1.768866300582885742e+00,3.758435547351837158e-01,1.873025894165039062e+00,6.033449769020080566e-01,-6.364106535911560059e-01,-2.993326820433139801e-02,1.527705788612365723e+00,-3.899333775043487549e-01,-1.950358301401138306e-01,-8.930405974388122559e-02,6.713555455207824707e-01,1.066228628158569336e+00,1.264489412307739258e+00,8.894095420837402344e-01,7.407714724540710449e-01,1.707424409687519073e-02,-4.243765473365783691e-01,1.865212321281433105e-01,8.147022724151611328e-01,2.017364501953125000e+00,1.249772787094116211e+00,-2.732083946466445923e-02,-5.741398930549621582e-01,-7.622526288032531738e-01,-1.009899750351905823e-01,3.909307122230529785e-01,9.890353679656982422e-02,9.868184328079223633e-01,-2.306101173162460327e-01,-5.076872706413269043e-01,1.675269246101379395e+00,2.528768062591552734e+00,2.077327489852905273e+00,2.175147056579589844e+00,9.817862510681152344e-01,1.460461497306823730e+00,-3.594935312867164612e-02,5.738278478384017944e-02,1.333813190460205078e+00,1.050974249839782715e+00,1.423523783683776855e+00,1.332644224166870117e+00,4.140031337738037109e-01,-7.451839447021484375e-01,3.054178655147552490e-01,9.371672272682189941e-01,9.648988842964172363e-01,5.825864672660827637e-01,2.332224845886230469e-01,7.591690421104431152e-01,9.292326569557189941e-01,7.884090542793273926e-01,1.415473669767379761e-01,1.020937338471412659e-01,-7.623392939567565918e-01,-1.401136443018913269e-02,8.716546893119812012e-01,1.299808263778686523e+00,6.977634429931640625e-01,-4.991230070590972900e-01,9.178438186645507812e-01,5.886796116828918457e-01,1.181764602661132812e+00,3.824754655361175537e-01,1.283389776945114136e-01,9.044422209262847900e-02,8.360604047775268555e-01,4.341066479682922363e-01,9.359466433525085449e-01,2.743012905120849609e-01,1.257056832313537598e+00,9.807962179183959961e-01,9.852547645568847656e-01,3.855817019939422607e-01,4.767932891845703125e-01,-5.749464035034179688e-01,-1.131472066044807434e-01,5.499074459075927734e-01,4.907203912734985352e-01,1.846253633499145508e+00,3.344615101814270020e-01,1.577880978584289551e+00,2.038136959075927734e+00,1.543312072753906250e+00
-1.838382147252559662e-02,-4.220373332500457764e-01,-3.803135752677917480e-01,-3.008639812469482422e-01,-5.261518955230712891e-01,-4.346190989017486572e-01,-9.688510894775390625e-01,-1.034559845924377441e+00,2.022899985313415527e-01,-1.070092201232910156e+00,-2.634293437004089355e-01,-2.778481245040893555e-01,1.859511137008666992e-01,1.059456467628479004e+00,1.248280763626098633e+00,-4.980462193489074707e-01,4.631866514682769775e-01,-7.604060769081115723e-01,7.259943485260009766e-01,-4.509218335151672363e-01,-1.065136909484863281e+00,2.107755048200488091e-03,9.626986384391784668e-01,-6.219391226768493652e-01,-5.804881453514099121e-01,4.339138269424438477e-01,2.298768311738967896e-01,8.234147429466247559e-01,5.560079813003540039e-01,6.084385514259338379e-01,1.092637300491333008e+00,-2.858250737190246582e-01,-5.407221913337707520e-01,-4.231220185756683350e-01,1.194904208183288574e+00,1.071769237518310547e+00,1.190444231033325195e+00,-5.511245727539062500e-01,-1.038914561271667480e+00,-9.140841960906982422e-01,-5.562043190002441406e-01,1.221739575266838074e-01,2.024732232093811035e-01,4.768329262733459473e-01,-4.303939640522003174e-01,-6.821628212928771973e-01,1.807081699371337891e+00,1.768656253814697266e+00,4.501927793025970459e-01,1.450701951980590820e+00,-2.525314986705780029e-01,1.958386749029159546e-01,-6.775740981101989746e-01,-1.855443418025970459e-01,-1.266787499189376831e-01,-4.379914700984954834e-01,-8.858000636100769043e-01,6.156971678137779236e-02,1.614928245544433594e-01,-2.593290507793426514e-01,2.884874343872070312e-01,7.734056115150451660e-01,3.089604377746582031e-01,-1.117625460028648376e-01,-3.265506327152252197e-01,4.835314750671386719e-01,-5.425536036491394043e-01,2.136675864458084106e-01,-3.323004394769668579e-02,-9.343174099922180176e-01,-1.163132190704345703e+00,1.799312531948089600e-01,2.278732508420944214e-01,4.692985415458679199e-01,6.016233563423156738e-01,-8.304542303085327148e-01,1.566922217607498169e-01,4.165543615818023682e-01,1.147630691528320312e+00,-3.016863465309143066e-01,-4.786512628197669983e-02,-1.560242623090744019e-01,4.262721240520477295e-01,6.971856951713562012e-01,1.058012723922729492e+00,4.504139721393585205e-01,8.591854572296142578e-01,9.159145951271057129e-01,1.826892048120498657e-01,8.882778882980346680e-02,2.594214379787445068e-01,-6.829012036323547363e-01,-6.548487544059753418e-01,1.276357322931289673e-01,4.348444044589996338e-01,1.302584886550903320e+00,3.287190496921539307e-01,1.428857207298278809e+00,1.994710564613342285e-01,1.157125115394592285e+00
-3.884176313877105713e-01,-9.289511442184448242e-01,-3.253461718559265137e-01,-1.030861139297485352e+00,-1.014514565467834473e+00,-4.174254536628723145e-01,-9.540633559226989746e-01,-1.307927966117858887e+00,-4.243326187133789062e-01,-1.159253835678100586e+00,-6.089358925819396973e-01,-1.391187310218811035e+00,-5.516515374183654785e-01,-3.720270395278930664e-01,1.371809840202331543e-01,-1.466240048408508301e+00,-1.099008798599243164e+00,-7.298263907432556152e-01,1.248307600617408752e-01,-3.329418599605560303e-01,-1.120825529098510742e+00,-9.778882265090942383e-01,3.794776797294616699e-01,-2.258559942245483398e+00,-3.591635525226593018e-01,-5.341956019401550293e-01,-9.604383111000061035e-01,-5.396459698677062988e-01,-5.175210237503051758e-01,-6.948107481002807617e-01,9.451905488967895508e-01,-9.513695538043975830e-02,-8.354465365409851074e-01,-7.598999738693237305e-01,1.970648318529129028e-01,2.274887412786483765e-01,-5.786798894405364990e-02,-3.335893154144287109e-01,-5.312991738319396973e-01,-8.589413166046142578e-01,-1.030315160751342773e+00,4.545399248600006104e-01,-3.386107981204986572e-01,3.768927231431007385e-02,-8.792039155960083008e-01,-1.102643847465515137e+00,1.443496227264404297e+00,2.018861055374145508e+00,2.659089863300323486e-01,4.950172603130340576e-01,-1.104518651962280273e+00,-7.557480335235595703e-01,-1.107282876968383789e+00,-1.326042175292968750e+00,-3.174372017383575439e-01,-3.138428628444671631e-01,-9.868600368499755859e-01,-3.811442852020263672e-01,-2.887487411499023438e-01,-1.065904140472412109e+00,-1.216347143054008484e-01,4.194820225238800049e-01,-2.611469924449920654e-01,-2.460938394069671631e-01,-4.521534740924835205e-01,-5.209576487541198730e-01,-6.582818031311035156e-01,-6.045262813568115234e-01,-7.627394199371337891e-01,-6.879400014877319336e-01,-8.171132206916809082e-01,-6.336646080017089844e-01,4.283515363931655884e-02,-2.729061543941497803e-01,-2.616612911224365234e-01,-1.208712100982666016e+00,-5.552426576614379883e-01,-8.155574798583984375e-01,7.496931552886962891e-01,-4.457812011241912842e-01,-5.161536931991577148e-01,-9.097154438495635986e-02,3.743008673191070557e-01,-1.404466629028320312e-01,2.850353121757507324e-01,1.467857360839843750e-01,-2.750971168279647827e-02,1.159445419907569885e-01,-4.071223139762878418e-01,-3.518393039703369141e-01,-1.676248162984848022e-01,-8.669474124908447266e-01,-9.098611474037170410e-01,-3.277640417218208313e-02,2.481780648231506348e-01,7.117700576782226562e-01,4.973271489143371582e-02,1.472079992294311523e+00,1.817845404148101807e-01,4.059475362300872803e-01
-3.793170750141143799e-01,-1.391576528549194336e+00,-4.392534494400024414e-01,-1.031387925148010254e+00,-1.418699383735656738e+00,-4.999056756496429443e-01,-6.454386115074157715e-01,-1.243442893028259277e+00,-2.501207292079925537e-01,-5.024875402450561523e-01,-5.080926418304443359e-01,-1.264308094978332520e+00,-3.581280708312988281e-01,-2.255757302045822144e-01,-4.252127707004547119e-01,-1.307660818099975586e+00,-1.340022206306457520e+00,-1.558046936988830566e+00,1.998389810323715210e-01,-1.086861968040466309e+00,-1.764893531799316406e+00,-1.196670055389404297e+00,3.051262199878692627e-01,-1.872351884841918945e+00,-6.698459982872009277e-01,-1.949607208371162415e-02,-1.325428605079650879e+00,-7.660586833953857422e-01,-1.217429757118225098e+00,-5.583078265190124512e-01,7.989900112152099609e-01,-1.887012869119644165e-01,-8.481212854385375977e-01,-1.421961307525634766e+00,1.189649477601051331e-01,-4.883093759417533875e-03,-5.100073218345642090e-01,-5.338010787963867188e-01,-6.083862185478210449e-01,-1.535723358392715454e-02,-1.357631683349609375e+00,-1.850406266748905182e-02,-3.433531522750854492e-01,-1.555503606796264648e-01,-9.857568144798278809e-01,-1.880316853523254395e+00,9.128387570381164551e-01,1.665384888648986816e+00,2.097720652818679810e-01,2.411971837282180786e-01,-1.293085575103759766e+00,-1.134146213531494141e+00,-1.224389910697937012e+00,-1.828638076782226562e+00,-2.792915999889373779e-01,3.700620830059051514e-01,-6.261142492294311523e-01,9.496688097715377808e-02,-7.354788482189178467e-02,-5.957316160202026367e-01,-3.022003173828125000e-01,6.091842651367187500e-01,3.256091177463531494e-01,-8.967807143926620483e-02,-5.290366411209106445e-01,-9.378715753555297852e-01,-4.958879575133323669e-02,-3.706802427768707275e-01,-9.815394282341003418e-01,-1.344662904739379883e+00,-1.426121473312377930e+00,-3.652849793434143066e-01,1.287823468446731567e-01,6.089593172073364258e-01,-4.718571528792381287e-02,-1.553193688392639160e+00,-1.271052598953247070e+00,-1.081506729125976562e+00,1.034149646759033203e+00,-3.117285072803497314e-01,-7.518333792686462402e-01,-5.073825120925903320e-01,-8.318865299224853516e-02,-1.507432162761688232e-01,-1.633270829916000366e-01,-3.016395270824432373e-01,-6.421161293983459473e-01,-1.112278848886489868e-01,-3.410823941230773926e-01,-1.956707239151000977e-01,5.320484936237335205e-02,-7.970471978187561035e-01,-4.203792214393615723e-01,-3.652998507022857666e-01,1.468762755393981934e-01,6.335737705230712891e-01,-5.234754681587219238e-01,9.482036828994750977e-01,2.516443729400634766e-01,7.064838409423828125e-01
4.334634840488433838e-01,-1.464005470275878906e+00,-3.326062560081481934e-01,-8.279314637184143066e-01,-1.440117478370666504e+00,2.748367190361022949e-01,-8.766587376594543457e-01,-1.070309638977050781e+00,-4.436251819133758545e-01,-3.496914505958557129e-01,-1.542691588401794434e-01,-9.932799935340881348e-01,2.157094627618789673e-01,-1.519901901483535767e-01,7.178428769111633301e-02,-1.200996756553649902e+00,-4.632305800914764404e-01,-9.312900304794311523e-01,3.445548415184020996e-01,-1.052780389785766602e+00,-1.708269357681274414e+00,-5.078431367874145508e-01,4.454503655433654785e-01,-1.199867010116577148e+00,-1.955478787422180176e-01,1.154128313064575195e-01,-1.044067263603210449e+00,-3.182399570941925049e-01,1.508179455995559692e-01,-1.849742084741592407e-01,6.987388730049133301e-01,-1.098171547055244446e-01,-9.016557335853576660e-01,-7.215487957000732422e-01,6.298277378082275391e-01,1.299156546592712402e-01,2.399517148733139038e-01,-2.949354648590087891e-01,4.878461360931396484e-01,-2.479400187730789185e-01,-7.788379192352294922e-01,6.798887252807617188e-01,1.237198859453201294e-01,-9.322757273912429810e-02,-7.177221179008483887e-01,-1.265547752380371094e+00,1.634441494941711426e+00,1.472049236297607422e+00,1.565484702587127686e-01,7.910932302474975586e-01,-6.891372799873352051e-01,-1.137407779693603516e+00,-9.782845377922058105e-01,-1.874624252319335938e+00,2.564103603363037109e-01,7.013744711875915527e-01,-5.975773930549621582e-01,-9.993949532508850098e-02,6.096977591514587402e-01,-2.039711549878120422e-02,1.258864700794219971e-01,8.393716216087341309e-01,1.194838523864746094e+00,3.239920139312744141e-01,-4.960207641124725342e-01,-3.769363462924957275e-01,1.011964753270149231e-01,1.869181841611862183e-01,-1.921511441469192505e-01,-6.200503706932067871e-01,-1.242452263832092285e+00,1.175925508141517639e-01,2.496491372585296631e-01,8.140895962715148926e-01,3.516984283924102783e-01,-5.251664519309997559e-01,-6.843927502632141113e-02,-1.590191572904586792e-01,1.201026797294616699e+00,-4.181150794029235840e-01,-3.595246002078056335e-02,1.492968797683715820e-01,1.588951349258422852e-01,4.702721238136291504e-01,5.282133221626281738e-01,6.799445152282714844e-01,4.566846191883087158e-01,5.381562113761901855e-01,2.734675705432891846e-01,3.233926594257354736e-01,3.961346149444580078e-01,-9.151605516672134399e-02,3.145377337932586670e-01,6.175468564033508301e-01,4.988093972206115723e-01,7.525578141212463379e-01,4.353042840957641602e-01,1.222721099853515625e+00,3.015185594558715820e-01,1.189074754714965820e+00
1.590584367513656616e-01,-5.288395285606384277e-01,3.656688928604125977e-01,-3.874905705451965332e-01,-7.524158358573913574e-01,4.869221150875091553e-01,3.363748490810394287e-01,9.461904875934123993e-03,6.398305892944335938e-01,-2.704961299896240234e-01,-7.185013294219970703e-01,-1.035292625427246094e+00,3.403964042663574219e-01,2.577762305736541748e-01,6.384185552597045898e-01,-8.962994217872619629e-01,-2.257744073867797852e-01,3.215709328651428223e-01,1.030559420585632324e+00,-5.499928817152976990e-02,-5.812402367591857910e-01,-4.380669891834259033e-01,5.574064254760742188e-01,-1.209882497787475586e+00,-3.302927613258361816e-01,3.073929548263549805e-01,-3.375173807144165039e-01,5.663481950759887695e-01,2.889354340732097626e-02,4.767479375004768372e-02,1.116757631301879883e+00,-9.260249324142932892e-03,-4.379142522811889648e-01,2.306106835603713989e-01,6.819649338722229004e-01,9.866512417793273926e-01,8.874234557151794434e-01,-1.312352418899536133e-01,1.179945588111877441e+00,9.132138490676879883e-01,-3.509483635425567627e-01,8.207199573516845703e-01,6.121239066123962402e-01,5.778303146362304688e-01,2.810033857822418213e-01,-5.944830179214477539e-01,1.572005033493041992e+00,1.264041423797607422e+00,7.977139353752136230e-01,1.466199755668640137e+00,-1.594258248805999756e-01,3.210589662194252014e-02,-1.798385828733444214e-01,-7.077343463897705078e-01,1.583064645528793335e-01,6.809295415878295898e-01,1.009984731674194336e+00,7.470011115074157715e-01,8.137496709823608398e-01,3.760381042957305908e-01,4.712363779544830322e-01,1.058318972587585449e+00,1.392561197280883789e+00,1.034434199333190918e+00,9.142214655876159668e-01,4.396124482154846191e-01,1.088492989540100098e+00,1.174783706665039062e+00,9.220356345176696777e-01,8.445653319358825684e-01,-2.524950802326202393e-01,3.985850512981414795e-01,1.101107716560363770e+00,1.750542759895324707e+00,7.075018882751464844e-01,-4.230204820632934570e-01,5.097478032112121582e-01,-2.410599887371063232e-01,1.585518240928649902e+00,3.040362298488616943e-01,1.177228614687919617e-01,1.337519764900207520e+00,1.415284276008605957e+00,7.617304921150207520e-01,9.295786619186401367e-01,6.554256677627563477e-01,1.313045620918273926e+00,8.120061755180358887e-01,1.040394186973571777e+00,9.129326939582824707e-01,8.878711462020874023e-01,5.224634408950805664e-01,5.465813279151916504e-01,7.547833919525146484e-01,6.663630604743957520e-01,1.854612827301025391e+00,8.751855492591857910e-01,1.333089709281921387e+00,7.354997396469116211e-01,1.756598472595214844e+00
4.464381337165832520e-01,-2.961180508136749268e-01,3.243374824523925781e-01,-2.574931085109710693e-01,-5.054351091384887695e-01,2.023285031318664551e-01,-8.059317618608474731e-02,8.039341121912002563e-02,6.450692415237426758e-01,1.172873452305793762e-01,-8.979504555463790894e-02,-6.387919187545776367e-01,5.306476950645446777e-01,6.331985592842102051e-01,1.218525767326354980e+00,-7.390918135643005371e-01,6.657731533050537109e-02,4.195227846503257751e-02,8.582741618156433105e-01,7.954608649015426636e-03,-2.548665404319763184e-01,-4.250586926937103271e-01,8.743427395820617676e-01,-3.748083114624023438e-01,1.960054486989974976e-01,5.935307741165161133e-01,-5.601326227188110352e-01,1.795495003461837769e-01,2.841274142265319824e-01,3.728523850440979004e-01,1.288301587104797363e+00,3.553998172283172607e-01,-2.983996272087097168e-01,-1.027854457497596741e-01,9.216746687889099121e-01,7.476460337638854980e-01,6.566519141197204590e-01,1.503307372331619263e-01,1.284193515777587891e+00,7.067422270774841309e-01,-9.783310890197753906e-01,6.796765923500061035e-01,6.759455800056457520e-01,-3.816141188144683838e-02,4.786903560161590576e-01,-9.455969333648681641e-01,1.186000585556030273e+00,1.193256497383117676e+00,4.740872383117675781e-01,6.005522608757019043e-01,-3.102793395519256592e-01,-3.086825367063283920e-03,-6.694017350673675537e-02,-2.390616089105606079e-01,2.297435700893402100e-01,3.525403439998626709e-01,1.305784463882446289e+00,8.524004220962524414e-01,1.524823784828186035e+00,7.570905685424804688e-01,8.757948875427246094e-01,9.597601294517517090e-01,1.325596809387207031e+00,1.194588899612426758e+00,9.460067749023437500e-01,1.273123621940612793e+00,8.403597474098205566e-01,7.997573018074035645e-01,4.541041254997253418e-01,8.871078491210937500e-01,-5.098166689276695251e-02,4.502502977848052979e-01,9.466732144355773926e-01,1.801817297935485840e+00,1.048108100891113281e+00,-2.421237761154770851e-03,5.828942060470581055e-01,2.599341571331024170e-01,1.767596006393432617e+00,6.126215457916259766e-01,5.702871363610029221e-03,3.648769259452819824e-01,1.438288569450378418e+00,9.347717165946960449e-01,6.467494368553161621e-01,2.931813001632690430e-01,1.027001380920410156e+00,3.724422752857208252e-01,5.996148586273193359e-01,3.897415101528167725e-01,7.652497887611389160e-01,4.639138281345367432e-01,1.029865264892578125e+00,9.841948151588439941e-01,8.698374629020690918e-01,1.277581691741943359e+00,1.196805983781814575e-01,1.025270700454711914e+00,8.058862090110778809e-01,1.105104804039001465e+00
1.111800894141197205e-01,-6.965773701667785645e-01,-7.199059426784515381e-02,-1.030828237533569336e+00,-6.395080685615539551e-01,-9.466632604598999023e-01,-1.133272290229797363e+00,-8.039122819900512695e-01,-4.921088814735412598e-01,-9.885429143905639648e-01,-1.307243824005126953e+00,-1.202551603317260742e+00,-1.207123249769210815e-01,-2.426147758960723877e-01,-2.025955915451049805e-01,-1.071687698364257812e+00,-1.132385373115539551e+00,-8.345175981521606445e-01,2.577378749847412109e-01,-7.596784830093383789e-01,-9.837413430213928223e-01,-1.386729836463928223e+00,-2.461557686328887939e-01,-1.139672160148620605e+00,-1.468956828117370605e+00,-8.561820983886718750e-01,-1.444566607475280762e+00,-5.932614803314208984e-01,-9.502891898155212402e-01,-7.967315912246704102e-01,5.905147790908813477e-01,-2.098053842782974243e-01,-8.477514386177062988e-01,-8.146385550498962402e-01,-9.817221201956272125e-03,-3.785475492477416992e-01,-4.531378149986267090e-01,-9.798474907875061035e-01,1.644304841756820679e-01,5.224167183041572571e-02,-1.628794670104980469e+00,-8.493835926055908203e-01,-9.104152917861938477e-01,-4.381788372993469238e-01,5.028955340385437012e-01,-1.543300509452819824e+00,-4.012135565280914307e-01,-1.014994531869888306e-01,-9.304463267326354980e-01,-6.008367538452148438e-01,-1.145486161112785339e-01,-5.155872106552124023e-01,-6.302385330200195312e-01,-6.299976706504821777e-01,-6.328900456428527832e-01,-4.998830854892730713e-01,-3.678553700447082520e-01,2.473204284906387329e-01,2.357781231403350830e-01,-1.053078532218933105e+00,6.352737545967102051e-02,8.021389245986938477e-01,6.969843506813049316e-01,7.264565825462341309e-01,1.392650604248046875e-01,-1.576580107212066650e-01,-4.246172308921813965e-01,1.444054096937179565e-01,2.015796750783920288e-01,-2.610836625099182129e-01,-7.019666433334350586e-01,-5.742020606994628906e-01,-5.450488328933715820e-01,8.624243736267089844e-01,-5.622546002268791199e-02,-1.664570569992065430e+00,-2.948625087738037109e-01,-5.577577352523803711e-01,1.090945005416870117e+00,1.738095730543136597e-01,-2.242641896009445190e-01,1.682965606451034546e-01,2.584714889526367188e-01,3.542445600032806396e-01,2.579771280288696289e-01,-7.043500244617462158e-02,3.604507744312286377e-01,3.528815507888793945e-01,2.178326435387134552e-02,-6.039713323116302490e-02,7.533994317054748535e-01,-2.458693459630012512e-02,3.503370583057403564e-01,-1.001954555511474609e+00,3.182991743087768555e-01,2.936807572841644287e-01,-5.564681887626647949e-01,2.016060613095760345e-02,-3.735233545303344727e-01,-7.083440572023391724e-02
-1.900167226791381836e+00,-9.721873998641967773e-01,-2.068512439727783203e+00,-9.123360514640808105e-01,-8.562183380126953125e-01,-2.112295389175415039e+00,-1.094593048095703125e+00,-1.077782988548278809e+00,-7.485961318016052246e-01,-1.472488880157470703e+00,-1.818913578987121582e+00,-1.347064733505249023e+00,-6.036472916603088379e-01,-3.822442144155502319e-02,9.705729484558105469e-01,-1.755215287208557129e+00,-8.700944185256958008e-01,-9.049856066703796387e-01,2.057511918246746063e-02,-1.108288526535034180e+00,-8.721625804901123047e-01,-2.018049716949462891e+00,3.245968520641326904e-01,-1.105309963226318359e+00,-1.988075494766235352e+00,-1.239914298057556152e+00,-1.609912276268005371e+00,-1.115834832191467285e+00,-2.020212173461914062e+00,3.663641214370727539e-01,-6.821658611297607422e-01,-8.429354429244995117e-01,-1.057951807975769043e+00,-1.568422436714172363e+00,-1.541953563690185547e+00,-6.980033516883850098e-01,-1.912817955017089844e+00,-1.600173354148864746e+00,-7.106222510337829590e-01,-5.610032081604003906e-01,-1.144692063331604004e+00,-1.069405198097229004e+00,-1.679036498069763184e+00,-6.902207136154174805e-01,-5.609469413757324219e-01,-1.797341465950012207e+00,-1.723763942718505859e+00,-1.180899858474731445e+00,-2.125560522079467773e+00,-1.471575379371643066e+00,-1.966486692428588867e+00,-1.857234954833984375e+00,-1.130085945129394531e+00,-9.928354620933532715e-01,-1.633207917213439941e+00,-2.156184196472167969e+00,-1.058718919754028320e+00,2.414070442318916321e-02,-5.030015110969543457e-01,-1.718172311782836914e+00,-1.959159672260284424e-01,5.615614056587219238e-01,7.903079986572265625e-01,8.745836019515991211e-01,-1.096333004534244537e-02,6.916893124580383301e-01,-5.393780469894409180e-01,-6.104418635368347168e-01,-5.671954154968261719e-01,-1.186461094766855240e-02,-9.512348473072052002e-02,-3.318925499916076660e-01,3.916729390621185303e-01,-2.595231533050537109e-01,-3.400821387767791748e-01,-1.498367786407470703e+00,-8.478282094001770020e-01,1.133683994412422180e-01,7.836853861808776855e-01,-1.640586555004119873e-01,1.921331435441970825e-01,4.983700215816497803e-01,1.161948367953300476e-01,-1.316267848014831543e-01,2.367622554302215576e-01,3.868261277675628662e-01,-1.284599900245666504e+00,3.175933957099914551e-01,-6.530732512474060059e-01,2.025343924760818481e-01,3.341983854770660400e-01,-7.735810875892639160e-01,-5.515032410621643066e-01,-1.189785838127136230e+00,2.499162256717681885e-01,1.002353206276893616e-01,-4.363637566566467285e-01,1.750809252262115479e-01,-1.422127127647399902e+00,-1.085572719573974609e+00
-9.219505190849304199e-01,-1.569693207740783691e+00,-2.093891382217407227e+00,-1.629642963409423828e+00,-1.308274865150451660e+00,-2.714732885360717773e+00,-2.708744049072265625e+00,-2.279794454574584961e+00,-1.486536860466003418e+00,-1.692175269126892090e+00,-1.341692328453063965e+00,-1.301949858665466309e+00,-8.112704157829284668e-01,1.863499172031879425e-02,2.517245292663574219e+00,-2.139739274978637695e+00,-5.032823607325553894e-02,-2.757519721984863281e+00,-7.057015318423509598e-03,-2.421093463897705078e+00,-1.932765483856201172e+00,-1.963908672332763672e+00,5.202805995941162109e-01,-1.088861703872680664e+00,-1.704880237579345703e+00,-4.572862982749938965e-01,-1.081173896789550781e+00,-7.727150321006774902e-01,-1.034271001815795898e+00,1.467314958572387695e+00,-5.219622254371643066e-01,-1.452560305595397949e+00,-1.434087395668029785e+00,-2.290816783905029297e+00,-1.128076434135437012e+00,-1.827913165092468262e+00,-2.012503623962402344e+00,-1.896259307861328125e+00,-1.649925112724304199e+00,-2.022377490997314453e+00,-2.483099699020385742e+00,-1.473052978515625000e+00,-1.641135931015014648e+00,-5.499944686889648438e-01,-9.381214380264282227e-01,-1.510400772094726562e+00,-1.821999907493591309e+00,-7.586942315101623535e-01,-2.799909114837646484e+00,-1.617509603500366211e+00,-1.327811956405639648e+00,-1.766377568244934082e+00,-1.693766951560974121e+00,-1.569662451744079590e+00,-1.888458251953125000e+00,-2.652343511581420898e+00,-1.549012303352355957e+00,-1.084534168243408203e+00,3.897739574313163757e-03,-7.063874602317810059e-01,1.918940395116806030e-01,4.622567296028137207e-01,7.179836034774780273e-01,2.979996800422668457e-01,-6.195400357246398926e-01,1.941445708274841309e+00,-1.166072845458984375e+00,-5.467675924301147461e-01,-9.080207347869873047e-01,-1.784835815429687500e+00,-1.434036850929260254e+00,-6.076868623495101929e-02,3.163612186908721924e-01,-3.724503815174102783e-01,2.848829329013824463e-01,-8.235083222389221191e-01,1.210495084524154663e-01,1.165629029273986816e+00,6.559404134750366211e-01,-1.069479227066040039e+00,5.021353960037231445e-01,-8.858420252799987793e-01,-1.774370819330215454e-01,4.584451764822006226e-02,5.233001708984375000e-01,-1.299951225519180298e-01,-1.437390804290771484e+00,1.858740895986557007e-01,-1.626029491424560547e+00,-2.525960206985473633e-01,3.668910637497901917e-02,-6.872599720954895020e-01,-8.897248655557632446e-02,-1.179434776306152344e+00,4.754663705825805664e-01,1.088167577981948853e-01,2.061989903450012207e-01,-3.977274000644683838e-01,-2.603668928146362305e+00,-1.659019708633422852e+00
-1.327491044998168945e+00,-1.786516427993774414e+00,-9.951787590980529785e-01,-1.677951693534851074e+00,-1.773207545280456543e+00,-1.628815174102783203e+00,-2.240550518035888672e+00,-1.890457987785339355e+00,-1.556657910346984863e+00,-1.871446251869201660e+00,-1.806314706802368164e+00,-1.273175358772277832e+00,-8.095229268074035645e-01,-4.695204496383666992e-01,2.280332088470458984e+00,-2.204464912414550781e+00,2.821631133556365967e-01,-1.967987179756164551e+00,-1.922801434993743896e-01,-1.898928403854370117e+00,-1.544413208961486816e+00,-1.729302883148193359e+00,-2.670627534389495850e-01,-7.525886893272399902e-01,-1.374064564704895020e+00,-1.899914145469665527e+00,-1.158509492874145508e+00,-5.593273639678955078e-01,-4.955447018146514893e-01,5.851570367813110352e-01,-3.552408516407012939e-01,-1.292847394943237305e+00,-1.525237560272216797e+00,-1.388610839843750000e+00,-8.322461247444152832e-01,-1.513517975807189941e+00,-1.201025366783142090e+00,-1.718290448188781738e+00,-1.764013886451721191e+00,-1.475764393806457520e+00,-1.735041141510009766e+00,-1.287552714347839355e+00,-2.091943979263305664e+00,-2.858821451663970947e-01,-3.554764389991760254e-01,-1.433029770851135254e+00,-1.183860540390014648e+00,3.203044831752777100e-01,-1.497550725936889648e+00,-4.406625330448150635e-01,-1.993879199028015137e+00,-1.286783933639526367e+00,-1.732103705406188965e+00,-1.739651441574096680e+00,-1.210706353187561035e+00,-1.706830501556396484e+00,-9.121474623680114746e-01,-9.601348042488098145e-01,-3.623844385147094727e-01,-1.236892223358154297e+00,4.526588693261146545e-02,6.107367277145385742e-01,3.880665898323059082e-01,1.262790709733963013e-01,-8.212708830833435059e-01,1.422441244125366211e+00,-7.363452911376953125e-01,-4.732455015182495117e-01,-8.080918788909912109e-01,-1.345057010650634766e+00,-1.545460224151611328e+00,-4.579024612903594971e-01,-3.087225556373596191e-01,2.053739428520202637e-01,3.476698696613311768e-01,-1.116296529769897461e+00,-4.471103250980377197e-01,2.219388931989669800e-01,8.115645051002502441e-01,-1.229872465133666992e+00,2.824627161026000977e-01,-2.478427290916442871e-01,-1.843229830265045166e-01,1.458835601806640625e-01,6.233284473419189453e-01,2.613999545574188232e-01,-1.300410509109497070e+00,2.234495878219604492e-01,-1.402321934700012207e+00,-3.083373606204986572e-01,-9.305896759033203125e-01,-1.263540744781494141e+00,-5.902332663536071777e-01,-8.607206344604492188e-01,8.913113921880722046e-02,2.139282226562500000e-01,-2.557621896266937256e-01,4.471274316310882568e-01,-1.297165513038635254e+00,-8.372362256050109863e-01
-8.853107690811157227e-01,-1.760444521903991699e+00,-1.294025063514709473e+00,-2.059500455856323242e+00,-1.925962448120117188e+00,-1.298187494277954102e+00,-2.674824714660644531e+00,-2.177483558654785156e+00,-1.550083637237548828e+00,-1.091675758361816406e+00,-5.484440326690673828e-01,-2.887751460075378418e-01,-1.009693622589111328e+00,-1.150206208229064941e+00,1.385354399681091309e+00,-2.388044118881225586e+00,-2.689662277698516846e-01,-1.831684470176696777e+00,-6.353038549423217773e-01,-1.563683152198791504e+00,-2.258908987045288086e+00,-1.479518175125122070e+00,-6.093746423721313477e-01,-2.281990647315979004e-01,-6.832790374755859375e-01,-1.166555643081665039e+00,-1.140573382377624512e+00,1.774393953382968903e-02,-6.205534934997558594e-01,1.996599733829498291e-01,-8.753684759140014648e-01,-1.322853684425354004e+00,-1.527109980583190918e+00,-1.358858108520507812e+00,9.403344243764877319e-02,-7.973267436027526855e-01,4.786068797111511230e-01,-1.913067102432250977e+00,-2.070284605026245117e+00,-1.670747160911560059e+00,-1.700836777687072754e+00,-9.983236193656921387e-01,-9.533820748329162598e-01,3.952651843428611755e-02,2.421884834766387939e-01,-1.407786726951599121e+00,-7.976691126823425293e-01,1.044574856758117676e+00,3.223202824592590332e-01,5.329607129096984863e-01,-2.295610427856445312e+00,-1.819858193397521973e+00,-1.820882916450500488e+00,-2.257722616195678711e+00,-1.231359004974365234e+00,-1.754889130592346191e+00,-1.631597042083740234e+00,-1.388535737991333008e+00,5.381513833999633789e-01,-2.437665015459060669e-01,2.732998728752136230e-01,4.454660117626190186e-01,-3.272867947816848755e-02,-3.676654398441314697e-01,-1.420562386512756348e+00,1.479275524616241455e-01,-1.009483218193054199e+00,-4.034141898155212402e-01,-1.041708111763000488e+00,-1.713233232498168945e+00,-1.963559508323669434e+00,-1.165238842368125916e-01,-8.686415553092956543e-01,-1.836265474557876587e-01,5.100249648094177246e-01,-4.483980834484100342e-01,-3.073637187480926514e-01,-1.862014681100845337e-01,8.157175779342651367e-01,-1.034381866455078125e+00,1.562294214963912964e-01,-4.111057221889495850e-01,4.282532632350921631e-01,4.455442726612091064e-01,2.972586154937744141e-01,-3.932075574994087219e-02,2.367740571498870850e-01,8.442813754081726074e-01,-5.652146339416503906e-01,1.074029058218002319e-01,-1.335594654083251953e-01,-3.785889744758605957e-01,-6.249528527259826660e-01,-3.485013544559478760e-01,5.473964214324951172e-01,7.031738162040710449e-01,-1.134507656097412109e-01,6.699236631393432617e-01,-4.504475370049476624e-02,3.042730093002319336e-01
-1.949671953916549683e-01,-2.046674251556396484e+00,-1.268670797348022461e+00,-2.471828460693359375e+00,-2.087075471878051758e+00,-1.864747285842895508e+00,-3.062471389770507812e+00,-2.401007413864135742e+00,-2.192912101745605469e+00,-1.619430541992187500e+00,-1.517071127891540527e+00,-1.342568278312683105e+00,-2.254370212554931641e+00,-1.758276462554931641e+00,-3.621420636773109436e-02,-2.190179347991943359e+00,-1.598272800445556641e+00,-1.971567511558532715e+00,-1.816993236541748047e+00,-1.817293167114257812e+00,-2.087121963500976562e+00,-2.041675329208374023e+00,-1.350634932518005371e+00,-2.128113985061645508e+00,-1.217432260513305664e+00,-1.624835491180419922e+00,-2.249655961990356445e+00,-1.205187559127807617e+00,-2.137396574020385742e+00,-1.441494584083557129e+00,-1.741757690906524658e-01,-1.229387640953063965e+00,-1.497507333755493164e+00,-2.033241510391235352e+00,-5.156937241554260254e-01,-1.366251587867736816e+00,-5.409308075904846191e-01,-1.657592177391052246e+00,-2.368879318237304688e+00,-2.247359037399291992e+00,-2.298497200012207031e+00,-1.417906165122985840e+00,-1.645859122276306152e+00,-3.713193833827972412e-01,7.976995110511779785e-01,-1.682287335395812988e+00,-8.456858992576599121e-01,1.315759867429733276e-01,-5.117905735969543457e-01,-8.852931261062622070e-01,-1.623229384422302246e+00,-2.260488033294677734e+00,-2.206867694854736328e+00,-3.066506624221801758e+00,-1.974259018898010254e+00,-1.978878617286682129e+00,-2.269593477249145508e+00,-2.100577354431152344e+00,-1.961159855127334595e-01,-1.094891548156738281e+00,-2.432981580495834351e-01,3.907139971852302551e-02,-1.109505057334899902e+00,-1.102016568183898926e+00,-2.566482067108154297e+00,-1.421438217163085938e+00,-2.149268388748168945e+00,-1.765029788017272949e+00,-1.457177400588989258e+00,-1.861457943916320801e+00,-2.110395431518554688e+00,-7.857446670532226562e-01,-1.470613956451416016e+00,-7.149838805198669434e-01,-3.215441405773162842e-01,-1.376125574111938477e+00,-1.726526260375976562e+00,-1.284342169761657715e+00,5.669848918914794922e-01,-1.293800830841064453e+00,-6.492304801940917969e-01,-9.589803814888000488e-01,-3.271189630031585693e-01,-1.222967952489852905e-01,-1.717581748962402344e-01,-2.470637410879135132e-01,-3.622891902923583984e-01,-1.587414890527725220e-01,-1.727230548858642578e+00,-6.927031278610229492e-01,-1.716316819190979004e+00,-1.453884840011596680e+00,-1.330927491188049316e+00,-8.569107651710510254e-01,-8.070229738950729370e-02,-1.881542801856994629e-01,-8.601831197738647461e-01,-1.284138858318328857e-01,-9.140475392341613770e-01,-8.486421704292297363e-01
5.694233626127243042e-02,-2.366162538528442383e+00,-1.650142431259155273e+00,-2.465656042098999023e+00,-2.088213443756103516e+00,-2.024744749069213867e+00,-2.274538993835449219e+00,-1.761727929115295410e+00,-2.153213739395141602e+00,-2.452349424362182617e+00,-1.812728643417358398e+00,-2.574786186218261719e+00,-1.377501368522644043e+00,-1.209240436553955078e+00,2.604058980941772461e-01,-1.619048118591308594e+00,-8.466430306434631348e-01,-6.552094817161560059e-01,-1.042650461196899414e+00,-7.356004118919372559e-01,-9.642381072044372559e-01,-1.084471464157104492e+00,-9.110296964645385742e-01,-1.938165307044982910e+00,-1.858952164649963379e+00,-1.520986795425415039e+00,-1.247245788574218750e+00,-9.699701070785522461e-01,-1.187697052955627441e+00,-6.648086309432983398e-01,-6.878166198730468750e-01,-1.517971873283386230e+00,-2.382004022598266602e+00,-6.123595237731933594e-01,-5.369101762771606445e-01,-1.460095763206481934e+00,-7.810912132263183594e-01,-2.482440710067749023e+00,-2.829433202743530273e+00,-2.238926172256469727e+00,-1.324350595474243164e+00,-2.279075860977172852e+00,-2.165535926818847656e+00,-1.183034658432006836e+00,-9.300301969051361084e-02,-1.134959459304809570e+00,-3.241290338337421417e-03,7.512991428375244141e-01,-8.416227698326110840e-01,-4.741737842559814453e-01,-2.297091960906982422e+00,-1.863787293434143066e+00,-2.305716991424560547e+00,-2.380312681198120117e+00,-1.733616828918457031e+00,-1.964976072311401367e+00,-1.080490589141845703e+00,-1.436917901039123535e+00,-1.162228703498840332e+00,-1.996699810028076172e+00,-5.347062945365905762e-01,4.628898501396179199e-01,-7.172016501426696777e-01,-7.227176427841186523e-01,-1.900054216384887695e+00,-9.718137979507446289e-01,-1.522384524345397949e+00,-1.353630423545837402e+00,-1.107264518737792969e+00,-4.881084561347961426e-01,-5.988449454307556152e-01,-6.667667627334594727e-01,-9.150761365890502930e-01,-1.025131821632385254e+00,-4.065373837947845459e-01,-1.906815409660339355e+00,-1.215443015098571777e+00,-5.055803656578063965e-01,-2.506515681743621826e-01,-1.161294579505920410e+00,-4.415192306041717529e-01,5.023968592286109924e-02,-1.162429213523864746e+00,-1.838210821151733398e-01,-6.383541226387023926e-02,2.574603259563446045e-01,-6.069518327713012695e-01,9.908131510019302368e-02,-1.738042593002319336e+00,-8.962615132331848145e-01,-2.822637081146240234e+00,-2.822106838226318359e+00,-2.780569076538085938e+00,-2.153419256210327148e+00,-3.891460299491882324e-01,-9.928232431411743164e-01,-8.918196558952331543e-01,3.316298127174377441e-01,-1.552483320236206055e+00,-9.511815309524536133e-01
3.183544278144836426e-01,-2.168447256088256836e+00,-9.037241935729980469e-01,-1.807932734489440918e+00,-1.529526352882385254e+00,-4.916545748710632324e-01,-1.460242986679077148e+00,-1.456936597824096680e+00,-1.454125404357910156e+00,-1.979134202003479004e+00,-1.021171927452087402e+00,-1.455167055130004883e+00,-1.535030454397201538e-01,-6.005756258964538574e-01,7.332303524017333984e-01,-9.319490194320678711e-01,4.117165878415107727e-02,-1.002684712409973145e+00,-2.778739035129547119e-01,-1.285379052162170410e+00,-1.841208100318908691e+00,2.274173349142074585e-01,2.147952914237976074e-01,-1.130470871925354004e+00,-9.877515435218811035e-01,5.112791657447814941e-01,-1.046148911118507385e-01,-1.266629546880722046e-01,-4.105876982212066650e-01,1.263772010803222656e+00,8.343732357025146484e-01,-4.754881858825683594e-01,-1.432931542396545410e+00,-4.282307326793670654e-01,8.637601137161254883e-01,-1.456836104393005371e+00,-9.912818074226379395e-01,-1.449326872825622559e+00,-2.956993341445922852e+00,-2.294629812240600586e+00,-1.392461419105529785e+00,-6.674073338508605957e-01,-2.649235725402832031e-01,-1.100830554962158203e+00,-2.157952785491943359e-01,-1.233216404914855957e+00,5.603484511375427246e-01,1.230775356292724609e+00,-5.281077623367309570e-01,-3.885089457035064697e-01,-4.770147204399108887e-01,-1.374510884284973145e+00,-1.392903447151184082e+00,-1.894618272781372070e+00,-4.304085671901702881e-01,-3.758040666580200195e-01,-3.572524189949035645e-01,-1.280549287796020508e+00,-9.505041837692260742e-01,-9.130356311798095703e-01,-1.895096153020858765e-02,9.385288953781127930e-01,7.177703380584716797e-01,-6.564867496490478516e-01,-1.705259323120117188e+00,-4.786046445369720459e-01,-7.586791515350341797e-01,-8.090359717607498169e-02,-6.132298111915588379e-01,-1.419273018836975098e+00,-1.690834403038024902e+00,4.778904318809509277e-01,-2.038334459066390991e-01,-4.172769486904144287e-01,2.651548981666564941e-01,-3.805277645587921143e-01,-3.245720565319061279e-01,7.055053114891052246e-01,6.102930307388305664e-01,-1.026097178459167480e+00,-6.766432523727416992e-02,-1.457861781120300293e+00,-5.493336543440818787e-02,4.391810894012451172e-01,5.382900834083557129e-01,1.625820100307464600e-01,-9.904666543006896973e-01,7.830594480037689209e-02,-1.409824848175048828e+00,-5.042480826377868652e-01,-1.986163854598999023e+00,-2.414661169052124023e+00,-2.210387945175170898e+00,-6.989603638648986816e-01,2.754257619380950928e-01,-5.565038919448852539e-01,-6.078748703002929688e-01,2.575765550136566162e-01,-9.316955208778381348e-01,-5.513041019439697266e-01
2.145753800868988037e-01,-2.393304347991943359e+00,-1.510905861854553223e+00,-1.296715736389160156e+00,-1.514293432235717773e+00,-7.994342446327209473e-01,-1.228814840316772461e+00,-1.441203236579895020e+00,-1.517998576164245605e+00,-2.002643585205078125e+00,-1.597791433334350586e+00,-1.983621001243591309e+00,-2.334239929914474487e-01,-9.635276794433593750e-01,-2.400801479816436768e-01,-7.969334721565246582e-01,-1.047648549079895020e+00,-1.696687459945678711e+00,-8.322573304176330566e-01,-1.268920779228210449e+00,-1.553567528724670410e+00,1.928753107786178589e-01,2.945131361484527588e-01,-1.763646960258483887e+00,-1.400473117828369141e+00,-1.709530204534530640e-01,-2.289328277111053467e-01,-2.625719606876373291e-01,-8.478236794471740723e-01,9.405359029769897461e-01,1.823175430297851562e+00,-2.944885790348052979e-01,-8.730161786079406738e-01,-1.180755496025085449e+00,7.733992934226989746e-01,-2.087338685989379883e+00,-1.289310097694396973e+00,-1.511836886405944824e+00,-2.065517187118530273e+00,-1.918203592300415039e+00,-1.331602454185485840e+00,-6.144763231277465820e-01,2.766366004943847656e-01,-5.896954536437988281e-01,-1.352800250053405762e+00,-1.136838078498840332e+00,2.771511077880859375e-01,9.269858002662658691e-01,-1.163080811500549316e+00,-9.610902667045593262e-01,-7.115516066551208496e-01,-2.021535634994506836e+00,-1.518366575241088867e+00,-2.006064891815185547e+00,-1.108481049537658691e+00,-2.829927504062652588e-01,-4.884975552558898926e-01,-1.712058186531066895e+00,-1.195148706436157227e+00,-1.203050255775451660e+00,4.875730872154235840e-01,1.201638579368591309e+00,2.373042404651641846e-01,-9.092813730239868164e-01,-1.670984983444213867e+00,-9.979786872863769531e-01,1.478200405836105347e-01,-1.026515066623687744e-01,-1.304206728935241699e+00,-1.980747103691101074e+00,-1.803443670272827148e+00,9.045905470848083496e-01,2.798129059374332428e-02,-7.181834578514099121e-01,8.107492923736572266e-01,-4.867898225784301758e-01,-5.493532419204711914e-01,5.767377018928527832e-01,1.354261398315429688e+00,-3.941946625709533691e-01,3.491814434528350830e-01,-1.182422399520874023e+00,2.042882591485977173e-01,8.792750239372253418e-01,5.689258575439453125e-01,-2.302857041358947754e-01,-1.177736520767211914e+00,1.106442213058471680e-01,-2.112498760223388672e+00,-2.638594806194305420e-01,-1.950525879859924316e+00,-3.953088045120239258e+00,-2.067905664443969727e+00,-4.901924729347229004e-01,5.912964940071105957e-01,-3.238417580723762512e-02,-5.602823495864868164e-01,5.485856533050537109e-01,-1.027397990226745605e+00,-1.075129508972167969e+00
3.476113975048065186e-01,-1.799873471260070801e+00,-9.743698239326477051e-01,-1.100978851318359375e+00,-1.314161181449890137e+00,-8.763368725776672363e-01,-1.666670560836791992e+00,-1.581012129783630371e+00,-1.652378797531127930e+00,-1.971475958824157715e+00,-1.511485338211059570e+00,-1.984412312507629395e+00,-3.342631459236145020e-01,-8.832610845565795898e-01,-5.680298805236816406e-01,-5.806549191474914551e-01,-1.184338450431823730e+00,-1.848890781402587891e+00,-5.833485722541809082e-01,-1.635622859001159668e+00,-1.734408020973205566e+00,1.646251082420349121e-01,-1.165444478392601013e-01,-1.246056437492370605e+00,-1.100325822830200195e+00,-2.430086731910705566e-01,2.238981425762176514e-01,-7.463964819908142090e-02,3.026564717292785645e-01,4.213071167469024658e-01,1.342711687088012695e+00,-3.802388906478881836e-02,-6.791273355484008789e-01,-1.325831532478332520e+00,5.493689179420471191e-01,-2.314269304275512695e+00,-1.500424742698669434e+00,-1.059733867645263672e+00,-1.409588456153869629e+00,-2.408087730407714844e+00,-6.764184236526489258e-01,-4.277502596378326416e-01,3.478859961032867432e-01,-3.093250393867492676e-01,-2.235126733779907227e+00,-5.137651562690734863e-01,5.376386642456054688e-01,4.453123211860656738e-01,-1.511176705360412598e+00,-1.002073407173156738e+00,-4.279120564460754395e-01,-1.567510247230529785e+00,-1.436413049697875977e+00,-1.505988240242004395e+00,-9.262095689773559570e-01,-9.088166356086730957e-01,-9.316558837890625000e-01,-1.940025687217712402e+00,-6.077839732170104980e-01,-8.572382330894470215e-01,5.011231899261474609e-01,9.322236776351928711e-01,4.526140391826629639e-01,-8.607202768325805664e-01,-1.450851321220397949e+00,-1.337312936782836914e+00,-1.817835271358489990e-01,1.031344104558229446e-02,-1.036848902702331543e+00,-1.945505857467651367e+00,-1.575287938117980957e+00,9.589472413063049316e-01,-1.641742736101150513e-01,-4.777928292751312256e-01,6.728604435920715332e-01,-2.025365233421325684e-01,1.907367110252380371e-01,6.019973158836364746e-01,1.293628215789794922e+00,-1.364025622606277466e-01,3.988987803459167480e-01,-1.089325547218322754e+00,-8.493898063898086548e-02,5.671564340591430664e-01,7.444404363632202148e-01,-2.670387923717498779e-01,-1.173641920089721680e+00,3.119144737720489502e-01,-1.878881692886352539e+00,3.515193164348602295e-01,-3.348760604858398438e-01,-2.472499132156372070e+00,-1.120969176292419434e+00,2.299506366252899170e-01,7.088046073913574219e-01,1.963503658771514893e-01,-6.602775305509567261e-02,2.307331860065460205e-01,-1.529428005218505859e+00,-1.050228953361511230e+00
-2.587440609931945801e-01,-1.116465806961059570e+00,-6.710529923439025879e-01,-3.823387324810028076e-01,-7.879747152328491211e-01,-8.530893921852111816e-01,-8.249478936195373535e-01,-8.197549581527709961e-01,-1.103623986244201660e+00,-1.425882697105407715e+00,-3.593916296958923340e-01,-1.052951693534851074e+00,5.090613365173339844e-01,4.800349101424217224e-02,9.644000791013240814e-03,-3.678701817989349365e-01,8.152647614479064941e-01,-1.023976802825927734e+00,8.473122715950012207e-01,-1.140093564987182617e+00,-1.480304360389709473e+00,8.990361690521240234e-01,2.102667838335037231e-01,-2.874982357025146484e-01,-2.630946338176727295e-01,6.277018189430236816e-01,1.450884103775024414e+00,9.299551248550415039e-01,1.527116775512695312e+00,5.004110932350158691e-01,1.177120447158813477e+00,5.415245294570922852e-01,-6.627850234508514404e-02,-5.645824670791625977e-01,1.123881220817565918e+00,-2.026268243789672852e+00,-4.255823194980621338e-01,1.853215098381042480e-01,-7.691209018230438232e-02,-1.308788299560546875e+00,-1.012729033827781677e-01,6.304699182510375977e-01,5.512162446975708008e-01,1.484168972820043564e-02,-1.388526797294616699e+00,2.575614154338836670e-01,1.600096225738525391e+00,1.218017101287841797e+00,-1.338206529617309570e+00,-7.500801086425781250e-01,-8.133752942085266113e-01,-1.042560696601867676e+00,-1.049647569656372070e+00,-6.657202839851379395e-01,-6.032161712646484375e-01,-9.059804677963256836e-01,-9.006343036890029907e-02,-1.205775260925292969e+00,-4.038374125957489014e-01,-5.854231715202331543e-01,5.800679326057434082e-01,9.145569801330566406e-01,1.063938021659851074e+00,-2.220272719860076904e-01,-1.095424056053161621e+00,-5.729179382324218750e-01,6.602796912193298340e-01,3.511226475238800049e-01,-1.333634704351425171e-01,-1.186087727546691895e+00,-1.294495820999145508e+00,1.351766824722290039e+00,4.138559848070144653e-02,-9.407084435224533081e-02,8.582188487052917480e-01,-1.630854904651641846e-01,1.832359790802001953e+00,8.635719418525695801e-01,1.127235412597656250e+00,8.386201411485671997e-02,1.077355265617370605e+00,-4.881431162357330322e-01,3.113082945346832275e-01,1.122311353683471680e+00,1.317432761192321777e+00,5.354620814323425293e-01,4.209688007831573486e-01,1.390640377998352051e+00,-1.161874413490295410e+00,7.959302663803100586e-01,2.643561661243438721e-01,-1.574560165405273438e+00,-1.043551266193389893e-01,5.946995019912719727e-01,9.041227698326110840e-01,5.798471570014953613e-01,7.680917978286743164e-01,8.325937390327453613e-01,-1.276447772979736328e+00,-8.720251917839050293e-01
-6.564449667930603027e-01,-5.447822809219360352e-01,-7.970770001411437988e-01,7.942717075347900391e-01,-4.453310370445251465e-01,-4.589575156569480896e-02,-5.469152703881263733e-02,4.523358494043350220e-02,-1.908480189740657806e-02,-2.243791073560714722e-01,7.440689802169799805e-01,1.348170042037963867e-01,5.679098367691040039e-01,7.342280745506286621e-01,1.385587006807327271e-01,-5.029763281345367432e-02,6.522030234336853027e-01,-3.858261704444885254e-01,7.760364413261413574e-01,-1.059663653373718262e+00,-1.022359251976013184e+00,8.961419463157653809e-01,6.221622228622436523e-01,-1.933890394866466522e-03,-3.439437597990036011e-02,1.233187556266784668e+00,9.141095280647277832e-01,6.120796203613281250e-01,6.160856485366821289e-01,6.750472187995910645e-01,1.445486307144165039e+00,5.556009411811828613e-01,3.311921656131744385e-01,-8.958199992775917053e-03,1.614050149917602539e+00,-5.840814113616943359e-01,3.100102841854095459e-01,2.463107258081436157e-01,4.635281860828399658e-01,-3.061582446098327637e-01,7.636045664548873901e-02,9.482094645500183105e-01,1.495170831680297852e+00,2.433482855558395386e-01,-7.991467714309692383e-01,1.430914402008056641e-01,2.027032375335693359e+00,1.028981447219848633e+00,-3.050624430179595947e-01,-4.740540087223052979e-01,-4.440853297710418701e-01,-3.435112237930297852e-01,2.437638491392135620e-01,5.163251161575317383e-01,-2.193485572934150696e-02,-1.498657464981079102e-01,1.025138854980468750e+00,2.565264888107776642e-02,1.003861069679260254e+00,1.021873474121093750e+00,9.962900280952453613e-01,1.154319286346435547e+00,1.226017475128173828e+00,3.539935648441314697e-01,-1.649254113435745239e-01,-4.139402508735656738e-01,1.570101618766784668e+00,8.185043334960937500e-01,7.889790534973144531e-01,-1.489299088716506958e-01,-1.303610920906066895e+00,1.620146393775939941e+00,2.349907308816909790e-01,1.136304974555969238e+00,1.256349682807922363e+00,5.341553092002868652e-01,6.158440113067626953e-01,4.181242585182189941e-01,1.492304563522338867e+00,1.065693378448486328e+00,1.191529631614685059e+00,6.477787494659423828e-01,1.208495497703552246e+00,1.553974747657775879e+00,1.266297578811645508e+00,9.791044592857360840e-01,9.081213474273681641e-01,1.299809336662292480e+00,-1.086154952645301819e-01,1.793034911155700684e+00,1.580515861511230469e+00,-1.139289498329162598e+00,6.852353811264038086e-01,1.135627388954162598e+00,1.266049385070800781e+00,1.283243298530578613e+00,8.059581518173217773e-01,1.107710242271423340e+00,-4.280985519289970398e-02,4.410628601908683777e-02
6.994624137878417969e-01,1.714024990797042847e-01,1.461604535579681396e-01,4.699034988880157471e-01,1.219785772264003754e-02,6.799700856208801270e-01,2.608187496662139893e-01,1.417100429534912109e-01,5.695165991783142090e-01,5.667487382888793945e-01,1.195088148117065430e+00,7.906903028488159180e-01,1.193229198455810547e+00,9.646072983741760254e-01,7.231748104095458984e-01,2.999483346939086914e-01,9.077966809272766113e-01,5.629439651966094971e-02,1.325699448585510254e+00,-1.267380714416503906e-01,-2.800552546977996826e-01,1.106807351112365723e+00,1.301160335540771484e+00,9.639323949813842773e-01,3.172845542430877686e-01,1.407235264778137207e+00,2.094766855239868164e+00,1.336109161376953125e+00,1.639697313308715820e+00,1.303813457489013672e+00,1.067495226860046387e+00,7.411288619041442871e-01,3.737700358033180237e-02,3.020783960819244385e-01,1.768314719200134277e+00,6.573278307914733887e-01,9.096883535385131836e-01,4.221373796463012695e-01,1.032091617584228516e+00,4.543536305427551270e-01,-7.502027601003646851e-02,1.889677286148071289e+00,1.828658342361450195e+00,8.448473215103149414e-01,-1.832823902368545532e-01,6.487895846366882324e-01,2.299736976623535156e+00,1.504984498023986816e+00,7.784833908081054688e-01,8.068755865097045898e-01,7.568173408508300781e-01,3.864792585372924805e-01,5.839435458183288574e-01,5.663501024246215820e-01,8.397065401077270508e-01,5.439397692680358887e-01,1.371689915657043457e+00,6.883376836776733398e-01,1.455805659294128418e+00,1.133248567581176758e+00,1.454637050628662109e+00,1.242106318473815918e+00,1.735089182853698730e+00,9.333479404449462891e-01,7.524983882904052734e-01,9.113723635673522949e-01,1.847634792327880859e+00,1.642424106597900391e+00,1.763630390167236328e+00,7.478023767471313477e-01,-3.337458074092864990e-01,1.981301903724670410e+00,1.270787119865417480e+00,1.836915135383605957e+00,1.598484396934509277e+00,8.504446148872375488e-01,1.744260072708129883e+00,1.342640280723571777e+00,1.410184144973754883e+00,3.081434667110443115e-01,1.418893814086914062e+00,1.140076518058776855e+00,1.765811443328857422e+00,1.822329640388488770e+00,2.033980131149291992e+00,1.791876077651977539e+00,1.571212410926818848e+00,1.821275830268859863e+00,1.426954269409179688e+00,1.977890133857727051e+00,1.179933071136474609e+00,-9.390892386436462402e-01,1.636420726776123047e+00,1.390992641448974609e+00,1.446782588958740234e+00,2.012887716293334961e+00,2.117274284362792969e+00,2.027797698974609375e+00,1.240843534469604492e+00,1.360686302185058594e+00
7.133324742317199707e-01,9.471141099929809570e-01,6.634815335273742676e-01,8.929137587547302246e-01,3.553588986396789551e-01,7.522938847541809082e-01,1.624849081039428711e+00,8.991431593894958496e-01,1.008823275566101074e+00,5.228939652442932129e-01,1.346344232559204102e+00,7.402375340461730957e-01,9.886726737022399902e-01,8.241642117500305176e-01,1.285228610038757324e+00,6.346663236618041992e-01,1.134054183959960938e+00,1.297256231307983398e+00,1.660797953605651855e+00,1.394533872604370117e+00,5.816432461142539978e-02,1.505833625793457031e+00,1.620290994644165039e+00,1.553036093711853027e+00,5.616404414176940918e-01,1.349740505218505859e+00,2.075765609741210938e+00,1.703034639358520508e+00,2.954535007476806641e+00,1.494877696037292480e+00,1.079392790794372559e+00,8.799623847007751465e-01,-7.394498586654663086e-02,7.697575688362121582e-01,1.593017220497131348e+00,1.795684695243835449e+00,1.796605110168457031e+00,5.144940018653869629e-01,8.540369272232055664e-01,8.841241002082824707e-01,5.273457765579223633e-01,1.433616995811462402e+00,1.396533846855163574e+00,9.644532799720764160e-01,-6.513060331344604492e-01,6.337763071060180664e-01,1.399676442146301270e+00,2.187436103820800781e+00,1.768162846565246582e+00,1.999669671058654785e+00,1.164962053298950195e+00,9.727576375007629395e-01,1.702306628227233887e+00,1.531873822212219238e+00,8.391417860984802246e-01,5.637931227684020996e-01,2.582786083221435547e+00,1.334928870201110840e+00,1.151606440544128418e+00,8.705632686614990234e-01,1.294104576110839844e+00,1.357169628143310547e+00,1.225747346878051758e+00,8.467330932617187500e-01,1.304566383361816406e+00,1.359465956687927246e+00,2.910050630569458008e+00,1.932787060737609863e+00,2.128581047058105469e+00,1.932915210723876953e+00,6.323270797729492188e-01,2.121758460998535156e+00,1.717771172523498535e+00,2.202641487121582031e+00,1.818265914916992188e+00,5.090197920799255371e-01,3.101617097854614258e+00,1.568195343017578125e+00,1.510634779930114746e+00,9.307971000671386719e-01,1.921984553337097168e+00,1.629513978958129883e+00,1.400570034980773926e+00,1.839016199111938477e+00,1.987245440483093262e+00,1.268006324768066406e+00,2.322314500808715820e+00,1.956654906272888184e+00,2.740762948989868164e+00,3.066478490829467773e+00,1.842022418975830078e+00,-3.068029582500457764e-01,1.488119244575500488e+00,1.622490644454956055e+00,1.323603391647338867e+00,2.370106697082519531e+00,2.296986103057861328e+00,2.355646133422851562e+00,2.114354610443115234e+00,2.525219440460205078e+00
1.260242104530334473e+00,3.324975073337554932e-01,3.653451204299926758e-01,1.868816614151000977e-01,1.461903452873229980e-01,3.635398298501968384e-02,9.936667680740356445e-01,2.411583811044692993e-01,1.347956955432891846e-01,-8.621146902441978455e-03,8.205956220626831055e-01,2.394653409719467163e-01,9.353406429290771484e-01,9.004566073417663574e-01,4.416558742523193359e-01,2.091097980737686157e-01,1.258864641189575195e+00,6.581369042396545410e-01,1.509323000907897949e+00,1.093852400779724121e+00,-8.338757753372192383e-01,1.193445563316345215e+00,1.237880825996398926e+00,5.300284624099731445e-01,3.817045688629150391e-01,1.450624942779541016e+00,1.124210715293884277e+00,9.465672969818115234e-01,1.632575988769531250e+00,1.073537468910217285e+00,7.249492406845092773e-01,8.310564756393432617e-01,-3.881244957447052002e-01,1.205579414963722229e-01,1.709835052490234375e+00,8.354275822639465332e-01,5.710049271583557129e-01,-2.089396351948380470e-03,-2.549886107444763184e-01,-1.548875719308853149e-01,-5.577082633972167969e-01,1.559857130050659180e+00,1.227218985557556152e+00,6.340152621269226074e-01,-9.880930185317993164e-01,1.515847295522689819e-01,1.318914294242858887e+00,2.030910491943359375e+00,1.182167649269104004e+00,9.373868107795715332e-01,1.317685484886169434e+00,9.238198399543762207e-01,1.290595531463623047e+00,8.660868406295776367e-01,2.732469439506530762e-01,3.631891012191772461e-01,2.171854734420776367e+00,4.111311733722686768e-01,1.060817241668701172e+00,1.016239881515502930e+00,1.201188325881958008e+00,1.255852818489074707e+00,1.502675771713256836e+00,7.710984945297241211e-01,6.619530320167541504e-01,4.786574542522430420e-01,1.978357434272766113e+00,1.503244280815124512e+00,1.173400759696960449e+00,1.075676321983337402e+00,-1.605570763349533081e-01,1.924240589141845703e+00,1.407289505004882812e+00,1.792575836181640625e+00,1.422165751457214355e+00,5.608948469161987305e-01,2.295233488082885742e+00,1.093183994293212891e+00,1.377457499504089355e+00,1.286399811506271362e-01,1.278242588043212891e+00,-5.893575549125671387e-01,9.642574787139892578e-01,1.756335020065307617e+00,1.483657598495483398e+00,9.436352252960205078e-01,1.220689177513122559e+00,1.400767803192138672e+00,1.581737518310546875e+00,2.088828802108764648e+00,1.166970729827880859e+00,-5.066296458244323730e-01,9.527558088302612305e-01,1.559622406959533691e+00,1.235406875610351562e+00,1.937774181365966797e+00,1.364545345306396484e+00,1.879747271537780762e+00,1.721295237541198730e+00,1.521985054016113281e+00
