-1.553479433059692383e+00,-1.166126012802124023e+00,-2.061018705368041992e+00,1.496219187974929810e-01,-4.850112199783325195e-01,-1.147837758064270020e+00,-7.746250033378601074e-01,-5.767399072647094727e-01,-2.876933515071868896e-01,-3.208789527416229248e-01,-4.158674180507659912e-01,-1.235056400299072266e+00,1.062277793884277344e+00,-4.772441089153289795e-01,2.431118637323379517e-01,-1.298790931701660156e+00,-1.133093476295471191e+00,4.841889142990112305e-01,-5.499550700187683105e-01,1.167661786079406738e+00,2.884925127029418945e+00,-9.827439785003662109e-01,-6.605669111013412476e-02,-1.023616790771484375e+00,-1.777548074722290039e+00,-6.687542796134948730e-02,1.052081108093261719e+00,-2.877687215805053711e-01,2.283019274473190308e-01,1.665482282638549805e+00,-2.381922483444213867e+00,-7.921077609062194824e-01,-9.408934712409973145e-01,-4.814606010913848877e-01,-8.811621665954589844e-01,-4.256073832511901855e-01,-8.299031853675842285e-01,-2.967387735843658447e-01,5.709401890635490417e-02,-8.197585120797157288e-03,-2.653914391994476318e-01,-1.757845878601074219e+00,-8.382771611213684082e-01,6.772800087928771973e-01,1.839105486869812012e+00,2.638302326202392578e+00,1.101297140121459961e+00,4.858708381652832031e-01,-1.227463841438293457e+00,-8.129988312721252441e-01,-2.040083169937133789e+00,-1.993522763252258301e+00,-7.254133224487304688e-01,-4.313634037971496582e-01,-1.587640166282653809e+00,-8.796992897987365723e-01,-8.627917766571044922e-01,-6.540387272834777832e-01,-5.271564722061157227e-01,-1.171584844589233398e+00,-4.877970814704895020e-01,-5.479611754417419434e-01,-2.365431934595108032e-01,-4.094352126121520996e-01,6.279057860374450684e-01,-1.128790453076362610e-01,-2.387983053922653198e-01,-2.088209092617034912e-01,3.017711043357849121e-01,3.449676930904388428e-01,3.264047145843505859e+00,-9.163493514060974121e-01,1.515134572982788086e+00,-1.508398056030273438e-01,7.636586576700210571e-02,-1.186750173568725586e+00,1.416921019554138184e-01,4.605630636215209961e-01,-1.668093562126159668e+00,1.506247878074645996e+00,1.881837129592895508e+00,1.718117117881774902e+00,5.012223720550537109e-01,-9.323445558547973633e-01,2.552788019180297852e+00,1.360154628753662109e+00,-6.326779127120971680e-01,-1.086023524403572083e-01,-6.405352950096130371e-01,9.027484059333801270e-01,1.758195996284484863e+00,-8.680683970451354980e-01,3.309952616691589355e-01,3.200913593173027039e-02,-1.001683592796325684e+00,1.609332799911499023e+00,4.561066627502441406e+00,3.198820352554321289e+00,-1.350492477416992188e+00,-1.116855621337890625e+00
-2.812030553817749023e+00,-1.960376262664794922e+00,-2.015905380249023438e+00,-2.649140357971191406e-01,-1.388863325119018555e+00,-1.163195013999938965e+00,-2.114550352096557617e+00,-1.555700898170471191e+00,-1.369660854339599609e+00,-1.483887553215026855e+00,-1.987822055816650391e+00,-2.194061756134033203e+00,-1.509411573410034180e+00,-2.042663335800170898e+00,-1.467008709907531738e+00,-1.781178712844848633e+00,-2.704049110412597656e+00,-1.645542263984680176e+00,-2.239121913909912109e+00,-1.948834657669067383e-01,-1.364602208137512207e+00,-1.955223321914672852e+00,-1.250761747360229492e+00,-2.133672952651977539e+00,-1.613290071487426758e+00,-1.224008917808532715e+00,-2.846409082412719727e-01,-1.335522890090942383e+00,-1.422721385955810547e+00,-3.933131694793701172e-01,-2.478701353073120117e+00,-1.639321684837341309e+00,-3.073677539825439453e+00,-2.320227622985839844e+00,-2.105401039123535156e+00,-1.475157260894775391e+00,-2.257208824157714844e+00,-1.781994342803955078e+00,-6.699158549308776855e-01,-8.361537456512451172e-01,-9.189722537994384766e-01,-1.629870891571044922e+00,-1.433035850524902344e+00,5.442571640014648438e-01,9.390577077865600586e-01,8.862240314483642578e-01,-1.389569044113159180e+00,-1.219021320343017578e+00,-1.363488435745239258e+00,-7.296980023384094238e-01,-2.604584455490112305e+00,-2.170412063598632812e+00,-1.389878630638122559e+00,-8.204340934753417969e-01,-1.596649765968322754e+00,-1.606604814529418945e+00,-1.017861723899841309e+00,-1.652367353439331055e+00,-1.101442933082580566e+00,-1.885432243347167969e+00,-1.168286919593811035e+00,-1.519640803337097168e+00,-1.762123227119445801e+00,-1.049040317535400391e+00,-1.731927871704101562e+00,-1.636622071266174316e+00,-8.756635785102844238e-01,-1.556302428245544434e+00,-1.440352439880371094e+00,-1.096309661865234375e+00,-9.799477458000183105e-01,-1.906675577163696289e+00,-6.361339092254638672e-01,-1.180123448371887207e+00,-8.767264485359191895e-01,-1.122015237808227539e+00,-1.070213913917541504e+00,-1.224412798881530762e+00,-2.130447864532470703e+00,3.655549883842468262e-02,1.404464125633239746e+00,5.785055160522460938e-01,-5.282230973243713379e-01,-1.673137903213500977e+00,1.137771725654602051e+00,-1.317280650138854980e+00,-2.060929059982299805e+00,-6.288293600082397461e-01,-1.173226475715637207e+00,8.993169069290161133e-01,1.355231404304504395e+00,-3.559512495994567871e-01,1.098725497722625732e-01,-1.579407043755054474e-02,-7.544294595718383789e-01,1.546080231666564941e+00,2.255972146987915039e+00,-2.134382873773574829e-01,-1.594034552574157715e+00,-8.219112157821655273e-01
-2.821597099304199219e+00,-2.325532436370849609e+00,-2.464153766632080078e+00,-8.357266783714294434e-01,-1.656129002571105957e+00,-1.961142897605895996e+00,-2.063582420349121094e+00,-1.888916015625000000e+00,-2.069438219070434570e+00,-2.583835601806640625e+00,-2.417188644409179688e+00,-2.984314203262329102e+00,-2.488354444503784180e+00,-1.588515996932983398e+00,-1.884494185447692871e+00,-1.992020487785339355e+00,-2.748246192932128906e+00,-1.781125545501708984e+00,-1.266122698783874512e+00,-2.390971593558788300e-02,-3.185759782791137695e-01,-2.513034343719482422e+00,-1.581745982170104980e+00,-2.857008457183837891e+00,-2.290530204772949219e+00,-2.097393751144409180e+00,-1.573327302932739258e+00,-2.027706384658813477e+00,-1.564591765403747559e+00,-1.129009962081909180e+00,-2.358859539031982422e+00,-1.625384330749511719e+00,-2.419228076934814453e+00,-1.856201410293579102e+00,-2.629808902740478516e+00,-1.566340446472167969e+00,-2.081856727600097656e+00,-2.495185852050781250e+00,-2.280864715576171875e+00,-2.050555944442749023e+00,-1.422751307487487793e+00,-2.470065832138061523e+00,-2.427809000015258789e+00,-6.963711380958557129e-01,-2.313553690910339355e-01,-1.111387908458709717e-01,-1.845351696014404297e+00,-1.696065664291381836e+00,-1.607577800750732422e+00,-1.162558555603027344e+00,-2.652603626251220703e+00,-2.300817728042602539e+00,-1.620631814002990723e+00,-8.120604157447814941e-01,-2.156037330627441406e+00,-2.276107549667358398e+00,-1.484298348426818848e+00,-2.010008096694946289e+00,-1.892620563507080078e+00,-2.703433990478515625e+00,-2.330155611038208008e+00,-1.853557109832763672e+00,-1.835186123847961426e+00,-2.052123546600341797e-01,-9.270352125167846680e-01,-1.687820792198181152e+00,-1.172304034233093262e+00,-9.848653674125671387e-01,-9.940513372421264648e-01,-6.259392499923706055e-01,-7.474780827760696411e-02,-2.539776563644409180e+00,2.063368409872055054e-01,-2.122842311859130859e+00,-1.728442192077636719e+00,-1.831075191497802734e+00,-1.547371625900268555e+00,-1.257832765579223633e+00,-1.880934000015258789e+00,3.293431997299194336e-01,1.929250478744506836e+00,2.314356803894042969e+00,-1.031022191047668457e+00,-2.410348176956176758e+00,4.162634909152984619e-01,-6.477472782135009766e-01,-1.790919423103332520e+00,-1.241888403892517090e+00,-1.779597163200378418e+00,1.091669797897338867e+00,8.620490431785583496e-01,-1.022537827491760254e+00,-1.181566119194030762e+00,-2.258429974317550659e-01,-1.257581830024719238e+00,-2.517053186893463135e-01,1.370740413665771484e+00,1.489478051662445068e-01,-2.682311534881591797e+00,-1.505070328712463379e+00
-2.789617300033569336e+00,-2.613311052322387695e+00,-3.026166915893554688e+00,-1.557585477828979492e+00,-1.911643862724304199e+00,-2.217727422714233398e+00,-2.092119932174682617e+00,-1.675975322723388672e+00,-1.737683534622192383e+00,-2.138095617294311523e+00,-1.518190741539001465e+00,-2.751348733901977539e+00,-1.863189458847045898e+00,-2.777523040771484375e+00,-2.056935548782348633e+00,-2.240360975265502930e+00,-2.551297903060913086e+00,-2.285708427429199219e+00,-1.569646835327148438e+00,-1.395652532577514648e+00,-1.364283680915832520e+00,-2.483040094375610352e+00,-2.517420053482055664e+00,-2.931715726852416992e+00,-2.055452108383178711e+00,-1.977565646171569824e+00,-1.822330832481384277e+00,-1.771957397460937500e+00,-1.434157609939575195e+00,-2.069372653961181641e+00,-2.393834590911865234e+00,-2.302097797393798828e+00,-1.669565558433532715e+00,-2.006762504577636719e+00,-2.282512426376342773e+00,-1.613130211830139160e+00,-1.457625031471252441e+00,-1.977841019630432129e+00,-1.810968756675720215e+00,-2.343026399612426758e+00,-1.748517155647277832e+00,-2.303098678588867188e+00,-2.308218717575073242e+00,-3.201638758182525635e-01,-1.501326262950897217e-01,-2.653397321701049805e-01,-2.068166971206665039e+00,-2.016439676284790039e+00,-2.045843839645385742e+00,-8.786092400550842285e-01,-2.816976070404052734e+00,-2.581661224365234375e+00,-1.560379862785339355e+00,-1.156167626380920410e+00,-2.419404983520507812e+00,-1.925772666931152344e+00,-1.385362863540649414e+00,-2.157337665557861328e+00,-1.964511632919311523e+00,-2.158360958099365234e+00,-2.373893260955810547e+00,-1.756385922431945801e+00,-1.942742228507995605e+00,-1.783225536346435547e+00,-1.157470941543579102e+00,-1.875156641006469727e+00,-1.857933521270751953e+00,-1.285342693328857422e+00,-8.912622928619384766e-01,-1.259096264839172363e+00,-1.120718598365783691e+00,-2.234266996383666992e+00,-1.817790508270263672e+00,-2.437415122985839844e+00,-1.274935245513916016e+00,-2.114329338073730469e+00,-8.500290513038635254e-01,-1.799592852592468262e+00,-2.109399318695068359e+00,-4.395477175712585449e-01,9.830619692802429199e-01,2.794097661972045898e+00,-7.002043128013610840e-01,-1.105037569999694824e+00,5.862301588058471680e-01,-1.429550886154174805e+00,-1.109475970268249512e+00,-6.417939066886901855e-01,-1.699556589126586914e+00,4.362321496009826660e-01,6.105679273605346680e-01,-2.373742818832397461e+00,-8.421827554702758789e-01,-9.421170353889465332e-01,-1.518669605255126953e+00,7.075998187065124512e-01,1.237221598625183105e+00,6.724453717470169067e-02,-2.270570755004882812e+00,-1.243893384933471680e+00
-1.997469782829284668e+00,-2.357400417327880859e+00,-2.638878107070922852e+00,-1.749837279319763184e+00,-2.254852056503295898e+00,-2.051455497741699219e+00,-2.450131416320800781e+00,-1.663836002349853516e+00,-1.826223850250244141e+00,-1.911870002746582031e+00,-1.301948070526123047e+00,-2.284073352813720703e+00,-1.328090906143188477e+00,-3.080735683441162109e+00,-2.136023044586181641e+00,-2.077923297882080078e+00,-3.114690542221069336e+00,-2.472956180572509766e+00,-3.105170488357543945e+00,-3.120796382427215576e-01,-2.540453910827636719e+00,-3.130120754241943359e+00,-2.627219438552856445e+00,-2.798486232757568359e+00,-2.414103031158447266e+00,-1.677914977073669434e+00,-1.337729811668395996e+00,-1.747774958610534668e+00,-1.686511993408203125e+00,-1.734539866447448730e+00,-1.870205998420715332e+00,-2.343213081359863281e+00,-9.941256046295166016e-01,-3.197749137878417969e+00,-3.091910362243652344e+00,-1.245141148567199707e+00,-1.318699717521667480e+00,-1.724569439888000488e+00,-1.470059633255004883e+00,-2.455770015716552734e+00,-1.612034320831298828e+00,-1.586358189582824707e+00,-2.008677482604980469e+00,8.536455631256103516e-01,1.563465952873229980e+00,3.324542939662933350e-01,-1.368306279182434082e+00,-1.434822201728820801e+00,-1.176434636116027832e+00,-2.837646007537841797e-01,-2.080997943878173828e+00,-2.445682287216186523e+00,-1.818440198898315430e+00,-1.070733904838562012e+00,-2.177957534790039062e+00,-1.607138991355895996e+00,-1.362855792045593262e+00,-2.191289186477661133e+00,-1.953282833099365234e+00,-1.806434631347656250e+00,-2.121154308319091797e+00,-1.712109446525573730e+00,-2.063298940658569336e+00,-1.653050661087036133e+00,-2.126659631729125977e+00,-2.156144857406616211e+00,-1.506302475929260254e+00,-2.109843254089355469e+00,-1.526788711547851562e+00,-8.942933678627014160e-01,-1.464544296264648438e+00,-2.325685977935791016e+00,-2.065841913223266602e+00,-2.193825960159301758e+00,-2.385977268218994141e+00,-2.084755420684814453e+00,-1.471868395805358887e+00,-1.879828214645385742e+00,-1.611259341239929199e+00,-5.054253339767456055e-01,9.470694065093994141e-01,2.768723487854003906e+00,-7.772295922040939331e-02,-1.634478807449340820e+00,1.284952759742736816e+00,-5.380195975303649902e-01,-9.871780872344970703e-01,-4.892669022083282471e-01,-8.017960190773010254e-01,1.377325773239135742e+00,1.094772815704345703e+00,-1.077717900276184082e+00,-4.985134005546569824e-01,-2.867105901241302490e-01,-7.500925064086914062e-01,2.347560882568359375e+00,2.589828968048095703e+00,1.005822181701660156e+00,-1.383585453033447266e+00,-4.747273921966552734e-01
-2.969135284423828125e+00,-2.298134565353393555e+00,-2.599421977996826172e+00,-1.831413507461547852e+00,-1.945334792137145996e+00,-1.717178940773010254e+00,-1.886612415313720703e+00,-1.421460270881652832e+00,-1.407988429069519043e+00,-2.379865646362304688e+00,-1.285353302955627441e+00,-2.572795152664184570e+00,-1.419497489929199219e+00,-1.212969303131103516e+00,-1.584713578224182129e+00,-2.334948062896728516e+00,-2.873429536819458008e+00,-1.996953845024108887e+00,-2.556786537170410156e+00,-6.830080151557922363e-01,-2.082560777664184570e+00,-2.286823987960815430e+00,-1.020540833473205566e+00,-2.788892745971679688e+00,-2.528315544128417969e+00,-1.629495859146118164e+00,-1.011924266815185547e+00,-1.363444209098815918e+00,-1.086632847785949707e+00,4.209789931774139404e-01,-2.590235710144042969e+00,-2.611042976379394531e+00,-2.590960741043090820e+00,-3.006872892379760742e+00,-2.583246469497680664e+00,-1.284157037734985352e+00,-1.308784961700439453e+00,-2.273880243301391602e+00,-1.393106818199157715e+00,-2.498861312866210938e+00,-7.407761812210083008e-01,-1.556500434875488281e+00,-1.650627017021179199e+00,1.495336890220642090e+00,-1.283549547195434570e+00,1.137198686599731445e+00,-9.080155193805694580e-02,-1.301907658576965332e+00,-4.331099390983581543e-01,3.152666389942169189e-01,-2.672508716583251953e+00,-2.315787076950073242e+00,-1.807767987251281738e+00,-1.142939448356628418e+00,-2.161351680755615234e+00,-2.131634473800659180e+00,-1.012368321418762207e+00,-1.416180133819580078e+00,-2.165301561355590820e+00,-1.898010611534118652e+00,-2.226250410079956055e+00,-1.248891949653625488e+00,-1.322078824043273926e+00,-9.546524882316589355e-01,-1.549806714057922363e+00,-1.300806999206542969e+00,-9.910339117050170898e-01,-2.083179950714111328e+00,-2.313990831375122070e+00,-9.002714753150939941e-01,-9.646349549293518066e-01,-1.377508997917175293e+00,-1.238258838653564453e+00,-1.395952105522155762e+00,-2.222613573074340820e+00,-2.027958154678344727e+00,-9.659522175788879395e-01,-9.047080874443054199e-01,-2.034161567687988281e+00,-7.313938736915588379e-01,1.853112317621707916e-02,7.549542784690856934e-01,-1.257716536521911621e+00,-1.458768486976623535e+00,1.178128480911254883e+00,-9.761326760053634644e-02,-1.005940318107604980e+00,8.755913376808166504e-02,-1.302660584449768066e+00,1.293908476829528809e+00,1.994419544935226440e-01,-3.761518895626068115e-01,-6.873080730438232422e-01,-4.833012819290161133e-01,-2.579919695854187012e-01,2.394194364547729492e+00,3.224013566970825195e+00,9.594625234603881836e-01,-1.184104800224304199e+00,2.373839318752288818e-01
-1.274403452873229980e+00,-1.244657039642333984e+00,-1.248918652534484863e+00,-6.722058653831481934e-01,-9.398177862167358398e-01,-8.221848607063293457e-01,-1.008052229881286621e+00,-1.386898308992385864e-01,-2.300489246845245361e-01,-2.342101573944091797e+00,-2.204902648925781250e+00,-2.096272945404052734e+00,-2.153643608093261719e+00,-6.646145582199096680e-01,-7.533159255981445312e-01,-9.243155121803283691e-01,-2.091597795486450195e+00,-8.295835256576538086e-01,-1.626850843429565430e+00,-6.776476502418518066e-01,1.024017035961151123e-01,-1.146113276481628418e+00,6.270037591457366943e-02,-2.356519937515258789e+00,-1.941844463348388672e+00,-1.382682800292968750e+00,-5.881540179252624512e-01,-1.016214013099670410e+00,-5.303348302841186523e-01,9.047181606292724609e-01,-2.353838682174682617e+00,-5.472208261489868164e-01,-1.756765246391296387e+00,-1.705769181251525879e+00,-1.826900362968444824e+00,-8.186192512512207031e-01,-1.706088304519653320e+00,-1.876997590065002441e+00,-1.421558260917663574e+00,-1.904347658157348633e+00,-9.069705605506896973e-01,-1.820310950279235840e+00,-1.663823843002319336e+00,1.182900443673133850e-01,-5.782829523086547852e-01,4.597164988517761230e-01,-4.815890192985534668e-01,-5.672400593757629395e-01,-3.182057738304138184e-01,-3.736121058464050293e-01,-1.586375236511230469e+00,-1.104391932487487793e+00,-9.841232895851135254e-01,-6.112958490848541260e-02,-5.539111495018005371e-01,-1.177561879158020020e+00,3.161400854587554932e-01,-2.160284817218780518e-01,-1.835612773895263672e+00,-1.989550948143005371e+00,-1.737989068031311035e+00,-1.504309415817260742e+00,-1.537438154220581055e+00,-2.516916096210479736e-01,-2.229844927787780762e-01,-8.003868907690048218e-02,-6.443472951650619507e-02,-1.142534375190734863e+00,-1.137550711631774902e+00,3.314411640167236328e-01,-4.130893945693969727e-02,-6.474145054817199707e-01,8.131231665611267090e-01,-1.344760298728942871e+00,-1.451108336448669434e+00,-1.453762769699096680e+00,-1.127879023551940918e+00,1.868150085210800171e-01,-1.886009931564331055e+00,-1.458035260438919067e-01,9.482334852218627930e-01,1.868773341178894043e+00,-1.444726109504699707e+00,-1.935784071683883667e-01,1.446568489074707031e+00,-2.585904300212860107e-01,-1.740718364715576172e+00,-2.402796745300292969e-01,-8.818155527114868164e-01,9.085491895675659180e-01,-4.019824787974357605e-02,2.448564046062529087e-04,-1.061652302742004395e+00,-1.153646230697631836e+00,-7.548183202743530273e-01,7.704685330390930176e-01,1.558301687240600586e+00,1.446193575859069824e+00,-5.695689916610717773e-01,-4.020534753799438477e-01
-1.243206858634948730e-01,1.747696660459041595e-02,-2.982597649097442627e-01,-2.396209836006164551e-01,-2.858676314353942871e-01,1.998413801193237305e-01,-1.339634507894515991e-01,8.022029399871826172e-01,3.263549506664276123e-01,-1.652899980545043945e+00,-8.999754190444946289e-01,-1.227612137794494629e+00,-2.137592077255249023e+00,-2.599134668707847595e-02,-8.218424916267395020e-01,7.056152224540710449e-01,-1.194595217704772949e+00,3.856617510318756104e-01,-5.883271098136901855e-01,7.121624350547790527e-01,1.027839183807373047e-01,-6.627908945083618164e-01,-1.983544826507568359e-01,-1.601382732391357422e+00,-1.953556537628173828e+00,-4.986660480499267578e-01,-9.079742431640625000e-01,-1.020288348197937012e+00,-5.113120079040527344e-01,2.317509055137634277e-01,-1.914804577827453613e+00,-9.743836522102355957e-01,-8.810170292854309082e-01,-7.392386198043823242e-01,-1.225926756858825684e+00,-8.187655806541442871e-01,-1.440809607505798340e+00,-2.010311365127563477e+00,-1.282546758651733398e+00,-1.337959170341491699e+00,-1.576321840286254883e+00,-2.046884775161743164e+00,-1.885865688323974609e+00,-1.213221549987792969e+00,-5.829242467880249023e-01,-1.537032961845397949e+00,-2.170185565948486328e+00,-1.298666596412658691e+00,3.091161847114562988e-01,-1.422496557235717773e+00,-7.049329280853271484e-01,-3.445580303668975830e-01,1.958131045103073120e-02,4.994370341300964355e-01,5.212883353233337402e-01,-7.075315117835998535e-01,8.387379050254821777e-01,2.274340838193893433e-01,-1.268036961555480957e+00,-1.287337660789489746e+00,-3.827213048934936523e-01,-1.228283643722534180e+00,-1.031896471977233887e+00,7.773386836051940918e-01,-1.119003538042306900e-02,-8.903179317712783813e-02,2.118785530328750610e-01,-3.265743255615234375e-01,-4.543744027614593506e-01,9.030263423919677734e-01,7.402134537696838379e-01,4.442927837371826172e-01,8.362873196601867676e-01,-9.885585308074951172e-01,-4.051922261714935303e-01,-5.985481142997741699e-01,-9.593308568000793457e-01,2.695576846599578857e-01,-1.468848228454589844e+00,-3.054012954235076904e-01,9.758256673812866211e-01,1.070097208023071289e+00,-1.299843192100524902e+00,6.502744555473327637e-01,1.255289793014526367e+00,-4.502274990081787109e-01,-1.344003319740295410e+00,-1.052305936813354492e+00,-9.990118145942687988e-01,-5.057330131530761719e-01,4.525830149650573730e-01,1.852163672447204590e-02,-1.625066757202148438e+00,-1.346773862838745117e+00,-6.097230911254882812e-01,-2.260665409266948700e-02,-3.355627655982971191e-01,-6.397640705108642578e-01,-3.775201141834259033e-01,-1.687443017959594727e+00
2.497419342398643494e-02,4.318483173847198486e-01,3.005544245243072510e-01,4.402464628219604492e-01,4.090553522109985352e-01,-3.206518888473510742e-01,-5.743160247802734375e-01,8.727117180824279785e-01,3.736172616481781006e-01,-1.929015994071960449e+00,-1.557873606681823730e+00,-1.274676561355590820e+00,-1.197971343994140625e+00,2.904704511165618896e-01,-5.122686028480529785e-01,1.158761262893676758e+00,-5.069260001182556152e-01,5.888487100601196289e-01,-2.782969176769256592e-01,9.118857383728027344e-01,1.208053350448608398e+00,-4.191199839115142822e-01,-2.918149232864379883e-01,-1.173031568527221680e+00,-1.941662073135375977e+00,-8.847991228103637695e-01,-4.198002815246582031e-01,-1.016621351242065430e+00,-3.086360991001129150e-01,6.409910321235656738e-01,-2.211724996566772461e+00,-1.999227762222290039e+00,-1.178277492523193359e+00,-1.564908027648925781e-01,-7.682486176490783691e-01,-1.166231513023376465e+00,-1.402578353881835938e+00,-2.380026817321777344e+00,-2.242610931396484375e+00,-1.366596817970275879e+00,-1.910064458847045898e+00,-1.710915565490722656e+00,-1.996780753135681152e+00,-1.629268884658813477e+00,-5.602355599403381348e-01,-1.378054738044738770e+00,-4.056252241134643555e-01,-1.176750779151916504e+00,-1.409432291984558105e+00,-2.044410467147827148e+00,-3.383021652698516846e-01,1.338343024253845215e-01,9.256113171577453613e-01,1.337749719619750977e+00,1.019081115722656250e+00,-1.108016848564147949e+00,8.604450225830078125e-01,6.179062724113464355e-01,-1.661732196807861328e+00,-1.239661097526550293e+00,-4.361876249313354492e-01,-1.058827519416809082e+00,2.478762716054916382e-01,1.882121086120605469e+00,-2.508674263954162598e-01,-5.417573824524879456e-02,-5.275642871856689453e-01,3.622311055660247803e-01,1.280740797519683838e-01,7.753646373748779297e-01,1.632094740867614746e+00,1.933036893606185913e-01,1.447830200195312500e+00,-1.379847526550292969e+00,-4.335768520832061768e-01,-1.308706283569335938e+00,1.736870966851711273e-02,7.073484659194946289e-01,-1.765271902084350586e+00,-7.349807024002075195e-01,1.356453061103820801e+00,3.003087043762207031e-01,-1.114019751548767090e+00,-1.816978007555007935e-01,1.579277038574218750e+00,7.339939475059509277e-01,-1.082970380783081055e+00,-6.629822850227355957e-01,-1.374970912933349609e+00,-1.100711345672607422e+00,1.122231006622314453e+00,-1.783568978309631348e+00,-2.288037061691284180e+00,-1.529254436492919922e+00,-1.382353067398071289e+00,-7.016122937202453613e-01,1.253450214862823486e-01,-6.921826601028442383e-01,-9.449193477630615234e-01,-2.291028976440429688e+00
-8.392387032508850098e-01,7.794842123985290527e-01,-9.827981702983379364e-03,6.773135662078857422e-01,8.082982301712036133e-01,-2.103355228900909424e-01,-5.943469405174255371e-01,1.377027630805969238e+00,9.756412506103515625e-01,-1.576903700828552246e+00,-1.227958679199218750e+00,-1.156661987304687500e+00,-7.107539176940917969e-01,2.413823306560516357e-01,-3.407801091670989990e-01,1.005206942558288574e+00,-3.256426155567169189e-01,9.535090327262878418e-01,4.979071766138076782e-02,1.337652206420898438e+00,1.142599105834960938e+00,2.105648368597030640e-01,2.721933834254741669e-02,-9.696069955825805664e-01,-1.899959087371826172e+00,-1.317027062177658081e-01,-3.264468610286712646e-01,-6.219609975814819336e-01,-2.379678785800933838e-01,5.936076045036315918e-01,-2.129923105239868164e+00,-2.350860595703125000e+00,-4.832421839237213135e-01,9.927949905395507812e-01,2.430842369794845581e-01,-4.858413934707641602e-01,-1.029248833656311035e+00,-1.861201763153076172e+00,-9.197738170623779297e-01,-1.118485093116760254e+00,1.983209140598773956e-02,-8.499196171760559082e-01,-1.044550776481628418e+00,-1.122204542160034180e+00,-1.384334862232208252e-01,-5.872109532356262207e-01,4.804531037807464600e-01,-5.639990568161010742e-01,-7.331011295318603516e-01,-1.201387166976928711e+00,-1.140435934066772461e+00,-1.222935914993286133e-01,2.161600440740585327e-01,1.765358328819274902e+00,1.239962577819824219e+00,-1.505399823188781738e+00,8.076705932617187500e-01,1.183264374732971191e+00,-1.045210242271423340e+00,-1.458053827285766602e+00,-6.716696023941040039e-01,-7.053645849227905273e-01,4.460352361202239990e-01,1.873353004455566406e+00,-7.906747609376907349e-02,-8.651993237435817719e-03,-1.142192631959915161e-01,2.401281846687197685e-03,8.857311606407165527e-01,9.699426889419555664e-01,1.852100491523742676e+00,6.372008919715881348e-01,1.357694506645202637e+00,-5.705079436302185059e-01,-7.435324192047119141e-01,-6.822026968002319336e-01,-5.000112652778625488e-01,-8.892518281936645508e-02,-2.002510547637939453e+00,-7.205587625503540039e-01,9.618565440177917480e-01,1.350413203239440918e+00,-5.161948800086975098e-01,9.875516295433044434e-01,9.106330275535583496e-01,2.098286390304565430e+00,-7.835032343864440918e-01,7.408179640769958496e-01,-1.053860664367675781e+00,3.434191271662712097e-02,3.823536634445190430e-01,5.566985160112380981e-02,-1.431802511215209961e+00,-5.423083901405334473e-01,-5.200517773628234863e-01,-4.140587151050567627e-01,3.690119367092847824e-03,-5.930830240249633789e-01,-7.696818113327026367e-01,-1.584744572639465332e+00
-7.025790810585021973e-01,5.523701906204223633e-01,5.919880047440528870e-02,2.137091159820556641e+00,1.591210484504699707e+00,-4.980480372905731201e-01,-5.478504896163940430e-01,1.442851543426513672e+00,1.064125895500183105e+00,-1.704607605934143066e+00,-1.969086050987243652e+00,-1.884392976760864258e+00,-9.762624502182006836e-01,-6.022771000862121582e-01,-1.142480254173278809e+00,1.136410117149353027e+00,-2.880818247795104980e-01,5.178605318069458008e-01,2.654619812965393066e-01,5.967594981193542480e-01,7.433758378028869629e-01,-4.299032092094421387e-01,-9.998865723609924316e-01,-1.345851302146911621e+00,-1.662596225738525391e+00,-1.940353870391845703e+00,-5.908108353614807129e-01,-1.783653140068054199e+00,-3.002626895904541016e-01,-1.353393554687500000e+00,-2.143070459365844727e+00,-1.086490154266357422e+00,-2.139733284711837769e-01,1.289147853851318359e+00,-7.289908081293106079e-02,2.525146007537841797e-01,-6.288124322891235352e-01,-9.044180512428283691e-01,-6.183912158012390137e-01,-1.963159918785095215e+00,2.455227524042129517e-01,-1.910598754882812500e+00,-1.899641752243041992e+00,-1.792853474617004395e+00,2.116202563047409058e-01,-6.199222207069396973e-01,1.119613647460937500e+00,-4.241198599338531494e-01,-5.385702252388000488e-01,2.893877625465393066e-01,-9.517802000045776367e-01,2.227605134248733521e-01,4.690234363079071045e-01,2.558016300201416016e+00,9.401003122329711914e-01,-9.247136116027832031e-01,7.832967042922973633e-01,1.003633499145507812e+00,-1.761130452156066895e+00,-1.919247746467590332e+00,-1.859736442565917969e+00,-8.525887727737426758e-01,-4.939614832401275635e-01,2.707670629024505615e-01,-6.604753732681274414e-01,-8.154580593109130859e-01,6.480098515748977661e-02,-1.359216170385479927e-03,7.902253270149230957e-01,8.140158057212829590e-01,3.436832427978515625e-01,-1.420197635889053345e-01,8.314356952905654907e-02,-8.168566226959228516e-01,-7.347835898399353027e-01,-2.066664218902587891e+00,-4.339459538459777832e-01,-1.413219928741455078e+00,-2.041860103607177734e+00,-4.395178258419036865e-01,7.632368803024291992e-01,1.964526295661926270e+00,-8.913999795913696289e-01,2.194140195846557617e+00,5.689614415168762207e-01,1.750059366226196289e+00,-4.389502406120300293e-01,-4.244924783706665039e-01,-2.158989571034908295e-02,4.995236694812774658e-01,7.772813439369201660e-01,-1.250271677970886230e+00,-1.111552715301513672e+00,-1.230253577232360840e+00,-1.608236193656921387e+00,-4.750851690769195557e-01,7.554824948310852051e-01,1.455511450767517090e-01,-3.723092973232269287e-01,-3.755088895559310913e-02
-5.779197812080383301e-01,4.372125566005706787e-01,-8.358258605003356934e-01,1.420192599296569824e+00,1.158222913742065430e+00,-1.303654909133911133e+00,-5.520675182342529297e-01,8.864421844482421875e-01,5.130940079689025879e-01,-1.376621961593627930e+00,-1.306695938110351562e+00,-1.281982302665710449e+00,-5.326618552207946777e-01,-1.295538902282714844e+00,-1.493635892868041992e+00,1.887183338403701782e-01,-1.154565095901489258e+00,2.814358770847320557e-01,-1.370771646499633789e+00,1.833720952272415161e-01,-4.213598966598510742e-01,-1.005866408348083496e+00,-2.005047321319580078e+00,-1.329862236976623535e+00,-1.880182862281799316e+00,-2.065727949142456055e+00,-2.325712442398071289e+00,-2.008389234542846680e+00,-1.826696395874023438e+00,-1.259329676628112793e+00,-1.174721360206604004e+00,-8.292025923728942871e-01,5.268193483352661133e-01,-2.326415032148361206e-01,-5.535673499107360840e-01,2.796775400638580322e-01,-1.071664094924926758e+00,-9.642831087112426758e-01,-1.010570526123046875e+00,-1.473893523216247559e+00,-2.167625576257705688e-01,-2.510285139083862305e+00,-1.592329502105712891e+00,-8.590199351310729980e-01,-5.839407444000244141e-01,-4.372896850109100342e-01,-3.925622999668121338e-01,-1.343074917793273926e+00,-6.379884481430053711e-01,-2.701171338558197021e-01,-8.464198708534240723e-01,-3.682522475719451904e-01,-2.248834669589996338e-01,2.026215553283691406e+00,-1.644980460405349731e-01,-1.907261610031127930e+00,1.598167419433593750e-01,2.836663126945495605e-01,-1.812490701675415039e+00,-1.443836450576782227e+00,-1.330381393432617188e+00,-1.134016513824462891e+00,-1.589564085006713867e+00,-8.191452622413635254e-01,-1.345911145210266113e+00,-9.363688826560974121e-01,1.606028527021408081e-01,-1.534872174263000488e+00,-1.133462429046630859e+00,6.319999694824218750e-01,3.400865197181701660e-01,-7.758760452270507812e-01,-1.594092488288879395e+00,-1.271849989891052246e+00,-1.599916934967041016e+00,-2.172147750854492188e+00,-1.964912414550781250e+00,-2.372299909591674805e+00,-1.814884662628173828e+00,-9.573774337768554688e-01,-3.441314697265625000e-01,2.650468111038208008e+00,-8.840881586074829102e-01,1.364336490631103516e+00,-8.431073427200317383e-01,1.109540820121765137e+00,-1.061114788055419922e+00,-1.120708584785461426e+00,-2.003120929002761841e-01,3.075248897075653076e-01,-1.290327757596969604e-01,-1.961264729499816895e+00,-1.425465464591979980e+00,-1.139468193054199219e+00,-2.408772468566894531e+00,3.534928336739540100e-02,1.046327352523803711e+00,-4.772296547889709473e-01,-7.890558242797851562e-01,-5.928629636764526367e-01
-8.865415453910827637e-01,-5.966538190841674805e-01,-1.218698620796203613e+00,4.155427515506744385e-01,5.604690909385681152e-01,-1.102612495422363281e+00,-1.614432215690612793e+00,-4.334241151809692383e-02,-3.796294331550598145e-01,-1.931120991706848145e+00,-1.505087137222290039e+00,-1.942436814308166504e+00,-1.600544095039367676e+00,-1.800922870635986328e+00,-2.199811697006225586e+00,-3.082475364208221436e-01,-1.714967489242553711e+00,-4.718368649482727051e-01,-1.839888811111450195e+00,-6.328554749488830566e-01,-8.592506051063537598e-01,-1.620078682899475098e+00,-2.328396797180175781e+00,-2.336685419082641602e+00,-1.788185000419616699e+00,-2.491650342941284180e+00,-2.834132909774780273e+00,-2.600943088531494141e+00,-2.846060991287231445e+00,-2.399253129959106445e+00,-1.716709613800048828e+00,-5.003162026405334473e-01,-3.273090422153472900e-01,-1.587305307388305664e+00,-1.641960859298706055e+00,-1.486754059791564941e+00,-2.393338203430175781e+00,-1.231463551521301270e+00,-1.759380459785461426e+00,-2.505980253219604492e+00,-1.092009067535400391e+00,-2.302182197570800781e+00,-1.763845086097717285e+00,-1.792666316032409668e+00,-1.653012394905090332e+00,-1.296541810035705566e+00,-1.118513226509094238e+00,-1.528017520904541016e+00,-6.923487186431884766e-01,-1.235392928123474121e+00,-9.682164788246154785e-01,-8.463673591613769531e-01,-4.429227411746978760e-01,1.006682157516479492e+00,-2.003743350505828857e-01,-1.325835824012756348e+00,-1.845106035470962524e-01,-8.202009201049804688e-01,-2.043711423873901367e+00,-1.997942447662353516e+00,-2.291443347930908203e+00,-1.940767526626586914e+00,-1.766106843948364258e+00,-1.251174211502075195e+00,-2.269576072692871094e+00,-2.089316606521606445e+00,-2.898647189140319824e-01,-1.833423972129821777e+00,-1.351957917213439941e+00,1.465052068233489990e-01,-3.872712850570678711e-01,-1.935446381568908691e+00,-1.580488801002502441e+00,-1.849898695945739746e+00,-1.645818829536437988e+00,-2.196750879287719727e+00,-2.578598499298095703e+00,-2.929550647735595703e+00,-1.558814167976379395e+00,-1.199934959411621094e+00,-9.088745117187500000e-01,1.629892706871032715e+00,-1.262921333312988281e+00,-6.286819577217102051e-01,-1.425634384155273438e+00,-1.093288585543632507e-01,-2.239594459533691406e+00,-3.168528079986572266e+00,-1.906988024711608887e+00,-3.210328817367553711e-01,-6.732168793678283691e-01,-1.897986888885498047e+00,-1.275397181510925293e+00,-1.237790703773498535e+00,-2.288906574249267578e+00,-4.564701914787292480e-01,4.387274086475372314e-01,-6.263151764869689941e-01,-1.160903796553611755e-01,-9.620998501777648926e-01
-1.446238636970520020e+00,-9.801664948463439941e-01,-1.387073159217834473e+00,-4.656623005867004395e-01,-7.420067191123962402e-01,-9.705203175544738770e-01,-1.225956439971923828e+00,-6.859945654869079590e-01,-7.868424654006958008e-01,-1.811063528060913086e+00,-1.152945160865783691e+00,-1.206235527992248535e+00,-2.129063457250595093e-01,-2.081963539123535156e+00,-1.586566329002380371e+00,4.948588460683822632e-02,-1.282198429107666016e+00,-8.433820009231567383e-01,-1.398477435111999512e+00,-1.339657545089721680e+00,-1.172825932502746582e+00,-1.682422637939453125e+00,-2.562859296798706055e+00,-2.047508239746093750e+00,-1.899296760559082031e+00,-1.707348465919494629e+00,-2.411217689514160156e+00,-1.962205410003662109e+00,-1.079804897308349609e+00,-1.911478757858276367e+00,-1.524810314178466797e+00,-1.585877180099487305e+00,-4.955055415630340576e-01,-1.160597205162048340e+00,-1.374518632888793945e+00,-1.338281631469726562e+00,-4.963912367820739746e-01,-1.492364525794982910e+00,-1.035457611083984375e+00,-1.971060872077941895e+00,-2.062244713306427002e-01,-1.599345207214355469e+00,-1.618807911872863770e+00,-2.585589289665222168e-01,-1.021795630455017090e+00,-2.732355594635009766e-01,-7.622289657592773438e-01,-8.104512691497802734e-01,-8.611347079277038574e-01,-3.194942772388458252e-01,-1.067762494087219238e+00,-9.206160306930541992e-01,-6.749055981636047363e-01,5.389332175254821777e-01,-6.087781786918640137e-01,-1.440354108810424805e+00,-1.151224598288536072e-01,-6.409237980842590332e-01,-1.796035051345825195e+00,-1.604842662811279297e+00,-9.549059867858886719e-01,-2.881409823894500732e-01,-7.935005426406860352e-01,-1.314749956130981445e+00,-1.837667107582092285e+00,-1.417283296585083008e+00,-2.376472204923629761e-01,-1.052939414978027344e+00,-1.983052611351013184e+00,-1.329511404037475586e-01,-1.118439555168151855e+00,-1.078832387924194336e+00,-2.129721641540527344e+00,-1.575052022933959961e+00,-1.615884423255920410e+00,-2.230563402175903320e+00,-1.335191726684570312e+00,-2.284473896026611328e+00,-1.300700783729553223e+00,-1.520774483680725098e+00,-1.991293549537658691e+00,1.064408898353576660e+00,-1.092879652976989746e+00,-1.769832819700241089e-01,-1.296062231063842773e+00,-2.284788638353347778e-01,-6.241055130958557129e-01,-1.727285265922546387e+00,-1.896624922752380371e+00,2.817344069480895996e-01,1.008469700813293457e+00,-1.650944232940673828e+00,-8.146610260009765625e-01,-3.081541359424591064e-01,-1.662912368774414062e+00,8.093873262405395508e-01,1.192067265510559082e+00,-3.898806273937225342e-01,-8.345181345939636230e-01,-4.755771458148956299e-01
-4.924995601177215576e-01,-4.797657728195190430e-01,-8.937258124351501465e-01,-5.566927194595336914e-01,-2.616258263587951660e-01,-4.988355934619903564e-01,-1.279941678047180176e+00,-2.272014617919921875e-01,-1.985407024621963501e-01,-1.340548992156982422e+00,-6.811027526855468750e-01,-1.181906223297119141e+00,-9.605457186698913574e-01,-7.817695736885070801e-01,-9.377739429473876953e-01,2.142300456762313843e-01,-9.893323183059692383e-01,-4.624353945255279541e-01,-1.239722490310668945e+00,-6.268202066421508789e-01,-3.081924915313720703e-01,-5.237109065055847168e-01,-1.308519959449768066e+00,-1.611231207847595215e+00,-1.743458032608032227e+00,-1.422656178474426270e+00,-1.792587280273437500e+00,-1.715731382369995117e+00,-5.940908193588256836e-01,-1.105195999145507812e+00,-1.513639211654663086e+00,-1.346386671066284180e-01,3.845771029591560364e-02,-3.289658427238464355e-01,-1.128640651702880859e+00,-6.492396593093872070e-01,-2.201269865036010742e-01,-1.131791472434997559e+00,-1.221442818641662598e+00,-1.816304564476013184e+00,3.027138113975524902e-01,-1.353290915489196777e+00,-1.363774061203002930e+00,1.502128481864929199e+00,-4.564584232866764069e-03,-2.909514009952545166e-01,-5.575172901153564453e-01,-5.706878900527954102e-01,-2.278239130973815918e-01,6.235761642456054688e-01,-1.178135752677917480e+00,-4.976657629013061523e-01,-6.134240031242370605e-01,5.740619301795959473e-01,-2.207489013671875000e-01,-1.124124169349670410e+00,2.819260060787200928e-01,-2.172957658767700195e-01,-9.935178756713867188e-01,-9.270911812782287598e-01,-4.980907142162322998e-01,-5.479611754417419434e-01,-8.280555605888366699e-01,-1.709644943475723267e-01,-1.009709835052490234e+00,-6.430694460868835449e-01,3.692112863063812256e-01,-8.427366614341735840e-01,7.293488830327987671e-02,2.564254403114318848e-01,1.661616414785385132e-01,-2.554845213890075684e-01,-8.071299791336059570e-01,-5.614923238754272461e-01,-7.807051539421081543e-01,-1.464166641235351562e+00,-4.581830799579620361e-01,-1.116596579551696777e+00,-7.303027510643005371e-01,-6.842722892761230469e-01,-6.179453134536743164e-01,1.276298046112060547e+00,-3.961917459964752197e-01,6.125111579895019531e-01,-5.579276084899902344e-01,-1.350532919168472290e-01,-2.960705161094665527e-01,-1.273380756378173828e+00,-7.848400473594665527e-01,8.751876950263977051e-01,7.989297509193420410e-01,-7.329426407814025879e-01,-5.145856142044067383e-01,-3.629784584045410156e-01,-7.681434154510498047e-01,2.952337026596069336e+00,7.551650404930114746e-01,-2.086187154054641724e-01,-2.287809103727340698e-01,2.456386387348175049e-01
-5.698772072792053223e-01,7.687557935714721680e-01,-3.568380177021026611e-01,7.352420091629028320e-01,7.231759428977966309e-01,2.408137917518615723e-01,6.707260757684707642e-02,8.293987512588500977e-01,3.115193545818328857e-01,-1.364801526069641113e+00,-8.389731645584106445e-01,-1.269103646278381348e+00,-1.641511082649230957e+00,-8.117595911026000977e-01,-5.533474683761596680e-01,1.646786689758300781e+00,-7.113593220710754395e-01,7.058315873146057129e-01,-8.315050005912780762e-01,2.546770274639129639e-01,2.365272194147109985e-01,-6.136072278022766113e-01,-1.302729368209838867e+00,-1.452085614204406738e+00,-1.281452417373657227e+00,-1.642406105995178223e+00,-1.225595712661743164e+00,-1.139570832252502441e+00,-1.154884696006774902e+00,-8.031647205352783203e-01,-1.143995881080627441e+00,1.431261654943227768e-02,5.532537698745727539e-01,-3.236485123634338379e-01,-6.352550983428955078e-01,-3.653001785278320312e-01,-5.693042278289794922e-01,-9.865860939025878906e-01,-4.843125939369201660e-01,-1.502639055252075195e+00,-3.627223670482635498e-01,-1.090039730072021484e+00,-1.213734984397888184e+00,1.037176921963691711e-01,8.446206450462341309e-01,1.270299851894378662e-01,-1.721253842115402222e-01,2.430733293294906616e-02,-3.301302790641784668e-01,9.889792650938034058e-02,-5.747814178466796875e-01,1.639772951602935791e-01,5.184639096260070801e-01,1.672367811203002930e+00,1.087639212608337402e+00,-6.398971080780029297e-01,1.184878587722778320e+00,4.704882204532623291e-01,-8.208996653556823730e-01,-1.348839640617370605e+00,-8.211492896080017090e-01,-5.637921094894409180e-01,-1.528513669967651367e+00,-7.111793160438537598e-01,-9.557870030403137207e-01,-2.379763126373291016e-01,4.070401787757873535e-01,-8.825163841247558594e-01,-6.605709195137023926e-01,1.557285904884338379e+00,1.035928428173065186e-01,2.959074974060058594e-01,-4.436384737491607666e-01,-4.480234682559967041e-01,-6.065917611122131348e-01,-1.216324090957641602e+00,-1.030955195426940918e+00,-6.543161869049072266e-01,-3.916973471641540527e-01,-3.497431576251983643e-01,-2.580828666687011719e-01,1.322027444839477539e+00,-5.882944166660308838e-02,1.920414805412292480e+00,-8.743951469659805298e-02,8.522465825080871582e-01,-7.600504755973815918e-01,-3.217919170856475830e-01,-6.239374279975891113e-01,-5.452221259474754333e-02,1.621486097574234009e-01,-4.726078212261199951e-01,-6.600924730300903320e-01,-7.779700160026550293e-01,-1.709078997373580933e-01,1.570375680923461914e+00,1.134572744369506836e+00,-5.408480167388916016e-01,1.952266097068786621e-01,-2.153511047363281250e-01
-3.459772467613220215e-01,-2.850245237350463867e-01,-1.035820245742797852e+00,3.409896492958068848e-01,1.718059331178665161e-01,-3.074210286140441895e-01,-3.698263466358184814e-01,-3.286480307579040527e-01,2.510915100574493408e-01,-7.249147891998291016e-01,-5.444120764732360840e-01,-1.158588886260986328e+00,-6.824577450752258301e-01,-1.273725271224975586e+00,-4.885529577732086182e-01,6.261188983917236328e-01,-5.854814648628234863e-01,-3.376999199390411377e-01,-1.153949737548828125e+00,-2.516690492630004883e-01,1.219583526253700256e-01,-1.086492061614990234e+00,-1.215465188026428223e+00,-7.953355312347412109e-01,-9.930073022842407227e-01,-1.221868753433227539e+00,-1.710685372352600098e+00,-1.368189573287963867e+00,-2.691855467855930328e-02,-1.119380474090576172e+00,-1.565980911254882812e+00,4.301468431949615479e-01,-5.383689999580383301e-01,-3.434032201766967773e-01,-8.825590014457702637e-01,-1.069798588752746582e+00,-5.604999065399169922e-01,2.542476058006286621e-01,-6.599228382110595703e-01,-1.306786775588989258e+00,1.310674399137496948e-01,-1.174765944480895996e+00,-1.212392687797546387e+00,-6.160494089126586914e-01,1.744131445884704590e-01,-5.008212327957153320e-01,3.839365243911743164e-01,-7.323230057954788208e-02,-1.255653858184814453e+00,-9.009377658367156982e-02,-8.409378528594970703e-01,-7.324047088623046875e-01,3.292861878871917725e-01,8.008431196212768555e-01,6.821943074464797974e-02,-9.469433426856994629e-01,5.693455040454864502e-02,-1.105782911181449890e-01,-1.210962653160095215e+00,-9.697257280349731445e-01,-1.440624117851257324e+00,-1.090145826339721680e+00,-1.604633688926696777e+00,-2.025132179260253906e+00,-1.548305988311767578e+00,-7.948049306869506836e-01,-9.033419489860534668e-01,-7.980411052703857422e-01,-1.191796660423278809e+00,-8.299666047096252441e-01,-6.753299236297607422e-01,-6.986265182495117188e-01,-1.559655427932739258e+00,-1.192635893821716309e+00,-3.212544918060302734e-01,-1.238095045089721680e+00,-1.011560559272766113e+00,-1.351669549942016602e+00,-1.119408607482910156e+00,1.309631317853927612e-01,-1.743781924247741699e+00,-1.397592544555664062e+00,-5.513864755630493164e-01,-4.964395239949226379e-02,-1.845260977745056152e+00,-3.687169253826141357e-01,-8.517183065414428711e-01,-1.146347403526306152e+00,-1.613007426261901855e+00,-1.100765824317932129e+00,1.285583019256591797e+00,-7.678871154785156250e-01,-1.481121182441711426e+00,-8.722184300422668457e-01,-1.274436354637145996e+00,3.994737863540649414e-01,2.475554198026657104e-01,-1.284255862236022949e+00,-6.964910626411437988e-01,-4.068484902381896973e-01
-1.796998977661132812e+00,-1.799954414367675781e+00,-1.827788233757019043e+00,-9.533025026321411133e-01,-1.306473493576049805e+00,-1.437341928482055664e+00,-8.659455180168151855e-02,-1.966289997100830078e+00,-9.255120158195495605e-01,-4.026864469051361084e-01,-3.579839169979095459e-01,-4.817622601985931396e-01,-1.958921194076538086e+00,-2.156147956848144531e+00,8.144313842058181763e-02,-8.296146392822265625e-01,-1.131955265998840332e+00,-1.619970321655273438e+00,-1.670467615127563477e+00,-1.387920528650283813e-01,6.837503314018249512e-01,-1.810092687606811523e+00,-1.127315878868103027e+00,-6.327567100524902344e-01,-5.864615440368652344e-01,9.828800708055496216e-02,-6.952493786811828613e-01,-1.202435612678527832e+00,-8.594267964363098145e-01,-1.167191863059997559e+00,-7.374920845031738281e-01,2.907730340957641602e-01,-1.988225340843200684e+00,-1.466231226921081543e+00,-1.265591979026794434e+00,-9.580373167991638184e-01,-1.582788586616516113e+00,-2.718980312347412109e-01,-1.575973153114318848e+00,-3.275528550148010254e-01,-1.181070566177368164e+00,-1.028258085250854492e+00,-1.224614620208740234e+00,-5.240163207054138184e-01,-3.430150747299194336e-01,-9.667084217071533203e-01,-1.910737276077270508e+00,-1.435546278953552246e+00,-2.061772823333740234e+00,-1.568185806274414062e+00,-1.638097763061523438e+00,-2.365130662918090820e+00,-7.514212131500244141e-01,-3.910188078880310059e-01,-1.486047148704528809e+00,-1.314083933830261230e+00,-1.831452488899230957e+00,-1.562006711959838867e+00,-4.246132075786590576e-01,-7.140433788299560547e-01,-2.110396474599838257e-01,-1.492943644523620605e+00,-1.983195424079895020e+00,-1.817775845527648926e+00,-2.819625735282897949e-01,2.885548174381256104e-01,-1.383450031280517578e+00,-6.631615757942199707e-01,-2.161490440368652344e+00,-1.923879504203796387e+00,-6.706292629241943359e-01,-9.574915766716003418e-01,-9.968666434288024902e-01,-1.608141183853149414e+00,4.293986037373542786e-02,-2.642381787300109863e-01,-1.124518871307373047e+00,-7.146300673484802246e-01,-1.204111218452453613e+00,-5.052310228347778320e-01,3.315781056880950928e-01,-8.613310456275939941e-01,-1.218506217002868652e+00,-1.232754111289978027e+00,-6.857615709304809570e-01,-1.485685944557189941e+00,-1.502005934715270996e+00,-8.841537237167358398e-01,-1.554135441780090332e+00,-5.926907658576965332e-01,-2.050027549266815186e-01,-9.211147427558898926e-01,-1.024885296821594238e+00,-1.165298223495483398e+00,-7.929092049598693848e-01,7.469023764133453369e-02,-5.187990069389343262e-01,-1.972123980522155762e+00,-2.189298868179321289e+00,-1.788280129432678223e+00
-9.501410722732543945e-01,-1.413024187088012695e+00,-1.818205595016479492e+00,-1.318701148033142090e+00,-1.713657855987548828e+00,-1.361697554588317871e+00,-9.238569736480712891e-01,-1.900672316551208496e+00,-2.041297912597656250e+00,-3.261504769325256348e-01,-1.648294776678085327e-01,-4.898165762424468994e-01,-1.539474368095397949e+00,-7.780096530914306641e-01,4.559968709945678711e-01,-1.111923336982727051e+00,-6.225214004516601562e-01,-8.873229026794433594e-01,-1.196813941001892090e+00,-4.994045570492744446e-02,4.703471064567565918e-01,-9.060727953910827637e-01,-1.499645411968231201e-01,1.450790911912918091e-01,-6.444558501243591309e-01,4.703832268714904785e-01,2.644250094890594482e-01,-5.374542474746704102e-01,-1.977024525403976440e-01,7.898056507110595703e-01,-6.974002122879028320e-01,-5.696993470191955566e-01,4.344741255044937134e-02,-1.027534842491149902e+00,-8.371025919914245605e-01,-1.619770050048828125e+00,-1.384196400642395020e+00,-8.020129799842834473e-01,-1.219437837600708008e+00,-9.977325098589062691e-04,-1.363328218460083008e+00,-1.237790346145629883e+00,-1.091926336288452148e+00,-5.127060413360595703e-01,-1.113911941647529602e-01,-4.871196746826171875e-01,-8.332941532135009766e-01,-5.788937807083129883e-01,-1.660591483116149902e+00,-2.100744724273681641e+00,-1.252343416213989258e+00,-1.826233506202697754e+00,-1.259862422943115234e+00,-8.237490057945251465e-01,-1.610973715782165527e+00,-1.522082448005676270e+00,-1.350162148475646973e+00,-2.067890644073486328e+00,-1.924402415752410889e-01,-2.323785573244094849e-01,6.629503369331359863e-01,-1.096609354019165039e+00,-9.372174739837646484e-01,-6.360043883323669434e-01,-7.324602603912353516e-01,3.228526711463928223e-01,-1.048326611518859863e+00,-1.191013097763061523e+00,-1.395382165908813477e+00,-9.412918090820312500e-01,5.971634387969970703e-01,-6.975835561752319336e-01,-5.950377881526947021e-02,-8.290361166000366211e-01,8.115221560001373291e-02,-2.101574987173080444e-01,-3.699065744876861572e-01,4.310587048530578613e-01,-9.267959594726562500e-01,-5.193989276885986328e-01,1.544690251350402832e+00,-4.770084321498870850e-01,-1.288373112678527832e+00,-1.454902589321136475e-01,1.236887454986572266e+00,-5.005795955657958984e-01,-1.444809675216674805e+00,-9.661980867385864258e-01,-1.340848326683044434e+00,-3.018602430820465088e-01,-5.614751577377319336e-01,-1.414395421743392944e-01,-1.188852190971374512e+00,-1.466852307319641113e+00,-9.691710472106933594e-01,-2.255675792694091797e-01,-2.111303657293319702e-01,-8.041803836822509766e-01,-2.249078273773193359e+00,-2.163829326629638672e+00
-1.084112763404846191e+00,-6.444847583770751953e-01,-6.671193838119506836e-01,-3.446976542472839355e-01,-4.971254169940948486e-01,-7.941676974296569824e-01,-6.467689871788024902e-01,-4.110310226678848267e-02,-6.487852931022644043e-01,-9.910814762115478516e-01,-9.546703100204467773e-01,-1.012779235839843750e+00,-1.353645801544189453e+00,-4.325724244117736816e-01,-4.295549690723419189e-01,5.711662024259567261e-02,-4.889654815196990967e-01,2.487767022103071213e-03,-3.900272846221923828e-01,-3.081461191177368164e-01,-3.471784060820937157e-03,-2.264911830425262451e-01,8.663716167211532593e-02,-3.101887106895446777e-01,-7.857119441032409668e-01,-3.268749117851257324e-01,1.476492583751678467e-01,-4.018504321575164795e-01,7.133978605270385742e-01,7.569123804569244385e-02,-1.434468865394592285e+00,1.199508085846900940e-01,-1.055442571640014648e+00,2.919700741767883301e-01,-4.624508023262023926e-01,-1.216094255447387695e+00,-3.736864328384399414e-01,-6.463800668716430664e-01,-8.636663556098937988e-01,-4.578782916069030762e-01,-7.959547638893127441e-01,-9.409064650535583496e-01,-1.181760430335998535e+00,-1.248061537742614746e+00,-1.428772330284118652e+00,-7.209755778312683105e-01,-9.024779796600341797e-01,-6.638487577438354492e-01,-1.129303574562072754e+00,-1.207892775535583496e+00,-1.267597198486328125e+00,-8.046398758888244629e-01,-9.135934114456176758e-01,2.414390742778778076e-01,-3.377259373664855957e-01,-7.705844044685363770e-01,4.154755547642707825e-02,-5.215039849281311035e-01,-5.508100986480712891e-01,-7.242165207862854004e-01,-2.093846052885055542e-01,-8.881848454475402832e-01,-9.384218454360961914e-01,-5.398849844932556152e-01,-3.388079404830932617e-01,-4.173113405704498291e-01,-5.122600197792053223e-01,-5.058549642562866211e-01,7.491028308868408203e-01,3.048013448715209961e-01,1.010288447141647339e-01,5.216142535209655762e-01,8.087947368621826172e-01,-5.880396962165832520e-01,-4.677482843399047852e-01,-3.882172405719757080e-01,-8.869653940200805664e-02,-9.476422518491744995e-02,-1.074934124946594238e+00,-6.019252538681030273e-01,8.497574329376220703e-01,-1.486486196517944336e-01,-1.290856957435607910e+00,1.480832457542419434e+00,1.562197208404541016e+00,-1.537483781576156616e-01,-5.573056936264038086e-01,-1.228246614336967468e-01,-6.854633688926696777e-01,-4.279803037643432617e-01,-9.102012030780315399e-03,-1.011624217033386230e+00,-9.976696968078613281e-01,-1.100030541419982910e+00,-1.740036308765411377e-01,-7.865503430366516113e-01,-2.222007364034652710e-01,-1.343513727188110352e-01,-5.295737385749816895e-01,-1.133142590522766113e+00
2.356674969196319580e-01,1.000887975096702576e-01,-2.807396948337554932e-01,1.431635916233062744e-01,-9.994195401668548584e-02,-2.323672920465469360e-01,-6.373533606529235840e-01,4.918818771839141846e-01,-7.145572900772094727e-01,-5.895465016365051270e-01,-7.121508121490478516e-01,-8.409768342971801758e-01,-1.605843901634216309e+00,-9.487587809562683105e-01,-1.126890301704406738e+00,7.302157878875732422e-01,-7.411069869995117188e-01,5.800547003746032715e-01,-8.272783160209655762e-01,-4.307798147201538086e-01,-1.211843729019165039e+00,-5.215067267417907715e-01,-9.232077002525329590e-01,-8.181126117706298828e-01,-1.038636684417724609e+00,-9.014144539833068848e-01,-1.058646678924560547e+00,-1.155844211578369141e+00,-1.195824503898620605e+00,-9.156010150909423828e-01,-6.618252396583557129e-01,5.220799446105957031e-01,-6.778017282485961914e-01,-3.551658093929290771e-01,-8.093980550765991211e-01,-1.507350325584411621e+00,-1.515943527221679688e+00,-4.889251589775085449e-01,-4.174164831638336182e-01,-6.843096613883972168e-01,-2.240733623504638672e+00,-4.863452315330505371e-01,-9.667124748229980469e-01,-7.272537946701049805e-01,-5.952562689781188965e-01,-1.015742182731628418e+00,-1.717988133430480957e+00,-1.599043250083923340e+00,2.321117743849754333e-02,-1.807888507843017578e+00,-5.239188075065612793e-01,-2.859790921211242676e-01,2.201969474554061890e-01,4.544892609119415283e-01,9.937012940645217896e-02,-9.174406528472900391e-01,4.570230841636657715e-01,-4.200029969215393066e-01,-7.572475671768188477e-01,-8.203891515731811523e-01,-3.903506994247436523e-01,-1.246300220489501953e+00,-1.408265829086303711e+00,-9.660868048667907715e-01,-1.012263774871826172e+00,-1.145536303520202637e+00,-3.901401460170745850e-01,-6.487991809844970703e-01,-3.882073760032653809e-01,9.184537529945373535e-01,-2.305109947919845581e-01,1.700353175401687622e-01,-6.244329214096069336e-01,-5.893242955207824707e-01,-1.170832157135009766e+00,-5.865451693534851074e-01,-1.479305028915405273e+00,-1.027946233749389648e+00,-6.276916861534118652e-01,2.591614425182342529e-01,-1.890678048133850098e+00,-8.217360377311706543e-01,-7.285724878311157227e-01,9.757181406021118164e-01,-1.537937857210636139e-02,-1.183872461318969727e+00,-1.534920692443847656e+00,-1.122837066650390625e+00,-1.233636021614074707e+00,-1.872791647911071777e+00,3.301346600055694580e-01,2.763554155826568604e-01,-1.486141800880432129e+00,-4.628491103649139404e-01,-5.404805541038513184e-01,2.862869799137115479e-01,-2.885038256645202637e-01,-1.727014183998107910e+00,4.049068689346313477e-02,-1.654970407485961914e+00
-4.796738326549530029e-01,1.316684633493423462e-01,-2.931509613990783691e-01,-1.057151407003402710e-01,2.093598842620849609e-01,-1.120293065905570984e-01,-1.154266834259033203e+00,3.012754321098327637e-01,-5.059962868690490723e-01,-1.599087238311767578e+00,-1.822177886962890625e+00,-1.142272353172302246e+00,-1.723475456237792969e+00,-8.173696994781494141e-01,-1.335725665092468262e+00,6.042517423629760742e-01,-6.965433359146118164e-01,-2.375817596912384033e-01,-1.126354575157165527e+00,-1.459321856498718262e+00,-6.215130090713500977e-01,-9.404321908950805664e-01,-1.075090050697326660e+00,-1.223176598548889160e+00,-9.871608018875122070e-01,-1.335575461387634277e+00,-1.757346868515014648e+00,-1.952762484550476074e+00,-1.243788957595825195e+00,-1.070927023887634277e+00,-1.252172708511352539e+00,-1.298499256372451782e-01,3.456586897373199463e-01,-9.547357559204101562e-01,-1.280899405479431152e+00,-1.956608653068542480e+00,-1.759925365447998047e+00,-1.319064974784851074e+00,-1.368824362754821777e+00,-2.118509531021118164e+00,-2.230378389358520508e+00,-1.710433959960937500e+00,-1.795890331268310547e+00,-1.133087038993835449e+00,-1.853163599967956543e+00,-1.568748950958251953e+00,-1.751390814781188965e+00,-1.241742730140686035e+00,-5.643151402473449707e-01,-1.417427539825439453e+00,-3.570934534072875977e-01,-2.412460744380950928e-01,1.009226310998201370e-02,4.794375598430633545e-01,7.292589545249938965e-01,-7.088463902473449707e-01,3.425139784812927246e-01,-3.989601135253906250e-01,-1.548646688461303711e+00,-1.400703072547912598e+00,-1.208815574645996094e+00,-1.567882776260375977e+00,-1.463541507720947266e+00,-6.369389295578002930e-01,-1.148439884185791016e+00,-1.567189097404479980e+00,-9.120535850524902344e-01,-8.116559386253356934e-01,-1.252501249313354492e+00,2.459843903779983521e-01,-1.353864789009094238e+00,-7.001369595527648926e-01,-6.776105761528015137e-01,-1.276631355285644531e+00,-7.414727210998535156e-01,-1.558841466903686523e+00,-1.569805145263671875e+00,-9.951102137565612793e-01,-1.871009707450866699e+00,-2.098040342330932617e+00,-1.945799469947814941e+00,-1.113066196441650391e+00,-1.625275015830993652e+00,2.413837015628814697e-01,-1.403188824653625488e+00,-3.188135027885437012e-01,-1.867989897727966309e+00,-1.383240818977355957e+00,-2.240504503250122070e+00,-2.188241481781005859e+00,4.559997320175170898e-01,-1.511655926704406738e+00,-1.968185067176818848e+00,-2.203306913375854492e+00,-2.020879745483398438e+00,-5.500824451446533203e-01,-8.370221853256225586e-01,-1.238768339157104492e+00,1.890932023525238037e-01,-1.113699436187744141e+00
-5.947244167327880859e-02,7.085236907005310059e-01,1.566127240657806396e-01,-3.613223135471343994e-01,2.660407721996307373e-01,9.988131523132324219e-01,4.442060589790344238e-01,1.015143513679504395e+00,6.453894972801208496e-01,-6.614226698875427246e-01,-2.605106234550476074e-01,-2.127395123243331909e-01,-1.580075860023498535e+00,-7.269221544265747070e-02,-1.036130309104919434e+00,8.525068759918212891e-01,-3.244658112525939941e-01,2.389413490891456604e-02,-1.913070082664489746e-01,-7.186219692230224609e-01,3.067591786384582520e-01,-6.105386614799499512e-01,-5.218883752822875977e-01,-1.018633723258972168e+00,-6.789970397949218750e-01,1.031897440552711487e-01,-7.082583904266357422e-01,-1.323156118392944336e+00,-1.262867927551269531e+00,-3.802292346954345703e-01,-1.140557885169982910e+00,-4.503560364246368408e-01,-4.002210199832916260e-01,-7.413011193275451660e-01,-1.387730717658996582e+00,-1.547884345054626465e+00,-1.794091463088989258e+00,-5.442841053009033203e-01,-1.262592554092407227e+00,-4.344989955425262451e-01,-1.864838600158691406e+00,-1.056453585624694824e+00,-1.643180847167968750e+00,-6.195253729820251465e-01,-6.984005570411682129e-01,-1.419225811958312988e+00,-2.208309412002563477e+00,-1.101828932762145996e+00,2.826448082923889160e-01,-1.505427956581115723e+00,-2.025024741888046265e-01,1.465713977813720703e-01,6.395942568778991699e-01,1.205105900764465332e+00,1.045859575271606445e+00,-4.490333199501037598e-01,1.205039024353027344e+00,1.741784960031509399e-01,-1.637591421604156494e-01,-9.195192456245422363e-01,-3.206971287727355957e-01,-6.909075975418090820e-01,-8.627650737762451172e-01,3.555896580219268799e-01,-7.496533989906311035e-01,-8.480503559112548828e-01,2.771766185760498047e-01,2.176784574985504150e-01,-6.457640528678894043e-01,7.442343235015869141e-01,-3.073598742485046387e-01,2.085162401199340820e-01,4.803110659122467041e-01,-1.168395876884460449e+00,-2.415734976530075073e-01,-1.497767120599746704e-01,-1.325877308845520020e+00,-9.308120608329772949e-02,-1.423673510551452637e+00,4.154713079333305359e-02,4.791663959622383118e-02,-3.637722432613372803e-01,-2.493679046630859375e+00,-5.098287463188171387e-01,2.584264576435089111e-01,-7.200349569320678711e-01,-2.211349964141845703e+00,-7.933050990104675293e-01,-1.929652214050292969e+00,-1.152101755142211914e+00,1.822200566530227661e-01,-3.301888406276702881e-01,-1.174035191535949707e+00,-1.338639140129089355e+00,-9.270572066307067871e-01,-8.982019424438476562e-01,-5.651437640190124512e-01,-1.123741149902343750e+00,7.938907742500305176e-01,-1.420742630958557129e+00
2.994363307952880859e-01,8.713247776031494141e-01,5.684354901313781738e-01,1.930130124092102051e-01,6.471393108367919922e-01,5.461674928665161133e-01,7.590292692184448242e-01,1.278704285621643066e+00,7.788262367248535156e-01,-7.447054386138916016e-01,-1.090011119842529297e+00,-6.241893172264099121e-01,-8.585395216941833496e-01,5.347473621368408203e-01,-2.764619886875152588e-01,1.816741347312927246e+00,2.355314344167709351e-01,6.764412522315979004e-01,9.213053584098815918e-01,-1.408166587352752686e-01,7.787625491619110107e-02,-3.024492561817169189e-01,-6.240531429648399353e-02,-8.685911297798156738e-01,-8.082242608070373535e-01,-7.509332299232482910e-01,-3.757039904594421387e-01,-6.985347867012023926e-01,2.361414730548858643e-01,-6.518433690071105957e-01,-8.898541331291198730e-01,5.549935698509216309e-01,-1.063293695449829102e+00,2.335116118192672729e-01,-1.968129575252532959e-01,-5.423256158828735352e-01,-4.660917818546295166e-01,-9.059472084045410156e-01,-9.548131227493286133e-01,-4.529975056648254395e-01,-8.907608985900878906e-01,-1.151417374610900879e+00,-1.312329292297363281e+00,-1.138247489929199219e+00,-2.075639247894287109e+00,-2.597661912441253662e-01,-2.432970404624938965e-01,-7.599058002233505249e-02,-4.789298772811889648e-01,-1.257351994514465332e+00,-1.680957078933715820e-01,4.329735934734344482e-01,8.778181076049804688e-01,1.588740825653076172e+00,1.224961280822753906e+00,2.839535772800445557e-01,1.334935188293457031e+00,6.586363911628723145e-01,-2.094495743513107300e-01,-5.924825072288513184e-01,2.485407739877700806e-01,-1.089739892631769180e-02,4.314906001091003418e-01,1.260601997375488281e+00,5.222192406654357910e-01,-3.253025189042091370e-02,2.045796215534210205e-01,8.778950572013854980e-01,5.601179599761962891e-01,1.286149382591247559e+00,1.920153349637985229e-01,6.378481984138488770e-01,7.362106442451477051e-01,-8.318430781364440918e-01,-3.806327283382415771e-01,-8.177222609519958496e-01,1.951570957899093628e-01,-1.888071447610855103e-01,-1.452938079833984375e+00,-2.103659808635711670e-01,1.245266348123550415e-01,1.189523562788963318e-01,-1.660996794700622559e+00,4.934693574905395508e-01,1.125264167785644531e+00,-1.041939388960599899e-02,-8.114645481109619141e-01,-9.777113795280456543e-01,-1.059610962867736816e+00,-8.978190422058105469e-01,7.675291895866394043e-01,-1.509714603424072266e+00,-3.916103839874267578e-01,-1.303764581680297852e+00,-8.971169590950012207e-01,-9.289070367813110352e-01,5.634375847876071930e-03,-7.950002700090408325e-02,1.010900363326072693e-01,-1.113861322402954102e+00
-2.738695442676544189e-01,3.441318273544311523e-01,-6.189897060394287109e-01,5.251377820968627930e-01,4.989694654941558838e-01,-4.557958543300628662e-01,-1.214541316032409668e+00,-1.044814363121986389e-01,1.266452074050903320e-01,-5.937025547027587891e-01,-9.331880211830139160e-01,-5.891162753105163574e-01,4.718053638935089111e-01,-7.769353985786437988e-01,-4.311960339546203613e-01,9.008538126945495605e-01,-5.458372235298156738e-01,3.095245221629738808e-03,-1.002807259559631348e+00,9.110758453607559204e-02,-1.734936386346817017e-01,-7.768036127090454102e-01,-1.441002130508422852e+00,-4.402007460594177246e-01,-3.629228174686431885e-01,-6.337516307830810547e-01,-1.116759777069091797e+00,-1.272035002708435059e+00,-5.586302280426025391e-01,-1.221484065055847168e+00,-8.180387020111083984e-01,8.913133144378662109e-01,4.689868092536926270e-01,-2.952571809291839600e-01,4.630037397146224976e-02,-1.021033301949501038e-01,-2.781282067298889160e-01,-2.340756654739379883e-01,4.226357638835906982e-01,-1.076175808906555176e+00,-2.936393618583679199e-01,5.297336727380752563e-02,-5.832433104515075684e-01,3.777313232421875000e-01,1.309728771448135376e-01,6.517378091812133789e-01,1.122417971491813660e-01,-3.599553927779197693e-02,-9.072204232215881348e-01,-5.104355812072753906e-01,-1.842583864927291870e-01,-4.513424336910247803e-01,6.818425655364990234e-01,1.558796525001525879e+00,5.098350048065185547e-01,-8.284393548965454102e-01,-6.173465028405189514e-02,3.498305678367614746e-01,-4.268501102924346924e-01,-6.551425457000732422e-01,1.749513894319534302e-01,-9.126961976289749146e-02,-5.203332751989364624e-02,2.107370942831039429e-01,-4.670325815677642822e-01,-2.093534171581268311e-01,-4.499966800212860107e-01,-9.302701950073242188e-01,-3.644683063030242920e-01,2.406123578548431396e-01,3.867015242576599121e-01,-3.280947804450988770e-01,-1.433417916297912598e+00,-2.712785303592681885e-01,-8.457328677177429199e-01,-7.973769903182983398e-01,-9.540930986404418945e-01,-1.240281343460083008e+00,-5.052006840705871582e-01,-2.497460842132568359e-01,-8.764057159423828125e-01,5.920849442481994629e-01,-5.498236417770385742e-01,1.029275178909301758e+00,4.420343339443206787e-01,1.161936879158020020e+00,-5.984490513801574707e-01,9.534754604101181030e-02,-6.679387092590332031e-01,8.510585129261016846e-02,1.198200941085815430e+00,-2.548080682754516602e-01,-4.448169767856597900e-01,-5.123227238655090332e-01,-7.132428884506225586e-01,1.624186396598815918e+00,1.139889717102050781e+00,1.684097051620483398e-01,-5.818357467651367188e-01,-5.433750748634338379e-01
-7.805070281028747559e-01,-4.249844253063201904e-01,-1.170439124107360840e+00,5.273233056068420410e-01,2.099790573120117188e-01,-9.199397563934326172e-01,-1.021902918815612793e+00,-4.447679817676544189e-01,-2.860511541366577148e-01,-9.902178645133972168e-01,-1.239316582679748535e+00,-8.336017727851867676e-01,-4.522204101085662842e-01,-1.117568254470825195e+00,-1.102910041809082031e+00,-2.138314209878444672e-02,-8.624127507209777832e-01,-8.546347618103027344e-01,-1.025600314140319824e+00,-1.020289301872253418e+00,-1.242612004280090332e+00,-4.160730242729187012e-01,-8.259114623069763184e-01,-7.264547944068908691e-01,-1.135722637176513672e+00,-1.217358231544494629e+00,-1.357731938362121582e+00,-6.673300862312316895e-01,-7.315496206283569336e-01,-1.102505803108215332e+00,-1.037901043891906738e+00,-4.832696914672851562e-01,2.288191467523574829e-01,1.301619410514831543e-01,-1.892174929380416870e-01,-6.584951654076576233e-03,-3.411264419555664062e-01,-7.041791081428527832e-01,-2.511627674102783203e-01,-8.215113282203674316e-01,-1.659382432699203491e-01,-8.335615992546081543e-01,-1.007249474525451660e+00,-2.404571324586868286e-01,-1.552879214286804199e+00,-5.010203123092651367e-01,-1.384031474590301514e-01,-6.644003987312316895e-01,-1.776665091514587402e+00,1.265212148427963257e-01,-1.227972269058227539e+00,-8.550046682357788086e-01,-3.772418498992919922e-01,8.586577773094177246e-01,-1.790134422481060028e-02,-1.002805471420288086e+00,-3.938484191894531250e-01,-5.099804997444152832e-01,-1.283363103866577148e+00,-1.043485403060913086e+00,-1.060425758361816406e+00,-8.955226540565490723e-01,-6.345904469490051270e-01,-2.209894657135009766e-01,-5.115557909011840820e-01,-1.045650720596313477e+00,-1.495367169380187988e+00,-8.435521721839904785e-01,-1.084163546562194824e+00,-1.047465443611145020e+00,-1.127164244651794434e+00,-5.594118833541870117e-01,-7.893882393836975098e-01,-1.547529339790344238e+00,-1.138798832893371582e+00,-1.403920650482177734e+00,-1.521380305290222168e+00,-9.135696887969970703e-01,-1.429846644401550293e+00,-1.582168579101562500e+00,-1.661949157714843750e+00,-8.701702356338500977e-01,-1.424004554748535156e+00,-6.060993671417236328e-01,-1.165583133697509766e+00,-3.926964998245239258e-01,-5.088636279106140137e-01,-4.780438542366027832e-01,-9.055539369583129883e-01,-1.662709593772888184e+00,1.692586839199066162e-01,-1.548874139785766602e+00,-1.264896631240844727e+00,-1.832927107810974121e+00,-1.000292778015136719e+00,6.849931478500366211e-01,-3.088590204715728760e-01,-1.015736818313598633e+00,-7.558602690696716309e-01,-3.522418811917304993e-02
1.121722254902124405e-02,-6.099634338170289993e-03,-6.093781590461730957e-01,7.632608413696289062e-01,-1.429203599691390991e-01,-6.101954579353332520e-01,-2.771607339382171631e-01,2.353042215108871460e-01,-3.704441785812377930e-01,-1.201474428176879883e+00,-8.415566086769104004e-01,-7.451705336570739746e-01,-1.473774909973144531e+00,-1.327826619148254395e+00,-1.354200601577758789e+00,3.299723565578460693e-01,-6.038470864295959473e-01,1.956657767295837402e-01,-1.047552466392517090e+00,1.928010135889053345e-01,-1.182667970657348633e+00,3.282512351870536804e-02,-1.574517041444778442e-01,-3.552132248878479004e-01,-6.025129556655883789e-01,-1.821469366550445557e-01,-8.164836168289184570e-01,-7.308898568153381348e-01,-1.486702203750610352e+00,-4.472691714763641357e-01,-6.639273762702941895e-01,-1.806677430868148804e-01,-7.242208719253540039e-01,2.224902361631393433e-01,1.521422713994979858e-01,-1.208338588476181030e-01,-9.862585663795471191e-01,-1.211909770965576172e+00,-6.672107577323913574e-01,-5.428203940391540527e-02,-9.711869955062866211e-01,-5.579447150230407715e-01,-9.495877623558044434e-01,-1.228542685508728027e+00,1.205165266990661621e+00,-1.239943981170654297e+00,-4.646923840045928955e-01,-8.556525707244873047e-01,-1.084103822708129883e+00,-7.954726219177246094e-01,-3.014622032642364502e-01,-3.932595551013946533e-01,-3.181731104850769043e-01,8.367258906364440918e-01,1.169034317135810852e-01,-8.760423064231872559e-01,3.505141437053680420e-01,-3.440246284008026123e-01,-9.893098473548889160e-01,-7.507985234260559082e-01,-6.645044684410095215e-01,-1.175919890403747559e+00,-9.307326078414916992e-01,-2.234357446432113647e-01,-4.671115875244140625e-01,-1.338608980178833008e+00,-7.651068568229675293e-01,-1.062068819999694824e+00,-9.637505412101745605e-01,1.625386881642043591e-03,-7.075223922729492188e-01,1.268072128295898438e-01,-7.984731793403625488e-01,-1.431562662124633789e+00,-1.147371172904968262e+00,-6.596032381057739258e-01,-1.444394707679748535e+00,-2.311230301856994629e-01,-4.286382198333740234e-01,-1.017859816551208496e+00,-3.259464204311370850e-01,-7.403989434242248535e-01,-1.285735845565795898e+00,3.748990595340728760e-01,5.746295452117919922e-01,-2.066430002450942993e-01,-9.410408735275268555e-01,4.092542827129364014e-01,-5.238866806030273438e-01,-1.194096326828002930e+00,-7.655234336853027344e-01,-1.681114077568054199e+00,-1.469334959983825684e+00,-1.607545852661132812e+00,-4.638352096080780029e-01,-5.427132248878479004e-01,-6.716414093971252441e-01,-6.827271580696105957e-01,-1.533008068799972534e-01,-6.878327131271362305e-01
1.070292368531227112e-01,-1.684248894453048706e-01,-3.765517175197601318e-01,-1.759463399648666382e-01,-3.216448426246643066e-01,-8.928086161613464355e-01,-8.426791429519653320e-01,2.035413831472396851e-01,-1.382798552513122559e-01,-6.535063982009887695e-01,-4.539211094379425049e-01,-5.653275847434997559e-01,-1.461956977844238281e+00,-4.652182459831237793e-01,-9.350741505622863770e-01,9.134104102849960327e-02,-2.818506211042404175e-02,4.093244671821594238e-02,-7.103918790817260742e-01,5.171247124671936035e-01,-3.938722908496856689e-01,9.724361589178442955e-04,-2.501375973224639893e-01,-7.982783019542694092e-02,-8.448390960693359375e-01,-4.092610180377960205e-01,-7.361697554588317871e-01,-1.288116693496704102e+00,-1.026895046234130859e+00,-5.735231041908264160e-01,-6.167477369308471680e-01,-4.298788011074066162e-01,-1.090727329254150391e+00,-2.266796380281448364e-01,-2.215782701969146729e-01,-4.692326784133911133e-01,-8.094193339347839355e-01,-1.133076548576354980e+00,-1.042968273162841797e+00,-6.613887548446655273e-01,-7.565832734107971191e-01,-8.507274389266967773e-01,-1.031028985977172852e+00,-6.232954859733581543e-01,4.059257984161376953e+00,-1.061922907829284668e+00,-1.711314618587493896e-01,-1.184680819511413574e+00,-1.285101890563964844e+00,-1.514088511466979980e+00,-2.943384945392608643e-01,-3.091042637825012207e-01,-6.012436747550964355e-01,3.277683258056640625e-01,-4.014553129673004150e-02,-1.176925063133239746e+00,-1.007488146424293518e-01,3.041492402553558350e-01,-9.418032765388488770e-01,-4.790636301040649414e-01,-2.879795134067535400e-01,-3.166178464889526367e-01,-7.282195091247558594e-01,6.585706025362014771e-02,-1.231983423233032227e+00,-7.486299276351928711e-01,-9.003596305847167969e-01,-8.725714683532714844e-01,-4.618636965751647949e-01,-3.184931874275207520e-01,3.728843927383422852e-01,3.177373111248016357e-01,-1.173427850008010864e-01,-8.137165904045104980e-01,-8.851810097694396973e-01,-6.771934032440185547e-01,-8.977621197700500488e-01,-8.890800476074218750e-01,4.610785841941833496e-01,-7.602975368499755859e-01,2.014827132225036621e-01,-1.794044673442840576e-01,-2.943844199180603027e-01,7.273098230361938477e-01,4.694300293922424316e-01,1.269321441650390625e+00,-6.403404474258422852e-01,-9.805655479431152344e-01,-4.386224150657653809e-01,-5.909478068351745605e-01,-6.295604109764099121e-01,-1.627770304679870605e+00,-1.794972777366638184e+00,-1.732458829879760742e+00,-1.120143681764602661e-01,2.170852869749069214e-01,-1.447478979825973511e-01,-6.617504954338073730e-01,-9.630632400512695312e-01,-1.579403281211853027e+00
-8.154497146606445312e-01,-5.701355338096618652e-01,-6.562234759330749512e-01,-2.968864142894744873e-01,-3.737357854843139648e-01,-7.428586483001708984e-01,-1.527619481086730957e+00,-5.056713223457336426e-01,-5.560698509216308594e-01,-1.080445408821105957e+00,-1.274926424026489258e+00,-7.906962037086486816e-01,-7.894591689109802246e-01,-5.086366534233093262e-01,-7.478370070457458496e-01,-3.413330316543579102e-01,-3.303690552711486816e-01,-6.304464936256408691e-01,-5.175358057022094727e-01,-4.531276877969503403e-03,-2.624541223049163818e-01,-5.460769310593605042e-02,6.952364742755889893e-02,-3.667881786823272705e-01,-2.337916493415832520e-01,-3.177388012409210205e-01,-8.281794935464859009e-02,-6.019967198371887207e-01,-7.699043750762939453e-01,-5.476303696632385254e-01,-7.672597169876098633e-01,1.022896409034729004e+00,-5.815049409866333008e-01,3.375058174133300781e-01,-1.324988007545471191e-01,-3.513986170291900635e-01,-1.259667396545410156e+00,-9.088753908872604370e-02,-1.932731121778488159e-01,-9.032175540924072266e-01,-1.775374561548233032e-01,4.696143418550491333e-02,-5.793436169624328613e-01,-1.041588783264160156e+00,-9.850870966911315918e-01,-1.062884926795959473e+00,1.999196112155914307e-01,-1.676343977451324463e-01,-1.056197166442871094e+00,-7.713176012039184570e-01,-1.030727148056030273e+00,-4.121244549751281738e-01,-1.153046846389770508e+00,7.517477869987487793e-02,5.093638971447944641e-02,-9.037576317787170410e-01,-6.135330796241760254e-01,-3.425804972648620605e-01,-5.860911607742309570e-01,-6.936258673667907715e-01,-5.161348581314086914e-01,-7.766504287719726562e-01,1.044989749789237976e-01,-3.178235292434692383e-01,-9.450182318687438965e-01,-7.005013227462768555e-01,-1.315457463264465332e+00,-8.228241205215454102e-01,-2.347795665264129639e-01,-1.003414630889892578e+00,-3.779411613941192627e-01,-2.058189809322357178e-01,7.317395210266113281e-01,-1.128741264343261719e+00,-5.053721666336059570e-01,-1.669623106718063354e-01,-1.003358006477355957e+00,4.427367821335792542e-02,-6.532585620880126953e-01,-1.619531035423278809e+00,2.639033496379852295e-01,-3.461775779724121094e-01,-1.020375490188598633e+00,1.485971212387084961e+00,8.594692349433898926e-01,7.148501873016357422e-01,-1.185596227645874023e+00,1.111662387847900391e+00,-4.041207134723663330e-01,-5.400476604700088501e-02,-1.198698997497558594e+00,-7.430517077445983887e-01,-8.338252305984497070e-01,-6.952107548713684082e-01,6.839456558227539062e-01,-7.254087924957275391e-01,-7.525065541267395020e-01,-3.347997665405273438e-01,-8.926914930343627930e-01,-1.347097635269165039e+00
-7.034468054771423340e-01,9.847376495599746704e-02,5.654336884617805481e-02,4.619051516056060791e-02,3.424139320850372314e-01,-9.178921580314636230e-02,-2.769789695739746094e-01,6.644265353679656982e-02,2.449401654303073883e-02,-6.408403515815734863e-01,-6.335763931274414062e-01,-4.519432485103607178e-01,-4.857859015464782715e-01,-2.352649569511413574e-01,-4.644402861595153809e-01,6.368247270584106445e-01,3.065438941121101379e-02,3.354146480560302734e-01,-4.430267587304115295e-02,1.102025866508483887e+00,-7.722967267036437988e-01,8.043991923332214355e-01,9.683888554573059082e-01,2.290464192628860474e-01,-3.120998144149780273e-01,4.459435641765594482e-01,3.566485345363616943e-01,6.298460960388183594e-01,-1.167500987648963928e-01,1.296441674232482910e+00,-7.683587074279785156e-01,-2.918272912502288818e-01,-6.139802336692810059e-01,9.383325576782226562e-01,3.481695055961608887e-01,1.399485170841217041e-01,-8.695423007011413574e-01,-7.782621383666992188e-01,5.154692530632019043e-01,5.787926912307739258e-01,-1.402150839567184448e-01,-9.973284788429737091e-03,-5.085134506225585938e-01,-1.103701710700988770e+00,8.239649534225463867e-01,-9.551301002502441406e-01,1.836619377136230469e-01,2.056641727685928345e-01,-4.662080407142639160e-01,-9.634492397308349609e-01,-4.767011404037475586e-01,-1.210680305957794189e-01,-5.597146153450012207e-01,7.246157526969909668e-01,3.961850106716156006e-01,-5.974509716033935547e-01,-1.031728744506835938e+00,1.921563036739826202e-02,-6.065112352371215820e-01,-8.326111435890197754e-01,-5.458047389984130859e-01,-6.681135892868041992e-01,5.024226903915405273e-01,-2.256346493959426880e-01,-1.769342124462127686e-01,-3.787960410118103027e-01,-8.602547049522399902e-01,-4.550655484199523926e-01,3.342705965042114258e-01,-4.332069158554077148e-01,-1.632771342992782593e-01,2.648350298404693604e-01,1.464525461196899414e+00,-1.495552510023117065e-01,-3.757090866565704346e-01,1.398738026618957520e-01,-3.340326547622680664e-01,1.420535922050476074e+00,-6.160678863525390625e-01,-6.942704916000366211e-01,9.643420577049255371e-01,1.444660425186157227e-01,-4.008243978023529053e-01,1.056053638458251953e+00,1.660632848739624023e+00,1.033613801002502441e+00,-8.053182959556579590e-01,1.564502716064453125e+00,3.207521140575408936e-01,-2.446691095829010010e-01,-1.345050454139709473e+00,1.632142812013626099e-01,-5.758129954338073730e-01,-8.833543658256530762e-01,9.019474983215332031e-01,-6.267685443162918091e-02,-7.493323087692260742e-01,3.539862632751464844e-01,-7.848359346389770508e-01,-1.074287176132202148e+00
-1.118399381637573242e+00,-5.982832610607147217e-02,-4.302087426185607910e-01,-1.249918807297945023e-02,1.749825477600097656e-02,2.754464000463485718e-02,-1.154339551925659180e+00,-9.631385207176208496e-01,-4.838960170745849609e-01,-2.744967937469482422e-01,-1.010645270347595215e+00,-4.179792106151580811e-01,-7.856518626213073730e-01,-1.442087054252624512e+00,-1.575079083442687988e+00,-3.025244772434234619e-01,-2.193457633256912231e-02,-3.637636303901672363e-01,-6.623935699462890625e-01,1.260736227035522461e+00,-8.734562397003173828e-01,-9.724361822009086609e-03,-4.553522467613220215e-01,2.219249010086059570e-01,5.567107722163200378e-02,9.674613922834396362e-02,3.490752279758453369e-01,-4.973099753260612488e-02,-1.294001340866088867e+00,7.969590276479721069e-02,2.132030427455902100e-01,-9.009265303611755371e-01,-6.893578171730041504e-01,2.655123174190521240e-01,5.863937735557556152e-02,-7.902673482894897461e-01,-1.488618493080139160e+00,-7.401307225227355957e-01,1.520597636699676514e-01,9.686094522476196289e-02,1.269692927598953247e-01,7.413319945335388184e-01,-1.572308391332626343e-01,-9.694489240646362305e-01,3.660873174667358398e-01,-2.537282109260559082e-01,6.020306423306465149e-02,2.108704149723052979e-01,-1.757582306861877441e+00,-1.154493212699890137e+00,-9.362233281135559082e-01,-1.094558238983154297e+00,-5.826135873794555664e-01,-1.149223595857620239e-01,1.782479286193847656e-01,-8.282338976860046387e-01,-2.468052625656127930e+00,-1.127267837524414062e+00,-8.358492851257324219e-01,-9.295142292976379395e-01,-8.212300539016723633e-01,-1.326578855514526367e+00,-1.371147632598876953e+00,-1.443605422973632812e+00,-1.786930203437805176e+00,-1.998858451843261719e+00,-1.665073990821838379e+00,-6.686663627624511719e-01,-2.274620383977890015e-01,-1.180251240730285645e+00,-3.561115358024835587e-03,-2.705172598361968994e-01,-4.133395850658416748e-02,-5.417958498001098633e-01,-3.956391215324401855e-01,-1.920278519392013550e-01,-1.154240965843200684e+00,-3.308332562446594238e-01,9.052344411611557007e-02,-8.349927067756652832e-01,9.909274578094482422e-01,-5.884042978286743164e-01,2.877005338668823242e-01,1.561497926712036133e+00,1.812650561332702637e+00,1.627918124198913574e+00,-1.261312246322631836e+00,1.944683551788330078e+00,-2.463143765926361084e-01,-1.044963672757148743e-01,8.952893614768981934e-01,-1.391833662986755371e+00,-2.586244940757751465e-01,-8.138767629861831665e-02,1.793889880180358887e+00,1.603191792964935303e-01,4.863815307617187500e-01,7.479061484336853027e-01,-1.127640008926391602e+00,-1.126607537269592285e+00
-1.554410696029663086e+00,-8.143371939659118652e-01,-8.470970392227172852e-01,-5.963021516799926758e-01,-8.673211932182312012e-01,-8.481740951538085938e-01,-9.853311181068420410e-01,-9.488187432289123535e-01,-1.442586302757263184e+00,-9.155710339546203613e-01,-1.559083819389343262e+00,-7.078239917755126953e-01,-1.264462709426879883e+00,-1.032402634620666504e+00,-1.266458034515380859e+00,-5.960230231285095215e-01,-9.931713938713073730e-01,-1.172635078430175781e+00,-9.287850260734558105e-01,-1.110413551330566406e+00,-1.241210579872131348e+00,-4.983843266963958740e-01,-6.095582842826843262e-01,-7.065224051475524902e-01,-6.570416092872619629e-01,-2.558341622352600098e-01,-2.456138581037521362e-01,-1.003823161125183105e+00,-2.051205158233642578e+00,-7.534579634666442871e-01,5.140404775738716125e-02,-1.522658705711364746e+00,9.894862771034240723e-01,-1.059664487838745117e+00,-1.008655548095703125e+00,-1.743164777755737305e+00,-1.968452095985412598e+00,-8.508810997009277344e-01,-9.788728356361389160e-01,-1.094539523124694824e+00,-1.563405394554138184e+00,-2.387219220399856567e-01,-6.100890040397644043e-01,-1.306885719299316406e+00,-2.818534672260284424e-01,-1.225545763969421387e+00,-1.383960485458374023e+00,-9.260576367378234863e-01,-1.471517831087112427e-01,-1.700514793395996094e+00,-1.028381824493408203e+00,-1.106711745262145996e+00,-1.225711107254028320e+00,-1.000994920730590820e+00,-8.928589820861816406e-01,-9.507031440734863281e-01,-1.327868342399597168e+00,-1.823068141937255859e+00,-1.145472288131713867e+00,-1.120861768722534180e+00,-1.668920755386352539e+00,-1.863923668861389160e+00,-1.771479964256286621e+00,-1.241966366767883301e+00,-1.182931542396545410e+00,-1.442929148674011230e+00,-1.668972015380859375e+00,-1.755835413932800293e+00,-1.323890209197998047e+00,-7.307628989219665527e-01,-5.688169598579406738e-01,-1.454938411712646484e+00,-3.090296089649200439e-01,-1.114730119705200195e+00,-1.394907951354980469e+00,-2.494801431894302368e-01,-1.589570403099060059e+00,-5.664901733398437500e-01,-7.744783759117126465e-01,-7.176145911216735840e-01,-2.161125391721725464e-01,-6.668135523796081543e-01,-7.982022166252136230e-01,-7.904373407363891602e-01,4.887770712375640869e-01,-2.699570357799530029e-01,-1.632411241531372070e+00,7.115993648767471313e-02,-1.387861609458923340e+00,-7.126014828681945801e-01,-5.020492672920227051e-01,-6.120010614395141602e-01,-1.419648885726928711e+00,-7.820713520050048828e-01,1.238439232110977173e-01,-7.339294552803039551e-01,-3.236591815948486328e-01,-3.831332027912139893e-01,-5.083033442497253418e-01,-1.115722656250000000e+00
2.575516700744628906e-01,-5.632716417312622070e-01,-2.701179683208465576e-01,-7.654463648796081543e-01,-6.748269200325012207e-01,-6.775902509689331055e-01,-7.995636463165283203e-01,-3.458259105682373047e-01,-1.281872153282165527e+00,-1.058531761169433594e+00,-1.839075207710266113e+00,-7.517277002334594727e-01,-6.088086366653442383e-01,-2.136602066457271576e-02,-6.608090400695800781e-01,3.337022960186004639e-01,-4.448455572128295898e-01,-7.904157042503356934e-01,-2.968633174896240234e-01,-2.156637191772460938e+00,-1.735955715179443359e+00,-3.596717119216918945e-01,-2.856555283069610596e-01,-6.598302721977233887e-01,-3.192326724529266357e-01,-1.126020193099975586e+00,-5.621665716171264648e-01,-5.794919133186340332e-01,-3.860761225223541260e-02,-4.383732974529266357e-01,1.798612326383590698e-01,-5.826896801590919495e-02,-1.001743197441101074e+00,-4.118518531322479248e-01,-8.069534897804260254e-01,-2.095990180969238281e+00,-1.162721037864685059e+00,-5.451300144195556641e-01,-8.412615656852722168e-01,-1.217287540435791016e+00,-1.226589202880859375e+00,-2.774344086647033691e-01,-4.449174702167510986e-01,-1.264345169067382812e+00,-1.440663337707519531e+00,-1.077449083328247070e+00,-2.121306061744689941e-01,-7.243930101394653320e-01,-3.094351291656494141e-01,-1.417386412620544434e+00,-1.246206611394882202e-01,-6.290051937103271484e-01,-1.177569866180419922e+00,-1.032981514930725098e+00,-5.469626188278198242e-01,-9.123454689979553223e-01,-5.371847748756408691e-01,-1.173273324966430664e+00,-1.257251143455505371e+00,-1.240035295486450195e+00,-1.262322306632995605e+00,-7.131083011627197266e-01,-5.430611968040466309e-01,-9.464066624641418457e-01,-7.616069912910461426e-01,-5.895759463310241699e-01,-8.379392623901367188e-01,-9.074806571006774902e-01,-8.444025516510009766e-01,-4.966796636581420898e-01,-1.491573214530944824e+00,-9.682446718215942383e-01,-8.174515962600708008e-01,-1.570936679840087891e+00,-1.218205213546752930e+00,-1.096622228622436523e+00,-3.764043748378753662e-01,-6.543505787849426270e-01,-2.528322637081146240e-01,-9.485149979591369629e-01,-1.323638200759887695e+00,-1.413625836372375488e+00,-1.831959366798400879e+00,-1.397338151931762695e+00,-1.159310415387153625e-01,-1.069508433341979980e+00,-1.419234037399291992e+00,-9.192741513252258301e-01,-1.960846900939941406e+00,-1.969471931457519531e+00,-7.835338115692138672e-01,-1.132128477096557617e+00,-1.146819591522216797e+00,-1.144710302352905273e+00,-1.116120696067810059e+00,-1.828951239585876465e+00,-7.621484994888305664e-01,-7.206870317459106445e-01,-1.084706187248229980e-01,-1.136986613273620605e+00
-2.592025101184844971e-01,8.705317229032516479e-02,7.694978266954421997e-02,-1.089663982391357422e+00,-7.171053886413574219e-01,4.720982015132904053e-01,3.998908796347677708e-04,-1.139395684003829956e-01,-5.433218181133270264e-02,-1.965394765138626099e-01,-4.954892098903656006e-01,-2.803487181663513184e-01,-3.627936542034149170e-01,-4.972076117992401123e-01,-8.522811532020568848e-01,5.347778797149658203e-01,3.786945715546607971e-02,-8.131527304649353027e-01,-1.710809171199798584e-01,-1.718780755996704102e+00,-1.197160243988037109e+00,1.549414992332458496e-01,-2.795330286026000977e-01,1.581842601299285889e-01,-1.546482890844345093e-01,-1.298846900463104248e-01,-7.222140580415725708e-02,3.382187187671661377e-01,-2.791324853897094727e-01,1.028067916631698608e-01,-3.784148395061492920e-01,2.832146920263767242e-02,8.437726497650146484e-01,6.928649730980396271e-03,-3.829748034477233887e-01,-9.670184254646301270e-01,-4.621655642986297607e-01,2.068110406398773193e-01,1.290471196174621582e+00,-2.280492782592773438e-01,3.269001841545104980e-01,3.502922356128692627e-01,-1.173862144351005554e-01,-3.469823300838470459e-01,-5.828091502189636230e-01,-8.888781070709228516e-01,-4.445655345916748047e-01,-5.327960252761840820e-01,9.086024761199951172e-02,-5.864099264144897461e-01,-2.861594557762145996e-01,-4.442225098609924316e-01,-5.104365348815917969e-01,-4.771752357482910156e-01,1.534127593040466309e-01,-8.192557096481323242e-01,-5.312913656234741211e-01,-3.970444500446319580e-01,-4.439480602741241455e-01,-4.216415584087371826e-01,-7.293139696121215820e-01,-4.181603789329528809e-01,-2.019572407007217407e-01,-6.181108355522155762e-01,-5.194809436798095703e-01,-4.633622765541076660e-01,-8.023864030838012695e-01,-4.387323260307312012e-01,-3.233458101749420166e-01,-9.488677978515625000e-01,-1.420208454132080078e+00,-4.490039944648742676e-01,-1.353223472833633423e-01,-6.777918934822082520e-01,-1.043169856071472168e+00,-1.194514567032456398e-03,-8.076079487800598145e-01,-1.006032675504684448e-01,-1.032685399055480957e+00,-3.231410384178161621e-01,-1.373033523559570312e+00,-1.056852340698242188e+00,-1.243441700935363770e+00,-2.008387818932533264e-02,-3.098925948143005371e-01,-5.291456580162048340e-01,-7.761843800544738770e-01,7.273696660995483398e-01,-1.200987935066223145e+00,-1.092296123504638672e+00,-1.132757782936096191e+00,4.395522177219390869e-01,-8.074362277984619141e-01,-6.126279830932617188e-01,-1.922788619995117188e-01,-6.636530756950378418e-01,-1.056207418441772461e+00,-1.003527164459228516e+00,2.271066159009933472e-01,-4.593914151191711426e-01
-1.060027480125427246e+00,-3.776293694972991943e-01,-4.198179021477699280e-02,-5.488592386245727539e-01,-3.665884435176849365e-01,4.818047881126403809e-01,-9.391982555389404297e-01,-1.021920442581176758e+00,6.953238844871520996e-01,2.691533043980598450e-02,-6.585032939910888672e-01,-2.117968499660491943e-01,2.733364105224609375e-01,-5.240345001220703125e-01,-5.986083745956420898e-01,2.075958549976348877e-01,-3.173471987247467041e-02,-3.970881402492523193e-01,-1.293894797563552856e-01,6.463528871536254883e-01,-3.493761420249938965e-01,5.117174983024597168e-01,1.605129539966583252e-01,2.129984647035598755e-01,-4.049329459667205811e-02,-7.196126878261566162e-02,1.003282070159912109e+00,9.970645308494567871e-01,-9.036260843276977539e-01,1.344039082527160645e+00,-3.725520670413970947e-01,-1.475396752357482910e-01,-6.082572937011718750e-01,8.544797897338867188e-01,4.896315336227416992e-01,6.300335526466369629e-01,-3.209201991558074951e-01,4.748861491680145264e-01,2.066014289855957031e+00,8.336189389228820801e-01,8.017726540565490723e-01,5.765553116798400879e-01,3.868601918220520020e-01,-7.549546360969543457e-01,-3.961982131004333496e-01,1.411761283874511719e+00,1.671025514602661133e+00,9.373666048049926758e-01,-6.447923779487609863e-01,-3.500112295150756836e-01,-8.198305964469909668e-01,-1.029822349548339844e+00,-4.525741934776306152e-01,-2.259799391031265259e-01,6.667367368936538696e-02,3.784609436988830566e-01,-1.870546579360961914e+00,-4.909416735172271729e-01,-3.487799465656280518e-01,-4.233162999153137207e-01,-6.848898530006408691e-01,-5.481797456741333008e-01,1.338352710008621216e-01,-2.229409962892532349e-01,-3.259064853191375732e-01,-3.734311759471893311e-01,-1.352789282798767090e+00,-1.689958758652210236e-02,-2.738407850265502930e-01,-1.005260467529296875e+00,2.289797179400920868e-02,-9.882763028144836426e-01,-5.103721469640731812e-02,-3.800849020481109619e-01,-3.385167717933654785e-01,-2.081923335790634155e-01,-2.763428390026092529e-01,4.229184091091156006e-01,-9.077902436256408691e-01,-6.438908576965332031e-01,4.572373926639556885e-01,7.320059537887573242e-01,1.005793660879135132e-01,3.827251791954040527e-01,1.841293334960937500e+00,1.153112888336181641e+00,-2.995277941226959229e-01,1.797719597816467285e+00,4.487538635730743408e-01,8.309054374694824219e-02,1.263491988182067871e+00,-5.336295366287231445e-01,6.922674775123596191e-01,-6.697202324867248535e-01,1.007471323013305664e+00,-1.902566850185394287e-01,8.820575475692749023e-01,9.208599925041198730e-01,-5.779233574867248535e-01,-8.247032761573791504e-01
-1.083414316177368164e+00,-7.943655848503112793e-01,-1.258818745613098145e+00,-3.667246997356414795e-01,-7.651851773262023926e-01,-1.512179017066955566e+00,-1.029791712760925293e+00,-1.733608126640319824e+00,-1.163215279579162598e+00,-2.281506061553955078e-01,-3.369903862476348877e-01,-2.766195833683013916e-01,-5.659836530685424805e-01,-7.236098647117614746e-01,-8.801258206367492676e-01,-6.429179310798645020e-01,-5.811408758163452148e-01,-1.378078341484069824e+00,-1.012853860855102539e+00,-2.906380295753479004e-01,-3.797303438186645508e-01,-7.083008885383605957e-01,-1.301733493804931641e+00,5.610116720199584961e-01,-2.545183002948760986e-01,-4.158887267112731934e-01,1.560471020638942719e-02,-5.464417934417724609e-01,-8.710596594028174877e-04,-1.081473708152770996e+00,-1.393509954214096069e-01,-3.810443878173828125e-01,4.494302868843078613e-01,-7.553839683532714844e-02,1.568567007780075073e-02,-4.598308205604553223e-01,3.397978842258453369e-01,1.496626762673258781e-03,9.685933589935302734e-01,2.546644806861877441e-01,1.046453833580017090e+00,5.248091816902160645e-01,1.624162793159484863e-01,-4.774650335311889648e-01,-3.978476226329803467e-01,4.773328304290771484e-01,7.072795033454895020e-01,-2.322815656661987305e-01,-1.252889752388000488e+00,5.501671433448791504e-01,-8.215309381484985352e-01,-1.390181422233581543e+00,-1.054931521415710449e+00,-7.823204398155212402e-01,-1.206824421882629395e+00,-1.155352711677551270e+00,-1.851346254348754883e+00,-1.541906952857971191e+00,-6.452473402023315430e-01,-6.610397696495056152e-01,-6.916917562484741211e-01,-9.348657131195068359e-01,-6.642355322837829590e-01,-1.191941380500793457e+00,-1.392777681350708008e+00,-9.749772548675537109e-01,-1.682732820510864258e+00,-1.081981301307678223e+00,-9.112223386764526367e-01,-1.311108708381652832e+00,-5.619439855217933655e-02,-1.148457646369934082e+00,-1.823640942573547363e+00,-2.506067454814910889e-01,-8.540893197059631348e-01,-6.903138160705566406e-01,-6.463234871625900269e-02,-1.291080951690673828e+00,-6.843875646591186523e-01,-1.696662306785583496e+00,-1.109004378318786621e+00,-9.748181700706481934e-01,-5.021293759346008301e-01,1.973028928041458130e-01,-6.272670347243547440e-03,4.427494704723358154e-01,2.362862825393676758e-01,-5.287410691380500793e-02,-3.101783394813537598e-01,-5.231354236602783203e-01,-1.974209785461425781e+00,-1.357134103775024414e+00,-6.328157186508178711e-01,-6.195404529571533203e-01,-4.892739653587341309e-01,-5.173431038856506348e-01,2.638633735477924347e-02,-2.987677156925201416e-01,-1.095571994781494141e+00,2.823600172996520996e-01
-5.906184911727905273e-01,-1.180488348007202148e+00,-1.024895429611206055e+00,-3.644409775733947754e-01,-7.113713622093200684e-01,-1.844663977622985840e+00,-7.287102341651916504e-01,-9.732449054718017578e-01,-1.605916857719421387e+00,-6.504837870597839355e-01,-9.616060853004455566e-01,-7.644537687301635742e-01,-9.716022610664367676e-01,-6.668824553489685059e-01,-1.250894546508789062e+00,-1.161978721618652344e+00,-4.374182820320129395e-01,-1.851361513137817383e+00,-2.698656916618347168e-01,-2.484720945358276367e+00,-1.093038678169250488e+00,-9.013618826866149902e-01,-9.707124233245849609e-01,-2.775630652904510498e-01,-7.077110409736633301e-01,-1.014983057975769043e+00,-2.081442326307296753e-01,-3.557863235473632812e-01,-2.727821767330169678e-01,-1.622011780738830566e+00,-7.795549929141998291e-02,-1.326892137527465820e+00,-5.768851041793823242e-01,-1.125148296356201172e+00,-7.869026064872741699e-01,-1.386809110641479492e+00,-2.933175861835479736e-01,-6.861708164215087891e-01,-8.268766999244689941e-01,-7.512385845184326172e-01,-6.324680447578430176e-01,-6.926462054252624512e-01,-4.914311468601226807e-01,-8.737259507179260254e-01,-1.354799270629882812e+00,-6.799371838569641113e-01,-1.179213285446166992e+00,-9.721209406852722168e-01,-1.697215557098388672e+00,-6.279269456863403320e-01,-6.900210976600646973e-01,-9.271085858345031738e-01,-1.525393366813659668e+00,-9.327328205108642578e-01,-1.170830368995666504e+00,-1.381286978721618652e+00,-1.118423938751220703e+00,-1.557350158691406250e+00,-1.052474737167358398e+00,-1.037231802940368652e+00,-1.555307388305664062e+00,-1.052207946777343750e+00,-9.768986701965332031e-01,-1.313045740127563477e+00,-8.722698688507080078e-01,-1.184206604957580566e+00,-1.722105145454406738e+00,-8.391347527503967285e-01,-7.031019330024719238e-01,-1.595468759536743164e+00,-1.744091868400573730e+00,-1.073473811149597168e+00,-9.806945919990539551e-01,-1.507827043533325195e+00,-9.734146595001220703e-01,-1.094117522239685059e+00,-2.561575770378112793e-01,-1.340060234069824219e+00,-1.182487368583679199e+00,-1.540232896804809570e+00,-1.790314197540283203e+00,-1.583549737930297852e+00,-1.027798891067504883e+00,-6.772887110710144043e-01,-7.499241828918457031e-01,-1.210045576095581055e+00,-6.850826144218444824e-01,-9.928044676780700684e-01,-1.216743350028991699e+00,-1.856560230255126953e+00,-1.657534480094909668e+00,-1.650506973266601562e+00,-1.330624222755432129e+00,-1.636798143386840820e+00,-1.161315321922302246e+00,-9.982622861862182617e-01,-8.632895350456237793e-01,-1.010641813278198242e+00,-1.215967774391174316e+00,-5.857007503509521484e-01
-5.618135333061218262e-01,-5.411370396614074707e-01,-5.888419151306152344e-01,-4.736676514148712158e-01,-9.268825054168701172e-01,-1.126632809638977051e+00,-9.150593876838684082e-01,-3.812423348426818848e-01,-9.768381118774414062e-01,-8.834021687507629395e-01,-1.033268094062805176e+00,-4.711849093437194824e-01,-6.509025692939758301e-01,-7.174924612045288086e-01,-1.488156914710998535e+00,-6.918343305587768555e-01,5.997765809297561646e-02,-1.060309529304504395e+00,-4.423186182975769043e-01,-1.529315590858459473e+00,-8.103589415550231934e-01,-7.527520060539245605e-01,-7.777796983718872070e-01,-2.345003783702850342e-01,-5.074141621589660645e-01,-1.184956073760986328e+00,-8.075361251831054688e-01,-9.983826875686645508e-01,-1.883202910423278809e+00,-7.339543104171752930e-01,1.523419022560119629e-01,-3.194340169429779053e-01,5.906019210815429688e-01,-1.183993458747863770e+00,-7.656003832817077637e-01,-1.640091896057128906e+00,-1.436962723731994629e+00,-9.749547243118286133e-01,-1.046309947967529297e+00,-8.990647792816162109e-01,-3.209359049797058105e-01,-6.905956268310546875e-01,-6.210250854492187500e-01,-1.366351604461669922e+00,-7.337473034858703613e-01,-6.703825592994689941e-01,-5.723550319671630859e-01,-9.840504527091979980e-01,-1.538263201713562012e+00,-1.474746823310852051e+00,-8.438009768724441528e-02,-5.010069012641906738e-01,-1.180748343467712402e+00,-7.600114941596984863e-01,-8.308961987495422363e-01,-1.110975265502929688e+00,-6.834012866020202637e-01,-8.193756937980651855e-01,-1.189036607742309570e+00,-5.469617247581481934e-01,-1.004497051239013672e+00,-7.077064514160156250e-01,-9.971870779991149902e-01,-7.232182621955871582e-01,-8.472041487693786621e-01,-1.354765653610229492e+00,-1.464863300323486328e+00,-8.072158098220825195e-01,-1.381640315055847168e+00,-7.956681847572326660e-01,-1.055051684379577637e+00,-1.060634851455688477e+00,-1.200872778892517090e+00,-1.689139366149902344e+00,-1.269776225090026855e+00,-1.131128191947937012e+00,-1.508458852767944336e+00,-1.472366094589233398e+00,-3.195328116416931152e-01,-1.656176209449768066e+00,-9.885363578796386719e-01,-6.284454464912414551e-01,-1.706891059875488281e+00,-8.914695978164672852e-01,-1.018213152885437012e+00,-9.548452496528625488e-01,-1.539934754371643066e+00,-1.240630626678466797e+00,-1.423669219017028809e+00,-1.350691080093383789e+00,-1.196845412254333496e+00,-1.907326340675354004e+00,-1.465385794639587402e+00,-1.690536022186279297e+00,-1.312871217727661133e+00,-2.082729101181030273e+00,-7.133436799049377441e-01,-1.118095397949218750e+00,-1.325548887252807617e+00,-1.480022907257080078e+00
-7.370985150337219238e-01,-8.811447620391845703e-01,-8.140051364898681641e-01,-1.710940003395080566e+00,-1.342277646064758301e+00,-1.475538253784179688e+00,-2.128001213073730469e+00,-1.134887576103210449e+00,-1.161211252212524414e+00,-5.650600194931030273e-01,-3.665023446083068848e-01,-4.254929125308990479e-01,-8.895769715309143066e-01,-6.866371035575866699e-01,-1.153385162353515625e+00,-1.300869464874267578e+00,-2.880625128746032715e-01,-1.213046789169311523e+00,-4.374944567680358887e-01,-6.458515524864196777e-01,1.616768389940261841e-01,-9.058134555816650391e-01,-1.139929652214050293e+00,-3.637276887893676758e-01,-9.783766865730285645e-01,-5.896129608154296875e-01,-6.563139557838439941e-01,-7.427054643630981445e-01,-9.368106126785278320e-01,-1.000707864761352539e+00,-1.332613527774810791e-01,-1.612090229988098145e+00,2.501665353775024414e-01,-7.460061311721801758e-01,-7.426684498786926270e-01,-1.462151885032653809e+00,-5.983940362930297852e-01,-1.246966600418090820e+00,-1.331843733787536621e+00,-1.251102566719055176e+00,1.177118718624114990e-01,-8.592094182968139648e-01,-6.976764798164367676e-01,-1.170360207557678223e+00,-1.176933884620666504e+00,-4.860912263393402100e-01,-1.181343123316764832e-01,-4.051222205162048340e-01,-1.549142360687255859e+00,-7.904035449028015137e-01,-6.784023046493530273e-01,-5.757807493209838867e-01,-1.458459615707397461e+00,-1.062894344329833984e+00,-1.563217282295227051e+00,-1.480478644371032715e+00,-1.095810055732727051e+00,-7.022841572761535645e-01,-6.335755586624145508e-01,-2.003803998231887817e-01,-9.627574123442173004e-03,-2.568538784980773926e-01,-5.181407928466796875e-01,-7.322337478399276733e-02,-1.072768926620483398e+00,-9.417647719383239746e-01,-1.314410924911499023e+00,-8.193128108978271484e-01,-2.394861578941345215e-01,-8.266607522964477539e-01,2.947535216808319092e-01,-7.991803884506225586e-01,-9.586719870567321777e-01,-9.235934615135192871e-01,-7.450821399688720703e-01,-8.459475040435791016e-01,-1.002740263938903809e+00,-1.288848400115966797e+00,-6.724917292594909668e-01,-2.236102342605590820e+00,2.790051102638244629e-01,4.470333456993103027e-01,-9.549598097801208496e-01,-5.550882220268249512e-01,-2.000830769538879395e-01,-2.043996006250381470e-02,-8.083105683326721191e-01,-7.919022440910339355e-01,-1.048257827758789062e+00,5.171167254447937012e-01,-1.470957040786743164e+00,-1.231068015098571777e+00,-9.179516434669494629e-01,-1.535542249679565430e+00,-3.056242465972900391e-01,-1.590295672416687012e+00,-5.153866410255432129e-01,-5.859225392341613770e-01,-1.698404908180236816e+00,-1.299855589866638184e+00
-8.760862350463867188e-01,-7.934715747833251953e-01,-7.228257060050964355e-01,-1.032349467277526855e+00,-9.685283899307250977e-01,-1.041833162307739258e+00,-7.842587232589721680e-01,-5.498092770576477051e-01,-9.653426408767700195e-01,-4.198323786258697510e-01,-4.573424458503723145e-01,-3.360774219036102295e-01,-1.780311316251754761e-01,-1.398638933897018433e-01,-5.984495878219604492e-01,-9.910843968391418457e-01,-1.216722726821899414e-01,-1.276831984519958496e+00,1.856640540063381195e-02,-1.547267198562622070e+00,-3.215062916278839111e-01,-6.612349748611450195e-01,-5.456407666206359863e-01,-2.226311564445495605e-01,-1.573939174413681030e-01,-3.696558773517608643e-01,-2.158091664314270020e-01,-2.991529107093811035e-01,-6.176093965768814087e-02,-1.003183960914611816e+00,-5.623896121978759766e-01,-2.028782069683074951e-01,-1.440071463584899902e-01,-2.305790185928344727e-01,-3.129276633262634277e-01,-1.225935101509094238e+00,-2.227048277854919434e-01,-2.787304520606994629e-01,2.243979573249816895e-01,-9.614096283912658691e-01,1.308991193771362305e+00,8.516129106283187866e-02,-1.103498190641403198e-01,-2.347351461648941040e-01,-4.461401402950286865e-01,-5.904953479766845703e-01,-8.135932683944702148e-02,8.136922493577003479e-03,-9.934030175209045410e-01,-8.309560269117355347e-02,-9.387444853782653809e-01,-4.264956116676330566e-01,-1.315079927444458008e+00,-7.506637573242187500e-01,-1.153738737106323242e+00,-7.358015775680541992e-01,-8.262576460838317871e-01,-1.084828376770019531e+00,-4.107709825038909912e-01,-6.778584122657775879e-01,-7.292736172676086426e-01,-6.085057854652404785e-01,-8.353433609008789062e-01,-4.515441656112670898e-01,-5.229300856590270996e-01,-4.246919155120849609e-01,-1.306327223777770996e+00,-4.200204312801361084e-01,3.588341474533081055e-01,-1.195292949676513672e+00,-9.580468535423278809e-01,-6.390349864959716797e-01,-2.740693688392639160e-01,-6.844525337219238281e-01,-7.446113228797912598e-01,-4.548210501670837402e-01,-4.052122235298156738e-01,-7.099245190620422363e-01,-6.408185958862304688e-01,-1.153500795364379883e+00,7.261431962251663208e-02,1.747757494449615479e-01,-2.399923056364059448e-01,2.087120413780212402e-01,-7.375677824020385742e-01,1.744874566793441772e-01,-2.309689819812774658e-01,5.173729062080383301e-01,-9.668060541152954102e-01,6.419295668601989746e-01,-2.948470711708068848e-01,-4.444668292999267578e-01,-3.483226299285888672e-01,-3.339977562427520752e-01,5.041394382715225220e-02,-7.229523658752441406e-01,-6.205351948738098145e-01,2.165595442056655884e-01,-7.140711545944213867e-01,-3.827115297317504883e-01
-1.863752156496047974e-01,6.082330271601676941e-02,-4.746583476662635803e-02,-3.474970757961273193e-01,-6.428858637809753418e-01,2.537887170910835266e-02,1.907843053340911865e-01,-4.908800870180130005e-02,-3.881466686725616455e-01,3.616657555103302002e-01,2.676558792591094971e-01,2.149437069892883301e-01,4.209088683128356934e-01,-4.269026517868041992e-01,-1.649243384599685669e-01,6.334933638572692871e-01,-2.469906508922576904e-01,1.630066037178039551e-01,-4.422964751720428467e-01,-2.263710275292396545e-02,-1.713596135377883911e-01,-3.647716045379638672e-01,-3.061991035938262939e-01,-4.665288329124450684e-02,-1.631155908107757568e-01,4.565294682979583740e-01,1.510725259780883789e+00,5.460823178291320801e-01,-1.293579816818237305e+00,2.745182812213897705e-01,-3.170849010348320007e-02,-1.554125070571899414e+00,7.527316212654113770e-01,-4.569364190101623535e-01,-2.639208436012268066e-01,-5.762564539909362793e-01,-7.854454517364501953e-01,-2.622187733650207520e-01,6.892018318176269531e-01,-2.966231703758239746e-01,-1.705120690166950226e-02,2.576742768287658691e-01,4.452142119407653809e-02,-4.841763377189636230e-01,-5.278232097625732422e-01,-2.388654742389917374e-03,-5.945762395858764648e-01,-2.575542964041233063e-02,-4.915099963545799255e-02,-7.556999921798706055e-01,-6.183639541268348694e-02,-6.612199544906616211e-02,1.376955956220626831e-01,-1.708674728870391846e-01,-6.545620560646057129e-01,-1.642990261316299438e-01,-3.709145784378051758e-01,-5.337936878204345703e-01,-3.240853846073150635e-01,-2.932391762733459473e-01,-2.167516052722930908e-01,-8.039095401763916016e-01,-4.124992191791534424e-01,-8.641127943992614746e-01,-8.876726031303405762e-01,-6.375805288553237915e-02,-5.501151084899902344e-01,-9.268041849136352539e-01,-8.170219063758850098e-01,-6.300440430641174316e-02,-2.019864618778228760e-01,-6.829823851585388184e-01,-1.117776781320571899e-01,-2.230126410722732544e-01,-3.060127198696136475e-01,1.513372957706451416e-01,-7.165889739990234375e-01,5.282959342002868652e-01,-6.979069709777832031e-01,-4.133790135383605957e-01,4.678086042404174805e-01,-1.346230655908584595e-01,1.174356192350387573e-01,-4.980896115303039551e-01,1.012658357620239258e+00,-5.050165578722953796e-02,-1.080544233322143555e+00,1.871153116226196289e-01,-1.597231030464172363e-01,-3.065716922283172607e-01,6.950451135635375977e-01,1.212738752365112305e-01,-2.578897774219512939e-01,-4.417858421802520752e-01,2.218004167079925537e-01,-4.672937393188476562e-01,-4.721765592694282532e-02,-1.689146012067794800e-01,-3.421206772327423096e-01,-1.093730330467224121e+00
-2.861661612987518311e-01,7.930966466665267944e-02,-3.006121516227722168e-01,2.225297540426254272e-01,-2.443160116672515869e-01,-6.857020258903503418e-01,-6.782512664794921875e-01,-2.024511992931365967e-01,-7.619587779045104980e-01,-4.202101826667785645e-01,-3.781395554542541504e-01,-2.050733566284179688e-01,-2.853980660438537598e-02,1.379242390394210815e-01,8.925130218267440796e-02,3.717420697212219238e-01,-1.642488837242126465e-01,-1.045730039477348328e-01,-8.122968673706054688e-01,-3.871445953845977783e-01,-2.909609675407409668e-01,-3.202124238014221191e-01,-1.511079072952270508e-01,-2.950431704521179199e-01,-3.905039429664611816e-01,-8.579891324043273926e-01,-1.553141921758651733e-01,-4.298196136951446533e-01,3.542402982711791992e-01,5.703132748603820801e-01,-2.634980380535125732e-01,-9.057866930961608887e-01,-9.637851119041442871e-01,-4.205529391765594482e-02,-8.357639312744140625e-01,-7.538855075836181641e-01,-5.013684034347534180e-01,-2.833992838859558105e-01,2.224566340446472168e-01,-3.776821792125701904e-01,-2.179700434207916260e-01,-9.957750141620635986e-02,-2.464573532342910767e-01,-3.471962511539459229e-01,-8.743288516998291016e-01,-4.006304740905761719e-01,-1.231394037604331970e-01,-2.448317259550094604e-01,1.816318929195404053e-01,-7.464649081230163574e-01,-2.665766142308712006e-02,2.152612358331680298e-01,-1.631002575159072876e-01,-7.484485954046249390e-02,-1.011219844222068787e-01,-6.031008958816528320e-01,-1.014955043792724609e-01,-2.706397771835327148e-01,-4.987189769744873047e-01,-1.434928178787231445e-01,-1.092739775776863098e-01,-4.560358524322509766e-01,-2.234190553426742554e-01,-1.699475049972534180e-01,-1.096096932888031006e-01,1.993059366941452026e-01,-2.540240623056888580e-02,-2.593384385108947754e-01,-8.783792853355407715e-01,7.322505861520767212e-02,4.718477651476860046e-02,-4.997484683990478516e-01,-3.319083750247955322e-01,-7.566967606544494629e-02,-1.684835404157638550e-01,-5.967563390731811523e-01,3.127355873584747314e-01,2.074233889579772949e-01,-3.995520770549774170e-01,-1.192552089691162109e+00,-8.764371871948242188e-01,-8.208437561988830566e-01,-9.534527659416198730e-01,-5.243966579437255859e-01,-5.258085131645202637e-01,-1.422720909118652344e+00,-6.253792643547058105e-01,-9.628602266311645508e-01,-8.654283285140991211e-01,-1.331273317337036133e+00,-2.605139613151550293e-01,-4.940852224826812744e-01,-4.031823575496673584e-01,-3.537708818912506104e-01,-6.821361184120178223e-01,-2.100614905357360840e-01,-2.908448874950408936e-01,-1.476350426673889160e+00,-2.492654509842395782e-02,-7.050300836563110352e-01
2.861238420009613037e-01,3.277940452098846436e-01,-1.352105140686035156e-01,3.715131878852844238e-01,-2.471964955329895020e-01,3.897202312946319580e-01,2.754157483577728271e-01,4.340723454952239990e-01,1.502763628959655762e-01,3.938345983624458313e-02,-1.473736613988876343e-01,-1.724540255963802338e-02,-3.470160365104675293e-01,-2.879638373851776123e-01,-4.144680202007293701e-01,6.350593566894531250e-01,-1.378193646669387817e-01,3.437168598175048828e-01,-6.911172866821289062e-01,-2.802064418792724609e-01,-8.201691508293151855e-02,2.238980233669281006e-01,4.203506708145141602e-01,-1.785483062267303467e-01,-1.400561034679412842e-01,5.454052239656448364e-02,-9.768976271152496338e-02,5.946149677038192749e-02,-4.913338422775268555e-01,8.016056418418884277e-01,1.463631540536880493e-01,-7.995588779449462891e-01,5.737251639366149902e-01,1.914563179016113281e-01,-2.191046625375747681e-01,5.685008317232131958e-02,-6.472935080528259277e-01,1.854027658700942993e-01,4.764199852943420410e-01,-7.873997092247009277e-03,4.190718233585357666e-01,2.952216565608978271e-01,-1.117062345147132874e-01,-2.274623364210128784e-01,-8.478235602378845215e-01,-1.794476807117462158e-01,1.754266172647476196e-01,3.518529534339904785e-01,1.355532765388488770e+00,-1.754058003425598145e-01,-1.656527519226074219e-01,2.715495526790618896e-01,-3.775434494018554688e-01,2.335523962974548340e-01,4.270118474960327148e-01,-3.692156672477722168e-01,3.651278018951416016e-01,2.012336254119873047e-01,-2.931009531021118164e-01,-5.033829212188720703e-01,-7.227340936660766602e-01,-8.991447091102600098e-01,-8.492085933685302734e-01,-5.621763467788696289e-01,-6.626344323158264160e-01,-2.717469930648803711e-01,3.646854162216186523e-01,-8.623546957969665527e-01,-2.548083364963531494e-01,8.008474111557006836e-01,-1.497805118560791016e-01,-2.018629908561706543e-01,-1.181038245558738708e-01,-3.441412150859832764e-01,-6.994352340698242188e-01,1.269653439521789551e-01,-7.296587228775024414e-01,5.558424592018127441e-01,-8.545243740081787109e-01,-1.583423912525177002e-01,-6.593178510665893555e-01,6.970953941345214844e-02,-1.293689608573913574e+00,-4.493885636329650879e-01,-6.562876105308532715e-01,-8.714900612831115723e-01,-6.318489909172058105e-01,-1.427068747580051422e-02,1.067067384719848633e-01,-8.177242279052734375e-01,-1.436084389686584473e+00,2.360590547323226929e-01,-6.560515165328979492e-01,-5.318378210067749023e-01,-1.998162865638732910e-01,-1.104194998741149902e+00,-3.087002933025360107e-01,-3.037249743938446045e-01,1.183660626411437988e+00,1.249740496277809143e-01
4.119471907615661621e-01,8.659029006958007812e-01,3.258387446403503418e-01,8.098442554473876953e-01,4.294879138469696045e-01,2.672952413558959961e-01,9.528309106826782227e-01,9.647001624107360840e-01,4.801105856895446777e-01,-3.452574834227561951e-02,-3.489069044589996338e-01,-6.256310641765594482e-02,-3.877393156290054321e-02,-3.969723284244537354e-01,-3.021627664566040039e-01,1.257562279701232910e+00,-1.795664280652999878e-01,7.248948216438293457e-01,-1.526915351860225201e-03,1.240220144391059875e-01,-7.099957466125488281e-01,1.500144898891448975e-01,-2.617556154727935791e-01,-2.932775020599365234e-01,-1.947575658559799194e-01,-6.121425423771142960e-03,3.499608039855957031e-01,6.282163262367248535e-01,-2.829539030790328979e-02,-2.854928970336914062e-01,2.340933382511138916e-01,-5.930891036987304688e-01,-4.113229513168334961e-01,5.257717370986938477e-01,2.984642386436462402e-01,7.024497389793395996e-01,5.241525173187255859e-01,-2.195811718702316284e-01,1.956599950790405273e-01,2.186112701892852783e-01,7.777326107025146484e-01,4.739485383033752441e-01,1.824092417955398560e-01,2.215264439582824707e-01,-1.849231868982315063e-01,8.494321107864379883e-01,7.704998254776000977e-01,7.309439126402139664e-03,2.968904674053192139e-01,5.260942578315734863e-01,5.377460271120071411e-02,7.904875874519348145e-01,5.827991962432861328e-01,9.894163608551025391e-01,1.051910042762756348e+00,6.039842963218688965e-01,1.076102972030639648e+00,6.078563928604125977e-01,-1.392417699098587036e-01,-2.513707876205444336e-01,-2.021790593862533569e-01,-2.326860129833221436e-01,3.210626244544982910e-01,3.125187009572982788e-02,-2.143220975995063782e-02,-1.202285885810852051e-01,8.411832451820373535e-01,-3.217037916183471680e-01,-3.819548189640045166e-01,1.187055826187133789e+00,-2.507025301456451416e-01,3.326621651649475098e-02,1.409825682640075684e-01,1.970599144697189331e-01,-2.266259640455245972e-01,-1.696788668632507324e-01,5.586152523756027222e-02,1.653822809457778931e-01,-6.065673008561134338e-02,-4.722324609756469727e-01,3.600826859474182129e-01,1.132919430732727051e+00,-7.212606668472290039e-01,2.528871297836303711e-01,1.131612420082092285e+00,1.191998645663261414e-01,1.333975195884704590e-01,4.497443437576293945e-01,7.453885078430175781e-01,4.131105840206146240e-01,3.164263069629669189e-01,-1.731869220733642578e+00,3.553331494331359863e-01,1.107893660664558411e-01,1.118678092956542969e+00,-5.897688269615173340e-01,6.347401738166809082e-01,-7.729679346084594727e-02,1.154035806655883789e+00,5.170328021049499512e-01
-1.644910424947738647e-01,4.893406331539154053e-01,-1.970358937978744507e-01,1.075347661972045898e+00,2.932707369327545166e-01,1.077962145209312439e-01,-6.492773443460464478e-02,1.910189390182495117e-01,5.538709759712219238e-01,5.715009570121765137e-01,4.680253863334655762e-01,2.812497913837432861e-01,-3.088512830436229706e-02,-6.662856340408325195e-01,1.560839116573333740e-01,5.455406010150909424e-02,1.316074579954147339e-01,-6.829788535833358765e-02,-3.290613368153572083e-02,3.175750076770782471e-01,-3.635180890560150146e-01,-5.925809741020202637e-01,-7.297954559326171875e-01,3.332600891590118408e-01,1.338256336748600006e-02,3.625909090042114258e-01,3.506020903587341309e-01,1.236564278602600098e+00,4.895636439323425293e-01,-3.786090314388275146e-01,-1.155771911144256592e-01,5.480785369873046875e-01,8.223084807395935059e-01,-2.597760260105133057e-01,3.959249258041381836e-01,9.332156777381896973e-01,1.178743243217468262e+00,-4.175913706421852112e-02,8.630298972129821777e-01,7.141337394714355469e-01,1.800512313842773438e+00,1.255857229232788086e+00,5.653414726257324219e-01,1.337634682655334473e+00,6.173887848854064941e-01,1.870615243911743164e+00,1.128310441970825195e+00,1.186990857124328613e+00,2.513008713722229004e-01,1.726291060447692871e+00,-8.719439804553985596e-02,2.208346277475357056e-01,2.892419397830963135e-01,8.602759838104248047e-01,2.330707907676696777e-01,5.385482311248779297e-01,1.661635488271713257e-01,1.118337869644165039e+00,4.260306656360626221e-01,7.809615731239318848e-01,9.803776741027832031e-01,2.366827614605426788e-02,-1.974178403615951538e-01,5.829834192991256714e-02,6.510757803916931152e-01,7.247206568717956543e-01,1.870778650045394897e-01,4.245284944772720337e-02,-2.765548042953014374e-02,-5.545599386096000671e-02,9.202990531921386719e-01,-6.078187227249145508e-01,-1.483028173446655273e+00,7.963275909423828125e-01,-6.362906694412231445e-01,2.708272635936737061e-01,3.950825333595275879e-01,-4.537279531359672546e-02,-1.354082673788070679e-01,-4.335697293281555176e-01,-2.536781728267669678e-01,1.813005656003952026e-01,3.442415297031402588e-01,4.426939189434051514e-01,7.167092561721801758e-01,6.234686374664306641e-01,7.617083787918090820e-01,2.312044858932495117e+00,6.331210136413574219e-01,1.199869871139526367e+00,-3.005877137184143066e-01,1.378016769886016846e-01,1.265233397483825684e+00,5.985450744628906250e-01,1.880615115165710449e+00,1.019525527954101562e+00,1.359392285346984863e+00,3.175869882106781006e-01,2.243218123912811279e-01,1.239583969116210938e+00
-5.008807182312011719e-01,-4.851732552051544189e-01,-5.905592441558837891e-01,6.183291971683502197e-02,-3.501400649547576904e-01,-5.415012240409851074e-01,-1.643915027379989624e-01,-1.160580754280090332e+00,-2.424629330635070801e-01,6.152923703193664551e-01,9.810867905616760254e-01,-1.594090759754180908e-01,7.115458250045776367e-01,3.755764663219451904e-01,3.630400002002716064e-01,-2.038943767547607422e-01,-4.936340749263763428e-01,-6.809539198875427246e-01,-6.608666777610778809e-01,1.695276051759719849e-01,-9.056578278541564941e-01,-4.333607852458953857e-01,3.234970569610595703e-01,2.898246645927429199e-01,-6.288268566131591797e-01,-4.135414212942123413e-02,5.725187659263610840e-01,1.046915411949157715e+00,3.895322680473327637e-01,9.045653045177459717e-02,5.663166195154190063e-02,-1.646808624267578125e+00,-6.277554631233215332e-01,-4.096282422542572021e-01,5.421596169471740723e-01,1.236013770103454590e+00,7.827288508415222168e-01,-4.203568771481513977e-02,1.650348067283630371e+00,2.766685187816619873e-01,1.796450734138488770e+00,4.983846247196197510e-01,4.972665309906005859e-01,1.964994430541992188e+00,-8.728328347206115723e-02,2.167969465255737305e+00,2.291301488876342773e+00,1.973341703414916992e+00,3.480436503887176514e-01,2.228332996368408203e+00,-1.101045489311218262e+00,-8.077476024627685547e-01,-6.882227659225463867e-01,-1.697048991918563843e-01,-1.082103848457336426e+00,-4.320425391197204590e-01,-1.416323542594909668e+00,-4.124876856803894043e-01,-4.382782578468322754e-01,6.802279502153396606e-02,-2.824290096759796143e-01,-1.226909756660461426e+00,-3.624422252178192139e-01,-1.761868745088577271e-01,-9.689254686236381531e-03,5.617592930793762207e-01,-1.038908720016479492e+00,-9.482797980308532715e-01,-1.689870119094848633e+00,-1.616598725318908691e+00,-4.199267327785491943e-01,-2.184529542922973633e+00,-5.719687938690185547e-01,5.537849664688110352e-02,-1.153922915458679199e+00,-4.175984263420104980e-01,-5.345510840415954590e-01,-1.018054187297821045e-01,-7.629215121269226074e-01,-1.335530996322631836e+00,-1.187533497810363770e+00,-8.886293172836303711e-01,-4.335461929440498352e-02,-8.109926581382751465e-01,-3.283705115318298340e-01,1.375958230346441269e-02,4.343607723712921143e-01,1.004220962524414062e+00,4.474900662899017334e-01,5.582398772239685059e-01,-1.036218404769897461e+00,8.155466914176940918e-01,7.115847468376159668e-01,-6.050636768341064453e-01,5.247327089309692383e-01,1.124613881111145020e+00,2.057301044464111328e+00,1.296327829360961914e+00,-5.626155138015747070e-01,1.632290124893188477e+00
1.068175882101058960e-01,5.470059514045715332e-01,5.912808179855346680e-01,8.475874066352844238e-01,3.686882257461547852e-01,2.778090536594390869e-01,9.947467446327209473e-01,5.942124128341674805e-01,4.996501207351684570e-01,5.998196601867675781e-01,8.487716913223266602e-01,4.908562898635864258e-01,7.896114587783813477e-01,1.292614459991455078e+00,1.417539358139038086e+00,4.459993839263916016e-01,4.573850929737091064e-01,1.025856852531433105e+00,7.413727641105651855e-01,1.228342413902282715e+00,3.842850625514984131e-01,8.305685520172119141e-01,9.921780824661254883e-01,4.492252767086029053e-01,3.635660409927368164e-01,8.691964149475097656e-01,1.422044038772583008e+00,1.413654565811157227e+00,1.954405069351196289e+00,1.449566602706909180e+00,1.367649137973785400e-01,6.339899301528930664e-01,3.273479640483856201e-02,8.046579360961914062e-01,7.897545695304870605e-01,1.567639231681823730e+00,1.461412429809570312e+00,8.324335217475891113e-01,5.538501739501953125e-01,1.102008938789367676e+00,1.309503436088562012e+00,8.084574937820434570e-01,2.870366871356964111e-01,2.575134754180908203e+00,1.295095205307006836e+00,1.456681251525878906e+00,1.182727456092834473e+00,1.570701956748962402e+00,6.711042523384094238e-01,1.979354023933410645e+00,-1.701282709836959839e-02,3.620660603046417236e-01,-2.994734048843383789e-01,2.681155204772949219e-01,5.798504352569580078e-01,4.261871874332427979e-01,5.360114574432373047e-02,3.482980430126190186e-01,7.581999301910400391e-01,8.412699103355407715e-01,8.639587163925170898e-01,1.237182617187500000e+00,1.058453559875488281e+00,1.456936240196228027e+00,1.380034208297729492e+00,1.989276051521301270e+00,1.354568243026733398e+00,4.610687792301177979e-01,4.774263501167297363e-01,5.603176951408386230e-01,9.076926708221435547e-01,7.997198104858398438e-01,9.511091709136962891e-01,8.119800686836242676e-01,8.482044935226440430e-02,7.207739353179931641e-01,1.702677011489868164e+00,1.637267470359802246e+00,3.537082672119140625e-02,3.392069041728973389e-01,1.104096293449401855e+00,6.982107162475585938e-01,-3.432508111000061035e-01,1.127855896949768066e+00,1.801956892013549805e+00,1.402580022811889648e+00,1.593350291252136230e+00,2.050770282745361328e+00,1.596093535423278809e+00,1.178545832633972168e+00,-8.632386922836303711e-01,8.965241909027099609e-02,9.177373647689819336e-01,2.144354134798049927e-01,1.974668264389038086e+00,1.296677827835083008e+00,1.078070282936096191e+00,2.150631666183471680e+00,7.871081829071044922e-01,1.976965188980102539e+00
-1.290805935859680176e+00,2.929266393184661865e-01,7.755590975284576416e-02,1.204096674919128418e+00,3.954605460166931152e-01,8.452404290437698364e-02,-4.467144608497619629e-01,-9.060656428337097168e-01,-1.017336770892143250e-01,2.281865924596786499e-01,-4.384901374578475952e-02,-9.462790936231613159e-02,9.352040886878967285e-01,-6.078573316335678101e-02,1.230646252632141113e+00,-3.411622047424316406e-01,3.644187748432159424e-02,-7.106046676635742188e-01,-3.294375240802764893e-01,9.089355468750000000e-01,9.670032858848571777e-01,-1.184600114822387695e+00,-3.820296823978424072e-01,3.554682731628417969e-01,7.646492868661880493e-02,-8.318235278129577637e-01,8.358138799667358398e-02,-2.310394197702407837e-01,3.165318369865417480e-01,-6.703993678092956543e-02,-8.274957537651062012e-02,-8.877038955688476562e-02,1.594914555549621582e+00,-1.430105566978454590e+00,-3.405449092388153076e-01,-5.112483352422714233e-02,4.621853828430175781e-01,7.624011635780334473e-01,1.249130591750144958e-01,-1.370129287242889404e-01,1.205439805984497070e+00,1.642019003629684448e-01,2.461606413125991821e-01,8.637793660163879395e-01,4.255036115646362305e-01,1.555312752723693848e+00,5.063304901123046875e-01,7.949704527854919434e-01,-1.085503578186035156e+00,6.460482627153396606e-02,-5.941687822341918945e-01,-2.316604256629943848e-01,3.491227030754089355e-01,8.720902353525161743e-02,-2.179518043994903564e-01,-1.516432464122772217e-01,-1.101570248603820801e+00,3.801865503191947937e-03,6.706727147102355957e-01,1.396444886922836304e-01,6.878770589828491211e-01,5.618561506271362305e-01,5.139101743698120117e-01,8.487755060195922852e-02,7.119232416152954102e-01,1.706210136413574219e+00,-1.964435279369354248e-01,-2.491896227002143860e-02,-7.812930941581726074e-01,-1.471360802650451660e+00,1.356713771820068359e+00,-7.706253528594970703e-01,-8.763846158981323242e-01,7.660930156707763672e-01,5.536868572235107422e-01,-4.645890891551971436e-01,5.337110161781311035e-01,-1.899406164884567261e-01,4.108011350035667419e-02,3.418222963809967041e-01,1.068764477968215942e-01,2.551090419292449951e-01,8.318030834197998047e-01,7.730878591537475586e-01,-4.814085736870765686e-02,6.584658026695251465e-01,3.411159515380859375e-01,4.715615510940551758e-01,-1.347841322422027588e-01,1.521420240402221680e+00,4.652954041957855225e-01,8.063995242118835449e-01,9.649130702018737793e-01,-4.692726731300354004e-01,3.935906589031219482e-01,4.387763440608978271e-01,1.096362233161926270e+00,3.562353849411010742e-01,-9.782857298851013184e-01,-3.619128763675689697e-01
-7.071294784545898438e-01,-1.145202755928039551e+00,-1.273871064186096191e+00,4.424811005592346191e-01,-5.463493466377258301e-01,-1.872641682624816895e+00,-2.620012462139129639e-01,-1.439109563827514648e+00,-2.169835805892944336e+00,3.363696634769439697e-01,-3.802342712879180908e-01,6.845482438802719116e-02,6.408815979957580566e-01,2.658816277980804443e-01,2.511847317218780518e-01,-1.078097581863403320e+00,-5.866968631744384766e-01,-1.503768444061279297e+00,-4.649346768856048584e-01,-1.844943165779113770e+00,-3.648239672183990479e-01,-9.583466649055480957e-01,-7.883281111717224121e-01,-7.105834037065505981e-02,-2.199482768774032593e-01,-8.716588020324707031e-01,-4.968466460704803467e-01,-5.411691069602966309e-01,1.547957360744476318e-01,-5.577490329742431641e-01,-6.007473170757293701e-02,-1.767742156982421875e+00,-5.209666863083839417e-02,-1.110291957855224609e+00,-4.778163433074951172e-01,-1.569559812545776367e+00,-4.840374588966369629e-01,-7.066843509674072266e-01,-2.883343398571014404e-01,-2.552846670150756836e-01,2.905657291412353516e-01,-5.332289934158325195e-01,-2.818653881549835205e-01,-1.108487844467163086e+00,-9.094262719154357910e-01,-5.077218413352966309e-01,-5.668885111808776855e-01,-2.299714982509613037e-01,-1.752621173858642578e+00,-1.049048662185668945e+00,-5.764231085777282715e-01,-9.458859562873840332e-01,-6.145144104957580566e-01,-1.039909958839416504e+00,-1.587772727012634277e+00,-7.828497886657714844e-01,-1.508272171020507812e+00,-1.752748370170593262e+00,-4.100622534751892090e-01,-1.963360905647277832e-01,-2.489848136901855469e-01,-1.762630939483642578e-01,-1.176539901643991470e-02,-5.353772044181823730e-01,4.139523208141326904e-01,1.085995659232139587e-01,-1.762968778610229492e+00,-6.920902132987976074e-01,-1.480856537818908691e+00,-1.380256533622741699e+00,-1.099814891815185547e+00,-2.002877950668334961e+00,-8.856121897697448730e-01,-6.357346773147583008e-01,7.150104641914367676e-02,-9.160963296890258789e-01,-3.547861427068710327e-02,-4.834727048873901367e-01,-5.358390212059020996e-01,-1.798602223396301270e+00,-6.627157926559448242e-01,-9.743441939353942871e-01,-8.146538138389587402e-01,-1.438873171806335449e+00,-1.195094823837280273e+00,-1.392609357833862305e+00,-4.194197654724121094e-01,-1.628358006477355957e+00,-1.479887247085571289e+00,-8.857544660568237305e-01,-4.550729095935821533e-01,-7.123922109603881836e-01,-5.525771975517272949e-01,-1.368353247642517090e+00,-1.634078741073608398e+00,-1.398234963417053223e+00,-1.095806717872619629e+00,-1.035611748695373535e+00,-1.884798645973205566e+00,-1.100285530090332031e+00
-5.045633912086486816e-01,-6.472389698028564453e-01,-5.613495111465454102e-01,-5.193670466542243958e-02,-7.850658893585205078e-01,-9.764466285705566406e-01,-3.955647945404052734e-01,-3.295025229454040527e-01,-1.544319987297058105e+00,-2.458722591400146484e-01,-8.313158750534057617e-01,-5.320567265152931213e-02,-2.573760747909545898e-01,2.705964744091033936e-01,-7.325382828712463379e-01,-9.488306641578674316e-01,-2.242072522640228271e-01,-6.795654296875000000e-01,-1.457872241735458374e-01,-2.065240383148193359e+00,-1.397918581962585449e+00,-3.556955456733703613e-01,-6.959741711616516113e-01,-5.767850205302238464e-03,-2.268411666154861450e-01,-1.115273118019104004e+00,-1.330186963081359863e+00,-7.130825519561767578e-01,-5.451147556304931641e-01,-7.155511975288391113e-01,4.082077145576477051e-01,2.732798457145690918e-01,-6.817402839660644531e-01,-6.622822284698486328e-01,-6.911298036575317383e-01,-8.125281333923339844e-01,-4.885387718677520752e-01,-7.843137383460998535e-01,-1.229717373847961426e+00,2.994815409183502197e-01,-1.152493238449096680e+00,-7.433825731277465820e-01,-6.855818033218383789e-01,-6.873068809509277344e-01,-8.471522927284240723e-01,-1.851340055465698242e+00,-1.603438973426818848e+00,-1.722855448722839355e+00,-6.596227288246154785e-01,-1.170233964920043945e+00,-5.740680694580078125e-01,-2.931136190891265869e-01,-1.711763858795166016e+00,-1.267193794250488281e+00,-9.883720874786376953e-01,-5.718312859535217285e-01,-3.611543774604797363e-01,-4.113972187042236328e-01,-5.150195956230163574e-01,-6.789807975292205811e-02,-2.252287119626998901e-01,-2.594767510890960693e-01,-6.999640464782714844e-01,-5.911468267440795898e-01,-6.415971517562866211e-01,-6.212378740310668945e-01,-7.102732062339782715e-01,-7.902029752731323242e-01,-5.611142516136169434e-01,-7.180628776550292969e-01,-1.447308540344238281e+00,-4.490039944648742676e-01,-1.283921241760253906e+00,-7.595275044441223145e-01,-9.289447665214538574e-01,-7.830042839050292969e-01,-5.213083624839782715e-01,-5.797825455665588379e-01,4.481969773769378662e-01,-8.696352243423461914e-01,-1.244731426239013672e+00,-8.154064416885375977e-01,-1.117382645606994629e+00,-1.182025790214538574e+00,-8.658174872398376465e-01,-1.269321441650390625e+00,-3.068264424800872803e-01,-1.943715959787368774e-01,-2.948653101921081543e-01,-1.395654201507568359e+00,-1.931466221809387207e+00,-1.392026066780090332e+00,-1.124318599700927734e+00,-9.794904589653015137e-01,-1.162825822830200195e+00,-8.158738017082214355e-01,-1.807523608207702637e+00,-4.676364064216613770e-01,-4.111427664756774902e-01,-4.515413343906402588e-01
9.735702723264694214e-02,-1.892040222883224487e-01,-2.312101274728775024e-01,-9.508469104766845703e-01,-8.502132892608642578e-01,-7.825512886047363281e-01,-1.183058977127075195e+00,-2.432007342576980591e-01,-8.391427397727966309e-01,-4.131215214729309082e-01,1.373191014863550663e-03,-3.077278733253479004e-01,-4.332751035690307617e-01,-4.619059264659881592e-01,-5.799481868743896484e-01,-6.938558816909790039e-01,-2.953740358352661133e-01,-5.464409589767456055e-01,-1.145916819572448730e+00,-1.093715310096740723e+00,-9.881843924522399902e-01,-1.646874696016311646e-01,2.529775798320770264e-01,2.000698447227478027e-01,-4.443414211273193359e-01,-1.726195961236953735e-01,-4.040123522281646729e-01,-3.463194668292999268e-01,-1.303667306900024414e+00,7.056159377098083496e-01,7.637259084731340408e-03,-1.546816825866699219e+00,-1.040265798568725586e+00,-8.229624629020690918e-01,-3.094936907291412354e-01,-6.541966795921325684e-01,-2.461234331130981445e-01,-1.705015659332275391e+00,-4.734920859336853027e-01,-2.340356707572937012e-01,-1.155420541763305664e+00,-8.834590911865234375e-01,-4.242745637893676758e-01,-1.036241054534912109e+00,-1.037330508232116699e+00,-1.626607418060302734e+00,-6.861942410469055176e-01,-1.261740207672119141e+00,-4.571893513202667236e-01,-1.547827482223510742e+00,-2.237953692674636841e-01,1.648672856390476227e-02,-1.441569566726684570e+00,-1.159639716148376465e+00,-4.481077492237091064e-01,-8.885337114334106445e-01,-3.355804979801177979e-01,-1.368376910686492920e-01,-5.432134270668029785e-01,1.668322384357452393e-01,-1.626595854759216309e-01,-8.115283846855163574e-01,-9.203568100929260254e-01,-2.742578387260437012e-01,-3.214041590690612793e-01,-2.644594907760620117e-01,-9.742385149002075195e-01,-1.327614307403564453e+00,-8.318631052970886230e-01,-5.873707532882690430e-01,-5.481624603271484375e-01,-8.547079563140869141e-01,-7.619908452033996582e-02,-9.965512752532958984e-01,-8.398087620735168457e-01,-1.478693485260009766e-01,-9.229381084442138672e-01,-4.746798053383827209e-02,2.520115673542022705e-02,-1.151214241981506348e+00,-6.769680380821228027e-01,-7.443305850028991699e-01,-1.104405522346496582e+00,-9.809513092041015625e-01,-1.950573772192001343e-01,-7.858416438102722168e-01,-2.093762904405593872e-01,-6.695129275321960449e-01,-5.032025277614593506e-02,-1.133419275283813477e+00,-2.392860889434814453e+00,-4.179174005985260010e-01,-1.358880758285522461e+00,-1.087455034255981445e+00,-7.105210423469543457e-01,-5.458605289459228516e-01,-1.291263937950134277e+00,-1.293206572532653809e+00,-6.689505577087402344e-01,-1.045598030090332031e+00
-4.006453230977058411e-02,-3.031071089208126068e-02,4.407438635826110840e-02,-3.770383894443511963e-01,-5.745484232902526855e-01,-5.829265117645263672e-01,-6.509496569633483887e-01,1.296442002058029175e-03,-1.217881560325622559e+00,-6.259073615074157715e-01,-1.466893911361694336e+00,-5.864407420158386230e-01,-5.636687874794006348e-01,-7.840673327445983887e-01,-8.691149950027465820e-01,-2.819385826587677002e-01,-5.742730498313903809e-01,-6.343806385993957520e-01,-1.155255317687988281e+00,-1.202986478805541992e+00,-1.310996532440185547e+00,-5.849527716636657715e-01,-2.689477205276489258e-01,-2.334998399019241333e-01,-1.373104751110076904e-01,-1.034451842308044434e+00,-8.755432963371276855e-01,-1.138660073280334473e+00,-9.068012237548828125e-01,-4.624624550342559814e-01,9.829127043485641479e-02,-9.149711132049560547e-01,-9.605797529220581055e-01,-4.339912831783294678e-01,-8.367824554443359375e-01,-9.292647242546081543e-01,-4.983741641044616699e-01,-1.030476331710815430e+00,-1.158238410949707031e+00,-2.136495709419250488e-01,-1.243164777755737305e+00,-5.032935738563537598e-01,-4.185098111629486084e-01,-2.073177337646484375e+00,-7.472109198570251465e-01,-2.084930658340454102e+00,-8.479899764060974121e-01,-1.148099064826965332e+00,-9.348434805870056152e-01,-1.305559277534484863e+00,-3.690933287143707275e-01,9.092503786087036133e-02,-1.109522581100463867e+00,-8.362860083580017090e-01,-1.888915747404098511e-01,-4.541285037994384766e-01,5.333447479642927647e-04,-5.823338031768798828e-01,-8.915947079658508301e-01,-1.021197080612182617e+00,-8.505366444587707520e-01,-9.286207556724548340e-01,-4.608577787876129150e-01,-5.971388220787048340e-01,-9.630013108253479004e-01,-8.490116596221923828e-01,-8.143420219421386719e-01,-1.125997304916381836e+00,-3.687970042228698730e-01,-5.418874621391296387e-01,-9.992489814758300781e-01,-6.852121353149414062e-01,-2.974237501621246338e-01,-7.768927812576293945e-01,-8.919093608856201172e-01,-8.127130270004272461e-01,-7.718822360038757324e-01,-6.444585323333740234e-01,1.654623150825500488e-01,-1.366676449775695801e+00,-3.599883019924163818e-01,-8.524640202522277832e-01,-9.094004631042480469e-01,-1.514918446540832520e+00,-1.434854507446289062e+00,-8.402318954467773438e-01,-2.697266340255737305e-01,-2.279101371765136719e+00,-1.431884020566940308e-01,-1.608160138130187988e+00,-1.164642572402954102e+00,-1.301376700401306152e+00,-1.336073517799377441e+00,-8.333919048309326172e-01,-7.455610632896423340e-01,-2.277092695236206055e+00,-1.803595423698425293e+00,-1.063381671905517578e+00,-3.583340346813201904e-01,-9.159098267555236816e-01
-3.533001840114593506e-01,-2.101850211620330811e-01,-5.014002919197082520e-01,-7.456784844398498535e-01,-7.120712995529174805e-01,-1.250396728515625000e+00,-3.656456768512725830e-01,1.016822978854179382e-01,-1.374837994575500488e+00,-9.511762857437133789e-01,-1.410686135292053223e+00,-6.480473279953002930e-01,-6.384144723415374756e-02,-6.701052784919738770e-01,-1.016252636909484863e+00,-2.064284682273864746e-01,-2.290108650922775269e-01,-5.447631478309631348e-01,-3.354787826538085938e-02,-1.702063322067260742e+00,-3.896042406558990479e-01,-5.306908488273620605e-01,-1.264002680778503418e+00,-2.284382432699203491e-01,-4.697721302509307861e-01,-7.004659771919250488e-01,-1.412760615348815918e+00,-1.155820250511169434e+00,-7.036757469177246094e-01,-1.702105164527893066e+00,3.040334880352020264e-01,-5.612297058105468750e-01,5.949557423591613770e-01,-3.379247486591339111e-01,-9.117477536201477051e-01,-1.538866639137268066e+00,-5.269286036491394043e-01,-6.459408402442932129e-01,-1.388492107391357422e+00,-6.549708843231201172e-01,-1.169837236404418945e+00,-6.429506540298461914e-01,-8.212230801582336426e-01,-2.101225852966308594e+00,-1.784387946128845215e+00,-2.459319114685058594e+00,-2.242564201354980469e+00,-2.251858949661254883e+00,-1.470419287681579590e+00,-1.613006949424743652e+00,-3.616178333759307861e-01,-2.503648400306701660e-02,-9.243817329406738281e-01,-1.049273371696472168e+00,-7.056456804275512695e-01,-1.100394606590270996e+00,1.168558299541473389e-01,-3.054459989070892334e-01,-1.033937215805053711e+00,-8.105723261833190918e-01,-8.382852077484130859e-01,-9.573474526405334473e-02,-1.015437364578247070e+00,-1.068170785903930664e+00,-5.533143281936645508e-01,-6.919113397598266602e-01,-6.933208703994750977e-01,-6.834818124771118164e-01,1.351854801177978516e-01,-7.560252547264099121e-01,-4.767265021800994873e-01,-3.715386688709259033e-01,-1.574162721633911133e+00,-9.003287553787231445e-01,-6.836245656013488770e-01,-7.893429398536682129e-01,-4.860026836395263672e-01,-1.106189370155334473e+00,5.242509841918945312e-01,-1.505754709243774414e+00,-1.100855708122253418e+00,-7.306396365165710449e-01,-1.421492934226989746e+00,-8.385726213455200195e-01,-1.873979210853576660e+00,-2.243185758590698242e+00,-2.234479337930679321e-01,-1.221861124038696289e+00,-8.412476181983947754e-01,-1.572211384773254395e+00,-1.137184262275695801e+00,-1.520068526268005371e+00,-1.442945957183837891e+00,-5.437886714935302734e-01,-1.437762022018432617e+00,-2.255752563476562500e+00,-2.063729047775268555e+00,-2.836250543594360352e+00,-1.133824586868286133e+00,-1.216478824615478516e+00
3.312255442142486572e-02,-3.557687401771545410e-01,2.151043713092803955e-01,-1.502333641052246094e+00,-6.296814084053039551e-01,6.450052559375762939e-02,-3.439425230026245117e-01,6.915339082479476929e-02,-9.060002863407135010e-02,-1.267863214015960693e-01,2.222707569599151611e-01,-2.096342295408248901e-01,1.289621591567993164e-01,-1.781496554613113403e-01,-7.848132848739624023e-01,-8.410607576370239258e-01,4.070725440979003906e-01,-4.853749275207519531e-01,-2.211814373731613159e-01,-1.185748338699340820e+00,-6.800555586814880371e-01,-4.960072636604309082e-01,-6.515675187110900879e-01,3.732819259166717529e-01,-1.453361660242080688e-01,-9.830871820449829102e-01,-3.667564988136291504e-01,-2.906926572322845459e-01,-1.696599423885345459e-01,-7.230408191680908203e-01,1.815449595451354980e-01,-6.591844558715820312e-01,1.459108948707580566e+00,-5.365353226661682129e-01,-7.941780090332031250e-01,-6.041876077651977539e-01,-7.490187287330627441e-01,-4.365757703781127930e-01,-4.650903046131134033e-01,9.287001192569732666e-02,-2.714654505252838135e-01,-5.790874361991882324e-01,-5.337766408920288086e-01,-9.960267543792724609e-01,-1.005915403366088867e+00,-1.444339871406555176e+00,-1.309310078620910645e+00,-1.276014328002929688e+00,-8.378881216049194336e-01,-1.230508565902709961e+00,-5.633971691131591797e-01,-3.908667713403701782e-02,-1.102307200431823730e+00,-1.302888035774230957e+00,-3.764287531375885010e-01,-2.515128850936889648e-01,-3.953151106834411621e-01,5.501800179481506348e-01,-6.006864309310913086e-01,-3.323995172977447510e-01,-2.299113124608993530e-01,1.338912546634674072e-01,-5.575440526008605957e-01,-9.340378046035766602e-01,-6.424397230148315430e-02,-6.756617426872253418e-01,-1.073676705360412598e+00,-7.763162851333618164e-01,-4.981422051787376404e-02,-7.903236746788024902e-01,-3.331423401832580566e-01,-3.693448901176452637e-01,-6.969695091247558594e-01,-5.503594875335693359e-01,-2.270182818174362183e-01,-5.468757152557373047e-01,-2.959351241588592529e-01,5.474960803985595703e-02,4.668235406279563904e-02,-7.625991106033325195e-01,4.455020651221275330e-02,-7.250907421112060547e-01,-3.811494708061218262e-01,-1.448773592710494995e-01,-7.746370434761047363e-01,-1.077684402465820312e+00,-7.294608354568481445e-01,-1.825680434703826904e-01,-4.067114889621734619e-01,-9.044641256332397461e-01,-8.110058307647705078e-01,7.181813120841979980e-01,-8.805723190307617188e-01,-6.709831953048706055e-01,-2.864516973495483398e-01,-5.731112957000732422e-01,-1.307452917098999023e+00,-1.624655604362487793e+00,-1.006048321723937988e+00,-1.708423733711242676e+00
-7.592577934265136719e-01,-8.139911293983459473e-01,-2.192606925964355469e-01,-1.505010366439819336e+00,-1.298599243164062500e+00,-4.176980257034301758e-01,-4.294100999832153320e-01,-7.426255345344543457e-01,-1.014553308486938477e+00,-3.010343015193939209e-01,-3.261677920818328857e-01,-5.329300761222839355e-01,1.098645478487014771e-01,-1.234216019511222839e-01,-5.093835592269897461e-01,-1.125903606414794922e+00,-3.114246726036071777e-01,-1.216952085494995117e+00,-6.536968350410461426e-01,-1.446460723876953125e+00,-1.189675211906433105e+00,-1.157091021537780762e+00,-3.289187848567962646e-01,-1.764687448740005493e-01,-1.487730145454406738e-01,-9.279482960700988770e-01,-7.857627868652343750e-01,-3.582309484481811523e-01,-5.137284994125366211e-01,-1.123109936714172363e+00,-2.225794792175292969e-01,-1.402421951293945312e+00,-9.693263471126556396e-02,-4.723728001117706299e-01,-7.423192262649536133e-01,-8.557327389717102051e-01,-1.406901180744171143e-01,-7.793520689010620117e-01,-6.501525640487670898e-01,-8.165226876735687256e-02,-5.498099327087402344e-01,-4.234296381473541260e-01,-6.576764583587646484e-01,-9.046086668968200684e-01,-1.698408842086791992e+00,-1.019325256347656250e+00,-7.159762978553771973e-01,-9.595362544059753418e-01,-9.601631760597229004e-01,-9.959158897399902344e-01,-7.603003978729248047e-01,-5.317918658256530762e-01,-1.592628717422485352e+00,-1.542850375175476074e+00,-4.079180657863616943e-01,-1.674424111843109131e-01,-1.133970856666564941e+00,-5.558386445045471191e-01,-6.975820064544677734e-01,-5.589699149131774902e-01,-9.595078229904174805e-01,-5.656655430793762207e-01,-3.952988684177398682e-01,-8.249723911285400391e-01,-1.270924806594848633e-01,-8.815109133720397949e-01,-1.529455065727233887e+00,-1.025075554847717285e+00,-7.948631644248962402e-01,-1.663046240806579590e+00,-1.269573211669921875e+00,-1.731965065002441406e+00,-1.038200616836547852e+00,-7.491559386253356934e-01,-3.809073567390441895e-01,-7.318521142005920410e-01,-2.898079156875610352e-01,-9.062536954879760742e-01,-5.304419398307800293e-01,-9.730846285820007324e-01,-4.079993367195129395e-01,-9.643059968948364258e-01,-5.982853770256042480e-01,-4.596662223339080811e-01,-1.377871394157409668e+00,-6.304481029510498047e-01,-2.027852647006511688e-02,-3.154063820838928223e-01,-5.780615210533142090e-01,-1.008851528167724609e+00,-6.196422576904296875e-01,-3.082392215728759766e-01,-7.507702708244323730e-01,-6.609472632408142090e-01,-9.773665070533752441e-01,-1.072223305702209473e+00,-5.960137844085693359e-01,-7.575911879539489746e-01,-9.757742881774902344e-01,-8.225182294845581055e-01
3.149076402187347412e-01,-4.265561997890472412e-01,-7.526127249002456665e-02,-1.349298477172851562e+00,-1.100061416625976562e+00,-1.091192960739135742e+00,-1.496682465076446533e-01,1.249298639595508575e-02,-8.835381865501403809e-01,-1.055383235216140747e-01,4.640920087695121765e-02,-2.456776797771453857e-01,2.548784613609313965e-01,2.575262077152729034e-02,-2.843760251998901367e-01,-6.629627943038940430e-01,-1.385331451892852783e-01,-6.240534782409667969e-01,-3.308537900447845459e-01,-1.610222935676574707e+00,-4.962739944458007812e-01,-8.640635609626770020e-01,-3.717763423919677734e-01,5.944416858255863190e-03,1.561938971281051636e-01,-9.532394409179687500e-01,-4.734243154525756836e-01,-4.078660607337951660e-01,-6.264324188232421875e-01,-7.377755641937255859e-01,8.248139023780822754e-01,1.893875449895858765e-01,1.616560369729995728e-01,-9.759406447410583496e-01,-7.978156805038452148e-01,-8.459101915359497070e-01,-2.157248556613922119e-01,2.657488584518432617e-01,-9.272527098655700684e-01,2.386468090116977692e-02,-5.459313392639160156e-01,2.611384987831115723e-01,-3.141225576400756836e-01,4.903528690338134766e-01,-5.081072449684143066e-01,-4.262089729309082031e-01,-8.551958799362182617e-01,-8.297247886657714844e-01,-9.954583048820495605e-01,-5.941058397293090820e-01,-1.416628062725067139e-01,-2.275314480066299438e-01,-1.322109699249267578e+00,-1.276211619377136230e+00,-7.931649684906005859e-01,-6.053403019905090332e-01,-3.556875884532928467e-01,3.863756358623504639e-02,-1.672584563493728638e-01,1.726759970188140869e-01,-3.044694960117340088e-01,2.796478569507598877e-01,-1.045298576354980469e-01,-5.987605452537536621e-01,-4.934410750865936279e-01,-2.551252543926239014e-01,-6.382779479026794434e-01,-7.701092362403869629e-01,-1.367177009582519531e+00,-8.168257474899291992e-01,-4.996244907379150391e-01,-6.706828474998474121e-01,-7.719318866729736328e-01,-4.361532330513000488e-01,-8.278036117553710938e-02,-5.560465455055236816e-01,-1.420626938343048096e-01,-5.628836750984191895e-01,8.552469611167907715e-01,-3.432869017124176025e-01,-1.066813826560974121e+00,-9.198313355445861816e-01,-5.518748760223388672e-01,-3.389743715524673462e-02,-3.216821849346160889e-01,-2.567956745624542236e-01,-1.768659502267837524e-01,2.302660048007965088e-02,-1.119093775749206543e+00,-2.345925718545913696e-01,-4.306441247463226318e-01,-3.528730273246765137e-01,-5.247493386268615723e-01,3.773873150348663330e-01,-3.502355813980102539e-01,7.527363300323486328e-01,2.905274629592895508e-01,1.485346853733062744e-01,-1.122719526290893555e+00,-3.509470224380493164e-01
-2.647476196289062500e-01,-6.208648681640625000e-01,-3.790628314018249512e-01,-1.190615177154541016e+00,-1.131329417228698730e+00,-7.198227643966674805e-01,7.782967090606689453e-01,2.028931677341461182e-01,2.225615531206130981e-01,4.862571060657501221e-01,6.964405775070190430e-01,2.735004425048828125e-01,7.364915311336517334e-02,3.597309887409210205e-01,3.093092441558837891e-01,-6.258341670036315918e-01,-4.850878715515136719e-01,-9.058654308319091797e-01,-7.624397277832031250e-01,-1.686117053031921387e+00,-5.602631345391273499e-02,-1.253167629241943359e+00,-2.488836050033569336e-01,1.867880970239639282e-01,-3.112357854843139648e-01,-5.385013762861490250e-03,-3.621453046798706055e-01,-2.349460124969482422e-01,-6.132259964942932129e-01,2.316592037677764893e-01,9.106738120317459106e-02,-7.083047628402709961e-01,-1.124896049499511719e+00,-2.075791358947753906e+00,-1.068575382232666016e+00,-3.006579279899597168e-01,-2.701171040534973145e-01,-4.926016628742218018e-01,-3.225461840629577637e-01,3.917582929134368896e-01,2.412050664424896240e-01,-3.690581619739532471e-01,-3.579092621803283691e-01,1.469320654869079590e+00,-4.851309061050415039e-01,1.029477000236511230e+00,-6.168329119682312012e-01,-3.457847237586975098e-01,-5.730148777365684509e-02,2.148295193910598755e-01,-8.314493894577026367e-01,-4.226876199245452881e-01,-1.339672565460205078e+00,-9.283338785171508789e-01,-8.226374387741088867e-01,-4.465678930282592773e-01,-7.711631059646606445e-01,4.594952464103698730e-01,2.711969912052154541e-01,3.324529528617858887e-01,6.702365875244140625e-01,7.565730065107345581e-02,2.746495008468627930e-01,-7.584556341171264648e-01,-5.421243235468864441e-02,1.821880191564559937e-01,-3.691327869892120361e-01,-1.325756788253784180e+00,-2.269535779953002930e+00,-1.644560933113098145e+00,-8.394973278045654297e-01,-1.176077604293823242e+00,-7.655581831932067871e-01,-5.721969008445739746e-01,-2.887112200260162354e-01,-4.479815065860748291e-01,-7.215796709060668945e-01,-2.817509770393371582e-01,4.778674542903900146e-01,-5.143774151802062988e-01,-1.444515228271484375e+00,-1.185787081718444824e+00,-1.206352353096008301e+00,-2.246848583221435547e+00,-9.111620783805847168e-01,-1.703396439552307129e+00,-3.011856377124786377e-01,-3.212597668170928955e-01,-9.071336388587951660e-01,-6.236556544899940491e-02,-1.529926419258117676e+00,5.818837136030197144e-02,-7.053701281547546387e-01,-4.637182652950286865e-01,-9.933236837387084961e-01,1.661301255226135254e+00,6.530320644378662109e-01,6.015287637710571289e-01,-6.664903759956359863e-01,4.076780080795288086e-01
3.902746737003326416e-02,6.904266774654388428e-02,1.390349119901657104e-01,-4.317254126071929932e-01,-3.915840089321136475e-01,4.417577385902404785e-01,7.536852359771728516e-01,3.171568512916564941e-01,4.014235436916351318e-01,3.546130657196044922e-01,6.571766138076782227e-01,3.504809439182281494e-01,2.207037806510925293e-01,2.562132179737091064e-01,1.159578785300254822e-01,-2.717737555503845215e-01,-2.435760349035263062e-01,-2.800184488296508789e-01,5.299502611160278320e-01,-1.694562554359436035e+00,3.551411926746368408e-01,-3.623945415019989014e-01,-6.085624694824218750e-01,2.319107353687286377e-01,2.045688927173614502e-01,-1.175267696380615234e-01,-4.376037120819091797e-01,4.067875742912292480e-01,5.833851695060729980e-01,-4.149872958660125732e-01,6.197119355201721191e-01,2.460304796695709229e-01,5.992187261581420898e-01,-3.159464299678802490e-01,-4.333784878253936768e-01,3.799882829189300537e-01,1.008289098739624023e+00,3.796714246273040771e-01,1.007101535797119141e+00,4.925292730331420898e-01,1.231016635894775391e+00,1.051731109619140625e+00,4.128157198429107666e-01,1.839832663536071777e+00,3.235484659671783447e-01,1.742125511169433594e+00,-1.857917606830596924e-01,3.085824474692344666e-02,3.440392613410949707e-01,1.186836719512939453e+00,-3.016869425773620605e-01,5.142983794212341309e-02,-7.004030942916870117e-01,-6.361341476440429688e-01,4.825707897543907166e-02,7.293093204498291016e-01,2.061910629272460938e-01,1.947792917490005493e-01,3.179283738136291504e-01,4.678749740123748779e-01,6.067793965339660645e-01,3.849998116493225098e-02,2.909542918205261230e-01,-3.186206221580505371e-01,5.208764076232910156e-01,-6.133921816945075989e-02,-1.119432449340820312e-01,1.014201790094375610e-01,2.568352520465850830e-01,-3.726819157600402832e-01,-8.369689583778381348e-01,-5.991514921188354492e-01,-9.590525031089782715e-01,-2.312194928526878357e-02,-2.661525905132293701e-01,-1.934343017637729645e-02,3.633346259593963623e-01,-5.296354889869689941e-01,6.684104800224304199e-01,-4.480066001415252686e-01,-1.088270902633666992e+00,-6.686539202928543091e-02,3.193897306919097900e-01,-3.692416250705718994e-01,-5.468181371688842773e-01,-1.519187569618225098e+00,5.899373292922973633e-01,2.889451384544372559e-01,-2.634388506412506104e-01,1.866881847381591797e-01,1.148333549499511719e+00,1.114096585661172867e-02,4.248568713665008545e-01,7.009009718894958496e-01,3.597321212291717529e-01,2.204052925109863281e+00,7.499671578407287598e-01,1.086791038513183594e+00,1.744345575571060181e-01,9.313065409660339355e-01
-2.850867621600627899e-02,7.398870587348937988e-02,2.190586477518081665e-01,-3.876221776008605957e-01,-2.233584821224212646e-01,5.010604262351989746e-01,6.230300068855285645e-01,4.456519186496734619e-01,2.927313446998596191e-01,7.328850030899047852e-01,8.803085684776306152e-01,6.675108075141906738e-01,5.319613218307495117e-01,5.107851624488830566e-01,3.756389319896697998e-01,-3.425288945436477661e-02,1.048306822776794434e-01,2.989948987960815430e-01,4.917552769184112549e-01,-4.796790480613708496e-01,-5.024849772453308105e-01,3.554794564843177795e-02,5.739666223526000977e-01,2.707554399967193604e-01,2.921123504638671875e-01,4.487971663475036621e-01,3.700240254402160645e-01,4.211915731430053711e-01,4.141186177730560303e-01,5.254977345466613770e-01,9.436426311731338501e-02,1.221807837486267090e+00,1.829515099525451660e-01,2.387644946575164795e-01,-1.206254214048385620e-01,2.535206452012062073e-02,2.132660001516342163e-01,7.086039185523986816e-01,-3.758530318737030029e-02,5.309284925460815430e-01,5.395280122756958008e-01,6.255828589200973511e-02,2.289794087409973145e-01,1.165574073791503906e+00,-6.497244238853454590e-01,1.172962188720703125e+00,5.043426156044006348e-01,1.176854133605957031e+00,6.033489108085632324e-01,7.123770117759704590e-01,2.194762080907821655e-01,4.186461865901947021e-01,-4.749628007411956787e-01,-3.680029213428497314e-01,5.048738718032836914e-01,6.381508111953735352e-01,5.195577740669250488e-01,5.038797855377197266e-01,5.594476461410522461e-01,3.361409306526184082e-01,3.508917689323425293e-01,-1.937488913536071777e-01,5.224948748946189880e-02,-7.437779754400253296e-02,5.008133053779602051e-01,1.980655193328857422e-01,-6.364990025758743286e-02,3.756193816661834717e-01,5.048413276672363281e-01,4.627669155597686768e-01,-1.284992814064025879e+00,1.440337151288986206e-01,4.645670652389526367e-01,8.348165750503540039e-01,2.067351341247558594e-01,6.262146234512329102e-01,4.946252703666687012e-02,8.257092833518981934e-01,-1.323484480381011963e-01,3.253379464149475098e-01,9.444895386695861816e-02,-1.608338505029678345e-01,5.214973092079162598e-01,8.932139873504638672e-01,-3.325271187350153923e-03,4.086496233940124512e-01,6.419174373149871826e-02,8.306991457939147949e-01,-5.904046446084976196e-02,-6.391789764165878296e-02,-7.825101613998413086e-01,6.396348476409912109e-01,3.731197118759155273e-01,-1.672433167695999146e-01,7.347335219383239746e-01,7.264066934585571289e-01,8.456721901893615723e-01,8.367699384689331055e-01,7.955309152603149414e-01,1.859942376613616943e-01
1.552844524383544922e+00,1.470458865165710449e+00,8.121867775917053223e-01,8.516392111778259277e-01,6.663469672203063965e-01,8.048784136772155762e-01,1.711642026901245117e+00,1.723030328750610352e+00,8.963975310325622559e-01,5.806766748428344727e-01,2.146134674549102783e-01,8.351405262947082520e-01,1.197453498840332031e+00,6.155264377593994141e-01,8.228747844696044922e-01,1.075392603874206543e+00,9.456368088722229004e-01,1.863858222961425781e+00,-1.396574378013610840e-01,1.402459144592285156e+00,1.210474133491516113e+00,7.120393514633178711e-01,6.372570991516113281e-01,6.024460196495056152e-01,3.730125427246093750e-01,5.690394639968872070e-01,8.138879537582397461e-01,7.871158719062805176e-01,4.260886907577514648e-01,1.390719413757324219e+00,5.883008241653442383e-01,6.521800160408020020e-01,1.093270897865295410e+00,9.585062265396118164e-01,7.330940961837768555e-01,1.048708438873291016e+00,3.920683562755584717e-01,4.411795139312744141e-01,-1.519961208105087280e-01,1.244576811790466309e+00,5.113898515701293945e-01,4.250297248363494873e-01,2.286261767148971558e-01,8.227896094322204590e-01,1.049298167228698730e+00,-1.831301860511302948e-02,3.876281976699829102e-01,9.247819781303405762e-01,1.060006618499755859e+00,3.395858108997344971e-01,7.967885136604309082e-01,1.353720903396606445e+00,4.597663879394531250e-01,5.529155731201171875e-01,1.175732612609863281e+00,3.898429274559020996e-01,1.415176868438720703e+00,1.560209035873413086e+00,5.887045860290527344e-01,5.892220735549926758e-01,1.125416994094848633e+00,9.595956206321716309e-01,7.159909009933471680e-01,1.052283644676208496e+00,6.805384755134582520e-01,9.105679988861083984e-01,1.402678489685058594e+00,5.315214991569519043e-01,8.326876163482666016e-01,1.787099123001098633e+00,1.775429725646972656e+00,1.451953411102294922e+00,4.872555732727050781e-01,5.792381763458251953e-01,6.372126340866088867e-01,5.716137290000915527e-01,1.242739781737327576e-01,1.662340998649597168e+00,7.964056134223937988e-01,1.854526400566101074e-01,8.354736566543579102e-01,2.237397432327270508e-01,-4.793427288532257080e-01,6.854448318481445312e-01,9.164144992828369141e-01,3.296317458152770996e-01,3.924895524978637695e-01,6.984413266181945801e-01,1.196206569671630859e+00,-2.481550425291061401e-01,-1.136216044425964355e+00,5.457499027252197266e-01,1.657119393348693848e-01,4.025926291942596436e-01,2.903101444244384766e-01,-2.305955439805984497e-01,-2.902497053146362305e-01,6.062565445899963379e-01,1.357514262199401855e+00,3.374724090099334717e-01
1.541860103607177734e+00,1.945220947265625000e+00,1.596621394157409668e+00,1.378594160079956055e+00,1.278637886047363281e+00,1.142029523849487305e+00,1.051349520683288574e+00,1.851436972618103027e+00,1.358499407768249512e+00,8.114360570907592773e-01,1.009085893630981445e+00,7.580214142799377441e-01,3.514630198478698730e-01,7.355163097381591797e-01,7.204422354698181152e-01,1.954635620117187500e+00,-9.348721057176589966e-02,1.549271464347839355e+00,-8.041754364967346191e-02,1.383369922637939453e+00,6.325972676277160645e-01,5.548504590988159180e-01,7.242261767387390137e-01,6.799392700195312500e-01,1.558770984411239624e-01,1.001612544059753418e+00,4.188841581344604492e-01,1.760117709636688232e-01,-3.431694209575653076e-01,7.961336374282836914e-01,6.654043793678283691e-01,-1.026541590690612793e-01,-8.618952035903930664e-01,2.848803065717220306e-02,8.288378119468688965e-01,1.713258028030395508e+00,4.523102939128875732e-01,1.896811649203300476e-02,1.132555603981018066e+00,9.106330871582031250e-01,7.330555319786071777e-01,2.261077314615249634e-01,3.420138061046600342e-01,4.639621973037719727e-01,9.784128665924072266e-01,5.205608606338500977e-01,9.440450668334960938e-01,6.440581083297729492e-01,1.771455883979797363e+00,6.103596687316894531e-01,4.284574389457702637e-01,1.680449962615966797e+00,7.871733307838439941e-01,1.432436943054199219e+00,1.301262855529785156e+00,8.075244426727294922e-01,1.679662585258483887e+00,1.554226160049438477e+00,8.150084614753723145e-01,8.436216711997985840e-01,1.359647631645202637e+00,8.512461185455322266e-01,3.805998563766479492e-01,7.126360535621643066e-01,-4.241681843996047974e-02,1.200704336166381836e+00,1.499762177467346191e+00,-5.874305367469787598e-01,-2.425437234342098236e-02,1.400642633438110352e+00,7.326638698577880859e-01,6.340001225471496582e-01,5.428114533424377441e-01,8.537280559539794922e-01,-1.191487982869148254e-01,6.010141968727111816e-01,1.020133718848228455e-01,3.873002529144287109e-01,7.794606089591979980e-01,-3.797826170921325684e-01,1.355383396148681641e-01,4.432411193847656250e-01,3.989824950695037842e-01,6.898293495178222656e-01,-2.186365723609924316e-01,7.890821695327758789e-01,4.591074585914611816e-01,-5.467366576194763184e-01,1.471251249313354492e+00,6.649149656295776367e-01,-8.741112947463989258e-01,1.082090377807617188e+00,7.451373338699340820e-02,2.280158735811710358e-02,8.421865105628967285e-01,7.751510739326477051e-01,-3.144140243530273438e-01,2.365263551473617554e-01,1.709595322608947754e+00,4.952225685119628906e-01
6.662395000457763672e-01,9.476351141929626465e-01,3.574874401092529297e-01,8.074131608009338379e-01,1.070893168449401855e+00,1.599321663379669189e-01,-2.391347438097000122e-01,2.598187625408172607e-01,5.802020430564880371e-01,1.816784739494323730e-01,1.928286105394363403e-01,-1.486099064350128174e-01,4.453671872615814209e-01,-1.203181520104408264e-01,1.433526277542114258e-01,8.365051150321960449e-01,-2.516013681888580322e-01,7.244898676872253418e-01,2.643555104732513428e-01,1.538069605827331543e+00,-1.169163107872009277e+00,8.769213408231735229e-02,-2.513547241687774658e-01,-3.014976978302001953e-01,2.737473249435424805e-01,6.080923080444335938e-01,-5.943837165832519531e-01,5.621879696846008301e-01,1.629443615674972534e-01,-4.310976564884185791e-01,1.907449662685394287e-01,6.415125727653503418e-01,-5.197922587394714355e-01,1.203200340270996094e+00,7.397873997688293457e-01,1.251104235649108887e+00,9.186400771141052246e-01,1.517124027013778687e-01,6.707433462142944336e-01,4.125488996505737305e-01,1.301526665687561035e+00,1.349593639373779297e+00,5.546738505363464355e-01,-4.312880709767341614e-02,1.258923768997192383e+00,7.424403429031372070e-01,8.584616184234619141e-01,5.047305822372436523e-01,8.713228106498718262e-01,5.944342017173767090e-01,8.104398250579833984e-01,4.509485065937042236e-01,9.592289924621582031e-01,7.784713506698608398e-01,4.591930508613586426e-01,9.362599253654479980e-01,2.078977674245834351e-01,8.346421122550964355e-01,4.006716907024383545e-01,-9.025759249925613403e-02,3.177704811096191406e-01,-1.708612293004989624e-01,-2.178606092929840088e-01,-4.917290508747100830e-01,-5.157948285341262817e-02,1.232986524701118469e-01,7.968664169311523438e-01,-4.237809479236602783e-01,9.936734437942504883e-01,9.053129553794860840e-01,-3.144465014338493347e-02,1.542833168059587479e-02,-2.970907986164093018e-01,8.245163559913635254e-01,-3.421653807163238525e-01,4.936235249042510986e-01,2.233966886997222900e-01,-3.849989771842956543e-01,9.159705638885498047e-01,-6.486134603619575500e-03,9.059485793113708496e-01,1.633350253105163574e+00,7.889927029609680176e-01,2.280934572219848633e+00,-1.333509236574172974e-01,1.757387876510620117e+00,9.746834039688110352e-01,7.830495238304138184e-01,1.459203124046325684e+00,8.586295247077941895e-01,1.344331145286560059e+00,3.612506389617919922e-01,9.583311080932617188e-01,1.261121988296508789e+00,1.918047904968261719e+00,2.514750361442565918e-01,2.655298709869384766e-01,9.209977388381958008e-01,8.295636177062988281e-01,3.054448962211608887e-01
-6.029786169528961182e-02,-7.897223830223083496e-01,-9.586972594261169434e-01,-5.749381184577941895e-01,-4.399195611476898193e-01,-9.653618335723876953e-01,-1.106498122215270996e+00,-1.493471741676330566e+00,-5.356953144073486328e-01,-5.242372155189514160e-01,7.352390885353088379e-02,-3.776798844337463379e-01,-1.672792136669158936e-01,-3.748005926609039307e-01,1.288744360208511353e-01,-8.234645128250122070e-01,-4.586004912853240967e-01,-3.774174153804779053e-01,-6.591848731040954590e-01,5.437532067298889160e-01,-6.284247338771820068e-02,1.180105283856391907e-01,-4.247765839099884033e-01,1.222038716077804565e-01,5.377025529742240906e-02,-1.334516853094100952e-01,-9.601935148239135742e-01,-7.422500848770141602e-02,3.539031147956848145e-01,-5.831220746040344238e-01,9.211593121290206909e-02,1.289207637310028076e-01,4.966734945774078369e-01,-5.971529334783554077e-02,9.180045723915100098e-01,7.823471426963806152e-01,1.006048321723937988e+00,-2.483912259340286255e-01,7.905325293540954590e-02,2.126248776912689209e-01,1.195011496543884277e+00,7.341083288192749023e-01,5.299758315086364746e-01,3.604851663112640381e-01,4.507814347743988037e-01,1.286423206329345703e+00,8.340750932693481445e-01,1.025769472122192383e+00,8.547383546829223633e-02,1.096127271652221680e+00,-1.373631805181503296e-01,-7.250950932502746582e-01,-4.073562324047088623e-01,-4.935298860073089600e-01,-8.581751585006713867e-01,-1.911719888448715210e-01,-1.343468666076660156e+00,-8.136286735534667969e-01,-1.431840360164642334e-01,3.836927711963653564e-01,-2.448471784591674805e-01,2.521701753139495850e-01,-2.464248985052108765e-02,-2.693652734160423279e-02,5.571321249008178711e-01,-8.642689883708953857e-02,-6.629216670989990234e-02,-1.373261362314224243e-01,5.222935080528259277e-01,-2.145235091447830200e-01,4.127332568168640137e-01,3.710711598396301270e-01,6.659096106886863708e-03,8.713787794113159180e-01,-5.871128439903259277e-01,-5.741376429796218872e-03,5.549092888832092285e-01,-5.539534091949462891e-01,2.745052576065063477e-01,-3.449308499693870544e-02,8.280801177024841309e-01,9.524832367897033691e-01,1.142583250999450684e+00,2.540893554687500000e+00,-3.780606389045715332e-01,2.184782505035400391e+00,8.728055953979492188e-01,8.241685032844543457e-01,2.867138087749481201e-01,1.415262579917907715e+00,3.362902700901031494e-01,3.145355284214019775e-01,6.144781112670898438e-01,2.122489511966705322e-01,1.202995419502258301e+00,6.839568167924880981e-02,7.288977503776550293e-01,5.936797857284545898e-01,-1.021322011947631836e-01,6.481979489326477051e-01
8.028568029403686523e-01,3.467995300889015198e-02,3.951397240161895752e-01,-3.599471449851989746e-01,-1.338885724544525146e-01,1.093890428543090820e+00,1.169499039649963379e+00,4.592056274414062500e-01,7.897650599479675293e-01,1.115474966354668140e-03,6.966267824172973633e-01,1.128021255135536194e-01,6.380794048309326172e-01,8.001515269279479980e-01,4.843974113464355469e-01,4.385964274406433105e-01,4.853772372007369995e-02,9.531329870223999023e-01,5.020453333854675293e-01,-2.564509958028793335e-02,1.165946125984191895e+00,6.369673013687133789e-01,6.479899287223815918e-01,7.135262340307235718e-02,1.928663440048694611e-02,7.081983089447021484e-01,-1.159207001328468323e-01,2.902612388134002686e-01,6.388239264488220215e-01,4.641743600368499756e-01,8.924906253814697266e-01,-6.618468463420867920e-02,-1.072624206542968750e+00,1.390725016593933105e+00,9.992266297340393066e-01,9.012786746025085449e-01,7.486023306846618652e-01,-2.600226104259490967e-01,1.143789887428283691e-01,3.579432666301727295e-01,1.686203360557556152e+00,8.957315087318420410e-01,8.031093478202819824e-01,9.865079522132873535e-01,1.764825463294982910e+00,1.115966200828552246e+00,1.545046329498291016e+00,1.762678146362304688e+00,1.641296029090881348e+00,9.961826801300048828e-01,3.450838327407836914e-01,3.190838694572448730e-01,-2.090838551521301270e-01,1.037050560116767883e-01,6.309929490089416504e-01,6.907667517662048340e-01,4.187556207180023193e-01,5.843084454536437988e-01,7.521979212760925293e-01,5.891330242156982422e-01,3.745469450950622559e-01,7.295637130737304688e-01,7.895478606224060059e-01,8.678509593009948730e-01,7.895689010620117188e-01,1.067513227462768555e+00,1.218609094619750977e+00,5.029552578926086426e-01,1.376590251922607422e+00,1.423893928527832031e+00,7.334829568862915039e-01,8.893408179283142090e-01,1.121677160263061523e+00,9.890580773353576660e-01,1.404912173748016357e-01,8.364106416702270508e-01,6.503506898880004883e-01,6.981777548789978027e-01,7.125147581100463867e-01,8.284168839454650879e-01,1.036862015724182129e+00,1.757098674774169922e+00,5.418978333473205566e-01,1.650791049003601074e+00,-6.703444570302963257e-02,2.286882400512695312e+00,3.244564235210418701e-01,5.721336007118225098e-01,4.183384478092193604e-01,1.284839630126953125e+00,1.034696817398071289e+00,1.400735974311828613e+00,7.091968655586242676e-01,3.916332125663757324e-01,1.868277072906494141e+00,4.136365354061126709e-01,4.181738495826721191e-01,1.432102084159851074e+00,1.186154961585998535e+00,4.213549494743347168e-01
6.902613043785095215e-01,8.519011735916137695e-01,5.403081178665161133e-01,7.583495974540710449e-01,4.351277351379394531e-01,9.909966588020324707e-01,1.517367720603942871e+00,2.389872968196868896e-01,6.123225688934326172e-01,2.970401644706726074e-01,-3.710641562938690186e-01,-7.307115942239761353e-02,4.587081074714660645e-01,3.559710383415222168e-01,8.790141344070434570e-02,1.415444374084472656e+00,5.120189785957336426e-01,1.681094169616699219e+00,4.317187368869781494e-01,1.292956471443176270e+00,5.028990507125854492e-01,7.148054242134094238e-01,3.132067918777465820e-01,-1.024676188826560974e-01,3.963312208652496338e-01,-4.667471945285797119e-01,2.677536010742187500e-01,6.825249791145324707e-01,5.782993435859680176e-01,-1.591166704893112183e-01,1.402699828147888184e+00,5.005841851234436035e-01,1.734107255935668945e+00,1.718144059181213379e+00,1.273071050643920898e+00,1.763706088066101074e+00,4.503471851348876953e-01,8.624961972236633301e-01,1.294162869453430176e+00,4.582018852233886719e-01,1.907978892326354980e+00,1.625132799148559570e+00,1.289453864097595215e+00,9.788875579833984375e-01,2.388121366500854492e+00,1.807813525199890137e+00,2.051163673400878906e+00,1.417307138442993164e+00,1.675475001335144043e+00,1.002811431884765625e+00,3.221004009246826172e-01,4.561717212200164795e-01,1.914281994104385376e-01,3.114922344684600830e-01,6.808252334594726562e-01,1.070624709129333496e+00,1.948041617870330811e-01,5.979244112968444824e-01,2.789929509162902832e-01,2.565018832683563232e-01,2.834785580635070801e-01,1.421033293008804321e-01,4.578315019607543945e-01,-1.042003855109214783e-01,-2.892821729183197021e-01,6.980514526367187500e-02,1.112892150878906250e+00,-2.576620578765869141e-01,1.556951999664306641e-01,1.583787918090820312e+00,1.466752171516418457e+00,-3.671870827674865723e-01,-6.325190067291259766e-01,5.274516344070434570e-01,-4.655905067920684814e-01,-1.300672292709350586e-01,-3.271642327308654785e-01,-5.985018610954284668e-01,1.438205480575561523e+00,-3.370099961757659912e-01,-9.606609940528869629e-01,8.916128873825073242e-01,3.743121027946472168e-01,8.297564461827278137e-03,1.936592608690261841e-01,2.843148410320281982e-01,-5.253614187240600586e-01,-4.748994410037994385e-01,1.083096623420715332e+00,3.288217782974243164e-01,-1.792736649513244629e-01,4.288484901189804077e-02,8.802661895751953125e-01,9.352181553840637207e-01,1.277277827262878418e+00,5.235608816146850586e-01,4.213878214359283447e-01,4.897605627775192261e-02,1.360042810440063477e+00,9.351304173469543457e-02
5.353578329086303711e-01,4.473065137863159180e-01,1.371010690927505493e-01,8.020353317260742188e-01,5.720986723899841309e-01,1.123049482703208923e-01,2.322638928890228271e-01,-3.143871948122978210e-02,-2.914788126945495605e-01,-4.459021091461181641e-01,-7.101725339889526367e-01,-7.614871114492416382e-02,3.880438953638076782e-02,-6.481424719095230103e-02,3.160322010517120361e-01,8.857347369194030762e-01,2.360523045063018799e-01,1.387219429016113281e+00,4.775483310222625732e-01,1.020154356956481934e+00,8.921529352664947510e-02,1.010296344757080078e+00,5.968706607818603516e-01,-1.000545453280210495e-03,1.051116809248924255e-01,-2.073000073432922363e-01,-4.002562165260314941e-01,2.148618698120117188e-01,8.096359372138977051e-01,3.082369565963745117e-01,5.922883749008178711e-01,1.258670449256896973e+00,3.043849468231201172e-01,1.544863343238830566e+00,9.563602209091186523e-01,1.597216576337814331e-01,1.786635629832744598e-02,1.885261684656143188e-01,4.885771274566650391e-01,1.677269190549850464e-01,8.225926756858825684e-01,6.247439980506896973e-01,6.934235692024230957e-01,1.860982626676559448e-01,4.480772316455841064e-01,3.455587029457092285e-01,1.095582127571105957e+00,1.075108170509338379e+00,1.418433308601379395e+00,-1.341350525617599487e-01,2.828077077865600586e-01,3.140502870082855225e-01,2.238858304917812347e-02,-1.087167114019393921e-02,-3.515494242310523987e-02,4.808781743049621582e-01,4.003018736839294434e-01,-1.109319552779197693e-01,-7.250007390975952148e-01,-8.215115964412689209e-02,-3.414862155914306641e-01,-3.837508261203765869e-01,-3.307281434535980225e-02,-2.337430864572525024e-01,6.537614017724990845e-02,5.385943055152893066e-01,3.388382494449615479e-01,9.376326203346252441e-02,2.550831735134124756e-01,9.601077437400817871e-01,7.057774662971496582e-01,1.136086210608482361e-01,-3.545017242431640625e-01,1.401351988315582275e-01,-1.052016854286193848e+00,-3.638645410537719727e-01,1.725505888462066650e-01,-1.360496878623962402e-01,6.217192411422729492e-01,-9.269942045211791992e-01,-2.137528896331787109e+00,-6.310665011405944824e-01,-4.071315526962280273e-01,-3.782463669776916504e-01,-1.322588801383972168e+00,-1.053505420684814453e+00,-1.839422136545181274e-01,-4.831232428550720215e-01,2.013863325119018555e-01,-1.494594931602478027e+00,-1.556056737899780273e+00,-3.527505993843078613e-01,-6.297849416732788086e-01,-7.048256695270538330e-02,-5.778385996818542480e-01,-7.370766997337341309e-01,-9.264580011367797852e-01,-1.242669820785522461e+00,1.297854542732238770e+00,-1.574871242046356201e-01
7.918512225151062012e-01,2.813041806221008301e-01,2.573747932910919189e-01,-2.006254717707633972e-02,2.737938463687896729e-01,7.921003699302673340e-01,4.522765874862670898e-01,6.302181482315063477e-01,1.526144295930862427e-01,3.920714557170867920e-01,3.752302527427673340e-01,1.696121394634246826e-01,4.227972924709320068e-01,2.142570316791534424e-01,-2.608191967010498047e-01,6.667782068252563477e-01,1.112412929534912109e+00,1.262541770935058594e+00,-3.511905297636985779e-02,1.317541003227233887e-01,8.109322935342788696e-02,1.276052355766296387e+00,-1.917893812060356140e-02,4.338835775852203369e-01,3.050917200744152069e-02,-4.994024634361267090e-01,-8.230797648429870605e-01,-2.288105189800262451e-01,3.096476756036281586e-02,-3.544893264770507812e-01,5.633423924446105957e-01,-2.426176071166992188e-01,-3.689850866794586182e-01,5.175540447235107422e-01,8.292161226272583008e-01,-3.588981628417968750e-01,-1.909181773662567139e-01,-2.569155097007751465e-01,1.463949214667081833e-03,2.470061928033828735e-02,-7.383977621793746948e-02,3.964458405971527100e-02,4.320880770683288574e-01,-5.915036797523498535e-01,-8.443138003349304199e-01,-6.306048035621643066e-01,-1.731548011302947998e-01,2.024231851100921631e-01,1.520190477371215820e+00,-4.401460587978363037e-01,1.514542251825332642e-01,4.607238173484802246e-01,4.454516340047121048e-03,-3.130004405975341797e-01,6.975341439247131348e-01,1.440004855394363403e-01,7.158285975456237793e-01,5.064143538475036621e-01,-3.960428535938262939e-01,4.292313158512115479e-01,-4.632538259029388428e-01,2.591957449913024902e-01,-9.359822422266006470e-02,-8.980308175086975098e-01,-9.238756895065307617e-01,2.942918054759502411e-02,1.049059182405471802e-01,2.170215174555778503e-02,-5.233241319656372070e-01,7.591382861137390137e-01,-1.575081348419189453e-01,6.782351732254028320e-01,4.173350632190704346e-01,-1.058804541826248169e-01,-1.750353574752807617e-01,-2.050711810588836670e-01,-7.317340970039367676e-01,-3.766182363033294678e-01,2.051463276147842407e-01,-6.216228008270263672e-01,-2.785079956054687500e+00,-1.531713724136352539e+00,9.816534817218780518e-02,1.602467149496078491e-01,-2.081468582153320312e+00,-8.399826288223266602e-01,-5.321142077445983887e-01,-1.046646118164062500e+00,-3.667543828487396240e-01,-2.034070730209350586e+00,-7.100675702095031738e-01,1.405825465917587280e-01,-8.996446728706359863e-01,-3.954900503158569336e-01,-5.443688631057739258e-01,-7.774539589881896973e-01,-1.293763756752014160e+00,-9.404137134552001953e-01,9.625336527824401855e-01,6.474290974438190460e-03
1.399930477142333984e+00,8.893209099769592285e-01,8.799868226051330566e-01,3.504438400268554688e-01,3.129495382308959961e-01,4.690070450305938721e-01,8.391528129577636719e-01,1.388666152954101562e+00,2.043023705482482910e-02,-2.504421174526214600e-01,-5.049619078636169434e-01,1.125525981187820435e-01,1.984384655952453613e-01,-4.070286825299263000e-02,2.211431264877319336e-01,1.504649996757507324e+00,2.220465801656246185e-02,1.911646485328674316e+00,-5.593378543853759766e-01,2.743832767009735107e-01,4.478919804096221924e-01,4.288443326950073242e-01,7.627685070037841797e-01,-1.256174892187118530e-01,4.222227334976196289e-01,-5.007141828536987305e-01,-5.755420327186584473e-01,6.763415783643722534e-02,2.209119796752929688e-01,1.222798600792884827e-02,6.894655227661132812e-01,5.229554772377014160e-01,-6.284497380256652832e-01,5.576757788658142090e-01,1.261546909809112549e-01,-3.317900896072387695e-01,-5.566133558750152588e-02,-2.384191453456878662e-01,-2.663750946521759033e-01,3.721272572875022888e-02,-3.145325779914855957e-01,5.410274267196655273e-01,5.290433168411254883e-01,7.471470832824707031e-01,-6.249452829360961914e-01,-2.204197496175765991e-01,-1.250562369823455811e-01,6.668139100074768066e-01,8.263710737228393555e-01,-4.402897059917449951e-01,6.629823446273803711e-01,1.276422977447509766e+00,2.827225625514984131e-01,5.340001359581947327e-02,1.127313613891601562e+00,2.749137282371520996e-01,1.856812953948974609e+00,1.342058539390563965e+00,-4.691519737243652344e-01,-3.053721226751804352e-02,-4.194352626800537109e-01,2.756511270999908447e-01,3.996530175209045410e-01,1.111269235610961914e+00,2.602933943271636963e-01,2.598388791084289551e-01,1.388132929801940918e+00,1.818178147077560425e-01,1.289673000574111938e-01,2.260417222976684570e+00,5.301432609558105469e-01,5.629722476005554199e-01,1.384996771812438965e+00,1.694420278072357178e-01,-5.397789478302001953e-01,-2.044161260128021240e-01,1.700799316167831421e-01,2.941846847534179688e-01,3.869559466838836670e-01,-6.851241588592529297e-01,-1.289155840873718262e+00,-7.465333938598632812e-01,-8.724088072776794434e-01,-1.558622121810913086e-01,-1.351458191871643066e+00,-2.940362989902496338e-01,-1.127146407961845398e-01,-7.275632023811340332e-01,1.829769909381866455e-01,-1.761949777603149414e+00,-2.270730495452880859e+00,3.708699941635131836e-01,-3.469450175762176514e-01,-8.759394288063049316e-03,-5.931975841522216797e-01,-2.776127755641937256e-01,-4.183325469493865967e-01,-5.498904734849929810e-02,1.058959603309631348e+00,-4.879996925592422485e-02
1.276858568191528320e+00,1.982006192207336426e+00,1.423469901084899902e+00,6.889532804489135742e-01,1.183541536331176758e+00,1.217240691184997559e+00,1.580586910247802734e+00,1.940331697463989258e+00,1.236085057258605957e+00,3.800171017646789551e-01,3.506059348583221436e-01,4.417540431022644043e-01,1.164436340332031250e+00,1.079282522201538086e+00,2.317569404840469360e-01,1.823432445526123047e+00,1.311984777450561523e+00,2.225249767303466797e+00,1.168687701225280762e+00,1.169435739517211914e+00,1.962927579879760742e+00,1.145897150039672852e+00,6.488013267517089844e-01,8.335524201393127441e-01,3.568555414676666260e-01,-3.451931849122047424e-02,8.517240285873413086e-01,1.060672283172607422e+00,4.615211486816406250e-01,7.119745016098022461e-01,8.590227961540222168e-01,-2.128130644559860229e-01,2.377409301698207855e-02,1.701515316963195801e+00,9.645086526870727539e-01,9.421419501304626465e-01,6.235774755477905273e-01,5.359062552452087402e-01,1.156519874930381775e-01,4.755947887897491455e-01,1.431532979011535645e+00,9.043377041816711426e-01,7.187573909759521484e-01,1.750045537948608398e+00,6.418802738189697266e-01,3.439662754535675049e-01,7.762503623962402344e-01,1.083762288093566895e+00,1.303936719894409180e+00,3.309458196163177490e-01,9.235296845436096191e-01,2.000452995300292969e+00,1.097017407417297363e+00,9.222853183746337891e-01,1.745160222053527832e+00,4.774060547351837158e-01,2.309089422225952148e+00,2.133907556533813477e+00,5.126498341560363770e-01,3.943647444248199463e-01,5.401533246040344238e-01,1.484669208526611328e+00,1.234594941139221191e+00,1.307466030120849609e+00,5.601336956024169922e-01,9.292364120483398438e-01,2.298826217651367188e+00,1.266177773475646973e+00,1.408505678176879883e+00,2.461303949356079102e+00,2.059571027755737305e+00,1.041214585304260254e+00,9.508713483810424805e-01,7.244402170181274414e-01,5.517840981483459473e-01,3.084930181503295898e-01,7.153536677360534668e-01,1.040311217308044434e+00,9.664933085441589355e-01,1.055715605616569519e-01,-6.680328249931335449e-01,-6.795285642147064209e-02,-5.886293053627014160e-01,1.813677847385406494e-01,8.547458052635192871e-02,5.632953643798828125e-01,5.612077116966247559e-01,6.520010828971862793e-01,1.403406381607055664e+00,-5.313600897789001465e-01,-1.169152021408081055e+00,8.477452993392944336e-01,-1.085561662912368774e-01,3.734761476516723633e-01,-2.053796201944351196e-01,2.936562299728393555e-01,-6.765218377113342285e-01,4.753477275371551514e-01,1.095896601676940918e+00,3.501175045967102051e-01
1.253027200698852539e+00,2.071020364761352539e+00,1.356203794479370117e+00,2.391937017440795898e+00,2.146497488021850586e+00,1.275814890861511230e+00,1.276488065719604492e+00,1.936943292617797852e+00,9.365064501762390137e-01,4.406305849552154541e-01,-2.664921581745147705e-01,2.154289186000823975e-01,5.164577960968017578e-01,5.653938651084899902e-01,1.247718408703804016e-01,1.431189894676208496e+00,6.284246444702148438e-01,1.135983943939208984e+00,9.514010548591613770e-01,-6.958884000778198242e-02,9.999374747276306152e-01,6.705271601676940918e-01,2.368967682123184204e-01,2.729723155498504639e-01,4.572055637836456299e-01,-7.935761213302612305e-01,4.641713947057723999e-02,1.953289657831192017e-02,-1.961851119995117188e-01,-3.204955160617828369e-01,6.623848080635070801e-01,7.859788537025451660e-01,7.746434807777404785e-01,1.691235154867172241e-01,3.705193996429443359e-01,2.009690701961517334e-01,4.729329794645309448e-02,5.886297821998596191e-01,-6.209054216742515564e-02,1.256333887577056885e-01,-6.055008172988891602e-01,1.805599629878997803e-01,3.371815681457519531e-01,1.621675193309783936e-01,-2.020116150379180908e-01,-4.214648604393005371e-01,-3.581656217575073242e-01,-2.814134061336517334e-01,1.412107825279235840e+00,-2.596096098423004150e-01,7.919417023658752441e-01,2.130873203277587891e+00,1.433333396911621094e+00,1.930475711822509766e+00,2.103187084197998047e+00,1.205708622932434082e+00,2.120925188064575195e+00,1.179020404815673828e+00,4.295078217983245850e-01,1.816910654306411743e-01,2.188305258750915527e-01,7.393370270729064941e-01,1.948238909244537354e-01,3.248325288295745850e-01,-3.765117749571800232e-02,2.418216466903686523e-01,1.163069128990173340e+00,3.624802827835083008e-01,1.640090197324752808e-01,1.195981740951538086e+00,3.315754532814025879e-01,4.625622332096099854e-01,-7.477213442325592041e-02,3.404778540134429932e-01,3.510515093803405762e-01,-1.370031088590621948e-01,1.426309496164321899e-01,-1.595432460308074951e-01,7.407757043838500977e-01,2.727165520191192627e-01,-1.059577584266662598e+00,-4.255070388317108154e-01,-3.551115989685058594e-01,-1.466688811779022217e-01,-3.712589740753173828e-01,-8.043872117996215820e-01,-1.637647743336856365e-03,-9.699713587760925293e-01,5.697625875473022461e-01,-1.454152584075927734e+00,7.036767899990081787e-02,-3.142731785774230957e-01,5.222696661949157715e-01,2.477890104055404663e-01,-4.357942044734954834e-01,-3.065907657146453857e-01,-7.461183071136474609e-01,-7.040709853172302246e-01,1.441485524177551270e+00,4.408385157585144043e-01
1.161490440368652344e+00,1.372114896774291992e+00,1.199187040328979492e+00,1.515446782112121582e+00,1.334739923477172852e+00,9.183449745178222656e-01,1.898391097784042358e-01,1.378471374511718750e+00,1.003586649894714355e+00,7.725563645362854004e-01,7.800423502922058105e-01,9.146579504013061523e-01,6.983267664909362793e-01,-1.237200051546096802e-01,9.596103429794311523e-01,6.971302628517150879e-01,1.069064617156982422e+00,5.352749228477478027e-01,7.449133992195129395e-01,-1.034866496920585632e-01,3.114731609821319580e-01,5.089082717895507812e-01,1.726473271846771240e-01,7.933932542800903320e-01,7.906080484390258789e-01,4.780004918575286865e-01,-2.610964179039001465e-01,4.068594574928283691e-01,1.041478276252746582e+00,5.291661024093627930e-01,5.987359285354614258e-01,9.637519121170043945e-01,1.204737901687622070e+00,1.273582577705383301e-01,4.043934643268585205e-01,-1.720501482486724854e-01,5.645253062248229980e-01,1.712661534547805786e-01,-2.372552454471588135e-01,3.866887390613555908e-01,-5.815339684486389160e-01,1.733207851648330688e-01,3.997319936752319336e-01,3.957529067993164062e-01,-1.041032075881958008e+00,-1.165995240211486816e+00,-8.268336653709411621e-01,-4.914563298225402832e-01,5.686738491058349609e-01,-1.638311147689819336e-01,1.257444262504577637e+00,1.628042578697204590e+00,9.102989435195922852e-01,1.229897022247314453e+00,1.436273694038391113e+00,9.420947432518005371e-01,9.844210147857666016e-01,1.310494184494018555e+00,3.757556676864624023e-01,5.557273626327514648e-01,6.335428357124328613e-01,9.129772186279296875e-01,5.924388170242309570e-01,3.563867509365081787e-01,7.224550247192382812e-01,1.260555028915405273e+00,5.215210914611816406e-01,1.014360308647155762e+00,1.274144649505615234e+00,8.949820995330810547e-01,6.376889348030090332e-01,1.142847299575805664e+00,5.803402066230773926e-01,3.459966778755187988e-01,6.095342040061950684e-01,3.831887245178222656e-01,1.210670709609985352e+00,8.991094827651977539e-01,2.788496911525726318e-01,-4.493367075920104980e-01,-1.005651712417602539e+00,-5.025500059127807617e-01,1.883351504802703857e-01,1.497333198785781860e-01,-5.714932084083557129e-01,-5.019754767417907715e-01,7.983835935592651367e-01,3.647490963339805603e-02,5.513743162155151367e-01,-1.522264480590820312e+00,6.295327842235565186e-02,2.932854890823364258e-01,-1.539562791585922241e-01,-1.901535540819168091e-01,-4.942540526390075684e-01,1.666521131992340088e-01,-1.275313138961791992e+00,-5.893191695213317871e-01,1.203922986984252930e+00,2.370602041482925415e-01
-4.272491931915283203e-01,-2.633657753467559814e-01,4.564744234085083008e-02,-2.636370956897735596e-01,2.583549916744232178e-01,2.625896036624908447e-01,5.072797536849975586e-01,-2.944396436214447021e-01,2.383713275194168091e-01,1.043958544731140137e+00,1.162371277809143066e+00,8.510966897010803223e-01,4.202387630939483643e-01,-3.231163024902343750e-01,1.677961587905883789e+00,-7.533357739448547363e-01,9.487620592117309570e-01,-8.893188834190368652e-01,1.431538462638854980e-01,3.966313228011131287e-02,2.950697839260101318e-01,2.132228314876556396e-01,1.323715597391128540e-01,1.284150958061218262e+00,4.564279615879058838e-01,1.162840723991394043e+00,3.692300319671630859e-01,8.283626437187194824e-01,8.774662017822265625e-01,1.132342100143432617e+00,2.993856072425842285e-01,2.149930149316787720e-01,6.352886557579040527e-01,-8.750401735305786133e-01,2.752995193004608154e-01,-1.395278126001358032e-01,6.445570588111877441e-01,3.293717503547668457e-01,2.417743951082229614e-01,9.662634134292602539e-01,-5.772894620895385742e-01,-2.654882334172725677e-02,2.590748071670532227e-01,-6.033487319946289062e-01,-1.617703914642333984e+00,-1.032462835311889648e+00,-1.385806322097778320e+00,-7.097741365432739258e-01,-3.497268855571746826e-01,-8.252096921205520630e-02,1.219822540879249573e-01,1.076597943902015686e-01,4.169844686985015869e-01,-1.805137284100055695e-02,6.347469091415405273e-01,4.303578436374664307e-01,-8.241776227951049805e-01,4.675999879837036133e-01,6.481264829635620117e-01,8.419825434684753418e-01,1.046559691429138184e+00,6.588086485862731934e-01,-1.088531017303466797e-01,-2.290154546499252319e-01,4.198237955570220947e-01,1.566785931587219238e+00,-5.706254243850708008e-01,8.806135058403015137e-01,-1.007964983582496643e-01,-1.217855572700500488e+00,2.362443953752517700e-01,1.142343878746032715e+00,8.192590475082397461e-01,8.628388643264770508e-01,1.957441687583923340e+00,1.126099705696105957e+00,6.266818046569824219e-01,1.531649470329284668e+00,-5.882351472973823547e-02,6.547259688377380371e-01,2.035906612873077393e-01,-2.006184816360473633e+00,4.169690310955047607e-01,5.720605254173278809e-01,6.658099591732025146e-02,-5.967969894409179688e-01,7.158542275428771973e-01,8.646585345268249512e-01,3.620783239603042603e-02,-6.026038527488708496e-01,4.572861790657043457e-01,9.574059844017028809e-01,7.733019441366195679e-02,-3.021923303604125977e-01,6.021856665611267090e-01,-4.905145168304443359e-01,-5.627233386039733887e-01,-6.876385211944580078e-01,-1.386934071779251099e-01,1.341594457626342773e-01
1.510769367218017578e+00,9.194585680961608887e-01,8.567085266113281250e-01,1.632015854120254517e-01,4.459093511104583740e-01,3.049992918968200684e-01,5.481050014495849609e-01,2.069298177957534790e-01,3.551632463932037354e-01,3.859543204307556152e-01,6.965802311897277832e-01,8.350850939750671387e-01,1.513523578643798828e+00,1.435432553291320801e+00,2.198488235473632812e+00,5.567304491996765137e-01,1.258624076843261719e+00,-1.645976118743419647e-02,1.259926438331604004e+00,-4.450677931308746338e-01,1.559276938438415527e+00,1.107842445373535156e+00,1.670448541641235352e+00,1.434370160102844238e+00,1.048505544662475586e+00,8.908745646476745605e-01,1.296046018600463867e+00,1.350478172302246094e+00,2.331573963165283203e+00,1.728059053421020508e+00,1.398818254470825195e+00,3.512219488620758057e-01,1.673114776611328125e+00,9.647259116172790527e-01,8.720825314521789551e-01,4.861706495285034180e-01,1.308348655700683594e+00,3.733921051025390625e-01,1.882766038179397583e-01,6.647594571113586426e-01,4.800683259963989258e-01,7.805415987968444824e-01,6.317492127418518066e-01,6.993925571441650391e-01,9.062042087316513062e-02,4.846978560090065002e-02,1.061043500900268555e+00,7.591472864151000977e-01,-7.033163905143737793e-01,1.900793910026550293e-01,1.353257417678833008e+00,8.853957056999206543e-01,8.776788711547851562e-01,6.753318905830383301e-01,6.346291303634643555e-01,1.896311044692993164e-01,3.493407964706420898e-01,8.067912459373474121e-01,7.730609178543090820e-01,1.147568464279174805e+00,9.008744955062866211e-01,1.525948166847229004e+00,1.898799538612365723e+00,1.649037718772888184e+00,1.868262052536010742e+00,2.265178442001342773e+00,7.192987799644470215e-01,1.706609129905700684e+00,7.991918325424194336e-01,-1.079091578722000122e-01,1.436162233352661133e+00,1.779940366744995117e+00,1.864546895027160645e+00,1.338099598884582520e+00,2.167649030685424805e+00,8.936125040054321289e-01,2.227493762969970703e+00,1.884052872657775879e+00,1.194962978363037109e+00,3.686186969280242920e-01,1.106141328811645508e+00,-1.031952142715454102e+00,4.533188045024871826e-01,3.989431262016296387e-01,9.340233206748962402e-01,1.854951262474060059e+00,1.202559113502502441e+00,3.453990221023559570e-01,4.914702773094177246e-01,4.888479784131050110e-02,-1.569336205720901489e-01,3.924348354339599609e-01,-2.081731334328651428e-03,2.141502201557159424e-01,2.382212132215499878e-01,-6.041235104203224182e-02,1.825220324099063873e-02,6.985169649124145508e-01,-4.600903689861297607e-01,1.646493077278137207e-01
5.409876108169555664e-01,7.170314788818359375e-01,1.539673924446105957e+00,6.641268134117126465e-01,6.177691221237182617e-01,2.051435708999633789e+00,1.181604862213134766e+00,4.864014685153961182e-01,1.772865772247314453e+00,1.060978531837463379e+00,1.130275845527648926e+00,1.039798021316528320e+00,9.961215257644653320e-01,1.139143109321594238e+00,1.103995203971862793e+00,1.116051912307739258e+00,5.222242474555969238e-01,7.706871032714843750e-01,1.072669148445129395e+00,4.467453360557556152e-01,1.483566522598266602e+00,5.207287669181823730e-01,7.965528964996337891e-01,1.412318944931030273e+00,1.408605933189392090e+00,1.560963511466979980e+00,2.608124256134033203e+00,1.481504321098327637e+00,8.392519354820251465e-01,1.207880496978759766e+00,8.833763003349304199e-01,2.165922403335571289e+00,7.431156039237976074e-01,6.489728093147277832e-01,1.094417452812194824e+00,1.735098123550415039e+00,1.069482922554016113e+00,1.906051754951477051e+00,2.285670280456542969e+00,1.474783420562744141e+00,2.776382923126220703e+00,1.915678501129150391e+00,1.528804183006286621e+00,1.439427256584167480e+00,2.012981653213500977e+00,1.398524165153503418e+00,1.736482143402099609e+00,1.146168351173400879e+00,8.142339587211608887e-01,1.596814632415771484e+00,5.954977869987487793e-01,6.118910908699035645e-01,4.021824896335601807e-01,7.404676079750061035e-01,1.103538393974304199e+00,1.502256393432617188e+00,3.718212842941284180e-01,1.472206115722656250e+00,1.656881928443908691e+00,1.171050429344177246e+00,1.573008298873901367e+00,1.899051308631896973e+00,2.003730773925781250e+00,1.277038812637329102e+00,5.732721090316772461e-01,1.109222650527954102e+00,1.013663291931152344e+00,1.209770321846008301e+00,3.355417251586914062e-01,-3.330665454268455505e-02,1.070969820022583008e+00,8.826516270637512207e-01,1.088619470596313477e+00,1.549456119537353516e+00,1.521197080612182617e+00,1.413033723831176758e+00,1.424085974693298340e+00,1.118210911750793457e+00,1.165297031402587891e+00,7.492830753326416016e-01,1.444955706596374512e+00,-3.192139267921447754e-01,1.085219025611877441e+00,8.607780337333679199e-01,1.420268654823303223e+00,1.397594690322875977e+00,9.112397432327270508e-01,1.811796784400939941e+00,1.456001400947570801e+00,2.299464702606201172e+00,-2.376897573471069336e+00,1.142552375793457031e+00,1.478549599647521973e+00,1.471428871154785156e+00,2.408264160156250000e+00,4.486403763294219971e-01,7.449279427528381348e-01,7.683319449424743652e-01,4.564513266086578369e-01,1.416959285736083984e+00
7.981159538030624390e-02,1.033996105194091797e+00,9.182452559471130371e-01,1.493984460830688477e+00,1.442246556282043457e+00,7.588262557983398438e-01,7.239478826522827148e-01,6.892651915550231934e-01,6.202274560928344727e-01,7.580731511116027832e-01,1.054633975028991699e+00,8.115181922912597656e-01,1.560704112052917480e-01,6.294322609901428223e-01,1.045950055122375488e+00,4.877975881099700928e-01,4.193227291107177734e-01,3.508330285549163818e-01,1.044476509094238281e+00,6.973152756690979004e-01,9.030141830444335938e-01,5.103993415832519531e-01,1.225165247917175293e+00,4.794574379920959473e-01,8.382918238639831543e-01,9.686350822448730469e-01,1.362434744834899902e+00,8.345220685005187988e-01,7.975534796714782715e-01,1.259268641471862793e+00,7.835878133773803711e-01,1.151441931724548340e-01,7.204185724258422852e-01,-2.881029248237609863e-02,4.678927659988403320e-01,1.104022026062011719e+00,1.018263339996337891e+00,1.060050964355468750e+00,2.355398893356323242e+00,9.215272665023803711e-01,1.858435273170471191e+00,1.194712519645690918e+00,1.041852116584777832e+00,1.264024257659912109e+00,6.384664177894592285e-01,1.870947003364562988e+00,1.631304264068603516e+00,1.412618041038513184e+00,6.483892202377319336e-01,1.559217453002929688e+00,4.918670952320098877e-01,8.441788554191589355e-01,1.075208783149719238e+00,1.222403168678283691e+00,6.259876489639282227e-01,4.061968028545379639e-01,1.010554909706115723e+00,3.556659817695617676e-01,1.277493953704833984e+00,3.711144328117370605e-01,1.125275731086730957e+00,1.123837232589721680e+00,8.949732184410095215e-01,9.793077111244201660e-01,6.935979127883911133e-01,8.653233051300048828e-01,9.034466147422790527e-01,9.839591979980468750e-01,1.053313091397285461e-01,-1.893988847732543945e-01,5.733751654624938965e-01,8.302168250083923340e-01,7.314065694808959961e-01,1.037442922592163086e+00,3.366139829158782959e-01,9.015309810638427734e-01,1.063938498497009277e+00,8.121420741081237793e-01,8.120704889297485352e-01,1.180282235145568848e+00,-1.126339957118034363e-01,-4.224955737590789795e-01,1.181193590164184570e+00,7.217466831207275391e-01,3.304488062858581543e-01,1.426260471343994141e+00,8.123339414596557617e-01,1.093666791915893555e+00,6.604822874069213867e-01,1.923092603683471680e+00,1.571148276329040527e+00,2.261091470718383789e+00,1.983981728553771973e+00,1.434136986732482910e+00,1.736895680427551270e+00,1.308307409286499023e+00,9.550266861915588379e-01,7.361555695533752441e-01,1.588191539049148560e-01,1.289415717124938965e+00
7.855230569839477539e-01,9.482840299606323242e-01,9.401814341545104980e-01,1.767886161804199219e+00,1.590618252754211426e+00,3.678262829780578613e-01,6.789420247077941895e-01,9.251881241798400879e-01,4.894906580448150635e-01,5.045365095138549805e-01,5.819769501686096191e-01,2.483393549919128418e-01,-1.596645414829254150e-01,-4.013589322566986084e-01,5.558354896493256092e-04,3.466289937496185303e-01,-1.103866696357727051e-01,5.203194022178649902e-01,4.060488343238830566e-01,-2.686179578304290771e-01,-2.211430817842483521e-01,-2.071937322616577148e-01,-9.803387522697448730e-02,5.169484764337539673e-02,6.497551202774047852e-01,-3.150693178176879883e-01,2.804877758026123047e-01,-2.727175951004028320e-01,-5.822050571441650391e-01,-5.528272390365600586e-01,5.787127017974853516e-01,1.904060393571853638e-01,8.289268016815185547e-01,-4.182326495647430420e-01,-2.131679654121398926e-01,3.265038430690765381e-01,-5.338094234466552734e-01,6.412394642829895020e-01,5.500630140304565430e-01,-3.492063656449317932e-02,-1.343971788883209229e-01,5.249955654144287109e-01,4.504844248294830322e-01,-5.345244407653808594e-01,7.435285449028015137e-01,4.793565571308135986e-01,-1.079111471772193909e-01,4.174999892711639404e-01,-7.408972382545471191e-01,9.943150728940963745e-02,1.081794857978820801e+00,8.152760267257690430e-01,1.464422225952148438e+00,8.091539740562438965e-01,6.590226888656616211e-01,7.189134955406188965e-01,2.263514995574951172e-01,1.863798201084136963e-01,7.438704371452331543e-01,5.571883320808410645e-01,2.107167243957519531e-02,-1.836321055889129639e-01,5.665919780731201172e-01,-4.111943244934082031e-01,-4.820930659770965576e-01,-6.161521077156066895e-01,2.078497558832168579e-01,4.620655179023742676e-01,-7.605428695678710938e-01,-5.705383419990539551e-02,-7.103713154792785645e-01,8.861400187015533447e-02,-4.451605677604675293e-01,3.542035520076751709e-01,7.602846622467041016e-01,-1.182184070348739624e-01,-3.465094566345214844e-01,-4.824766218662261963e-01,1.099885463714599609e+00,-3.253528848290443420e-02,-1.030034780502319336e+00,-1.298158884048461914e+00,9.656763672828674316e-01,-9.964621067047119141e-01,-3.029397428035736084e-01,-6.249143481254577637e-01,-8.416902422904968262e-01,-4.353285431861877441e-01,-2.380154281854629517e-02,6.326428055763244629e-02,4.320550560951232910e-01,3.120344877243041992e-01,1.020476937294006348e+00,4.473945498466491699e-01,5.208443999290466309e-01,5.441333651542663574e-01,-2.397783994674682617e-01,-1.099321991205215454e-01,-4.208810329437255859e-01,2.614804208278656006e-01
6.368419528007507324e-02,-4.398946464061737061e-01,-3.652661293745040894e-02,3.406458497047424316e-01,-3.796717524528503418e-01,-6.395121216773986816e-01,-6.376441568136215210e-02,-9.025003761053085327e-02,-2.025209814310073853e-01,-3.590030074119567871e-01,-3.142047300934791565e-02,-1.512992978096008301e-01,-9.473875761032104492e-01,-6.102446317672729492e-01,-6.080046296119689941e-01,-6.449679732322692871e-01,-2.863648533821105957e-01,-8.539405465126037598e-02,-1.634905934333801270e-01,-6.058027744293212891e-01,-1.273348450660705566e+00,-6.177130341529846191e-01,-8.480778932571411133e-01,-3.196055889129638672e-01,1.527090519666671753e-01,-8.360118269920349121e-01,-8.381042480468750000e-01,-7.274866104125976562e-01,-1.016610935330390930e-01,-1.681378722190856934e+00,4.708937406539916992e-01,4.672059714794158936e-01,-1.540365219116210938e+00,-1.058311015367507935e-01,-3.297482728958129883e-01,9.180519729852676392e-02,-6.067818962037563324e-03,-2.151563614606857300e-01,-1.883720755577087402e-01,1.332107651978731155e-02,-7.841725945472717285e-01,-5.786525011062622070e-01,-3.486545681953430176e-01,-1.099236369132995605e+00,-6.636675000190734863e-01,-1.481098651885986328e+00,-1.232920408248901367e+00,-4.525645971298217773e-01,-1.895697712898254395e-01,-7.525600492954254150e-02,6.773469448089599609e-01,-2.619201242923736572e-01,3.215603902935981750e-02,-4.586368501186370850e-01,-5.840755105018615723e-01,-1.224486902356147766e-02,-7.246554493904113770e-01,1.247837096452713013e-01,-3.507289290428161621e-01,1.226120740175247192e-01,-7.049523591995239258e-01,-6.315495371818542480e-01,-6.851415038108825684e-01,-8.264841437339782715e-01,-5.066848397254943848e-01,-1.034145712852478027e+00,-3.522850573062896729e-01,-3.365872204303741455e-01,-4.286084175109863281e-01,-2.979967594146728516e-01,-1.389867663383483887e+00,-6.671584248542785645e-01,-7.884369492530822754e-01,1.263143587857484818e-02,-4.187862575054168701e-01,-4.351693689823150635e-01,-2.275473922491073608e-01,-1.000021815299987793e+00,2.509945929050445557e-01,2.266709804534912109e-01,-7.427551150321960449e-01,-9.708029031753540039e-01,-4.475279450416564941e-01,-1.240061640739440918e+00,-1.287749052047729492e+00,-9.425314068794250488e-01,2.960705161094665527e-01,-9.927077293395996094e-01,-1.969209015369415283e-01,-9.725760221481323242e-01,8.548144698143005371e-01,-3.594142198562622070e-01,-4.041619896888732910e-01,-8.754641413688659668e-01,-1.190328359603881836e+00,-1.013768315315246582e+00,-1.323959231376647949e+00,-1.748817041516304016e-02,-2.679560780525207520e-01,1.352115273475646973e-01
-2.061852514743804932e-01,-7.259429693222045898e-01,-2.868876159191131592e-01,-1.481534481048583984e+00,-1.212198257446289062e+00,-1.427241563796997070e-01,-6.046350002288818359e-01,-8.430113792419433594e-01,-8.356356620788574219e-01,-1.177005916833877563e-01,3.108532130718231201e-01,-2.015105932950973511e-01,-1.238420486450195312e+00,-9.029531478881835938e-01,-5.647818446159362793e-01,-6.316141486167907715e-01,-8.303886651992797852e-01,-1.256611704826354980e+00,7.966514676809310913e-03,-1.155494928359985352e+00,-1.177030324935913086e+00,-3.397259712219238281e-01,-6.871223449707031250e-02,-6.781343817710876465e-01,5.071741715073585510e-02,2.741294205188751221e-01,-5.990559458732604980e-01,-3.304295241832733154e-01,-1.963508963584899902e+00,-9.471186995506286621e-01,1.478049159049987793e-01,-9.742764234542846680e-01,-1.176194667816162109e+00,-6.233206987380981445e-01,-5.102644562721252441e-01,4.419234022498130798e-02,-9.597069025039672852e-01,-8.694099783897399902e-01,-9.293531179428100586e-01,-2.010026425123214722e-01,-1.279938220977783203e+00,-1.712235957384109497e-01,7.112688571214675903e-02,-7.468796968460083008e-01,1.481188386678695679e-01,-1.247209548950195312e+00,-1.073538422584533691e+00,-1.314630150794982910e+00,1.157192438840866089e-01,-7.618567347526550293e-01,-8.587519824504852295e-02,-3.993435800075531006e-01,-8.800453543663024902e-01,-9.870126247406005859e-01,-8.395671844482421875e-01,-2.461917102336883545e-01,-1.084743142127990723e+00,-9.678252935409545898e-01,3.095566034317016602e-01,1.569263488054275513e-01,-6.760696172714233398e-01,-5.717855691909790039e-01,-4.417119920253753662e-01,-5.320788621902465820e-01,-1.135854423046112061e-01,-7.672364115715026855e-01,-7.277488112449645996e-01,-4.281983971595764160e-01,-2.700961232185363770e-01,-1.275846004486083984e+00,-1.777245879173278809e+00,-1.167806029319763184e+00,-7.037712931632995605e-01,-6.453212499618530273e-01,-5.738719105720520020e-01,3.159491121768951416e-01,-1.268805265426635742e+00,-8.888396620750427246e-01,6.378390192985534668e-01,3.223937749862670898e-01,-9.945141524076461792e-02,3.693211376667022705e-01,-6.187417507171630859e-01,-1.604211568832397461e+00,-5.151525139808654785e-01,-9.670593738555908203e-01,-8.012343049049377441e-01,-2.374739199876785278e-01,5.897727329283952713e-03,-6.499363183975219727e-01,-9.069366455078125000e-01,4.236015677452087402e-02,-6.299686431884765625e-01,-3.600178956985473633e-01,6.737462282180786133e-01,-4.567004740238189697e-01,-1.424981236457824707e+00,-5.457594245672225952e-02,3.136746585369110107e-02,-2.986468970775604248e-01
-1.942484229803085327e-01,-1.254808664321899414e+00,-7.101258039474487305e-01,-2.274115562438964844e+00,-1.932224512100219727e+00,-1.128483653068542480e+00,-6.969007253646850586e-01,-1.009338974952697754e+00,-1.050709843635559082e+00,1.655220868997275829e-03,-2.160332053899765015e-01,-3.861500918865203857e-01,-3.720226287841796875e-01,-7.680726647377014160e-01,-8.834344148635864258e-01,-1.330879926681518555e+00,-4.188211634755134583e-02,-7.686043381690979004e-01,-2.145648002624511719e-01,-1.461076498031616211e+00,-1.233343243598937988e+00,1.991117000579833984e-01,-8.813828229904174805e-01,-1.420578360557556152e-01,1.170926243066787720e-01,-4.331023693084716797e-01,-9.331677556037902832e-01,-5.651118755340576172e-01,-9.271447062492370605e-01,-2.059376239776611328e+00,5.334184169769287109e-01,-8.289167284965515137e-01,-1.098578497767448425e-01,5.090463161468505859e-01,2.965435571968555450e-02,-7.382827997207641602e-01,-2.057704478502273560e-01,-4.930897057056427002e-01,-1.234809309244155884e-02,-4.051063358783721924e-01,-6.511292457580566406e-01,-1.781831532716751099e-01,3.432006537914276123e-01,-1.782184958457946777e+00,2.225522398948669434e-01,-1.399287223815917969e+00,3.236624598503112793e-01,-6.469542980194091797e-01,-1.208132982254028320e+00,-8.430027365684509277e-01,-4.999777376651763916e-01,-8.386930227279663086e-01,-1.783639311790466309e+00,-2.202565908432006836e+00,-1.368392944335937500e+00,-4.661884605884552002e-01,-1.253733396530151367e+00,-5.897312164306640625e-01,1.232733726501464844e-01,-4.072993993759155273e-01,-5.884930491447448730e-01,8.296386897563934326e-02,1.938665956258773804e-01,-1.107448577880859375e+00,-1.485009908676147461e+00,-1.432447433471679688e+00,-1.557447314262390137e+00,-4.306676387786865234e-01,-8.664238452911376953e-02,-1.454170227050781250e+00,-1.458775281906127930e+00,-8.572973608970642090e-01,-1.688651561737060547e+00,-4.310388267040252686e-01,-4.382651448249816895e-01,-2.730043828487396240e-01,-9.491023421287536621e-01,-1.205556154251098633e+00,1.076472997665405273e+00,-1.963923871517181396e-01,-7.633627653121948242e-01,-5.580387711524963379e-01,-2.195638716220855713e-01,-1.476636528968811035e+00,-1.350362300872802734e+00,-3.789369165897369385e-01,4.090075567364692688e-02,-1.004220962524414062e+00,-2.620908021926879883e-01,-5.371063947677612305e-01,-7.913631796836853027e-01,-3.545345664024353027e-01,2.141427993774414062e-01,-2.137563824653625488e-01,1.255637705326080322e-01,-1.545197486877441406e+00,-1.672814369201660156e+00,-1.186579227447509766e+00,-1.495831847190856934e+00,-9.361824989318847656e-01
-3.093413710594177246e-01,-8.537324666976928711e-01,2.363045215606689453e-01,-1.873453974723815918e+00,-1.377570271492004395e+00,9.346276521682739258e-02,-9.829317927360534668e-01,-8.154325485229492188e-01,-9.761422276496887207e-01,-9.737016260623931885e-02,-6.080443263053894043e-01,-3.147563338279724121e-01,-6.754522323608398438e-01,-4.355266392230987549e-01,-8.231659419834613800e-03,-7.157230973243713379e-01,9.568645618855953217e-03,-4.529182612895965576e-01,1.840486228466033936e-01,-1.496998906135559082e+00,-9.935672283172607422e-01,8.431021571159362793e-01,2.901552021503448486e-01,-2.419358044862747192e-01,7.327673435211181641e-01,5.845271050930023193e-02,-4.633163511753082275e-01,1.148965805768966675e-01,-2.242276221513748169e-01,-1.017368435859680176e-01,7.337566018104553223e-01,-7.045523822307586670e-02,-1.305038094520568848e+00,2.611295282840728760e-01,5.395113825798034668e-01,1.319002360105514526e-01,-4.297840297222137451e-01,1.040155589580535889e-01,6.408596634864807129e-01,-3.370178341865539551e-01,-4.566503465175628662e-01,6.876906156539916992e-01,7.873410582542419434e-01,-1.205761671066284180e+00,4.264050424098968506e-01,-1.123994708061218262e+00,5.264218151569366455e-02,-7.695943117141723633e-01,-1.927768141031265259e-01,-4.766350686550140381e-01,6.435754150152206421e-02,-1.613656878471374512e-01,-9.661427736282348633e-01,-1.808782100677490234e+00,-8.747074007987976074e-01,6.703038215637207031e-01,-1.976575553417205811e-01,-3.339452445507049561e-01,3.315712809562683105e-01,9.549560025334358215e-03,-4.520115852355957031e-01,-3.002561330795288086e-01,-6.124183535575866699e-01,-6.900698542594909668e-01,-1.878082901239395142e-01,-4.477948844432830811e-01,-5.347585678100585938e-01,2.763739554211497307e-03,2.853152453899383545e-01,-1.534750908613204956e-01,-1.390437483787536621e+00,-1.616917848587036133e-01,-7.853452563285827637e-01,-2.369762063026428223e-01,-6.010207533836364746e-01,4.265958368778228760e-01,-3.973555564880371094e-01,-4.826140105724334717e-01,1.296360850334167480e+00,-3.046988844871520996e-01,-5.802223682403564453e-01,-1.807150095701217651e-01,4.312298595905303955e-01,-6.041193008422851562e-01,-1.411464214324951172e+00,-9.240856170654296875e-01,-9.559009969234466553e-02,-1.665074825286865234e-01,1.374591737985610962e-01,-2.131050527095794678e-01,-1.707111299037933350e-01,2.605971693992614746e-01,3.408528864383697510e-01,7.369163036346435547e-01,6.131178736686706543e-01,-1.277256727218627930e+00,-1.874144077301025391e+00,-1.642924070358276367e+00,-1.953632831573486328e-01,-5.675727725028991699e-01
1.496970057487487793e-01,-2.766609489917755127e-01,1.232033520936965942e-01,-1.471024274826049805e+00,-7.345632314682006836e-01,8.361442089080810547e-01,-3.074797391891479492e-01,-4.708147048950195312e-01,4.000318348407745361e-01,2.688294649124145508e-01,7.560464143753051758e-01,2.116166204214096069e-01,-2.788799107074737549e-01,-6.025158166885375977e-01,-5.193091928958892822e-02,-8.111926913261413574e-02,-1.046956405043601990e-01,7.440159320831298828e-01,3.839417546987533569e-02,6.384472846984863281e-01,-1.161041021347045898e+00,1.151213169097900391e+00,6.515306234359741211e-01,6.161986589431762695e-01,1.008741855621337891e+00,7.523140311241149902e-01,1.064112901687622070e+00,6.973603963851928711e-01,-5.934725999832153320e-01,8.572430014610290527e-01,5.033230781555175781e-01,1.248753428459167480e+00,-1.392834782600402832e-01,1.110163092613220215e+00,1.238324046134948730e+00,3.798785507678985596e-01,-3.420187830924987793e-01,4.544214308261871338e-01,1.003632664680480957e+00,3.035264015197753906e-01,2.398878037929534912e-01,1.103958725929260254e+00,1.024148106575012207e+00,-1.386806368827819824e+00,7.921662926673889160e-01,5.112052559852600098e-01,1.202286362648010254e+00,1.705926537513732910e+00,2.762661874294281006e-01,-7.008433341979980469e-02,4.612909257411956787e-01,1.870733052492141724e-01,-2.583387494087219238e-01,-9.191903471946716309e-01,4.755044728517532349e-02,1.399017333984375000e+00,1.408830136060714722e-01,1.206576526165008545e-01,7.000404000282287598e-01,4.589133560657501221e-01,-1.393273472785949707e-01,-6.362645030021667480e-01,-3.241815268993377686e-01,-2.043327987194061279e-01,-2.896507680416107178e-01,-3.426995277404785156e-01,-4.257453680038452148e-01,-7.013555616140365601e-02,1.572755128145217896e-01,6.444796919822692871e-01,-7.999689579010009766e-01,-8.566500246524810791e-02,9.061127156019210815e-02,6.993914246559143066e-01,1.320170238614082336e-02,8.874472379684448242e-01,-4.526241123676300049e-01,8.009105324745178223e-01,6.212642788887023926e-01,5.033778548240661621e-01,1.105165958404541016e+00,7.979511618614196777e-01,1.549714803695678711e+00,8.746858835220336914e-01,6.860638856887817383e-01,6.488939523696899414e-01,-1.523214578628540039e-01,1.786641716957092285e+00,7.558990716934204102e-01,3.079061508178710938e-01,8.830887675285339355e-01,3.337042927742004395e-01,1.234129905700683594e+00,9.757150411605834961e-01,1.676596403121948242e+00,-5.050994455814361572e-02,3.121126592159271240e-01,2.591553926467895508e-01,9.008408784866333008e-01,5.824838578701019287e-02
2.806210517883300781e-01,-2.252826988697052002e-01,3.216968476772308350e-01,-8.715052604675292969e-01,-5.944426059722900391e-01,5.599496364593505859e-01,1.285721898078918457e+00,4.473903477191925049e-01,1.199455380439758301e+00,4.910608530044555664e-01,7.900968790054321289e-01,5.792598128318786621e-01,3.106788098812103271e-01,7.824559211730957031e-01,7.143545150756835938e-01,-7.308421730995178223e-01,1.000656485557556152e-01,7.477765083312988281e-01,4.664837121963500977e-01,9.991561770439147949e-01,1.092401623725891113e+00,3.919998183846473694e-02,3.982211351394653320e-01,1.099776029586791992e+00,5.858183503150939941e-01,1.320110797882080078e+00,1.087626934051513672e+00,3.317716419696807861e-01,6.390768289566040039e-01,5.792397260665893555e-01,6.561691164970397949e-01,7.522075176239013672e-01,-4.534012675285339355e-01,6.576738953590393066e-01,9.078772664070129395e-01,1.070548534393310547e+00,5.241525173187255859e-01,1.310361772775650024e-01,-1.015535220503807068e-01,1.126736521720886230e+00,9.575753211975097656e-01,3.634190559387207031e-01,4.133808910846710205e-01,-2.443341761827468872e-01,1.082669496536254883e+00,-1.476321276277303696e-02,6.457630395889282227e-01,1.085141420364379883e+00,6.347105503082275391e-01,6.653189063072204590e-01,4.256626665592193604e-01,2.722790539264678955e-01,7.714201509952545166e-02,-5.415726304054260254e-01,1.534569114446640015e-01,1.168337225914001465e+00,6.163331866264343262e-01,1.527230024337768555e+00,1.122903943061828613e+00,8.282817602157592773e-01,5.760801434516906738e-01,8.313560485839843750e-01,8.182047605514526367e-01,6.882007718086242676e-01,1.345832109451293945e+00,6.080583333969116211e-01,6.997041702270507812e-01,5.293467044830322266e-01,1.034795999526977539e+00,7.252807021141052246e-01,5.706687569618225098e-01,6.077108383178710938e-01,3.970723748207092285e-01,1.304939150810241699e+00,1.060667514801025391e+00,8.183195590972900391e-01,8.600599169731140137e-01,7.256899476051330566e-01,4.522960782051086426e-01,1.002167582511901855e+00,1.813973665237426758e+00,1.911156773567199707e-01,6.308815479278564453e-01,1.212057352066040039e+00,1.029246926307678223e+00,1.302274703979492188e+00,8.007086515426635742e-01,1.256013989448547363e+00,1.011059999465942383e+00,9.346120357513427734e-01,1.059983253479003906e+00,9.903041720390319824e-01,1.166902184486389160e+00,4.587885737419128418e-01,1.159879565238952637e+00,-7.921924442052841187e-02,5.237588658928871155e-03,5.300613641738891602e-01,3.292729854583740234e-01,7.773802280426025391e-01
3.716710209846496582e-01,4.002254009246826172e-01,9.528091549873352051e-01,-3.541027382016181946e-02,3.314842283725738525e-01,4.152172207832336426e-01,1.353267073631286621e+00,1.077962040901184082e+00,9.964889883995056152e-01,7.700015306472778320e-01,1.322150230407714844e+00,8.988404273986816406e-01,8.222632408142089844e-01,1.373512864112854004e+00,6.501952409744262695e-01,-1.840772479772567749e-01,7.406632900238037109e-01,5.622353553771972656e-01,1.311509728431701660e+00,8.735337853431701660e-01,1.438847422599792480e+00,2.875818014144897461e-01,5.689505934715270996e-01,7.593551278114318848e-01,6.524335145950317383e-01,9.301805496215820312e-01,6.584821343421936035e-01,6.480128765106201172e-01,1.282031297683715820e+00,3.338851630687713623e-01,8.123825788497924805e-01,2.430821955204010010e-01,-4.095191359519958496e-01,6.172943711280822754e-01,3.892607092857360840e-01,8.735669851303100586e-01,1.377613067626953125e+00,7.767004370689392090e-01,-8.815838694572448730e-01,7.910939455032348633e-01,-1.875632852315902710e-01,9.112662076950073242e-01,6.273267269134521484e-01,1.527075290679931641e+00,1.167574524879455566e+00,2.544248998165130615e-01,-5.746978521347045898e-02,7.058435678482055664e-01,8.822196722030639648e-01,3.891271054744720459e-01,7.135713100433349609e-01,7.169976234436035156e-01,3.091248571872711182e-01,-1.402634084224700928e-01,5.873878598213195801e-01,2.722223401069641113e-01,9.382600188255310059e-01,1.359505891799926758e+00,1.559853434562683105e+00,1.355039715766906738e+00,1.309551954269409180e+00,2.000250339508056641e+00,1.191115379333496094e+00,9.354671239852905273e-01,6.470209956169128418e-01,2.763365805149078369e-01,1.087175846099853516e+00,9.342119097709655762e-01,9.941200613975524902e-01,2.000603228807449341e-01,8.504299521446228027e-01,9.376757144927978516e-01,2.113311588764190674e-01,1.143632531166076660e+00,7.890027761459350586e-01,1.174419760704040527e+00,1.344678997993469238e+00,7.780352234840393066e-01,1.571347832679748535e+00,9.329273700714111328e-01,5.036438703536987305e-01,-2.114150822162628174e-01,1.056515932083129883e+00,4.131338596343994141e-01,4.034158289432525635e-01,1.363145947456359863e+00,1.450187563896179199e+00,2.050286531448364258e+00,1.127034664154052734e+00,7.398081421852111816e-01,-6.352180838584899902e-01,1.066367030143737793e+00,9.149208664894104004e-01,1.741068840026855469e+00,1.447826862335205078e+00,1.403147816658020020e+00,1.892674118280410767e-01,1.140724420547485352e+00,4.783026278018951416e-01,5.264812707901000977e-01
6.989811062812805176e-01,9.019383192062377930e-01,1.434986352920532227e+00,1.462945222854614258e+00,1.416443347930908203e+00,1.240985393524169922e+00,-4.780513644218444824e-01,7.301325798034667969e-01,9.791761636734008789e-01,8.830423355102539062e-01,1.562435388565063477e+00,4.553812444210052490e-01,1.506182998418807983e-01,9.602773189544677734e-02,4.351133406162261963e-01,-4.811918828636407852e-03,-1.203797291964292526e-02,1.097510308027267456e-01,6.979552656412124634e-02,1.127805829048156738e+00,-7.914711833000183105e-01,-7.105267047882080078e-02,3.356314077973365784e-02,4.902672469615936279e-01,9.022861719131469727e-01,6.696747243404388428e-02,1.655137538909912109e-01,1.800142228603363037e-01,-6.617524623870849609e-01,-7.914564013481140137e-02,3.501544594764709473e-01,1.301536798477172852e+00,9.754320979118347168e-01,-5.848102569580078125e-01,-3.233168646693229675e-02,8.192594647407531738e-01,4.474917352199554443e-01,5.458132624626159668e-01,7.149164080619812012e-01,1.070539932698011398e-02,-1.190035223960876465e+00,2.023396193981170654e-01,1.208055019378662109e-02,7.004888057708740234e-01,6.159503459930419922e-01,-3.210418224334716797e-01,-1.087524294853210449e+00,-5.814451575279235840e-01,1.109547495841979980e+00,5.222771167755126953e-01,8.054268956184387207e-01,1.230610251426696777e+00,1.133604764938354492e+00,6.575004458427429199e-01,8.195753693580627441e-01,1.105633616447448730e+00,7.215887308120727539e-01,9.880429506301879883e-01,1.526565551757812500e+00,1.393077611923217773e+00,1.459475636482238770e+00,1.400862216949462891e+00,8.522966504096984863e-01,7.837705016136169434e-01,5.794068574905395508e-01,2.444575577974319458e-01,9.336626529693603516e-01,-2.035879194736480713e-01,8.915027976036071777e-02,-1.733378618955612183e-01,-3.862029612064361572e-01,5.229808688163757324e-01,-1.033586785197257996e-01,7.439463734626770020e-01,9.653720259666442871e-01,9.789432287216186523e-01,3.845575451850891113e-01,2.387137860059738159e-01,1.441318750381469727e+00,1.252974748611450195e+00,8.775698542594909668e-01,9.578927159309387207e-01,1.140183210372924805e+00,1.128327369689941406e+00,1.194490313529968262e+00,-1.735900938510894775e-01,1.175264954566955566e+00,1.321417331695556641e+00,1.293771862983703613e+00,1.178545832633972168e+00,5.458579063415527344e-01,1.941693663597106934e+00,1.334236621856689453e+00,1.016782402992248535e+00,1.579731583595275879e+00,1.494840979576110840e+00,-3.430620431900024414e-01,5.862438678741455078e-01,4.722717404365539551e-01,9.077157974243164062e-01
3.463582098484039307e-01,4.801839590072631836e-02,1.216158643364906311e-01,3.582773357629776001e-02,7.246969640254974365e-02,-1.255279541015625000e+00,-7.200217247009277344e-01,-7.168440222740173340e-01,1.061871349811553955e-01,2.147469073534011841e-01,1.024400472640991211e+00,3.064247667789459229e-01,1.410694956779479980e+00,-1.865946054458618164e-01,3.096797764301300049e-01,-9.419117569923400879e-01,-2.565593123435974121e-01,-1.402984976768493652e+00,-2.871485948562622070e-01,6.997062563896179199e-01,-2.882217764854431152e-01,-7.460314035415649414e-01,-1.022938132286071777e+00,4.163446128368377686e-01,1.416977196931838989e-01,4.234139621257781982e-01,-3.353027701377868652e-01,-1.192824915051460266e-01,9.882031679153442383e-01,-3.570572137832641602e-01,9.646135568618774414e-02,6.293262839317321777e-01,-9.158670902252197266e-01,-1.188666343688964844e+00,-1.741720438003540039e-01,-9.956081211566925049e-02,8.236370682716369629e-01,3.417514562606811523e-01,-6.768537163734436035e-01,4.899944961071014404e-01,-4.208647608757019043e-01,-2.903903722763061523e-01,-3.236598372459411621e-01,5.048450231552124023e-01,8.046901226043701172e-01,7.945594191551208496e-02,-6.788108348846435547e-01,8.695474267005920410e-02,-3.194106221199035645e-01,7.636421918869018555e-01,5.092024207115173340e-01,-1.014006789773702621e-02,9.166558980941772461e-01,1.242701150476932526e-02,-4.958054125308990479e-01,-1.311803460121154785e-01,-4.621165394783020020e-01,3.994316458702087402e-01,1.120644927024841309e+00,8.386152386665344238e-01,1.230028510093688965e+00,1.627365708351135254e+00,9.384527206420898438e-01,-6.726710796356201172e-01,-2.653223276138305664e-01,1.237948238849639893e-01,2.131604552268981934e-01,2.200117856264114380e-01,1.005560159683227539e-01,-1.024296760559082031e+00,1.470028460025787354e-01,9.719489216804504395e-01,-5.628362894058227539e-01,1.463629007339477539e+00,1.558840513229370117e+00,3.983128070831298828e-01,1.330571651458740234e+00,6.349786520004272461e-01,2.441389858722686768e-01,1.662169218063354492e+00,1.333831906318664551e+00,-9.940580278635025024e-02,1.461247444152832031e+00,1.858560204505920410e+00,1.045306563377380371e+00,1.318327546119689941e+00,1.163033127784729004e+00,1.643257617950439453e+00,3.122846782207489014e-01,1.072006940841674805e+00,1.966214299201965332e+00,1.502893567085266113e+00,3.823956549167633057e-01,2.547150552272796631e-01,9.385727047920227051e-01,1.381539106369018555e+00,4.417429864406585693e-01,1.292472124099731445e+00,-4.928416907787322998e-01,7.816290259361267090e-01
5.893697738647460938e-01,-8.689166903495788574e-01,1.902241259813308716e-01,-6.113306283950805664e-01,-6.603437662124633789e-01,1.888747215270996094e-01,9.771879017353057861e-02,-6.829597353935241699e-01,-6.465029120445251465e-01,6.188906431198120117e-01,7.112897038459777832e-01,7.254298329353332520e-01,1.585771560668945312e+00,8.635632395744323730e-01,7.011203169822692871e-01,-5.630229711532592773e-01,-5.304810404777526855e-01,-5.252370834350585938e-01,6.751621514558792114e-02,-5.486315488815307617e-01,3.247551321983337402e-01,-3.966242969036102295e-01,8.479303121566772461e-02,-1.457265019416809082e-01,6.379949450492858887e-01,2.044003903865814209e-01,7.038915157318115234e-02,2.419922351837158203e-01,3.223201930522918701e-01,1.996218785643577576e-02,7.884625792503356934e-01,1.033706903457641602e+00,-4.631730616092681885e-01,-5.009897351264953613e-01,-3.158669173717498779e-01,3.509230613708496094e-01,5.271269083023071289e-01,6.187087297439575195e-01,-4.122290015220642090e-01,2.724888324737548828e-01,3.479763492941856384e-02,4.057666659355163574e-01,4.434056580066680908e-01,1.347340703010559082e+00,1.174766659736633301e+00,3.695116043090820312e-01,3.123743832111358643e-01,-3.008937537670135498e-01,3.790863752365112305e-01,8.566091060638427734e-01,7.046984434127807617e-01,-2.826379835605621338e-01,-4.685826301574707031e-01,-1.016862630844116211e+00,-6.589343547821044922e-01,5.016492605209350586e-01,-5.906792879104614258e-01,-4.558112621307373047e-01,9.313053488731384277e-01,8.951999545097351074e-01,1.087653517723083496e+00,1.811622381210327148e+00,1.536789655685424805e+00,4.595426619052886963e-01,3.529732227325439453e-01,6.713512539863586426e-01,2.049981951713562012e-01,-4.576027859002351761e-03,-3.629910647869110107e-01,-4.800676405429840088e-01,-7.904251813888549805e-01,-1.424153614789247513e-02,2.093809992074966431e-01,7.778443098068237305e-01,7.542428970336914062e-01,7.359750866889953613e-01,1.127928376197814941e+00,3.551511466503143311e-02,1.274224042892456055e+00,5.672677755355834961e-01,1.017984747886657715e+00,1.396672487258911133e+00,1.095809936523437500e+00,-3.234164416790008545e-01,6.451403498649597168e-01,9.983175396919250488e-01,9.076611995697021484e-01,-1.885181963443756104e-01,5.442128181457519531e-01,1.280237078666687012e+00,-5.867339372634887695e-01,7.248274087905883789e-01,7.792716026306152344e-01,1.531807661056518555e+00,8.457757830619812012e-01,1.224482297897338867e+00,-3.934143185615539551e-01,1.323638677597045898e+00,3.835510089993476868e-02,7.275686860084533691e-01
2.414877563714981079e-01,-1.195701360702514648e-01,3.026902973651885986e-01,-2.561228536069393158e-02,2.110154926776885986e-01,5.314599275588989258e-01,3.665181696414947510e-01,-2.519222535192966461e-02,-1.291502732783555984e-02,9.150852560997009277e-01,1.582637548446655273e+00,1.216965436935424805e+00,1.965256571769714355e+00,1.419527411460876465e+00,7.747023701667785645e-01,-8.937355875968933105e-01,1.236014291644096375e-01,1.164043620228767395e-01,7.073380351066589355e-01,-1.486644446849822998e-01,-2.052493244409561157e-01,1.879394948482513428e-01,1.476556897163391113e+00,3.969026207923889160e-01,7.774462699890136719e-01,7.525901794433593750e-01,6.877065896987915039e-01,6.297262310981750488e-01,8.340256214141845703e-01,1.314844846725463867e+00,2.088324129581451416e-01,2.156559228897094727e+00,1.856935739517211914e+00,4.069856703281402588e-01,-2.275440692901611328e-01,7.369475364685058594e-01,7.513586282730102539e-01,1.080076456069946289e+00,-4.803981184959411621e-01,3.671925067901611328e-01,-4.666029810905456543e-01,3.238676786422729492e-01,2.575629949569702148e-01,8.726029992103576660e-01,3.938967585563659668e-01,-4.014266654849052429e-03,-3.240884244441986084e-01,3.880208730697631836e-01,7.827659845352172852e-01,9.745519161224365234e-01,4.836880266666412354e-01,3.114532828330993652e-01,4.273551329970359802e-02,-5.974391698837280273e-01,-1.021230444312095642e-01,1.306749343872070312e+00,3.106733039021492004e-02,-2.770940959453582764e-01,1.110811352729797363e+00,9.287481307983398438e-01,1.596865415573120117e+00,1.629957437515258789e+00,1.883976936340332031e+00,8.471812605857849121e-01,1.419791698455810547e+00,8.923646807670593262e-01,5.360665917396545410e-01,3.412085473537445068e-01,1.202103018760681152e+00,2.257359325885772705e-01,-4.685359597206115723e-01,3.354313373565673828e-01,1.043004631996154785e+00,9.659599065780639648e-01,8.669771552085876465e-01,1.370936632156372070e+00,1.080170631408691406e+00,1.065899968147277832e+00,3.908944725990295410e-01,1.027962684631347656e+00,3.264498114585876465e-01,7.416537404060363770e-01,1.236074090003967285e+00,1.915040165185928345e-01,1.080070734024047852e+00,3.600424230098724365e-01,1.026987075805664062e+00,9.857416749000549316e-01,1.427671313285827637e+00,-4.368040561676025391e-01,6.132376790046691895e-01,1.311118483543395996e+00,1.190842151641845703e+00,5.775089263916015625e-01,8.042601943016052246e-01,8.004060387611389160e-01,-3.384990096092224121e-01,1.234178185462951660e+00,8.868656158447265625e-01,1.018405914306640625e+00
1.386067718267440796e-01,1.124755218625068665e-01,1.823299974203109741e-01,1.466014795005321503e-02,2.785318195819854736e-01,5.504399538040161133e-01,1.457056999206542969e-01,-4.556404352188110352e-01,-4.639946296811103821e-02,6.890936493873596191e-01,3.280064463615417480e-01,9.533214569091796875e-01,2.118311643600463867e+00,1.167312860488891602e+00,3.652104139328002930e-01,-5.248977541923522949e-01,1.191354274749755859e+00,-2.719187438488006592e-01,8.948388099670410156e-01,6.682958602905273438e-01,5.353236198425292969e-01,4.477312266826629639e-01,5.373052954673767090e-01,3.506813645362854004e-01,8.969485163688659668e-01,6.765786558389663696e-02,2.895880043506622314e-01,7.763787508010864258e-01,1.394116997718811035e+00,-2.411358952522277832e-01,4.639521539211273193e-01,2.311282157897949219e-01,1.718807220458984375e+00,1.226951122283935547e+00,-1.997813135385513306e-01,6.845422983169555664e-01,1.255185842514038086e+00,9.968997836112976074e-01,-1.212531793862581253e-02,1.934791952371597290e-01,-8.704897016286849976e-02,3.856026232242584229e-01,2.808904647827148438e-01,6.730553507804870605e-01,-3.324858248233795166e-01,-7.244258522987365723e-01,4.385665357112884521e-01,2.202140837907791138e-01,3.618108928203582764e-01,5.215793251991271973e-01,2.958042919635772705e-01,-4.531661793589591980e-02,1.520567685365676880e-01,-5.980047583580017090e-01,2.784277200698852539e-01,-3.219414502382278442e-02,-5.571585893630981445e-01,2.566996030509471893e-02,4.681553542613983154e-01,3.803254663944244385e-01,6.155390739440917969e-01,1.319771885871887207e+00,1.333689808845520020e+00,4.483557343482971191e-01,3.377811014652252197e-01,3.209920227527618408e-01,2.398709058761596680e-01,8.791409730911254883e-01,1.814577460289001465e+00,-2.944980561733245850e-01,7.048515677452087402e-01,4.044812321662902832e-01,5.253075361251831055e-01,4.101053774356842041e-01,6.708543896675109863e-01,7.731977105140686035e-01,9.726971387863159180e-01,4.162893816828727722e-02,9.242936372756958008e-01,3.567224740982055664e-01,-5.428769588470458984e-01,8.460786342620849609e-01,1.087033033370971680e+00,-5.864869430661201477e-02,-2.348850518465042114e-01,1.572131991386413574e+00,1.314667224884033203e+00,8.465662002563476562e-01,1.640558242797851562e+00,-2.293909043073654175e-01,-2.873220145702362061e-01,1.140890836715698242e+00,6.075288057327270508e-01,1.112103581428527832e+00,-5.866771340370178223e-01,-8.463102579116821289e-02,-8.275786638259887695e-01,9.377514719963073730e-01,3.874804824590682983e-02,6.972406506538391113e-01
-8.368471264839172363e-02,-3.650551736354827881e-01,-2.873349748551845551e-02,-3.946207463741302490e-01,2.986817359924316406e-01,2.300637066364288330e-01,-9.005905985832214355e-01,-5.667808651924133301e-01,-3.504592776298522949e-01,9.157689288258552551e-03,-7.028876338154077530e-03,1.827541440725326538e-01,6.335411071777343750e-01,5.229900479316711426e-01,-6.649645566940307617e-01,-1.527200460433959961e+00,9.008223414421081543e-01,-4.371816813945770264e-01,6.366573572158813477e-01,9.230307489633560181e-02,-7.610850930213928223e-01,1.035644531250000000e+00,-2.278605401515960693e-01,7.264744490385055542e-02,2.272347733378410339e-02,-7.831282168626785278e-02,-7.111899852752685547e-01,1.263047456741333008e-01,1.229880079627037048e-01,-1.065485596656799316e+00,1.769374012947082520e-01,-2.497828602790832520e-01,4.131527245044708252e-01,1.272003412246704102e+00,4.080311357975006104e-01,7.366548776626586914e-01,1.070057868957519531e+00,1.444082111120223999e-01,-4.584388732910156250e-01,-1.904051005840301514e-01,-4.438070654869079590e-01,-5.194031000137329102e-01,2.992020249366760254e-01,7.508102059364318848e-02,-9.339560866355895996e-01,-7.621799111366271973e-01,8.771330863237380981e-02,4.013295844197273254e-02,1.215911388397216797e+00,7.526010870933532715e-01,3.371979296207427979e-01,-5.641962960362434387e-02,-3.548068404197692871e-01,-8.079128265380859375e-01,-7.961387187242507935e-02,5.106069445610046387e-01,-3.796080946922302246e-01,-6.099783778190612793e-01,2.511534467339515686e-02,2.082908600568771362e-01,-2.833574712276458740e-01,6.450073719024658203e-01,-7.048122286796569824e-01,-6.243502497673034668e-01,-4.216668605804443359e-01,-8.888914585113525391e-01,-2.704532146453857422e-01,2.296622246503829956e-01,1.052900791168212891e+00,-2.980794310569763184e-01,-3.465677499771118164e-01,5.359277129173278809e-01,2.310706228017807007e-01,-5.428424850106239319e-02,4.045056700706481934e-01,2.826375663280487061e-01,6.473118066787719727e-02,-7.470883131027221680e-01,1.101223602890968323e-01,-2.072574198246002197e-01,-7.725496292114257812e-01,5.392172336578369141e-01,2.191731631755828857e-01,-6.458428502082824707e-01,-4.681830406188964844e-01,8.464137315750122070e-01,9.928795099258422852e-01,8.552737534046173096e-02,1.167581558227539062e+00,-6.221850514411926270e-01,-3.628078401088714600e-01,3.832177519798278809e-01,1.312102973461151123e-01,-2.319949418306350708e-01,-7.265679836273193359e-01,-7.181930541992187500e-01,-1.334355115890502930e+00,8.060164004564285278e-02,6.210792660713195801e-01,9.251357316970825195e-01
1.842799186706542969e-01,-9.659916758537292480e-01,-9.018364548683166504e-02,-5.255061388015747070e-01,-8.899881690740585327e-02,3.188405334949493408e-01,-6.726891994476318359e-01,-1.050383210182189941e+00,-1.021010875701904297e+00,1.062399893999099731e-01,-1.484210044145584106e-01,2.124206721782684326e-01,-1.659085750579833984e-01,5.365378037095069885e-02,1.291126459836959839e-01,-1.150077104568481445e+00,6.345786452293395996e-01,-4.490130245685577393e-01,5.176907181739807129e-01,-5.260330438613891602e-01,-1.716144233942031860e-01,1.851950585842132568e-01,5.835191607475280762e-01,-2.008742094039916992e-01,6.747538447380065918e-01,-1.682931780815124512e-01,-3.144150674343109131e-01,1.382881216704845428e-02,4.185020327568054199e-01,-3.387152031064033508e-02,1.943291723728179932e-01,3.854221478104591370e-02,-4.442069679498672485e-02,6.520342826843261719e-01,-4.854118227958679199e-01,-6.054497323930263519e-03,7.829271554946899414e-01,4.056997001171112061e-01,-9.369274973869323730e-02,-1.066495105624198914e-01,-3.661984503269195557e-01,1.324644833803176880e-01,4.704632461071014404e-01,-5.571717619895935059e-01,-9.387124776840209961e-01,-3.897488117218017578e-01,3.831200897693634033e-01,2.824822366237640381e-01,2.672829329967498779e-01,2.262195199728012085e-01,5.334464311599731445e-01,-4.259266257286071777e-01,-7.248564958572387695e-01,-1.198130369186401367e+00,-2.024353444576263428e-01,1.148470044136047363e-01,-8.256176114082336426e-01,-1.043007969856262207e+00,-5.090619325637817383e-01,-2.536156475543975830e-01,-1.099541664123535156e+00,-5.805909633636474609e-01,-5.802719593048095703e-01,-5.178409814834594727e-01,4.493918418884277344e-01,2.697002887725830078e-01,-4.406571686267852783e-01,1.501933857798576355e-02,2.186328917741775513e-01,-4.960460364818572998e-01,-8.691970109939575195e-01,-4.475294947624206543e-01,3.100760579109191895e-01,-4.562065303325653076e-01,-5.808749198913574219e-01,3.235593140125274658e-01,5.253849029541015625e-01,1.002941355109214783e-01,4.999552667140960693e-01,-7.761392593383789062e-01,-1.672520488500595093e-01,2.807900309562683105e-02,-8.529990166425704956e-02,-1.635233163833618164e+00,-1.346696972846984863e+00,-5.024740099906921387e-01,9.696896076202392578e-01,-1.311161756515502930e+00,3.687132894992828369e-01,-6.322615742683410645e-01,-6.638658642768859863e-01,-8.433903455734252930e-01,-4.313469678163528442e-02,5.350292325019836426e-01,-9.590015411376953125e-01,-1.780820965766906738e+00,-1.211708188056945801e+00,7.692958414554595947e-02,-1.108966395258903503e-01,2.015729993581771851e-01
4.370695352554321289e-01,-5.037173032760620117e-01,1.606680303812026978e-01,-9.623392820358276367e-01,-3.847866058349609375e-01,-3.179742097854614258e-01,1.733708679676055908e-01,-1.522729992866516113e-01,-3.098493218421936035e-01,2.599236369132995605e-01,4.939298331737518311e-01,3.993614017963409424e-01,-2.757731080055236816e-01,3.858715295791625977e-01,2.756414711475372314e-01,-1.277692556381225586e+00,1.147465780377388000e-01,6.395875662565231323e-02,1.474469155073165894e-01,-1.127343058586120605e+00,-9.967204928398132324e-01,2.829789221286773682e-01,5.880557298660278320e-01,1.749973595142364502e-01,4.070257544517517090e-01,4.696928337216377258e-02,3.236984834074974060e-03,-2.691705226898193359e-01,-5.176623463630676270e-01,-7.083672285079956055e-01,7.021590471267700195e-01,5.918383002281188965e-01,2.319855690002441406e-01,1.171747520565986633e-01,3.890860974788665771e-01,2.947863340377807617e-01,1.704343259334564209e-01,4.249606430530548096e-01,-9.116902947425842285e-01,8.531960844993591309e-02,2.882971167564392090e-01,2.861493825912475586e-01,6.289798617362976074e-01,-6.474936008453369141e-01,6.112323328852653503e-02,1.308783739805221558e-01,5.283386707305908203e-01,-6.368176639080047607e-02,5.041255354881286621e-01,4.095470011234283447e-01,6.096572279930114746e-01,2.296469956636428833e-01,-4.342921376228332520e-01,-1.019769072532653809e+00,-7.715243697166442871e-01,8.046686649322509766e-01,6.266800686717033386e-03,-8.753721714019775391e-01,1.461961120367050171e-01,2.810171842575073242e-01,-4.108975827693939209e-01,-6.240868568420410156e-01,-5.228345990180969238e-01,-2.957246005535125732e-01,2.393877804279327393e-01,2.995015978813171387e-01,3.786554336547851562e-01,-3.303574919700622559e-01,4.695591330528259277e-01,5.157159641385078430e-02,-1.398663640022277832e+00,-3.474071994423866272e-02,3.236796259880065918e-01,3.519198894500732422e-01,-7.587546110153198242e-02,1.756321787834167480e-01,-7.525370121002197266e-01,-4.444541633129119873e-01,1.769165843725204468e-01,6.953315734863281250e-01,4.170289337635040283e-01,6.667020320892333984e-01,1.217194572091102600e-01,3.030968308448791504e-01,-6.011561155319213867e-01,-1.685548871755599976e-01,-1.004019528627395630e-01,-1.195206403732299805e+00,2.713375985622406006e-01,3.873473703861236572e-01,-5.133091807365417480e-01,-1.439930498600006104e-01,5.093200206756591797e-01,1.193722151219844818e-02,-3.206242918968200684e-01,-1.777980804443359375e+00,-4.256730973720550537e-01,2.683355510234832764e-01,6.630734205245971680e-01,5.930652618408203125e-01
1.189893364906311035e+00,6.745358705520629883e-01,6.412722468376159668e-01,-7.315585613250732422e-01,1.567843556404113770e-01,5.101960301399230957e-01,5.061891674995422363e-01,5.521369576454162598e-01,1.394210606813430786e-01,4.620764851570129395e-01,4.402357339859008789e-01,5.045112371444702148e-01,2.691940367221832275e-01,6.639580428600311279e-02,-6.172421202063560486e-02,1.866113394498825073e-01,8.071615099906921387e-01,6.934216618537902832e-01,4.897415041923522949e-01,-1.486837267875671387e-01,4.792335927486419678e-01,1.256085038185119629e+00,1.869946345686912537e-02,5.977768301963806152e-01,6.697329282760620117e-01,5.707884430885314941e-01,-4.445052146911621094e-01,3.413104116916656494e-01,1.161740779876708984e+00,-4.090261459350585938e-01,1.329966902732849121e+00,5.200786590576171875e-01,7.013552188873291016e-01,1.229045867919921875e+00,1.391397476196289062e+00,4.087608754634857178e-01,1.559568285942077637e+00,7.457755804061889648e-01,2.956222593784332275e-01,4.513525962829589844e-01,1.205403208732604980e+00,9.345372319221496582e-01,1.175063133239746094e+00,-7.163178920745849609e-02,-5.454486235976219177e-02,-4.047442600131034851e-02,6.953169703483581543e-01,5.865480303764343262e-01,9.029148221015930176e-01,5.581914782524108887e-01,9.470994472503662109e-01,7.492707371711730957e-01,2.208465635776519775e-01,-7.442852854728698730e-01,6.353799253702163696e-02,3.481569588184356689e-01,1.061035990715026855e+00,6.283393502235412598e-02,1.806798726320266724e-01,2.351222783327102661e-01,9.470141679048538208e-02,9.651536345481872559e-01,1.599600166082382202e-02,-6.631058454513549805e-01,-4.277226626873016357e-01,-9.604021906852722168e-02,1.371206641197204590e+00,4.354475438594818115e-01,1.647751331329345703e+00,8.745132088661193848e-01,5.224156379699707031e-02,1.368158578872680664e+00,1.840764284133911133e-02,7.928545475006103516e-01,-7.130488753318786621e-02,3.399164676666259766e-01,1.015785336494445801e+00,-4.557887837290763855e-02,1.296320676803588867e+00,2.158508002758026123e-01,-1.258480399847030640e-01,4.545619487762451172e-01,6.858457922935485840e-01,7.984520196914672852e-01,-1.678808450698852539e+00,3.707609176635742188e-01,1.544362425804138184e+00,-6.020779013633728027e-01,5.682671070098876953e-01,4.864241778850555420e-01,-2.240920811891555786e-02,2.592679262161254883e-01,9.170332551002502441e-01,9.817176461219787598e-01,-1.698909513652324677e-02,-1.209206581115722656e+00,-9.567725062370300293e-01,-4.398664832115173340e-01,1.078316450119018555e+00,4.642673730850219727e-01
2.105345726013183594e+00,1.083658456802368164e+00,1.042098045349121094e+00,-1.148255467414855957e-01,1.103130340576171875e+00,1.449194550514221191e+00,-2.170316874980926514e-01,6.163402795791625977e-01,4.956976771354675293e-01,1.212952971458435059e+00,1.249673604965209961e+00,8.200716376304626465e-01,4.580075442790985107e-01,2.751024365425109863e-01,7.059375643730163574e-01,1.022347688674926758e+00,6.699209213256835938e-01,9.538561701774597168e-01,2.086784392595291138e-01,5.545511469244956970e-02,-1.073832273483276367e+00,1.522013902664184570e+00,1.957911372184753418e+00,9.226205945014953613e-01,8.489671349525451660e-01,5.990021824836730957e-01,4.195865392684936523e-01,4.897604286670684814e-01,-6.248307824134826660e-01,1.313591480255126953e+00,8.241484761238098145e-01,3.357478976249694824e-01,2.076858997344970703e+00,8.339516520500183105e-01,1.468749046325683594e+00,1.247153282165527344e+00,5.655564069747924805e-01,1.221475124359130859e+00,1.365259885787963867e+00,5.233511328697204590e-01,1.034452080726623535e+00,7.222864627838134766e-01,1.536646008491516113e+00,2.882383950054645538e-02,-3.259266614913940430e-01,1.065738081932067871e+00,1.230577588081359863e+00,1.565150856971740723e+00,1.533408403396606445e+00,3.826214969158172607e-01,1.299111485481262207e+00,1.200584053993225098e+00,1.259746432304382324e+00,2.025241553783416748e-01,5.227898955345153809e-01,8.476901054382324219e-01,8.455380797386169434e-01,7.226491719484329224e-02,4.990068972110748291e-01,8.533849716186523438e-01,2.936309278011322021e-01,-1.089427694678306580e-01,5.904006958007812500e-01,5.053897500038146973e-01,1.346964359283447266e+00,8.958688974380493164e-01,6.422282457351684570e-01,7.221741676330566406e-01,7.150917053222656250e-01,1.274909377098083496e+00,-6.254031062126159668e-01,6.056249141693115234e-01,1.022171258926391602e+00,7.183742523193359375e-01,2.591103911399841309e-01,6.910845041275024414e-01,-7.520675659179687500e-02,7.970979809761047363e-01,3.614113330841064453e-01,6.109371185302734375e-01,-9.547146558761596680e-01,3.344663679599761963e-01,1.614795565605163574e+00,7.051987051963806152e-01,-1.094618797302246094e+00,-3.353150486946105957e-01,3.023178577423095703e-01,-5.995623469352722168e-01,8.929159045219421387e-01,-4.610694348812103271e-01,5.472411513328552246e-01,9.409306645393371582e-01,5.514138936996459961e-01,7.097418308258056641e-01,-2.279619574546813965e-01,-5.844338536262512207e-01,-5.105855464935302734e-01,-2.230774462223052979e-01,1.356882214546203613e+00,4.517841339111328125e-02
7.918723821640014648e-01,1.565010428428649902e+00,9.340768456459045410e-01,5.226576328277587891e-01,1.331186413764953613e+00,8.794202208518981934e-01,1.847241401672363281e+00,1.620522975921630859e+00,1.551306366920471191e+00,1.192478656768798828e+00,1.548819780349731445e+00,1.296884775161743164e+00,8.218977451324462891e-01,1.400339841842651367e+00,1.240492582321166992e+00,1.764123439788818359e+00,1.493654012680053711e+00,2.412844896316528320e+00,1.214782953262329102e+00,1.509455084800720215e+00,1.265481233596801758e+00,1.914834856986999512e+00,2.081799983978271484e+00,1.400940179824829102e+00,5.994024872779846191e-01,1.363904237747192383e+00,1.094742178916931152e+00,8.162354230880737305e-01,7.294984459877014160e-01,2.108746767044067383e+00,6.015287041664123535e-01,-3.936058878898620605e-01,1.400244712829589844e+00,1.751433849334716797e+00,1.755543708801269531e+00,1.178925871849060059e+00,8.690663576126098633e-01,6.998193860054016113e-01,9.429423809051513672e-01,1.240828633308410645e+00,1.056479573249816895e+00,1.815386414527893066e-01,1.216447830200195312e+00,-5.179200172424316406e-01,5.890806913375854492e-01,8.331096768379211426e-01,1.631694674491882324e+00,1.833083152770996094e+00,1.585536122322082520e+00,7.963140010833740234e-01,8.207687139511108398e-01,1.583572149276733398e+00,1.382338404655456543e+00,5.729308128356933594e-01,1.299952626228332520e+00,1.257585048675537109e+00,1.645501852035522461e+00,1.018546342849731445e+00,8.196372985839843750e-01,1.288050293922424316e+00,7.643526792526245117e-01,3.425967395305633545e-01,1.311548590660095215e+00,1.279402613639831543e+00,1.505230903625488281e+00,1.447828769683837891e+00,1.190172076225280762e+00,1.424164056777954102e+00,9.316290020942687988e-01,2.101267099380493164e+00,1.479607820510864258e+00,1.217183828353881836e+00,1.909971356391906738e+00,1.322518467903137207e+00,1.103391647338867188e+00,8.215755820274353027e-01,1.486099362373352051e-01,1.629298925399780273e+00,5.789129436016082764e-02,8.137110471725463867e-01,4.744470864534378052e-02,-1.366306934505701065e-02,1.098656535148620605e+00,5.343443155288696289e-01,2.267986088991165161e-01,3.959868252277374268e-01,4.384649991989135742e-01,-5.048437118530273438e-01,8.061771988868713379e-01,-3.017785251140594482e-01,-5.009564757347106934e-01,5.553168058395385742e-01,3.536494076251983643e-01,-4.143397137522697449e-02,3.244079649448394775e-01,-4.444952011108398438e-01,2.753305137157440186e-01,4.126473665237426758e-01,1.419600009918212891e+00,8.059076070785522461e-01
1.727685093879699707e+00,2.313030242919921875e+00,1.534348607063293457e+00,2.185884475708007812e+00,2.192127466201782227e+00,9.963323473930358887e-01,2.292356252670288086e+00,2.550837993621826172e+00,2.317467927932739258e+00,1.610278010368347168e+00,1.976254582405090332e+00,1.522475242614746094e+00,1.944757938385009766e+00,1.444026708602905273e+00,9.886196255683898926e-01,1.953667521476745605e+00,1.894263863563537598e+00,2.436218261718750000e+00,1.248242259025573730e+00,1.805646300315856934e+00,1.732866048812866211e+00,2.060008764266967773e+00,1.258322715759277344e+00,1.877631306648254395e+00,8.894604444503784180e-01,1.560158133506774902e+00,1.415081501007080078e+00,1.426740407943725586e+00,1.707080245018005371e+00,1.301118850708007812e+00,9.867792725563049316e-01,4.739245176315307617e-01,1.346584320068359375e+00,1.951720118522644043e+00,1.813077211380004883e+00,1.788692355155944824e+00,1.929943203926086426e+00,9.464212059974670410e-01,1.625747442245483398e+00,2.562284708023071289e+00,1.830589771270751953e+00,7.839747667312622070e-01,1.402205705642700195e+00,8.578166961669921875e-01,6.945839524269104004e-01,9.226510524749755859e-01,1.462550997734069824e+00,1.174233794212341309e+00,1.297841548919677734e+00,1.307119011878967285e+00,1.824965238571166992e+00,2.192720413208007812e+00,1.889642834663391113e+00,1.682438254356384277e+00,1.788618087768554688e+00,9.084624052047729492e-01,2.566721439361572266e+00,2.426592350006103516e+00,1.340503811836242676e+00,1.632600545883178711e+00,1.355126500129699707e+00,1.863111734390258789e+00,1.867950081825256348e+00,2.294332504272460938e+00,1.004101634025573730e+00,1.256926774978637695e+00,2.590940713882446289e+00,1.206123113632202148e+00,8.201825618743896484e-01,1.838147282600402832e+00,2.235490083694458008e+00,1.879846811294555664e+00,1.381191611289978027e+00,2.164352416992187500e+00,1.273620963096618652e+00,1.148121118545532227e+00,1.345840215682983398e+00,1.389623403549194336e+00,9.538124799728393555e-01,7.492232918739318848e-01,1.059640526771545410e+00,-3.549609705805778503e-02,1.043971419334411621e+00,1.005325436592102051e+00,1.733297556638717651e-01,1.274605989456176758e+00,1.504128813743591309e+00,1.392238587141036987e-01,1.755816698074340820e+00,1.050873398780822754e+00,1.068448945879936218e-01,1.041181802749633789e+00,1.129706621170043945e+00,4.585712850093841553e-01,4.994584619998931885e-01,-1.377892866730690002e-02,3.572670221328735352e-01,4.885212481021881104e-01,1.276122927665710449e+00,1.460660696029663086e+00
1.628423213958740234e+00,1.943360686302185059e+00,2.216679096221923828e+00,2.563978910446166992e+00,2.707693338394165039e+00,2.142220973968505859e+00,1.160665154457092285e+00,1.538228392601013184e+00,2.673354864120483398e+00,1.014650344848632812e+00,3.433210253715515137e-01,6.696317791938781738e-01,1.257974982261657715e+00,1.231590032577514648e+00,1.481672167778015137e+00,1.331449389457702637e+00,9.177604317665100098e-01,9.411859512329101562e-01,8.031575083732604980e-01,1.501298785209655762e+00,3.004844784736633301e-01,1.551856875419616699e+00,1.531954526901245117e+00,7.581779956817626953e-01,9.145743250846862793e-01,4.479686915874481201e-01,9.804094433784484863e-01,6.865274310111999512e-01,7.786149382591247559e-01,1.140596032142639160e+00,1.176324486732482910e+00,6.004508733749389648e-01,3.396178483963012695e-01,1.115673780441284180e+00,1.199735522270202637e+00,1.895752668380737305e+00,1.011977434158325195e+00,1.117882490158081055e+00,9.189145565032958984e-01,1.259596824645996094e+00,1.495164036750793457e+00,9.530546069145202637e-01,1.234137654304504395e+00,8.747152686119079590e-01,1.610377550125122070e+00,8.062704801559448242e-01,1.963060021400451660e+00,9.126455187797546387e-01,1.188766717910766602e+00,1.053625106811523438e+00,1.829675197601318359e+00,2.056464195251464844e+00,1.419505834579467773e+00,2.031399965286254883e+00,2.172849178314208984e+00,1.622239708900451660e+00,1.513365626335144043e+00,2.527886867523193359e+00,1.008998990058898926e+00,6.654225587844848633e-01,8.836982846260070801e-01,1.696559548377990723e+00,1.994652032852172852e+00,1.786633849143981934e+00,1.481692314147949219e+00,1.643661499023437500e+00,1.736886143684387207e+00,4.474765956401824951e-01,6.298235058784484863e-01,9.798879027366638184e-01,1.187810063362121582e+00,8.370859026908874512e-01,7.955716848373413086e-01,1.536396503448486328e+00,6.480603814125061035e-01,6.125740408897399902e-01,9.397138953208923340e-01,7.917398214340209961e-01,9.921940565109252930e-01,-2.077356446534395218e-03,8.331454992294311523e-01,8.807103037834167480e-01,9.686205983161926270e-01,-3.593411147594451904e-01,-1.614267975091934204e-01,1.243946075439453125e+00,1.062671661376953125e+00,-4.649825394153594971e-01,1.859637737274169922e+00,1.601351618766784668e+00,-5.089103579521179199e-01,2.435096800327301025e-01,1.229813337326049805e+00,8.445007205009460449e-01,4.982321262359619141e-01,-5.627099275588989258e-01,-1.086402833461761475e-01,2.025139182806015015e-01,1.229977130889892578e+00,1.019336700439453125e+00
-2.683667466044425964e-02,9.124360680580139160e-01,1.105063557624816895e+00,1.728866100311279297e+00,1.934687733650207520e+00,1.147187948226928711e+00,6.372806429862976074e-01,5.008685588836669922e-01,2.092262268066406250e+00,1.306149125099182129e+00,1.139492511749267578e+00,1.063891649246215820e+00,6.678984761238098145e-01,2.705069482326507568e-01,6.389461755752563477e-01,-2.915339469909667969e-01,2.387724220752716064e-01,8.263147473335266113e-01,5.261219143867492676e-01,1.355950832366943359e+00,-2.493314146995544434e-01,8.586611151695251465e-01,1.028249263763427734e+00,1.191571116447448730e+00,9.506803750991821289e-01,1.072354078292846680e+00,1.147388935089111328e+00,1.050773978233337402e+00,2.122294753789901733e-01,5.739511251449584961e-01,7.480279207229614258e-01,1.300214529037475586e+00,1.207002401351928711e+00,9.095867276191711426e-01,1.031936645507812500e+00,1.747390031814575195e+00,1.751676321029663086e+00,8.503279685974121094e-01,4.424309134483337402e-01,1.220873951911926270e+00,1.279865026473999023e+00,9.217365980148315430e-01,1.347991585731506348e+00,1.279960274696350098e+00,1.354473233222961426e+00,1.020718574523925781e+00,8.285020589828491211e-01,9.711899757385253906e-01,1.298762917518615723e+00,2.359143495559692383e+00,7.368381023406982422e-01,1.074263572692871094e+00,9.789959192276000977e-01,1.380796551704406738e+00,1.304795980453491211e+00,1.937236905097961426e+00,3.094466030597686768e-01,1.097029805183410645e+00,1.362983584403991699e+00,9.477937817573547363e-01,1.235276341438293457e+00,5.473991632461547852e-01,6.106272935867309570e-01,1.670889258384704590e-01,5.060792565345764160e-01,7.335587143898010254e-01,5.555043220520019531e-01,4.017163217067718506e-01,1.222440958023071289e+00,6.829379796981811523e-01,7.542798519134521484e-01,2.084802687168121338e-01,7.226070165634155273e-01,1.403326392173767090e+00,6.697362661361694336e-01,1.162127852439880371e+00,7.970582246780395508e-01,4.827170670032501221e-01,6.596056818962097168e-01,7.106950879096984863e-01,1.412203788757324219e+00,8.601320385932922363e-01,1.741524457931518555e+00,1.678370982408523560e-01,1.019875764846801758e+00,4.556615278124809265e-02,1.737079143524169922e+00,1.057578921318054199e+00,1.824335575103759766e+00,1.611400961875915527e+00,1.103819489479064941e+00,4.839761555194854736e-01,1.338736891746520996e+00,1.229139924049377441e+00,7.289159297943115234e-01,5.709235668182373047e-01,2.527930140495300293e-01,5.532412528991699219e-01,1.316989421844482422e+00,2.107240200042724609e+00
3.667608499526977539e-01,7.736008763313293457e-01,3.185218572616577148e-01,1.099167346954345703e+00,1.252309679985046387e+00,1.618419885635375977e-01,7.384893894195556641e-01,8.668482303619384766e-01,8.073561787605285645e-01,5.288250446319580078e-01,5.723879337310791016e-01,8.718494176864624023e-01,1.469723939895629883e+00,1.071344852447509766e+00,9.393620491027832031e-01,-5.133947134017944336e-01,1.055772662162780762e+00,7.640916109085083008e-01,7.109229564666748047e-01,7.970612645149230957e-01,1.162983894348144531e+00,1.175307989120483398e+00,1.113484859466552734e+00,9.213061332702636719e-01,6.150891184806823730e-01,8.554347157478332520e-01,5.147416591644287109e-01,3.949480056762695312e-01,1.252499580383300781e+00,7.175382375717163086e-01,2.695927321910858154e-01,1.275931358337402344e+00,1.537704944610595703e+00,1.172810912132263184e+00,9.618022441864013672e-01,8.134061694145202637e-01,1.332639813423156738e+00,8.445692062377929688e-01,3.752165287733078003e-02,7.982129454612731934e-01,5.773626565933227539e-01,-1.285497397184371948e-01,7.038651108741760254e-01,5.315297842025756836e-01,2.243934199213981628e-02,3.443312048912048340e-01,2.463852912187576294e-01,6.221297979354858398e-01,1.742787361145019531e-01,1.048946022987365723e+00,6.714545488357543945e-01,8.467175364494323730e-01,8.961929678916931152e-01,7.432798147201538086e-01,4.178403317928314209e-01,5.120245218276977539e-01,1.121490597724914551e+00,8.331390619277954102e-01,7.460187673568725586e-01,1.170640587806701660e+00,7.560976147651672363e-01,1.053987741470336914e+00,1.169159531593322754e+00,9.962942004203796387e-01,6.753779053688049316e-01,9.882808327674865723e-01,8.751142024993896484e-01,1.228187680244445801e+00,5.814521908760070801e-01,4.433173835277557373e-01,1.468995690345764160e+00,1.254046440124511719e+00,7.225118875503540039e-01,1.249727129936218262e+00,7.731136679649353027e-01,4.070019423961639404e-01,1.028385758399963379e+00,8.722155094146728516e-01,1.920238882303237915e-01,1.135865688323974609e+00,-2.504061460494995117e-01,-7.284925580024719238e-01,1.247572064399719238e+00,7.369745969772338867e-01,-3.111773431301116943e-01,9.880975484848022461e-01,1.350412368774414062e+00,1.828099191188812256e-01,6.960582137107849121e-01,-2.396580725908279419e-01,8.816502094268798828e-01,2.925509214401245117e-01,6.246111989021301270e-01,-7.871368527412414551e-01,-6.669117212295532227e-01,-1.575940996408462524e-01,2.353740632534027100e-01,-5.824799835681915283e-02,1.922880411148071289e-01,1.209660530090332031e+00
2.002591609954833984e+00,2.329887151718139648e+00,2.326157808303833008e+00,1.447401046752929688e+00,1.920554518699645996e+00,1.755552411079406738e+00,1.534344911575317383e+00,2.132823944091796875e+00,2.073279380798339844e+00,6.068543195724487305e-01,1.013671040534973145e+00,1.058152437210083008e+00,1.155237793922424316e+00,1.181845307350158691e+00,1.704641699790954590e+00,1.597927212715148926e+00,1.297284483909606934e+00,1.976328492164611816e+00,1.248795509338378906e+00,1.571890354156494141e+00,2.246944904327392578e+00,1.484564304351806641e+00,8.925951123237609863e-01,6.151784658432006836e-01,7.533307671546936035e-01,1.084758043289184570e+00,4.659120440483093262e-01,6.471021175384521484e-01,7.987336516380310059e-01,1.166519284248352051e+00,1.281814336776733398e+00,9.945571422576904297e-02,9.478492289781570435e-02,1.882627010345458984e+00,1.500993490219116211e+00,2.166156530380249023e+00,1.520762085914611816e+00,5.660665035247802734e-01,1.571517586708068848e-01,4.240632653236389160e-01,1.118903160095214844e+00,6.222739815711975098e-01,9.523571133613586426e-01,-1.078621223568916321e-01,9.931998252868652344e-01,4.295929074287414551e-01,1.240623220801353455e-01,9.903600215911865234e-01,1.610607743263244629e+00,1.643852233886718750e+00,1.989103317260742188e+00,2.054246425628662109e+00,2.401842594146728516e+00,1.783613920211791992e+00,1.575804114341735840e+00,1.539422392845153809e+00,1.884813547134399414e+00,1.707509160041809082e+00,1.343383073806762695e+00,1.534575104713439941e+00,1.389115691184997559e+00,2.396022796630859375e+00,1.048942446708679199e+00,1.373103260993957520e+00,2.046986579895019531e+00,1.583190679550170898e+00,2.307904005050659180e+00,1.532516241073608398e+00,1.706051111221313477e+00,1.925422191619873047e+00,1.319464445114135742e+00,1.748292446136474609e+00,1.060984253883361816e+00,1.520220637321472168e+00,1.785996198654174805e+00,7.120077610015869141e-01,1.120911717414855957e+00,1.468450427055358887e+00,1.455444812774658203e+00,1.512091398239135742e+00,8.044521212577819824e-01,8.865938186645507812e-01,1.997493952512741089e-01,1.260192632675170898e+00,-6.813783049583435059e-01,6.631022095680236816e-01,1.698442816734313965e+00,6.266041398048400879e-01,1.639673590660095215e+00,1.564177393913269043e+00,1.322143316268920898e+00,-2.748512923717498779e-01,9.509226083755493164e-01,6.392863988876342773e-01,6.103661656379699707e-01,-7.826354503631591797e-01,5.443124175071716309e-01,1.206500172615051270e+00,1.778566122055053711e+00,2.133460998535156250e+00
2.064117193222045898e+00,1.708575248718261719e+00,1.857531905174255371e+00,1.855257749557495117e+00,1.890820980072021484e+00,2.114183902740478516e+00,7.509223818778991699e-01,1.450659632682800293e+00,1.287216305732727051e+00,1.030770778656005859e+00,3.759052157402038574e-01,9.556781649589538574e-01,-1.158040016889572144e-01,7.522570490837097168e-01,1.906330585479736328e+00,1.326267361640930176e+00,5.396252870559692383e-01,5.875180363655090332e-01,5.753151774406433105e-01,9.864493012428283691e-01,6.878910064697265625e-01,4.283473193645477295e-01,1.300700783729553223e+00,5.716449618339538574e-01,1.395223379135131836e+00,1.037144422531127930e+00,4.955335259437561035e-01,3.449533581733703613e-01,8.898857831954956055e-01,1.110698580741882324e+00,9.591490030288696289e-01,1.071141242980957031e+00,5.415094494819641113e-01,5.349562317132949829e-02,1.273478567600250244e-01,9.898096919059753418e-01,3.978585600852966309e-01,1.205841898918151855e+00,1.136979341506958008e+00,4.135735929012298584e-01,-4.885939359664916992e-01,9.289602637290954590e-01,9.250028133392333984e-01,-4.988021552562713623e-01,3.720711451023817062e-03,-8.375883698463439941e-01,-4.881914556026458740e-01,-9.862226247787475586e-01,1.135877132415771484e+00,2.508670389652252197e-01,1.525916695594787598e+00,1.552714228630065918e+00,1.757051467895507812e+00,1.728957056999206543e+00,1.486209034919738770e+00,1.109372735023498535e+00,1.148691177368164062e+00,1.091135382652282715e+00,1.167752742767333984e+00,7.481616735458374023e-01,6.841027140617370605e-01,6.581841707229614258e-01,7.430421113967895508e-01,7.832757234573364258e-01,7.368046045303344727e-01,2.005990982055664062e+00,1.434150218963623047e+00,7.832030057907104492e-01,6.090389490127563477e-01,4.097903370857238770e-01,2.108536362648010254e-01,8.030644059181213379e-01,7.374473214149475098e-01,9.864175915718078613e-01,1.148253917694091797e+00,1.101881861686706543e+00,1.194982051849365234e+00,1.144280552864074707e+00,1.165194392204284668e+00,1.425380468368530273e+00,-2.588694095611572266e-01,-7.467285990715026855e-01,7.891880273818969727e-01,-8.673312067985534668e-01,-9.983748793601989746e-01,-3.314264714717864990e-01,8.133448362350463867e-01,-5.946280956268310547e-01,8.185624480247497559e-01,8.001311421394348145e-01,7.048525810241699219e-01,9.816117882728576660e-01,9.888529777526855469e-01,1.496484875679016113e+00,3.076132833957672119e-01,-1.124920964241027832e+00,-5.304248929023742676e-01,-4.807181060314178467e-01,1.341044664382934570e+00,5.964035987854003906e-01
5.382573604583740234e-01,1.196306943893432617e+00,1.869033932685852051e+00,8.028211593627929688e-01,1.793059587478637695e+00,2.558264970779418945e+00,1.427283287048339844e+00,1.786939024925231934e+00,2.041019678115844727e+00,1.172382116317749023e+00,1.217066168785095215e+00,1.035486698150634766e+00,6.203829050064086914e-01,3.907355964183807373e-01,2.053123950958251953e+00,5.451704859733581543e-01,-9.935186244547367096e-03,8.353401422500610352e-01,1.011968731880187988e+00,8.209323883056640625e-01,5.298451781272888184e-01,3.819945454597473145e-01,1.234312176704406738e+00,5.607174038887023926e-01,7.918560504913330078e-01,1.646732568740844727e+00,1.071075558662414551e+00,1.248164176940917969e+00,8.420056104660034180e-01,1.252145767211914062e+00,1.185363084077835083e-01,-2.180485129356384277e-01,3.654812574386596680e-01,-4.253868944942951202e-03,3.596936538815498352e-02,1.515636324882507324e+00,6.553640961647033691e-01,3.133969008922576904e-01,6.469700932502746582e-01,9.774272441864013672e-01,-1.966743320226669312e-01,2.851551771163940430e-01,4.570545554161071777e-01,-2.793613076210021973e-01,-1.373786330223083496e-01,-4.938543438911437988e-01,-7.386234402656555176e-01,-3.219945728778839111e-01,1.412391304969787598e+00,7.258808016777038574e-01,9.425945878028869629e-01,1.350773692131042480e+00,1.551169276237487793e+00,1.169961452484130859e+00,1.791209101676940918e+00,2.135106563568115234e+00,9.103394150733947754e-01,1.574355483055114746e+00,1.402694225311279297e+00,1.011487245559692383e+00,1.371212840080261230e+00,9.102919101715087891e-01,1.517365932464599609e+00,1.098817944526672363e+00,2.114153146743774414e+00,1.647692918777465820e+00,8.464154601097106934e-01,1.439772367477416992e+00,1.533144235610961914e+00,3.829301297664642334e-01,1.536265164613723755e-01,4.358054101467132568e-01,8.388558030128479004e-01,6.179412603378295898e-01,1.788526654243469238e+00,1.719696402549743652e+00,1.170053124427795410e+00,1.482944965362548828e+00,1.467153280973434448e-01,9.298188090324401855e-01,1.064674377441406250e+00,-1.186177507042884827e-01,6.785898208618164062e-01,-2.976279854774475098e-01,2.299727201461791992e-01,-1.205808043479919434e+00,1.082363843917846680e+00,9.978355169296264648e-01,1.071596026420593262e+00,4.111769795417785645e-01,7.368756085634231567e-02,1.157488584518432617e+00,1.131267905235290527e+00,7.251284718513488770e-01,6.282076835632324219e-01,-4.760830998420715332e-01,-5.588744878768920898e-01,-1.038733050227165222e-01,1.300605177879333496e+00,7.205278873443603516e-01
-2.066720277070999146e-01,-1.532695293426513672e-01,5.270887017250061035e-01,-1.645030677318572998e-01,1.563132554292678833e-01,8.343131542205810547e-01,4.108697175979614258e-01,1.101975701749324799e-02,1.734204292297363281e+00,1.266153931617736816e+00,7.536025643348693848e-01,9.205219149589538574e-01,4.197209775447845459e-01,7.171344161033630371e-01,3.185202181339263916e-01,-6.997782588005065918e-01,4.849142432212829590e-01,-2.050672173500061035e-01,1.167979598045349121e+00,9.276391267776489258e-01,1.439484477043151855e+00,-2.576955854892730713e-01,-2.200045436620712280e-01,4.373364448547363281e-01,1.185796856880187988e+00,3.092240393161773682e-01,5.371868014335632324e-01,4.480583071708679199e-01,2.761259078979492188e-01,-9.980176687240600586e-01,9.517839550971984863e-01,3.932127952575683594e-01,1.745034009218215942e-01,-6.257376670837402344e-01,-4.305265247821807861e-01,1.186516880989074707e+00,7.717432975769042969e-01,1.116890192031860352e+00,1.228539824485778809e+00,2.438242435455322266e-01,-2.407293766736984253e-01,9.280437231063842773e-02,2.143414616584777832e-01,5.199521183967590332e-01,-6.168517470359802246e-01,-9.411963075399398804e-02,1.698890626430511475e-01,4.623909890651702881e-01,5.577061176300048828e-01,1.039772391319274902e+00,5.340815782546997070e-01,-2.543333172798156738e-01,1.190446257591247559e+00,-1.790055185556411743e-01,3.344283103942871094e-01,1.462131857872009277e+00,-8.070839047431945801e-01,1.068176865577697754e+00,1.118784546852111816e+00,1.102885007858276367e+00,8.241566419601440430e-01,6.740462779998779297e-01,1.163477540016174316e+00,8.328334428369998932e-03,-5.081592500209808350e-02,-5.580690503120422363e-01,1.917083710432052612e-01,1.582920432090759277e+00,-4.347578883171081543e-01,-1.364801526069641113e+00,1.143117994070053101e-02,3.464002013206481934e-01,-8.131707310676574707e-01,6.656124591827392578e-01,1.630988955497741699e+00,7.100040316581726074e-01,5.320309996604919434e-01,-2.152545750141143799e-01,9.218003153800964355e-01,1.578387498855590820e+00,-2.374123185873031616e-01,-1.094551324844360352e+00,1.138397097587585449e+00,-1.807690501213073730e+00,-5.269798636436462402e-01,-8.975635170936584473e-01,6.331428885459899902e-01,1.660237312316894531e-01,5.008434653282165527e-01,6.088132262229919434e-01,2.337515592575073242e+00,1.356609344482421875e+00,8.600305318832397461e-01,1.154501795768737793e+00,-2.847767174243927002e-01,1.056793928146362305e+00,-2.370405644178390503e-01,2.829319536685943604e-01,2.403301596641540527e-01,8.200903534889221191e-01
-5.588927865028381348e-01,-1.442325592041015625e+00,-4.848759770393371582e-01,-1.189043641090393066e+00,-1.141639947891235352e+00,-4.729251265525817871e-01,-6.470961496233940125e-03,-1.404311895370483398e+00,-8.184898495674133301e-01,9.308817982673645020e-01,3.202793598175048828e-01,7.427999973297119141e-01,6.871484220027923584e-02,2.250892519950866699e-01,2.828673422336578369e-01,-1.437169194221496582e+00,2.521029412746429443e-01,-8.402867317199707031e-01,-5.724826082587242126e-02,-3.484262526035308838e-01,-4.348011314868927002e-01,-7.445403337478637695e-01,-2.195619493722915649e-01,1.994812935590744019e-01,8.496295213699340820e-01,6.249837279319763184e-01,5.989949107170104980e-01,4.556078314781188965e-01,3.014990501105785370e-02,-2.769333124160766602e-01,7.460367083549499512e-01,8.227699995040893555e-01,-4.698108434677124023e-01,-9.771974682807922363e-01,-7.967680096626281738e-01,2.376984655857086182e-01,4.598455131053924561e-02,5.531825423240661621e-01,-4.093965888023376465e-01,5.361598730087280273e-01,-7.855995893478393555e-01,1.079196482896804810e-01,3.382836580276489258e-01,-1.334506273269653320e-01,-1.233415842056274414e+00,-6.905202269554138184e-01,-1.332454204559326172e+00,-6.401275992393493652e-01,-2.605144679546356201e-01,2.824716866016387939e-01,1.029368788003921509e-01,-8.513279557228088379e-01,-5.906410217285156250e-01,-1.468665361404418945e+00,-9.898000955581665039e-01,6.103532910346984863e-01,-9.713540673255920410e-01,-1.127621531486511230e+00,3.362222611904144287e-01,2.048166692256927490e-01,-2.877171337604522705e-01,-2.325298935174942017e-01,-8.167842775583267212e-02,-5.295776128768920898e-01,-1.719316095113754272e-02,-6.370223760604858398e-01,-7.032359242439270020e-01,5.085733532905578613e-01,-8.253357410430908203e-01,-1.066666960716247559e+00,-1.782801151275634766e+00,-3.158312439918518066e-01,-6.316628307104110718e-02,1.855227202177047729e-01,8.200356364250183105e-01,7.483633756637573242e-01,4.726117253303527832e-01,3.370844721794128418e-01,-1.754357367753982544e-01,5.167685747146606445e-01,3.148403167724609375e-01,-8.328895568847656250e-01,2.778630554676055908e-01,-1.470837593078613281e+00,-6.927144527435302734e-01,-1.251972436904907227e+00,4.659006595611572266e-01,3.740855157375335693e-01,-3.726099804043769836e-02,1.007653214037418365e-02,-6.080918386578559875e-02,-3.759070336818695068e-01,3.238928914070129395e-01,6.294134259223937988e-01,-1.715061068534851074e-01,-3.374877870082855225e-01,-3.699245452880859375e-01,-3.437504172325134277e-01,-1.545309126377105713e-01,7.103106379508972168e-01
5.825124979019165039e-01,-3.079954683780670166e-01,7.176880538463592529e-02,-1.284469604492187500e+00,-8.670384883880615234e-01,-2.000185847282409668e-01,3.972370624542236328e-01,1.150886937975883484e-01,-8.276472687721252441e-01,2.315869927406311035e-01,-1.536810249090194702e-01,4.008863270282745361e-01,2.802810072898864746e-01,7.600454986095428467e-02,-1.326594054698944092e-01,-7.472995519638061523e-01,8.552941083908081055e-01,5.464409291744232178e-02,7.232488989830017090e-01,-3.222605586051940918e-01,-1.888140887022018433e-01,5.032465457916259766e-01,1.330354362726211548e-01,2.453101873397827148e-01,6.310445070266723633e-01,2.790081501007080078e-01,6.202185153961181641e-02,7.236039638519287109e-01,3.652830782812088728e-04,-1.649249643087387085e-01,1.302064418792724609e+00,3.872089833021163940e-02,-2.824146747589111328e-01,3.738570511341094971e-01,-1.310728341341018677e-01,-4.967797398567199707e-01,4.296650588512420654e-01,4.458483457565307617e-01,-5.417885184288024902e-01,4.958460628986358643e-01,-7.881609201431274414e-01,6.670605540275573730e-01,2.157543897628784180e-01,1.246002689003944397e-02,-4.478470683097839355e-01,-5.447459816932678223e-01,-8.641766309738159180e-01,-7.427700161933898926e-01,-2.661843597888946533e-01,-4.085003435611724854e-01,8.147199153900146484e-01,1.929530799388885498e-01,6.387126445770263672e-02,-1.042627811431884766e+00,-4.180169999599456787e-01,-4.630861431360244751e-02,4.671833217144012451e-01,-2.340652346611022949e-01,3.206082284450531006e-01,2.720555663108825684e-01,1.057822108268737793e-01,1.388622164726257324e+00,1.686373949050903320e-01,-3.628460168838500977e-01,-2.187191247940063477e-01,-6.093297600746154785e-01,7.678537368774414062e-01,6.450160145759582520e-01,1.000406980514526367e+00,3.186033666133880615e-01,-3.298304975032806396e-01,1.201467871665954590e+00,1.732316166162490845e-01,5.869930386543273926e-01,6.128492951393127441e-01,5.677026510238647461e-01,2.876090109348297119e-01,4.151902496814727783e-01,1.246904134750366211e+00,1.096261382102966309e+00,1.905968487262725830e-01,-5.097440481185913086e-01,1.340267509222030640e-01,-4.005460739135742188e-01,-1.828143298625946045e-01,7.542843371629714966e-02,6.828182339668273926e-01,1.495858311653137207e+00,3.064711987972259521e-01,2.231271117925643921e-01,-4.278498888015747070e-01,2.664912045001983643e-01,9.776789546012878418e-01,8.596972227096557617e-01,2.701355814933776855e-01,-4.937001764774322510e-01,-5.150692462921142578e-01,-2.915613055229187012e-01,-5.122327804565429688e-01,3.251105546951293945e-01
8.797053694725036621e-01,8.528673052787780762e-01,1.070499658584594727e+00,-7.676564455032348633e-01,9.913434088230133057e-02,1.500267386436462402e+00,1.018776535987854004e+00,7.942769527435302734e-01,6.355084180831909180e-01,5.559203028678894043e-01,7.718264460563659668e-01,5.947169065475463867e-01,5.711007118225097656e-01,9.176945090293884277e-01,7.460371255874633789e-01,7.355117201805114746e-01,7.882364392280578613e-01,1.287564039230346680e-01,1.423527717590332031e+00,-4.420790672302246094e-01,1.739077083766460419e-02,5.277087092399597168e-01,5.494396686553955078e-01,3.002420961856842041e-01,1.040422320365905762e+00,3.458375334739685059e-01,3.713371157646179199e-01,6.577913165092468262e-01,4.304720759391784668e-01,1.603394746780395508e-01,6.081779003143310547e-01,6.293798685073852539e-01,-2.827845215797424316e-01,1.971925944089889526e-01,1.339538693428039551e-01,3.380275070667266846e-01,5.551261305809020996e-01,1.251960754394531250e+00,7.705783247947692871e-01,1.321321353316307068e-02,1.608521640300750732e-01,9.187850356101989746e-01,5.013923048973083496e-01,3.101370334625244141e-01,3.655502945184707642e-02,-2.416190505027770996e-01,1.693211123347282410e-02,-6.102691888809204102e-01,7.173848748207092285e-01,5.604694783687591553e-02,1.141110181808471680e+00,9.231546521186828613e-01,9.325483441352844238e-01,-1.920766681432723999e-01,6.493948101997375488e-01,7.444099783897399902e-01,9.327665567398071289e-01,9.696230888366699219e-01,9.673172831535339355e-01,5.144469141960144043e-01,2.283773571252822876e-01,1.189377784729003906e+00,4.381607472896575928e-01,2.489429861307144165e-01,6.639245748519897461e-01,4.970399439334869385e-01,1.162127375602722168e+00,1.060551047325134277e+00,1.214676856994628906e+00,3.183278739452362061e-01,-3.398016393184661865e-01,7.625695466995239258e-01,8.139793276786804199e-01,9.798997044563293457e-01,7.676603794097900391e-01,9.915049076080322266e-01,6.618886590003967285e-01,4.663333892822265625e-01,1.427188277244567871e+00,1.577565431594848633e+00,5.121071338653564453e-01,8.674097061157226562e-01,1.005961179733276367e+00,-3.087071180343627930e-01,-1.375830918550491333e-01,6.480962634086608887e-01,7.308154702186584473e-01,4.420526921749114990e-01,7.723073959350585938e-01,1.494213581085205078e+00,1.431395053863525391e+00,1.825404405593872070e+00,1.552849054336547852e+00,1.600253105163574219e+00,8.867081403732299805e-01,2.207699120044708252e-01,-5.171722173690795898e-01,3.490289747714996338e-01,4.605687260627746582e-01,6.174855232238769531e-01
-3.139975666999816895e-01,-2.262055873870849609e-01,4.268461465835571289e-01,-6.597557663917541504e-01,-1.060528829693794250e-01,9.378172159194946289e-01,3.544487431645393372e-02,-3.229024410247802734e-01,6.677959561347961426e-01,1.267593264579772949e+00,1.126598477363586426e+00,7.860937118530273438e-01,1.114636301994323730e+00,-2.036933898925781250e-01,1.236072331666946411e-01,-8.816630840301513672e-01,4.369359910488128662e-01,-4.664852619171142578e-01,4.801374375820159912e-01,6.812148094177246094e-01,-1.691937297582626343e-01,6.294687390327453613e-01,-1.961784064769744873e-01,6.344046592712402344e-01,8.753866553306579590e-01,8.034716248512268066e-01,8.005124330520629883e-01,1.252645969390869141e+00,3.140872716903686523e-01,-3.185390308499336243e-02,5.376529693603515625e-01,1.609963893890380859e+00,-4.980750381946563721e-01,1.863323450088500977e-01,4.454846680164337158e-01,2.943473458290100098e-01,8.916521668434143066e-01,1.873451232910156250e+00,1.472159981727600098e+00,3.914346992969512939e-01,1.145760655403137207e+00,9.259465336799621582e-01,1.114349484443664551e+00,5.617172718048095703e-01,-3.742383718490600586e-01,8.488017916679382324e-01,6.290794014930725098e-01,5.488285422325134277e-01,3.359242081642150879e-01,5.426559448242187500e-01,1.264480054378509521e-01,-1.154362782835960388e-01,6.001300215721130371e-01,-5.721923708915710449e-01,-2.206900119781494141e-01,6.159415841102600098e-01,-5.495050549507141113e-01,2.237500995397567749e-01,1.099693298339843750e+00,6.600242257118225098e-01,3.611248433589935303e-01,1.030288219451904297e+00,7.840819954872131348e-01,-7.902022600173950195e-01,2.974969744682312012e-01,-2.035854160785675049e-01,-1.416883915662765503e-01,7.867369651794433594e-01,4.369909465312957764e-01,-9.077923297882080078e-01,-5.113761499524116516e-02,6.308353543281555176e-01,-2.396798878908157349e-01,1.113088726997375488e+00,9.587221741676330566e-01,1.123980402946472168e+00,6.222346425056457520e-01,5.287424325942993164e-01,5.936098694801330566e-01,1.523479461669921875e+00,7.440765500068664551e-01,-1.874350011348724365e-01,1.866397500038146973e+00,-5.945016741752624512e-01,4.405984282493591309e-02,-5.000312253832817078e-02,1.232966780662536621e+00,1.150217413902282715e+00,7.063792347908020020e-01,1.212479233741760254e+00,1.194770455360412598e+00,1.559542894363403320e+00,1.844015955924987793e+00,2.130827903747558594e+00,1.326929092407226562e+00,9.644865989685058594e-01,3.682580292224884033e-01,2.106383442878723145e-01,2.685028016567230225e-01,4.046634137630462646e-01
2.310536205768585205e-01,-1.389606237411499023e+00,-2.019426673650741577e-01,-1.267550349235534668e+00,-9.269094467163085938e-01,2.767852246761322021e-01,-6.670907139778137207e-02,-1.704791784286499023e+00,-1.309622764587402344e+00,4.996428191661834717e-01,2.911630459129810333e-02,5.694310069084167480e-01,7.253741025924682617e-01,3.480930626392364502e-01,8.606715798377990723e-01,-9.490299820899963379e-01,1.432981789112091064e-01,-5.431721210479736328e-01,1.014402881264686584e-01,-2.947065234184265137e-01,-8.857508301734924316e-01,7.982620596885681152e-02,9.765767455101013184e-01,8.777333796024322510e-02,1.308524727821350098e+00,1.022715330123901367e+00,1.044904828071594238e+00,1.188726663589477539e+00,8.113218545913696289e-01,4.230577647686004639e-01,7.050072550773620605e-01,7.068753242492675781e-02,-7.376781702041625977e-01,1.662231534719467163e-01,4.222908318042755127e-01,3.102609813213348389e-01,1.064386725425720215e+00,9.864559769630432129e-01,1.219724297523498535e+00,5.219488739967346191e-01,6.731202006340026855e-01,1.763283014297485352e+00,1.292251467704772949e+00,7.970674037933349609e-01,1.416363567113876343e-01,1.266385078430175781e+00,4.599357843399047852e-01,1.054731369018554688e+00,3.108703196048736572e-01,8.496314883232116699e-01,6.598162055015563965e-01,-6.989351511001586914e-01,-8.874231576919555664e-02,-1.531051754951477051e+00,-9.158245325088500977e-01,5.162157416343688965e-01,-1.238293051719665527e+00,-1.338551402091979980e+00,4.563506841659545898e-01,2.141524404287338257e-01,-1.715605519711971283e-02,1.953725665807723999e-01,7.040711045265197754e-01,7.632932066917419434e-01,6.947300434112548828e-01,1.739701777696609497e-01,-3.945351839065551758e-01,5.284179449081420898e-01,2.286988049745559692e-01,-7.210657000541687012e-01,-9.862865209579467773e-01,-1.407250761985778809e-01,6.583943367004394531e-01,9.822309017181396484e-01,7.442974448204040527e-01,1.318589925765991211e+00,8.656930327415466309e-01,1.188451170921325684e+00,7.614763379096984863e-01,-3.754784464836120605e-01,1.590593338012695312e+00,2.000663727521896362e-01,1.298587322235107422e+00,-2.880575060844421387e-01,-1.383766233921051025e-01,7.314015626907348633e-01,1.181330323219299316e+00,1.073591113090515137e+00,4.754832088947296143e-01,1.329993367195129395e+00,-1.217290293425321579e-02,1.289903521537780762e+00,1.793289065361022949e+00,2.282576084136962891e+00,1.307263016700744629e+00,6.890999674797058105e-01,5.587554574012756348e-01,1.098220348358154297e+00,-3.764266967773437500e-01,8.458054065704345703e-01
3.680730462074279785e-01,-4.655188918113708496e-01,3.886021673679351807e-01,6.640040129423141479e-02,-2.432122826576232910e-01,2.361278533935546875e-01,1.800635933876037598e+00,2.726358473300933838e-01,1.439023483544588089e-02,1.566918373107910156e+00,1.808189988136291504e+00,1.565034270286560059e+00,1.113783478736877441e+00,1.189186215400695801e+00,1.814564704895019531e+00,-1.398873180150985718e-01,1.156783580780029297e+00,1.235957384109497070e+00,1.075745105743408203e+00,-2.733034789562225342e-01,-4.611420929431915283e-01,1.698240876197814941e+00,2.096442222595214844e+00,1.628122806549072266e+00,1.443070411682128906e+00,2.058593988418579102e+00,2.172566413879394531e+00,1.600882768630981445e+00,1.143448472023010254e+00,1.746064782142639160e+00,1.174307942390441895e+00,1.641287207603454590e+00,-8.444864302873611450e-02,7.611525058746337891e-01,1.751178503036499023e+00,6.397097706794738770e-01,8.239741325378417969e-01,1.350770711898803711e+00,-5.211340785026550293e-01,1.548939228057861328e+00,4.237554371356964111e-01,8.665418028831481934e-01,1.207532286643981934e+00,5.263425707817077637e-01,1.099201679229736328e+00,6.699844598770141602e-01,4.980596601963043213e-01,5.622406601905822754e-01,1.293411850929260254e+00,1.121369957923889160e+00,7.200402617454528809e-01,5.281881093978881836e-01,2.649277150630950928e-01,-5.559319853782653809e-01,-3.317931592464447021e-01,1.152989983558654785e+00,7.819367051124572754e-01,-4.409574568271636963e-01,1.317536830902099609e+00,1.485241651535034180e+00,1.343258500099182129e+00,1.028133749961853027e+00,1.106318116188049316e+00,1.227398633956909180e+00,1.981320858001708984e+00,1.525355577468872070e+00,1.498872756958007812e+00,1.343449234962463379e+00,1.193445682525634766e+00,1.460258603096008301e+00,-6.983347237110137939e-02,2.239014148712158203e+00,1.717856526374816895e+00,1.425687074661254883e+00,1.889981627464294434e+00,1.728828668594360352e+00,1.434017896652221680e+00,1.756246566772460938e+00,8.457062244415283203e-01,2.327386617660522461e+00,7.655336260795593262e-01,-4.160265251994132996e-02,5.855594873428344727e-01,7.508352994918823242e-01,1.409234762191772461e+00,-5.345797538757324219e-01,1.015968322753906250e+00,8.770909905433654785e-01,1.067973136901855469e+00,-1.847545802593231201e-01,-1.420494765043258667e-01,5.842448472976684570e-01,7.032577991485595703e-01,7.498449087142944336e-01,7.378441691398620605e-01,6.624632328748703003e-02,3.612745702266693115e-01,1.138521194458007812e+00,1.729088902473449707e+00,1.847135424613952637e+00
1.250402808189392090e+00,8.473300337791442871e-01,5.061338543891906738e-01,1.016731619834899902e+00,6.222244501113891602e-01,1.163372159004211426e+00,1.637625813484191895e+00,7.251824736595153809e-01,5.794504880905151367e-01,1.548674941062927246e+00,1.356456756591796875e+00,1.899337172508239746e+00,1.023534297943115234e+00,1.336092472076416016e+00,1.299649357795715332e+00,1.130430817604064941e+00,1.652616977691650391e+00,1.260140776634216309e+00,1.095063924789428711e+00,7.981217503547668457e-01,1.505575776100158691e+00,1.799503922462463379e+00,1.358237624168395996e+00,1.355974435806274414e+00,1.655012130737304688e+00,2.339305162429809570e+00,1.307986140251159668e+00,1.603806614875793457e+00,7.543095946311950684e-01,1.993253469467163086e+00,6.491317152976989746e-01,2.602376699447631836e+00,1.823766231536865234e+00,3.455946147441864014e-01,1.405308008193969727e+00,-1.288089752197265625e-01,3.038668632507324219e-01,1.886367797851562500e+00,1.321500539779663086e+00,1.444419980049133301e+00,-6.357612013816833496e-01,6.163396835327148438e-01,1.227016568183898926e+00,1.081027626991271973e+00,2.637485861778259277e-01,7.514973282814025879e-01,3.739618360996246338e-01,1.425409555435180664e+00,1.291781783103942871e+00,6.547908782958984375e-01,1.366908788681030273e+00,6.685733199119567871e-01,2.057940006256103516e+00,8.786415457725524902e-01,8.102566599845886230e-01,1.368918776512145996e+00,1.330961704254150391e+00,2.976064980030059814e-01,1.569620490074157715e+00,1.635878801345825195e+00,1.992564678192138672e+00,5.129584074020385742e-01,7.628672719001770020e-01,1.805049657821655273e+00,1.329297184944152832e+00,1.268927931785583496e+00,1.466040611267089844e+00,1.731120347976684570e+00,1.773386299610137939e-01,1.090331554412841797e+00,1.372062087059020996e+00,1.954003572463989258e+00,1.629290461540222168e+00,1.252010822296142578e+00,1.724911332130432129e+00,1.609357953071594238e+00,3.836434185504913330e-01,1.889754533767700195e+00,6.061167716979980469e-01,2.604063510894775391e+00,-8.380535244941711426e-01,-1.062624335289001465e+00,1.560110449790954590e+00,4.871047735214233398e-01,2.413088828325271606e-01,-6.809996366500854492e-01,2.404107302427291870e-01,1.225053906440734863e+00,-9.788121283054351807e-02,-7.926690578460693359e-01,1.984155535697937012e+00,1.162350773811340332e+00,1.148319721221923828e+00,1.253625512123107910e+00,4.281072616577148438e-01,7.625619769096374512e-01,5.564541220664978027e-01,1.976025551557540894e-01,2.023150444030761719e+00,9.672590494155883789e-01
1.834671974182128906e+00,1.699577212333679199e+00,1.699100852012634277e+00,1.304188370704650879e+00,1.284371852874755859e+00,2.233065128326416016e+00,1.596037268638610840e+00,4.392875730991363525e-01,1.066603064537048340e+00,1.453535795211791992e+00,8.559867739677429199e-01,1.917220234870910645e+00,1.756431698799133301e+00,2.663322210311889648e+00,1.381330609321594238e+00,1.805409193038940430e+00,2.756020545959472656e+00,7.147991061210632324e-01,2.957789897918701172e+00,7.874202132225036621e-01,2.511947154998779297e+00,1.948135375976562500e+00,1.582262396812438965e+00,1.773868918418884277e+00,1.331363439559936523e+00,1.755698561668395996e+00,1.544408202171325684e+00,1.774306058883666992e+00,1.643408656120300293e+00,1.242455124855041504e+00,6.803411841392517090e-01,5.457198619842529297e-01,3.368861675262451172e-01,1.438742160797119141e+00,1.444944143295288086e+00,-6.793475151062011719e-02,3.408686518669128418e-01,1.321114659309387207e+00,1.553409218788146973e+00,1.522728443145751953e+00,5.205740928649902344e-01,1.655720710754394531e+00,1.198461174964904785e+00,8.993946909904479980e-01,1.438227593898773193e-01,8.423656821250915527e-01,1.206333041191101074e+00,1.107897162437438965e+00,1.497439980506896973e+00,3.778397440910339355e-01,1.953260064125061035e+00,1.342107295989990234e+00,2.277000188827514648e+00,1.197266340255737305e+00,1.394817948341369629e+00,1.280287265777587891e+00,7.955636382102966309e-01,9.778162240982055664e-01,1.255523562431335449e+00,1.538369894027709961e+00,1.426697492599487305e+00,1.664523124694824219e+00,2.250371932983398438e+00,3.368083000183105469e+00,2.243194103240966797e+00,1.466497302055358887e+00,1.180989503860473633e+00,3.174335956573486328e+00,2.186122894287109375e+00,7.350329756736755371e-01,2.185242891311645508e+00,2.397756814956665039e+00,2.221284151077270508e+00,1.153433203697204590e+00,2.102699756622314453e+00,1.377622127532958984e+00,1.719798684120178223e+00,1.802821516990661621e+00,1.334028840065002441e+00,1.261448621749877930e+00,3.458304107189178467e-01,-1.288427472114562988e+00,8.830416202545166016e-01,2.286544814705848694e-02,1.722717136144638062e-01,8.581293225288391113e-01,2.697266340255737305e-01,2.830917537212371826e-01,1.135523170232772827e-01,2.524035274982452393e-01,-5.414590239524841309e-01,1.148324012756347656e+00,1.017140030860900879e+00,1.830047965049743652e+00,1.951054036617279053e-01,4.121396541595458984e-01,6.304945796728134155e-02,4.963243603706359863e-01,1.048520803451538086e+00,5.382563471794128418e-01
1.393771648406982422e+00,1.238355517387390137e+00,1.441249728202819824e+00,1.662441134452819824e+00,1.211740612983703613e+00,5.967677235603332520e-01,1.897845745086669922e+00,2.792948484420776367e-01,7.749851346015930176e-01,1.437973141670227051e+00,1.211736321449279785e+00,1.824269771575927734e+00,1.217190742492675781e+00,2.526472330093383789e+00,1.943756818771362305e+00,1.458438515663146973e+00,2.728838682174682617e+00,1.354733824729919434e+00,2.331953763961791992e+00,1.158020853996276855e+00,1.523189425468444824e+00,1.703664898872375488e+00,1.986384749412536621e+00,1.621903777122497559e+00,1.200091361999511719e+00,1.708660244941711426e+00,1.803153276443481445e+00,1.537442803382873535e+00,7.556864023208618164e-01,1.526419520378112793e+00,1.394079566001892090e+00,7.516893148422241211e-01,1.836873054504394531e+00,7.029518485069274902e-01,1.545751452445983887e+00,5.188027024269104004e-01,4.399962127208709717e-01,1.242183923721313477e+00,9.245475530624389648e-01,1.552579522132873535e+00,-1.167239248752593994e-02,8.874049186706542969e-01,1.219499707221984863e+00,8.593675494194030762e-01,1.216058850288391113e+00,4.218961298465728760e-01,9.160378575325012207e-01,9.687420129776000977e-01,1.027936220169067383e+00,5.586429834365844727e-01,1.423360824584960938e+00,1.352349400520324707e+00,1.979150772094726562e+00,1.028001308441162109e+00,6.486881971359252930e-01,1.062509417533874512e+00,9.556737542152404785e-01,5.836011171340942383e-01,1.333173036575317383e+00,1.470649957656860352e+00,2.285327672958374023e+00,1.293543100357055664e+00,1.303890347480773926e+00,2.406888723373413086e+00,1.297754526138305664e+00,2.029124975204467773e+00,1.644773006439208984e+00,1.853925466537475586e+00,8.315195441246032715e-01,9.912655949592590332e-01,2.028731822967529297e+00,1.222722172737121582e+00,1.935133218765258789e+00,1.117156505584716797e+00,1.652135252952575684e+00,1.215013980865478516e+00,8.072125911712646484e-01,7.437222599983215332e-01,1.115407586097717285e+00,1.535136580467224121e+00,8.593218922615051270e-01,-1.334742426872253418e+00,2.456296682357788086e-01,-5.214736461639404297e-01,8.180922865867614746e-01,-1.742481589317321777e+00,5.376134514808654785e-01,-1.037696719169616699e+00,5.039607882499694824e-01,4.839459061622619629e-02,-2.470269352197647095e-01,1.548751711845397949e+00,4.542766213417053223e-01,5.111683607101440430e-01,2.879771292209625244e-01,-5.841267704963684082e-01,-1.569689512252807617e-01,5.136289075016975403e-02,1.002289652824401855e+00,1.008613586425781250e+00
1.949383974075317383e+00,1.127639174461364746e+00,1.536599993705749512e+00,8.998433351516723633e-01,1.288854122161865234e+00,1.188691973686218262e+00,1.330800533294677734e+00,4.708441495895385742e-01,6.345342397689819336e-01,1.263779163360595703e+00,7.144317030906677246e-01,1.477947711944580078e+00,1.087771773338317871e+00,1.998230338096618652e+00,1.063551545143127441e+00,1.715491771697998047e+00,2.333707809448242188e+00,1.198033452033996582e+00,2.569267511367797852e+00,5.830307006835937500e-01,1.603390812873840332e+00,2.155026674270629883e+00,2.120784759521484375e+00,1.530167460441589355e+00,1.406570672988891602e+00,1.548329472541809082e+00,1.261294245719909668e+00,1.946555137634277344e+00,1.486617922782897949e+00,1.313499689102172852e+00,9.742823839187622070e-01,8.981747627258300781e-01,2.212787866592407227e+00,1.640027523040771484e+00,2.189795255661010742e+00,9.024859070777893066e-01,1.070196747779846191e+00,9.195469617843627930e-01,1.409401178359985352e+00,9.878090620040893555e-01,9.537332653999328613e-01,1.807587981224060059e+00,1.671340584754943848e+00,7.484840154647827148e-01,1.006164789199829102e+00,9.186035990715026855e-01,1.663429141044616699e+00,1.783537626266479492e+00,1.066084146499633789e+00,7.367987632751464844e-01,1.832538366317749023e+00,1.678961753845214844e+00,1.617592573165893555e+00,5.765442252159118652e-01,9.837347865104675293e-01,1.628526449203491211e+00,1.200585603713989258e+00,4.414290189743041992e-01,9.613374471664428711e-01,1.443604826927185059e+00,9.887337088584899902e-01,3.339787423610687256e-01,4.809608757495880127e-01,1.034472584724426270e+00,1.077218651771545410e+00,7.036644220352172852e-01,1.084010362625122070e+00,1.952944397926330566e+00,2.110233306884765625e+00,1.280253887176513672e+00,1.584981203079223633e+00,1.189024448394775391e+00,1.433417916297912598e+00,8.980213403701782227e-01,9.567997455596923828e-01,1.242603421211242676e+00,1.064605474472045898e+00,4.300626516342163086e-01,9.929567575454711914e-01,5.710787773132324219e-01,-1.876394301652908325e-01,-6.598984003067016602e-01,1.369179964065551758e+00,7.458379268646240234e-01,-4.326253235340118408e-01,-5.161837339401245117e-01,8.891820311546325684e-01,-1.602187007665634155e-01,9.141055941581726074e-01,-3.786325156688690186e-01,5.703281760215759277e-01,7.147008180618286133e-01,8.421215415000915527e-01,1.398216605186462402e+00,1.498360484838485718e-01,1.557517945766448975e-01,-1.734355986118316650e-01,9.630886316299438477e-01,1.526020407676696777e+00,9.395814538002014160e-01
1.047879099845886230e+00,8.815340995788574219e-01,1.043165922164916992e+00,1.049170613288879395e+00,1.260170459747314453e+00,8.714462518692016602e-01,1.350140690803527832e+00,1.101150631904602051e+00,1.229961514472961426e+00,8.845356106758117676e-01,4.430752098560333252e-01,1.109167814254760742e+00,3.916989564895629883e-01,2.628975510597229004e-01,6.550918519496917725e-02,9.779014587402343750e-01,1.237692713737487793e+00,1.893856048583984375e+00,1.069482564926147461e+00,2.263922214508056641e+00,1.499842524528503418e+00,1.430367112159729004e+00,1.216977357864379883e+00,9.015699028968811035e-01,1.025350093841552734e+00,7.525671720504760742e-01,1.407447099685668945e+00,1.421491622924804688e+00,5.900445580482482910e-01,8.396346569061279297e-01,9.558269381523132324e-01,1.230509757995605469e+00,9.921466112136840820e-01,1.809602260589599609e+00,1.477537751197814941e+00,1.617392182350158691e+00,1.069145798683166504e+00,8.458706140518188477e-01,9.452656507492065430e-01,9.782361984252929688e-01,1.220478534698486328e+00,1.064904570579528809e+00,1.455868840217590332e+00,-2.555909752845764160e-01,4.227035045623779297e-01,1.312864303588867188e+00,1.261815071105957031e+00,2.194969415664672852e+00,8.794733285903930664e-01,1.174913048744201660e+00,1.339723467826843262e+00,1.299241781234741211e+00,1.293874502182006836e+00,5.008667111396789551e-01,1.460770249366760254e+00,1.493442535400390625e+00,1.144211053848266602e+00,8.769047260284423828e-01,6.799525618553161621e-01,7.527048587799072266e-01,6.704384088516235352e-01,1.801349520683288574e-01,-1.004227772355079651e-01,-8.960518054664134979e-03,5.865684747695922852e-01,-3.180460035800933838e-01,1.012930750846862793e+00,1.224042057991027832e+00,2.295473575592041016e+00,1.977572321891784668e+00,1.523017764091491699e+00,7.606635093688964844e-01,1.962530761957168579e-01,9.090827703475952148e-01,3.334950208663940430e-01,1.193666815757751465e+00,3.980720341205596924e-01,2.449993491172790527e-01,3.940836489200592041e-01,1.017979383468627930e+00,8.875747323036193848e-01,6.237888336181640625e-01,1.728882312774658203e+00,1.012538552284240723e+00,3.478309214115142822e-01,5.955506563186645508e-01,9.654438495635986328e-01,1.354651093482971191e+00,1.945597052574157715e+00,8.679434657096862793e-01,1.333278775215148926e+00,1.964273005723953247e-01,6.489797234535217285e-01,7.287816405296325684e-01,1.282826185226440430e+00,-1.856509149074554443e-01,6.031956076622009277e-01,7.573616504669189453e-02,1.656803727149963379e+00,1.064009308815002441e+00
9.440879821777343750e-01,8.511801362037658691e-01,9.225747585296630859e-01,8.266407847404479980e-01,1.164266586303710938e+00,7.599682211875915527e-01,1.210578717291355133e-02,9.983781576156616211e-01,7.927154898643493652e-01,1.777203381061553955e-01,3.235610425472259521e-01,5.971844792366027832e-01,4.804860949516296387e-01,3.593729138374328613e-01,4.226996749639511108e-02,3.456893861293792725e-01,1.241975426673889160e+00,6.711185574531555176e-01,9.641032218933105469e-01,1.263011455535888672e+00,8.309029936790466309e-01,6.479450464248657227e-01,-2.367861196398735046e-02,4.565626084804534912e-01,7.785022854804992676e-01,6.469610333442687988e-01,-1.149434968829154968e-01,-4.385914187878370285e-03,3.843902051448822021e-01,-8.262450098991394043e-01,8.493236899375915527e-01,3.514721244573593140e-02,4.203290864825248718e-02,1.094275474548339844e+00,4.508393406867980957e-01,8.685551285743713379e-01,6.973034739494323730e-01,9.559540152549743652e-01,3.143035173416137695e-01,1.428644955158233643e-01,1.081690549850463867e+00,1.318260073661804199e+00,1.148288130760192871e+00,1.769805103540420532e-01,-7.136478275060653687e-02,7.316250205039978027e-01,1.147478938102722168e+00,-3.403716087341308594e-01,6.907717585563659668e-01,1.070864051580429077e-01,1.234783291816711426e+00,9.463528394699096680e-01,9.492991566658020020e-01,7.652588188648223877e-02,9.986771345138549805e-01,6.252689957618713379e-01,8.608183860778808594e-01,1.189983963966369629e+00,3.802294731140136719e-01,2.451172471046447754e-01,-1.669183224439620972e-01,5.487730503082275391e-01,7.886523008346557617e-01,1.176411565393209457e-02,-4.854105710983276367e-01,-4.046589732170104980e-01,3.635866343975067139e-01,1.024146676063537598e+00,3.121462166309356689e-01,-1.960381865501403809e-01,3.292251229286193848e-01,-1.818673014640808105e-01,-8.112205862998962402e-01,6.406350135803222656e-01,3.725116252899169922e-01,4.710240662097930908e-01,1.822355538606643677e-01,-9.304685592651367188e-01,7.804820537567138672e-01,7.094695568084716797e-01,-4.427648484706878662e-01,-6.272464394569396973e-01,1.012631058692932129e+00,-5.404731631278991699e-01,-1.867026329040527344e+00,1.178488254547119141e+00,5.980648994445800781e-01,-8.648036718368530273e-01,9.149903059005737305e-01,1.003023505210876465e+00,3.144067227840423584e-01,6.347901821136474609e-01,1.330777287483215332e+00,9.497900009155273438e-01,1.618600189685821533e-01,-6.364790201187133789e-01,1.257418096065521240e-01,-1.483327269554138184e+00,5.160256028175354004e-01,-1.309020668268203735e-01
-8.395985513925552368e-02,-2.968200147151947021e-01,3.565782308578491211e-01,1.744238436222076416e-01,8.813735842704772949e-02,4.438447654247283936e-01,8.732526302337646484e-01,-3.039567172527313232e-01,1.249584555625915527e+00,1.036779999732971191e+00,7.913071513175964355e-01,1.066082000732421875e+00,1.351330995559692383e+00,2.904704511165618896e-01,3.091239631175994873e-01,-9.115881323814392090e-01,1.405973553657531738e+00,-2.195599116384983063e-02,2.476700991392135620e-01,4.539182484149932861e-01,3.624351322650909424e-01,6.863670349121093750e-01,-2.695378363132476807e-01,1.138130187988281250e+00,7.707262039184570312e-01,4.668392539024353027e-01,4.177237451076507568e-01,3.759423792362213135e-01,6.803256869316101074e-01,-2.801125943660736084e-01,6.340739727020263672e-01,4.652225673198699951e-01,-4.523371458053588867e-01,-6.329241394996643066e-02,8.456875085830688477e-01,7.533001899719238281e-01,8.363873958587646484e-01,1.343596577644348145e+00,1.019035935401916504e+00,8.886830210685729980e-01,1.225125551223754883e+00,8.541916608810424805e-01,1.223865747451782227e+00,5.239360928535461426e-01,7.334404587745666504e-01,3.887867331504821777e-01,4.228768348693847656e-01,-5.080749988555908203e-01,9.194107055664062500e-01,6.822705268859863281e-01,2.800813615322113037e-01,1.051940843462944031e-01,-8.895111829042434692e-02,-7.383466958999633789e-01,-1.351286470890045166e-01,6.590656638145446777e-01,-6.920414566993713379e-01,7.719849944114685059e-01,5.046988129615783691e-01,8.689386844635009766e-01,8.431292772293090820e-01,1.297820925712585449e+00,4.556081295013427734e-01,-1.285037279129028320e+00,-6.543932557106018066e-01,-1.803273707628250122e-01,-1.019497141242027283e-01,1.954326331615447998e-01,-8.300079703330993652e-01,-9.123103618621826172e-01,1.818305552005767822e-01,3.929009735584259033e-01,-1.464715719223022461e+00,1.024311929941177368e-01,9.179400801658630371e-01,4.142653644084930420e-01,1.756883263587951660e-01,-5.271968245506286621e-01,7.661463618278503418e-01,7.630324959754943848e-01,-1.039158701896667480e+00,-1.705151081085205078e+00,7.552103996276855469e-01,-1.560319304466247559e+00,-1.567978620529174805e+00,-1.424665212631225586e+00,6.621757745742797852e-01,-6.060446500778198242e-01,1.056535765528678894e-01,5.017023682594299316e-01,-1.882622480392456055e+00,1.312937498092651367e+00,5.124426484107971191e-01,6.605805754661560059e-01,-4.221401214599609375e-01,-3.834687471389770508e-01,-4.219433069229125977e-01,-2.003795385360717773e+00,3.520297706127166748e-01,7.389998435974121094e-01
5.947244167327880859e-02,-4.942722320556640625e-01,1.972234994173049927e-01,-7.457030415534973145e-01,-7.171861529350280762e-01,-1.084459424018859863e-01,7.163499593734741211e-01,-1.360262274742126465e+00,-1.303749680519104004e-01,9.219760298728942871e-01,7.843015193939208984e-01,1.092296719551086426e+00,7.461164593696594238e-01,4.227249324321746826e-01,7.516219615936279297e-01,-4.119457900524139404e-01,5.525506734848022461e-01,-2.971724569797515869e-01,4.018664360046386719e-02,-4.178030192852020264e-01,2.366864830255508423e-01,8.098448514938354492e-01,4.287967979907989502e-01,9.682729244232177734e-01,1.095056533813476562e+00,6.716078519821166992e-01,4.624307751655578613e-01,4.111734926700592041e-01,7.426767349243164062e-01,6.133558154106140137e-01,8.295828104019165039e-01,3.997526466846466064e-01,8.032904863357543945e-01,-2.057325690984725952e-01,1.225693941116333008e+00,6.329419016838073730e-01,1.600436866283416748e-01,1.387438058853149414e+00,1.822966814041137695e+00,1.687570095062255859e+00,8.199215531349182129e-01,1.289831638336181641e+00,1.290895104408264160e+00,9.177371263504028320e-01,9.602695703506469727e-01,9.963675737380981445e-01,7.859410643577575684e-01,-1.551531907171010971e-02,3.973895311355590820e-01,1.313029527664184570e-01,7.240174412727355957e-01,-2.734900116920471191e-01,6.369262337684631348e-01,-1.080961465835571289e+00,-1.047817468643188477e+00,1.040033102035522461e+00,-1.224506139755249023e+00,-8.243858814239501953e-01,6.518694162368774414e-01,8.269990086555480957e-01,1.279337048530578613e+00,3.048149347305297852e-01,3.377071022987365723e-01,-6.645351052284240723e-01,3.140582144260406494e-01,2.877795509994029999e-02,-1.432842165231704712e-01,3.479593396186828613e-01,-5.023334622383117676e-01,-1.144437670707702637e+00,-7.109410762786865234e-01,3.574050366878509521e-01,-8.503665328025817871e-01,4.494269490242004395e-01,1.010332345962524414e+00,8.046019077301025391e-01,3.782079815864562988e-01,1.456325799226760864e-01,9.629027247428894043e-01,4.607995152473449707e-01,-3.900030553340911865e-01,-1.533386826515197754e+00,8.443475961685180664e-01,-4.654179513454437256e-01,-1.324326992034912109e+00,-2.186901092529296875e+00,-1.997525803744792938e-02,-5.627488493919372559e-01,-7.728128880262374878e-02,-3.911056220531463623e-01,1.062030434608459473e+00,1.141153216361999512e+00,9.107268452644348145e-01,8.901310563087463379e-01,3.602705001831054688e-01,7.218393087387084961e-01,-3.587748110294342041e-01,-1.722561717033386230e+00,2.498804926872253418e-01,1.428390443325042725e-01
9.013990312814712524e-02,-8.226719498634338379e-01,-5.997666716575622559e-01,-9.772449731826782227e-01,-1.126874089241027832e+00,-1.385914802551269531e+00,3.138416409492492676e-01,-1.564334034919738770e+00,-1.426637291908264160e+00,1.406110048294067383e+00,1.662701606750488281e+00,1.441904306411743164e+00,1.984080076217651367e-01,5.671544671058654785e-01,2.628572583198547363e-01,-8.206741809844970703e-01,9.763490408658981323e-02,-6.883882880210876465e-01,5.934832692146301270e-01,3.494674861431121826e-01,3.774370625615119934e-02,4.513184130191802979e-01,3.846483528614044189e-01,1.474019169807434082e+00,9.910776615142822266e-01,1.088601231575012207e+00,1.070373177528381348e+00,6.327939629554748535e-01,6.702663898468017578e-01,5.563733633607625961e-03,6.075174808502197266e-01,1.353319525718688965e+00,1.269603967666625977e+00,-2.608072757720947266e-01,1.167578458786010742e+00,2.040420472621917725e-01,4.878645539283752441e-01,1.307124495506286621e+00,7.728060483932495117e-01,1.182528734207153320e+00,3.734067976474761963e-01,8.452436923980712891e-01,1.255543589591979980e+00,3.359661698341369629e-01,1.072332024574279785e+00,6.214814782142639160e-01,8.977213501930236816e-02,9.182999730110168457e-01,-2.202935665845870972e-01,6.298149824142456055e-01,2.448146641254425049e-01,-3.676394522190093994e-01,-1.196687221527099609e-01,-1.565520644187927246e+00,-1.675130128860473633e+00,5.220710635185241699e-01,-1.143571138381958008e+00,-1.836212635040283203e+00,1.051743865013122559e+00,1.263267755508422852e+00,9.353480935096740723e-01,-6.891590356826782227e-01,-4.186752736568450928e-01,-5.531058311462402344e-01,4.215089082717895508e-01,-1.993059366941452026e-01,-3.246589601039886475e-01,2.568012475967407227e-01,-5.811773538589477539e-01,-6.412289142608642578e-01,-4.166505038738250732e-01,-4.417393803596496582e-01,-3.090296089649200439e-01,8.621014356613159180e-01,6.476092338562011719e-01,1.323676228523254395e+00,3.699065744876861572e-01,9.569159895181655884e-02,3.388328850269317627e-01,1.033298015594482422e+00,2.034962773323059082e-01,-4.517735838890075684e-01,1.706918954849243164e+00,6.228359341621398926e-01,-2.805697619915008545e-01,-1.046924710273742676e+00,2.222550809383392334e-01,2.503900825977325439e-01,4.189914166927337646e-01,4.722353443503379822e-02,2.418949455022811890e-01,6.082057952880859375e-01,6.380812525749206543e-01,5.580345392227172852e-01,6.465726494789123535e-01,7.867806553840637207e-01,-2.915591001510620117e-01,-2.354706265032291412e-02,1.629536449909210205e-01,1.038941621780395508e+00
-1.053995639085769653e-02,-9.704619050025939941e-01,-7.044830322265625000e-01,-8.664712309837341309e-01,-1.236682415008544922e+00,-1.356027126312255859e+00,3.985094428062438965e-01,-1.407847642898559570e+00,-1.338096976280212402e+00,1.034530997276306152e+00,8.254740238189697266e-01,8.840209841728210449e-01,6.495623588562011719e-01,2.021416574716567993e-01,2.203490734100341797e-01,-1.024910211563110352e+00,3.215141892433166504e-01,-1.017786026000976562e+00,2.902466952800750732e-01,6.753337979316711426e-01,1.563863515853881836e+00,-5.211825370788574219e-01,-5.458620563149452209e-02,6.901605129241943359e-01,9.062894582748413086e-01,6.116592884063720703e-01,1.298427939414978027e+00,1.062709450721740723e+00,1.384563446044921875e+00,-6.759019196033477783e-02,9.275917410850524902e-01,1.651758104562759399e-01,1.056895971298217773e+00,-3.087922036647796631e-01,2.461107820272445679e-01,2.670563757419586182e-03,1.173984169960021973e+00,8.917455077171325684e-01,-1.812114566564559937e-01,1.032437324523925781e+00,1.702925264835357666e-01,7.241195440292358398e-01,6.784041523933410645e-01,2.022642135620117188e+00,1.288785338401794434e+00,4.302232563495635986e-01,1.813546270132064819e-01,8.978197574615478516e-01,-3.930307924747467041e-01,6.290966868400573730e-01,4.668999612331390381e-01,-7.329736948013305664e-01,-3.380096256732940674e-01,-1.320719480514526367e+00,-1.616244077682495117e+00,-5.195440053939819336e-01,-8.552182912826538086e-01,-1.128623604774475098e+00,9.841051101684570312e-01,9.935640096664428711e-01,2.154396772384643555e-01,4.385188519954681396e-01,1.573660671710968018e-01,-5.915041565895080566e-01,-8.041027933359146118e-02,1.243530139327049255e-01,-5.219134688377380371e-02,2.488498240709304810e-01,4.129770696163177490e-01,-1.228213906288146973e+00,6.121200919151306152e-01,-4.707978665828704834e-01,-3.701981604099273682e-01,4.781628847122192383e-01,2.294114530086517334e-01,1.070824503898620605e+00,1.351670980453491211e+00,3.513729572296142578e-01,1.210065841674804688e+00,6.488675475120544434e-01,2.605683505535125732e-01,6.558273732662200928e-02,6.503192782402038574e-01,-1.631602883338928223e+00,5.453822612762451172e-01,3.214058876037597656e-01,1.047022938728332520e+00,8.351013064384460449e-01,8.321272134780883789e-01,7.242031097412109375e-01,4.736919403076171875e-01,9.916508793830871582e-01,1.348686337471008301e+00,1.797604322433471680e+00,-2.047664523124694824e-01,8.518371582031250000e-01,-2.809252142906188965e-01,7.905938029289245605e-01,-1.031880378723144531e+00,5.454590320587158203e-01
1.808935850858688354e-01,-1.232327967882156372e-01,3.831758499145507812e-01,-7.251493632793426514e-02,-7.909480333328247070e-01,1.294932812452316284e-01,3.756065964698791504e-01,-5.906766653060913086e-01,-2.102588713169097900e-01,1.554828047752380371e+00,1.773464560508728027e+00,8.578202128410339355e-01,4.974820315837860107e-01,2.249698787927627563e-01,1.141289114952087402e+00,-2.300609648227691650e-02,-3.271666467189788818e-01,6.251238286495208740e-02,-2.352998703718185425e-01,-3.358736634254455566e-01,1.121163275092840195e-02,-1.281670928001403809e-01,-4.576758444309234619e-01,9.763557314872741699e-01,8.137826919555664062e-01,8.306268453598022461e-01,9.088292717933654785e-01,8.549417257308959961e-01,4.092013537883758545e-01,3.173773884773254395e-01,7.170151472091674805e-01,9.029277563095092773e-01,3.061822950839996338e-01,-1.949689835309982300e-01,5.648296475410461426e-01,1.250848174095153809e+00,1.940611481666564941e+00,9.850569367408752441e-01,1.824239850044250488e+00,1.101415753364562988e+00,2.206411585211753845e-02,2.889456450939178467e-01,7.904777526855468750e-01,2.227938413619995117e+00,2.248728871345520020e-01,1.188455224037170410e+00,-2.009135298430919647e-02,-4.051222279667854309e-02,9.641675353050231934e-01,2.462084293365478516e+00,5.446938276290893555e-01,2.489350140094757080e-01,6.479001045227050781e-01,-8.144955635070800781e-01,-1.306989550590515137e+00,7.964917421340942383e-01,-5.536118149757385254e-02,-3.771214783191680908e-01,1.896673679351806641e+00,1.818282485008239746e+00,1.773088335990905762e+00,9.204087257385253906e-01,1.267513275146484375e+00,6.935606002807617188e-01,9.325643777847290039e-01,1.139210104942321777e+00,7.536482810974121094e-01,2.202609777450561523e-01,2.954154908657073975e-01,3.621857762336730957e-01,-4.027265310287475586e-01,-8.091782219707965851e-03,-3.445130884647369385e-01,7.789147496223449707e-01,9.636654257774353027e-01,1.331055283546447754e+00,1.358934760093688965e+00,5.326923727989196777e-01,1.258733034133911133e+00,1.735085844993591309e+00,3.319871127605438232e-01,1.051136136054992676e+00,1.545291423797607422e+00,5.340142846107482910e-01,1.929488539695739746e+00,-5.071602463722229004e-01,2.445735931396484375e+00,1.425133794546127319e-01,1.398056268692016602e+00,1.460715889930725098e+00,3.977496027946472168e-01,1.437604308128356934e+00,1.334022402763366699e+00,1.495330452919006348e+00,8.441456556320190430e-01,1.854206204414367676e+00,5.796661376953125000e-01,1.310052156448364258e+00,5.561745762825012207e-01,2.404895544052124023e+00
8.046981096267700195e-01,4.210622236132621765e-02,4.843420088291168213e-01,-5.613584443926811218e-02,-1.610243171453475952e-01,7.277376651763916016e-01,7.679359316825866699e-01,-8.279255032539367676e-01,5.632232427597045898e-01,1.277128815650939941e+00,1.421345829963684082e+00,1.210380554199218750e+00,1.567252755165100098e+00,2.337281703948974609e+00,2.534054040908813477e+00,1.767312437295913696e-01,5.855200886726379395e-01,-3.015983700752258301e-01,2.147551059722900391e+00,5.374865531921386719e-01,1.181744337081909180e+00,1.401712656021118164e+00,1.912767052650451660e+00,1.197182059288024902e+00,1.785362482070922852e+00,1.978348135948181152e+00,1.076450109481811523e+00,2.077461481094360352e+00,3.589580774307250977e+00,1.779661178588867188e+00,7.885230779647827148e-01,6.891319155693054199e-01,4.063656926155090332e-01,1.167396903038024902e+00,1.433710932731628418e+00,8.650431632995605469e-01,2.305771350860595703e+00,1.579234004020690918e+00,1.321468710899353027e+00,9.485200047492980957e-01,3.541601598262786865e-01,6.838846206665039062e-01,1.082431435585021973e+00,8.925496935844421387e-01,-1.036218166351318359e+00,1.139487862586975098e+00,6.928676962852478027e-01,1.770815014839172363e+00,7.980392873287200928e-02,1.852340340614318848e+00,1.533460497856140137e+00,-2.313540279865264893e-01,1.392105937004089355e+00,5.083920061588287354e-02,-1.851817518472671509e-01,1.415987610816955566e+00,-1.751770675182342529e-01,5.024946108460426331e-02,1.383315086364746094e+00,1.626382708549499512e+00,1.112459063529968262e+00,1.020483613014221191e+00,1.978594303131103516e+00,1.679657340049743652e+00,3.632259130477905273e+00,2.516551494598388672e+00,8.144204616546630859e-01,2.712768793106079102e+00,2.600302219390869141e+00,1.263669431209564209e-01,5.667158961296081543e-01,1.601921081542968750e+00,2.065033197402954102e+00,9.535663723945617676e-01,2.348353385925292969e+00,1.551828503608703613e+00,3.533655166625976562e+00,2.344718933105468750e+00,1.824340671300888062e-01,2.472024440765380859e+00,1.023616433143615723e+00,-4.906993806362152100e-01,1.587753057479858398e+00,9.653933644294738770e-01,1.063482165336608887e+00,2.780831456184387207e-01,2.384617328643798828e+00,1.395044326782226562e+00,7.212709784507751465e-01,1.134753704071044922e+00,1.503727078437805176e+00,2.814449369907379150e-01,1.136135458946228027e+00,1.786251068115234375e+00,1.010073542594909668e+00,1.709508299827575684e-01,9.176890254020690918e-01,2.686935663223266602e+00,6.365579962730407715e-01,2.009761571884155273e+00
2.118150293827056885e-01,-9.400358200073242188e-01,1.479248423129320145e-02,-8.059398084878921509e-02,-1.460161954164505005e-01,9.398845434188842773e-01,8.130508661270141602e-01,-1.744451045989990234e+00,-2.738319933414459229e-01,1.612221121788024902e+00,1.504016518592834473e+00,1.387700438499450684e+00,3.834446370601654053e-01,2.278614521026611328e+00,1.890767097473144531e+00,-6.393303275108337402e-01,5.930438041687011719e-01,-5.685126185417175293e-01,2.181585788726806641e+00,1.513427138328552246e+00,4.522237479686737061e-01,6.249738931655883789e-01,1.624714255332946777e+00,5.341539382934570312e-01,1.805820345878601074e+00,2.051252841949462891e+00,2.374878168106079102e+00,1.917099952697753906e+00,1.836952447891235352e+00,1.801610350608825684e+00,6.860980987548828125e-01,1.740260481834411621e+00,-8.486131429672241211e-01,2.498181164264678955e-01,7.873973250389099121e-01,8.010044693946838379e-01,4.705137610435485840e-01,1.722926378250122070e+00,7.434952259063720703e-01,8.960176706314086914e-01,-1.121720671653747559e+00,8.101352453231811523e-01,1.055486917495727539e+00,-7.184569537639617920e-02,-1.109673380851745605e+00,1.105681657791137695e+00,2.110656946897506714e-01,1.635624885559082031e+00,2.382600903511047363e-01,6.170294880867004395e-01,9.359204173088073730e-01,-5.107821822166442871e-01,8.750108480453491211e-01,2.403707709163427353e-03,-1.113828718662261963e-01,9.787266254425048828e-01,-7.888168692588806152e-01,-1.305277705192565918e+00,1.770831108093261719e+00,1.474177598953247070e+00,1.496351122856140137e+00,6.864424943923950195e-01,1.037084460258483887e+00,2.411643743515014648e+00,2.188191652297973633e+00,1.590788245201110840e+00,1.059183478355407715e+00,2.441265344619750977e+00,1.524658679962158203e+00,-6.904312968254089355e-01,-4.681442379951477051e-01,1.746098756790161133e+00,2.083393335342407227e+00,1.328608155250549316e+00,2.155506610870361328e+00,2.176290035247802734e+00,2.334102630615234375e+00,2.085740327835083008e+00,3.259691596031188965e-01,1.674782752990722656e+00,2.219613313674926758e+00,6.538754701614379883e-02,1.277754306793212891e+00,4.774871170520782471e-01,1.443092107772827148e+00,5.039696097373962402e-01,3.828456401824951172e-01,1.097827076911926270e+00,3.972751200199127197e-01,1.359297037124633789e+00,8.411061167716979980e-01,6.126481890678405762e-01,1.023048520088195801e+00,1.770945906639099121e+00,1.945625305175781250e+00,-4.653362929821014404e-01,8.812242746353149414e-01,3.147824764251708984e+00,3.629127144813537598e-01,5.371638536453247070e-01
