2.545127868652343750e+00,1.383317947387695312e+00,1.798271089792251587e-01,1.759573698043823242e+00,2.681238651275634766e+00,1.131928682327270508e+00,1.910318613052368164e+00,2.490419149398803711e+00,1.074375510215759277e+00,1.434269428253173828e+00,1.190246105194091797e+00,9.354635477066040039e-01,8.089592307806015015e-02,-1.239820718765258789e+00,-9.731712937355041504e-02,9.050385355949401855e-01,5.781047940254211426e-01,1.937698960304260254e+00,-6.602324843406677246e-01,1.045613765716552734e+00,-2.533928155899047852e-01,4.848675131797790527e-01,1.982646137475967407e-01,2.231014728546142578e+00,1.094142198562622070e+00,-8.744024038314819336e-01,1.202384591102600098e+00,1.129955530166625977e+00,3.725894391536712646e-01,2.605854511260986328e+00,2.380511045455932617e+00,9.198025465011596680e-01,1.736166357994079590e+00,2.090575933456420898e+00,1.353775143623352051e+00,7.833260297775268555e-01,-1.477994441986083984e+00,1.228726029396057129e+00,1.259696245193481445e+00,1.203211426734924316e+00,2.506050825119018555e+00,-9.701845794916152954e-02,7.866783142089843750e-01,-4.229858219623565674e-01,1.777880311012268066e+00,5.061069130897521973e-01,9.918670654296875000e-01,-7.857254147529602051e-01,4.804315268993377686e-01,1.277779459953308105e+00,1.571414470672607422e+00,7.864434719085693359e-01,-1.468078494071960449e-01
3.457838594913482666e-01,3.445708453655242920e-01,2.647902257740497589e-02,4.340584576129913330e-01,2.355101108551025391e-01,1.053715586662292480e+00,-6.630778312683105469e-03,-8.182671666145324707e-02,8.276163339614868164e-01,1.228921055793762207e+00,1.179027795791625977e+00,3.057455718517303467e-01,1.063630700111389160e+00,1.904671639204025269e-01,-4.054319560527801514e-01,4.983755648136138916e-01,-5.763542056083679199e-01,-4.823898971080780029e-01,-7.846450060606002808e-02,2.515673041343688965e-01,2.401037067174911499e-01,3.259539306163787842e-01,-7.687738165259361267e-03,3.449958562850952148e-01,-4.760100692510604858e-02,4.074153006076812744e-01,2.349031120538711548e-01,8.787913322448730469e-01,4.879271388053894043e-01,5.204508900642395020e-01,5.611798763275146484e-01,6.585843563079833984e-01,-2.062535881996154785e-01,1.098103523254394531e+00,7.085982561111450195e-01,6.482509970664978027e-01,5.989202857017517090e-01,-1.593694686889648438e+00,-2.929697558283805847e-02,1.391075253486633301e+00,1.586584210395812988e+00,-2.063469439744949341e-01,-7.267972826957702637e-01,-1.330446958541870117e+00,5.011697411537170410e-01,4.237866401672363281e-01,6.338493227958679199e-01,-3.042936325073242188e-01,7.931348681449890137e-01,1.109626770019531250e+00,8.051830530166625977e-01,5.515267252922058105e-01,5.212310552597045898e-01
5.135186910629272461e-01,-5.777487754821777344e-01,-1.476781129837036133e+00,-7.172938585281372070e-01,-2.874127328395843506e-01,-5.320435166358947754e-01,3.572841584682464600e-01,-5.237599834799766541e-02,-7.390109896659851074e-01,-2.295756340026855469e-01,-3.114021420478820801e-01,-2.254647910594940186e-01,9.129860401153564453e-01,6.694619059562683105e-01,-3.762882947921752930e-01,6.794688850641250610e-02,7.843608856201171875e-01,1.501060605049133301e+00,4.131687581539154053e-01,4.730390310287475586e-01,-7.636792659759521484e-01,-3.632813692092895508e-01,-8.147386312484741211e-01,1.320788741111755371e+00,9.448069930076599121e-01,-2.197675406932830811e-01,1.584028750658035278e-01,4.236301481723785400e-01,-1.147299647331237793e+00,2.364675253629684448e-01,1.123266816139221191e+00,-5.620505213737487793e-01,-9.306521415710449219e-01,-1.109756827354431152e-01,-4.297068715095520020e-01,5.493811368942260742e-01,4.555318653583526611e-01,-1.398933678865432739e-01,-1.527884751558303833e-01,4.921047985553741455e-01,6.201546192169189453e-01,9.265211224555969238e-01,5.759190917015075684e-01,-4.602375626564025879e-01,-1.055940315127372742e-01,2.977725584059953690e-03,1.476016938686370850e-01,-7.277827262878417969e-01,1.648470997810363770e+00,7.587240338325500488e-01,1.075585126876831055e+00,2.982960939407348633e-01,-5.436864122748374939e-02
-3.374358117580413818e-01,-1.598705887794494629e+00,-2.784758508205413818e-01,1.321935188025236130e-02,-7.866964340209960938e-01,9.686160832643508911e-02,-7.069035619497299194e-02,4.722060263156890869e-02,-1.293417334556579590e+00,-1.573955655097961426e+00,-8.318018317222595215e-01,-5.732466578483581543e-01,-1.187666058540344238e+00,-1.279391288757324219e+00,-2.269448935985565186e-01,-6.222103834152221680e-01,-1.035969555377960205e-01,-3.601263463497161865e-01,-7.788088321685791016e-01,-3.212887644767761230e-01,2.759089469909667969e-01,4.342116415500640869e-01,-1.891399174928665161e-02,4.372531473636627197e-01,3.635772764682769775e-01,3.438492119312286377e-01,-1.051753044128417969e+00,-8.564559817314147949e-01,-5.625082254409790039e-01,-1.813863366842269897e-01,-9.895769357681274414e-01,-1.229211091995239258e+00,-1.390503287315368652e+00,-5.428329110145568848e-01,-5.452292561531066895e-01,-7.398543357849121094e-01,-1.093683242797851562e+00,-5.034844875335693359e-01,-6.225998997688293457e-01,6.685269474983215332e-01,7.168853282928466797e-01,-5.943920016288757324e-01,1.869850009679794312e-01,-6.622732281684875488e-01,9.134560823440551758e-01,7.319042086601257324e-01,-7.914366126060485840e-01,1.679644137620925903e-01,4.234312772750854492e-01,8.809849023818969727e-01,-3.825056552886962891e-02,-6.935544610023498535e-01,-9.706003218889236450e-02
-9.236374497413635254e-01,-9.667211771011352539e-01,-3.939618170261383057e-01,1.264989078044891357e-01,-4.045088887214660645e-01,-1.620844364166259766e+00,-1.925041079521179199e+00,-9.330694675445556641e-01,-2.391424894332885742e+00,-2.088256776332855225e-01,-5.902898311614990234e-01,-2.232723474502563477e+00,-1.315875530242919922e+00,4.403162598609924316e-01,6.515166759490966797e-01,-1.499600052833557129e+00,-1.430625796318054199e+00,-6.241502165794372559e-01,1.928851753473281860e-01,-1.553066968917846680e+00,1.875683784484863281e+00,-1.338965296745300293e+00,-1.890213727951049805e+00,-1.770200729370117188e+00,-6.874014735221862793e-01,1.504281520843505859e+00,-1.512025713920593262e+00,-1.715891003608703613e+00,-9.919673204421997070e-01,-2.232331037521362305e+00,3.055965006351470947e-01,-1.544081926345825195e+00,2.927567660808563232e-01,-7.903462648391723633e-01,-1.337386488914489746e+00,-1.315993189811706543e+00,7.289391160011291504e-01,1.669295668601989746e+00,-1.424336194992065430e+00,-1.580947041511535645e+00,-3.828799724578857422e-01,6.656394004821777344e-01,-1.857393741607666016e+00,2.286211252212524414e+00,-9.576651453971862793e-01,-1.258975625038146973e+00,-1.580104112625122070e+00,7.606474161148071289e-01,-1.400949239730834961e+00,-1.007191300392150879e+00,-4.188696444034576416e-01,-1.528399467468261719e+00,-1.854264259338378906e+00
-1.272902369499206543e+00,-1.667590737342834473e-01,-3.427306711673736572e-01,-1.031597971916198730e+00,-6.255558133125305176e-01,9.864938259124755859e-01,-1.090777277946472168e+00,-9.051072001457214355e-01,6.709536314010620117e-01,1.777444243431091309e+00,2.487477809190750122e-01,-5.962005853652954102e-01,1.002271294593811035e+00,1.824812054634094238e+00,2.544113636016845703e+00,7.473301291465759277e-01,4.110617339611053467e-01,-1.531365036964416504e+00,8.071866631507873535e-01,-1.358497738838195801e+00,1.536681652069091797e+00,-1.842742443084716797e+00,5.706349611282348633e-01,-1.482424139976501465e+00,-1.499573111534118652e+00,1.643706440925598145e+00,-5.362432003021240234e-01,-1.361203789710998535e+00,7.432089000940322876e-02,-5.116246342658996582e-01,-3.568264544010162354e-01,1.428353667259216309e+00,6.049024462699890137e-01,5.464449524879455566e-01,-1.567222774028778076e-01,2.340897023677825928e-01,1.552976965904235840e+00,1.371369600296020508e+00,8.114497363567352295e-02,1.052063032984733582e-01,3.763142526149749756e-01,8.589770793914794922e-01,-3.049900531768798828e-01,2.444182872772216797e+00,1.763411879539489746e+00,-1.611285686492919922e+00,-4.361640214920043945e-01,1.454504132270812988e+00,-9.352675676345825195e-01,-9.420815706253051758e-01,-3.460378050804138184e-01,-1.371744275093078613e+00,-1.371524930000305176e+00
8.545644879341125488e-01,4.993965327739715576e-01,-5.273786783218383789e-01,-6.215428709983825684e-01,5.925951991230249405e-03,1.443189382553100586e+00,7.664762139320373535e-01,6.234513130038976669e-03,1.247562289237976074e+00,1.716698408126831055e+00,9.939066767692565918e-01,3.880853950977325439e-01,1.312165379524230957e+00,6.998046040534973145e-01,-6.916292309761047363e-01,1.977350711822509766e+00,1.093863844871520996e-01,1.538190245628356934e+00,-1.202761888504028320e+00,1.580581188201904297e+00,-1.062080338597297668e-01,-3.662626147270202637e-01,5.172518491744995117e-01,1.188243389129638672e+00,1.278764128684997559e+00,-1.254305124282836914e+00,2.299407958984375000e+00,9.994748830795288086e-01,5.021631345152854919e-02,5.149925351142883301e-01,1.103373050689697266e+00,1.377125859260559082e+00,1.553449630737304688e+00,1.586690783500671387e+00,1.349311113357543945e+00,1.354745507240295410e+00,7.603487372398376465e-01,-9.411334991455078125e-01,1.984360933303833008e+00,1.929616212844848633e+00,1.877763509750366211e+00,-8.798477053642272949e-01,-3.607217669486999512e-01,-8.472403883934020996e-01,1.142793059349060059e+00,-1.433033943176269531e-01,2.176145076751708984e+00,-4.734192192554473877e-01,2.534059524536132812e+00,1.777467131614685059e+00,1.628980755805969238e+00,3.229087293148040771e-01,-3.316009044647216797e-01
1.962278366088867188e+00,1.002917647361755371e+00,1.514053225517272949e+00,1.961101412773132324e+00,1.512734651565551758e+00,1.220111101865768433e-01,1.361510276794433594e+00,1.118975043296813965e+00,3.184522390365600586e-01,7.701740860939025879e-01,3.319317102432250977e-01,4.556059241294860840e-01,4.900629818439483643e-01,-1.136152863502502441e+00,4.067619889974594116e-02,5.829784274101257324e-01,2.738786041736602783e-01,1.637443900108337402e+00,-6.051446199417114258e-01,2.006751775741577148e+00,-7.070853114128112793e-01,1.446470022201538086e+00,1.374811977148056030e-01,9.882792234420776367e-01,1.742517709732055664e+00,-1.317137122154235840e+00,1.361076354980468750e+00,2.435978353023529053e-01,5.734732747077941895e-01,7.159891128540039062e-01,1.241178035736083984e+00,-8.448625355958938599e-02,1.690109729766845703e+00,1.377765536308288574e+00,6.757838726043701172e-01,1.151340723037719727e+00,-8.912838697433471680e-01,1.542296767234802246e+00,1.004446744918823242e+00,2.042790174484252930e+00,2.102408170700073242e+00,-1.735518574714660645e-01,3.989486396312713623e-01,-1.514241576194763184e+00,1.733078956604003906e+00,1.486647009849548340e+00,1.386374592781066895e+00,-1.323098093271255493e-01,6.768631339073181152e-01,1.988481283187866211e+00,1.478470802307128906e+00,7.127785682678222656e-01,5.800440907478332520e-01
5.083615779876708984e-01,8.502056002616882324e-01,-2.813396155834197998e-01,-8.008244037628173828e-01,-1.351173639297485352e+00,4.457879066467285156e-01,7.218631505966186523e-01,-1.116201162338256836e+00,1.320909857749938965e-01,1.689915955066680908e-01,1.904517292976379395e+00,-8.269507437944412231e-02,2.554830312728881836e-01,-1.940876543521881104e-01,-1.923865437507629395e+00,4.157523512840270996e-01,-1.370893478393554688e+00,7.758331298828125000e-01,-6.051871180534362793e-01,6.617971062660217285e-01,-3.989571332931518555e-02,1.524559020996093750e+00,-1.627357751131057739e-01,1.228139519691467285e+00,1.243667840957641602e+00,-5.068600922822952271e-02,8.621684461832046509e-02,2.202275395393371582e-01,-4.130115211009979248e-01,7.925386726856231689e-02,-1.373248457908630371e+00,2.760479748249053955e-01,2.040127366781234741e-01,6.906642913818359375e-01,2.300582826137542725e-01,5.124178528785705566e-01,-3.872071206569671631e-02,-2.125798702239990234e+00,1.806017160415649414e-01,1.324512600898742676e+00,1.148780941963195801e+00,-5.073527693748474121e-01,-1.655527114868164062e+00,-3.587841689586639404e-01,1.237641572952270508e-01,1.571230649948120117e+00,1.005388945341110229e-01,-5.159462094306945801e-01,1.475309967994689941e+00,1.989336490631103516e+00,4.186705946922302246e-01,9.744606614112854004e-01,5.193189978599548340e-01
7.087795436382293701e-02,-2.229046821594238281e+00,-2.302063226699829102e+00,-8.241277933120727539e-01,-1.251297593116760254e+00,-2.059829711914062500e+00,5.208813026547431946e-02,-1.897788494825363159e-01,-1.855544447898864746e+00,-2.361046552658081055e+00,-1.797083020210266113e+00,-1.463230133056640625e+00,-5.638697743415832520e-01,-4.238010048866271973e-01,-4.639138579368591309e-01,-1.392706632614135742e+00,2.685268223285675049e-01,-5.595991015434265137e-01,4.810189306735992432e-01,-3.624316155910491943e-01,-8.818201720714569092e-02,-5.557880997657775879e-01,-9.991545081138610840e-01,-5.093529820442199707e-01,-1.115268096327781677e-01,3.643613159656524658e-01,-1.067295789718627930e+00,-1.458950638771057129e+00,-6.464003324508666992e-01,1.183250173926353455e-01,-4.411801993846893311e-01,-2.579383134841918945e+00,-1.287185788154602051e+00,-1.642799735069274902e+00,-1.071480154991149902e+00,-1.702919788658618927e-02,-2.064589178189635277e-03,1.916320919990539551e-01,-1.134545922279357910e+00,-8.234042525291442871e-01,-7.066214680671691895e-01,8.399940729141235352e-01,4.558022320270538330e-01,3.499030321836471558e-02,-5.583242177963256836e-01,1.902298778295516968e-01,-1.501214623451232910e+00,1.320439457893371582e+00,-7.661550641059875488e-01,-3.027454949915409088e-02,2.601903676986694336e-01,-7.361987829208374023e-01,-2.133658975362777710e-01
-2.144807577133178711e+00,5.998981744050979614e-02,3.995166420936584473e-01,-1.361308898776769638e-02,3.694382607936859131e-01,8.499224781990051270e-01,-1.965461254119873047e+00,-6.167026162147521973e-01,-3.503566980361938477e-01,-1.593848466873168945e-01,-1.289322733879089355e+00,-1.186956405639648438e+00,-2.674360513687133789e+00,-1.701408147811889648e+00,-5.609349906444549561e-02,-1.012531518936157227e+00,-9.227443933486938477e-01,-1.448979973793029785e+00,-1.100789070129394531e+00,-1.468052983283996582e+00,1.989103078842163086e+00,-1.310479044914245605e+00,-1.300125837326049805e+00,-1.572705984115600586e+00,-2.287369966506958008e+00,1.189380407333374023e+00,-8.629581332206726074e-01,-1.504222750663757324e+00,2.858352661132812500e-01,-1.440223813056945801e+00,-8.480905890464782715e-01,-8.601517081260681152e-01,-4.903965890407562256e-01,-7.361496090888977051e-01,-6.284428834915161133e-01,-2.315919637680053711e+00,-1.599809050559997559e+00,2.836067676544189453e-01,-6.099005341529846191e-01,-5.910006165504455566e-01,-7.942636013031005859e-01,-1.000948190689086914e+00,-8.425255417823791504e-01,5.448935031890869141e-01,-1.022603750228881836e+00,-8.732859492301940918e-01,-4.372309148311614990e-01,4.008910357952117920e-01,-1.988167524337768555e+00,-1.403970956802368164e+00,-2.066136300563812256e-01,-2.574299573898315430e+00,-1.291519880294799805e+00
-2.569656372070312500e+00,-1.140628576278686523e+00,-2.101268768310546875e+00,-1.861150503158569336e+00,-1.830294609069824219e+00,7.621924579143524170e-02,-1.565309524536132812e+00,-1.639778375625610352e+00,-1.272072792053222656e+00,-1.126594424247741699e+00,-1.314825773239135742e+00,-1.338237762451171875e+00,-8.334731459617614746e-01,6.590291261672973633e-01,1.406177520751953125e+00,-1.200772643089294434e+00,1.297068953514099121e+00,-1.479767084121704102e+00,1.351585626602172852e+00,-9.881874322891235352e-01,1.304994702339172363e+00,-2.535967588424682617e+00,-6.485720872879028320e-01,-1.140015721321105957e+00,-2.232971429824829102e+00,1.260979294776916504e+00,-1.679894804954528809e+00,-1.793686985969543457e+00,-1.218888640403747559e+00,-2.027435779571533203e+00,-4.540828168392181396e-01,-6.984281539916992188e-01,-1.704635500907897949e+00,-8.036993145942687988e-01,-7.580849528312683105e-01,-9.140138626098632812e-01,5.592755079269409180e-01,1.528966873884201050e-01,-1.027043819427490234e+00,-8.857918381690979004e-01,-1.318909764289855957e+00,1.268968939781188965e+00,7.128561139106750488e-01,1.170178294181823730e+00,-1.042825698852539062e+00,-2.507667779922485352e+00,-1.413670063018798828e+00,1.160324737429618835e-01,-1.002428054809570312e+00,-2.135360956192016602e+00,-2.679789662361145020e-01,-2.130544185638427734e+00,-1.964794158935546875e+00
-2.384580850601196289e+00,-4.700694680213928223e-01,-1.515492320060729980e+00,-1.460989952087402344e+00,-7.309617400169372559e-01,5.243193507194519043e-01,-1.676932334899902344e+00,-2.745316922664642334e-01,-1.974501967430114746e+00,-3.964000567793846130e-02,-1.226256966590881348e+00,-2.078969955444335938e+00,-4.886633753776550293e-01,1.556964755058288574e+00,1.983790993690490723e+00,-6.698940992355346680e-01,1.040095925331115723e+00,-1.617088913917541504e+00,3.720222711563110352e-01,-2.959375143051147461e+00,2.490645170211791992e+00,-3.141072034835815430e+00,-2.295149087905883789e+00,-1.824537277221679688e+00,-2.933119773864746094e+00,2.340915203094482422e+00,-2.133724927902221680e+00,-2.726218938827514648e+00,1.994528025388717651e-01,-8.758572936058044434e-01,6.893476247787475586e-01,-1.205524325370788574e+00,-4.072785079479217529e-01,-8.852231502532958984e-01,-1.045065879821777344e+00,-4.939745068550109863e-01,1.070276856422424316e+00,6.683289408683776855e-01,-1.458029150962829590e-01,-2.135821819305419922e+00,-1.381856083869934082e+00,4.121960699558258057e-01,5.319342613220214844e-01,1.635594606399536133e+00,-2.428662776947021484e+00,-3.255931377410888672e+00,-1.372529149055480957e+00,2.043409347534179688e+00,-1.218988656997680664e+00,-2.348752975463867188e+00,-1.683171987533569336e+00,-2.957055807113647461e+00,-2.586579322814941406e+00
-6.314874887466430664e-01,8.257223367691040039e-01,1.089021801948547363e+00,3.646951615810394287e-01,6.050049662590026855e-01,1.284702301025390625e+00,-2.046273231506347656e+00,9.570975601673126221e-02,-1.189247846603393555e+00,6.977837681770324707e-01,-1.514474628493189812e-03,-1.516692638397216797e+00,-1.678292274475097656e+00,-4.523479044437408447e-01,4.250097274780273438e-01,-5.294794440269470215e-01,-1.502599835395812988e+00,-1.550177931785583496e+00,-7.652923464775085449e-01,-1.618946909904479980e+00,1.388688802719116211e+00,-1.641642332077026367e+00,-1.971797108650207520e+00,-2.519993782043457031e+00,-2.003258466720581055e+00,1.459057927131652832e+00,-6.520046591758728027e-01,-1.230933070182800293e+00,1.291518211364746094e+00,-1.310019850730895996e+00,1.090187191963195801e+00,-2.004442662000656128e-01,8.054029345512390137e-01,4.087304770946502686e-01,-2.938989698886871338e-01,-1.486276626586914062e+00,-4.228579998016357422e-01,9.825765490531921387e-01,1.237034648656845093e-01,-9.696126580238342285e-01,-6.794497966766357422e-01,-4.338321387767791748e-01,-1.397739052772521973e+00,4.534811079502105713e-01,-1.189751982688903809e+00,-1.586094021797180176e+00,-6.841248273849487305e-02,1.404936552047729492e+00,-2.473978281021118164e+00,-1.653586030006408691e+00,-6.894101500511169434e-01,-2.303992986679077148e+00,-1.638394474983215332e+00
-4.619154334068298340e-01,-1.585979908704757690e-01,-1.108636379241943359e+00,-8.270224928855895996e-01,-6.630679368972778320e-01,2.577614486217498779e-01,-5.247136950492858887e-01,-8.975297212600708008e-01,8.484910726547241211e-01,1.993143439292907715e+00,3.351850211620330811e-01,-2.207087129354476929e-01,2.783406078815460205e-01,1.279698252677917480e+00,1.060646772384643555e+00,3.591791391372680664e-01,-9.271834045648574829e-02,-1.534127295017242432e-01,5.230045914649963379e-01,5.162739194929599762e-03,9.780848622322082520e-01,-9.329535365104675293e-01,1.052932739257812500e+00,-2.485299408435821533e-01,-2.597079575061798096e-01,2.334702461957931519e-01,-2.241849899291992188e-02,-2.454439550638198853e-01,-1.133119389414787292e-01,-5.472780466079711914e-01,-8.224800229072570801e-01,2.644598186016082764e-01,1.004584312438964844e+00,1.018393993377685547e+00,5.242902040481567383e-01,5.092062354087829590e-01,1.211387991905212402e+00,3.527369201183319092e-01,9.209609031677246094e-01,-5.496798157691955566e-01,1.702541857957839966e-01,6.681630015373229980e-01,-8.103783130645751953e-01,1.133544445037841797e+00,1.495069414377212524e-01,-8.297097682952880859e-01,1.438256353139877319e-01,2.603322267532348633e-01,-3.214725852012634277e-02,2.506201565265655518e-01,7.726267725229263306e-02,-6.817123889923095703e-01,-1.016717433929443359e+00
1.093950867652893066e+00,-5.134582519531250000e-01,-1.872829675674438477e+00,-1.149493008852005005e-01,-3.749195635318756104e-01,-5.515297651290893555e-01,8.920626044273376465e-01,3.709619939327239990e-01,-2.648151814937591553e-01,-1.144886165857315063e-01,-1.844480484724044800e-01,-3.321288153529167175e-02,3.653898462653160095e-02,5.543011426925659180e-01,-8.720505237579345703e-01,6.160619854927062988e-01,2.326148748397827148e-01,4.729767739772796631e-01,-4.229098856449127197e-01,8.290111422538757324e-01,-8.854192495346069336e-01,3.063261508941650391e-01,1.813444048166275024e-01,2.186453714966773987e-02,5.062648653984069824e-01,-9.838282465934753418e-01,7.907528281211853027e-01,6.148021817207336426e-01,-9.409146904945373535e-01,-2.319382689893245697e-02,-2.892868220806121826e-01,-5.303235054016113281e-01,1.591798365116119385e-01,3.856527507305145264e-01,3.955236673355102539e-01,5.395759344100952148e-01,4.668059051036834717e-01,-1.186217904090881348e+00,6.852211356163024902e-01,3.068384230136871338e-01,5.419614911079406738e-01,1.013289839029312134e-01,-4.050365462899208069e-02,-9.546398520469665527e-01,3.748249635100364685e-02,4.075058102607727051e-01,7.274714708328247070e-01,-1.103821635246276855e+00,2.661422193050384521e-01,7.451919913291931152e-01,1.712586760520935059e+00,6.561804413795471191e-01,3.871247470378875732e-01
1.275996685028076172e+00,8.064645528793334961e-01,-9.166922420263290405e-03,9.444800019264221191e-01,1.944318652153015137e+00,-2.025531828403472900e-01,7.499799132347106934e-01,8.039409518241882324e-01,1.192086935043334961e+00,1.453159570693969727e+00,1.130228042602539062e+00,6.641343832015991211e-01,-3.005853295326232910e-01,-1.242722868919372559e+00,-4.066038429737091064e-01,1.097524523735046387e+00,-8.619741797447204590e-01,7.580527663230895996e-01,-3.545115888118743896e-01,3.298403024673461914e-01,2.380988746881484985e-01,7.541430592536926270e-01,2.711005508899688721e-01,-6.431866884231567383e-01,6.764605641365051270e-01,-6.436773538589477539e-01,1.136169195175170898e+00,1.058935523033142090e-01,-1.029118537902832031e+00,4.554650187492370605e-01,7.061794400215148926e-01,4.234011769294738770e-01,1.643004179000854492e+00,1.327916383743286133e+00,1.259327411651611328e+00,9.365632385015487671e-02,-1.224359273910522461e+00,8.879510164260864258e-01,1.083720803260803223e+00,-1.028956547379493713e-01,9.979261755943298340e-01,-6.436724215745925903e-02,-8.862546682357788086e-01,1.714365333318710327e-01,6.300528645515441895e-01,1.061703443527221680e+00,9.770146012306213379e-01,-1.194896936416625977e+00,-1.536688089370727539e+00,5.685404539108276367e-01,5.650439262390136719e-01,2.372606098651885986e-01,1.818965077400207520e-01
-1.888789534568786621e-01,5.423743128776550293e-01,-2.092994004487991333e-01,-2.565997838973999023e-01,-4.889759421348571777e-01,8.303021788597106934e-01,-8.255745470523834229e-02,-1.214065670967102051e+00,3.338121473789215088e-01,9.670964479446411133e-01,1.164462715387344360e-01,3.174907863140106201e-01,1.330923438072204590e+00,7.076422572135925293e-01,5.058308839797973633e-01,5.685305595397949219e-01,-1.169263944029808044e-01,-7.777908444404602051e-01,5.192568898200988770e-01,7.807725667953491211e-02,-1.910595744848251343e-01,2.185751348733901978e-01,1.418639272451400757e-01,-7.318419218063354492e-01,-1.932892799377441406e-01,-1.100555181503295898e+00,8.234176039695739746e-01,1.165507435798645020e+00,-2.370685786008834839e-01,-5.925043821334838867e-01,-9.261611700057983398e-01,5.921950340270996094e-01,4.699110686779022217e-01,7.630844712257385254e-01,4.336529672145843506e-01,1.227805972099304199e+00,1.086221337318420410e+00,-1.209635257720947266e+00,5.666508674621582031e-01,1.369912862777709961e+00,3.732899427413940430e-01,4.037908315658569336e-01,-4.005489945411682129e-01,-2.330804318189620972e-01,1.408047318458557129e+00,-1.774505972862243652e-01,1.248494744300842285e+00,-7.528975605964660645e-01,6.484554032795131207e-04,1.403235942125320435e-01,1.199475407600402832e+00,9.627642035484313965e-01,4.081460833549499512e-01
5.012061074376106262e-02,-2.418527603149414062e-01,-6.315103173255920410e-01,-1.321577906608581543e+00,-3.288539648056030273e-01,-4.789966344833374023e-01,7.726042270660400391e-01,1.100410223007202148e+00,2.510280348360538483e-02,2.074186205863952637e-01,-9.643463492393493652e-01,3.414017558097839355e-01,1.191252112388610840e+00,5.487400293350219727e-01,-8.986394852399826050e-02,1.110763669013977051e+00,-3.001623451709747314e-01,6.017034649848937988e-01,-1.087353304028511047e-01,7.789741754531860352e-01,-1.483614683151245117e+00,2.426612190902233124e-02,1.635440587997436523e-01,4.345261156558990479e-01,1.274603605270385742e+00,-4.424504041671752930e-01,8.438041806221008301e-01,3.836657106876373291e-01,-7.593963146209716797e-01,6.338484287261962891e-01,1.006700754165649414e+00,-3.065753281116485596e-01,2.438712567090988159e-01,8.717883378267288208e-02,7.448901534080505371e-01,8.118131160736083984e-01,6.870635747909545898e-01,4.709501862525939941e-01,1.030969694256782532e-01,2.849111557006835938e-01,8.295993804931640625e-01,3.888536393642425537e-01,-5.965256094932556152e-01,2.771545052528381348e-01,-3.942008018493652344e-01,3.003244996070861816e-01,-2.746329009532928467e-01,-3.014931678771972656e-01,5.297141075134277344e-01,7.437217831611633301e-01,8.139840960502624512e-01,3.478763401508331299e-01,-4.875422716140747070e-01
8.705837130546569824e-01,3.527319133281707764e-01,-1.090245023369789124e-01,2.648609876632690430e-01,1.190453410148620605e+00,1.493069529533386230e+00,-3.916238248348236084e-01,7.843815684318542480e-01,-9.803982377052307129e-01,8.725167512893676758e-01,-4.695432186126708984e-01,-5.442461371421813965e-01,-7.724367976188659668e-01,-1.030069351196289062e+00,-4.238702654838562012e-01,-6.501448750495910645e-01,-9.114906787872314453e-01,9.901229143142700195e-01,-1.419737458229064941e+00,-1.232389926910400391e+00,1.157903790473937988e+00,4.333947002887725830e-01,-1.787794351577758789e+00,1.489719450473785400e-01,3.799309432506561279e-01,7.576847672462463379e-01,-9.466037750244140625e-01,-8.068063855171203613e-01,-5.240375399589538574e-01,-1.025472357869148254e-01,6.890467405319213867e-01,-1.161902904510498047e+00,1.330095648765563965e+00,-5.600758194923400879e-01,-6.494805812835693359e-01,-8.611117601394653320e-01,-9.568867683410644531e-01,-7.663768529891967773e-02,-6.733512282371520996e-01,-1.609965562820434570e-01,5.308985114097595215e-01,-1.263893008232116699e+00,-7.280098795890808105e-01,3.626309037208557129e-01,-3.560414314270019531e-01,1.693325787782669067e-01,-9.001150131225585938e-01,9.929224848747253418e-01,2.246276289224624634e-01,5.101066827774047852e-01,-8.092849850654602051e-01,-3.065564334392547607e-01,-9.683809876441955566e-01
-4.027054011821746826e-01,1.364471197128295898e+00,6.821802258491516113e-01,1.552344206720590591e-02,-6.273667216300964355e-01,6.244147419929504395e-01,-8.226623535156250000e-01,-6.798663735389709473e-01,-4.178830385208129883e-01,6.105304509401321411e-02,-5.104714035987854004e-01,-8.337368965148925781e-01,2.069438248872756958e-01,6.599211692810058594e-01,-1.042861342430114746e+00,-2.977708876132965088e-01,-1.756146669387817383e+00,-1.189099550247192383e+00,-6.611970663070678711e-01,-8.970075845718383789e-01,9.833109378814697266e-01,1.229586750268936157e-01,1.256083101034164429e-01,-1.838435530662536621e-01,2.778446972370147705e-01,6.955821514129638672e-01,-7.839252352714538574e-01,-9.555734395980834961e-01,8.168049901723861694e-02,-1.182968139648437500e+00,5.026977136731147766e-02,-4.435910880565643311e-01,-7.052480578422546387e-01,-4.061644673347473145e-01,-1.040848493576049805e+00,-2.287909686565399170e-01,5.183433294296264648e-01,-3.606989085674285889e-01,-6.985011100769042969e-01,-2.351604700088500977e-01,-4.718540608882904053e-01,-1.743287891149520874e-01,-1.428912878036499023e+00,7.910563349723815918e-01,-4.252952039241790771e-01,1.073774024844169617e-01,-7.571404576301574707e-01,7.677825093269348145e-01,9.138618111610412598e-01,4.302496612071990967e-01,-5.225615501403808594e-01,-6.641858816146850586e-01,-8.965362906455993652e-01
-7.039447873830795288e-02,-1.237622141838073730e+00,-1.084618210792541504e+00,-4.776684641838073730e-01,-1.573724269866943359e+00,-8.264652490615844727e-01,-3.426471054553985596e-01,-9.628179073333740234e-01,-1.645142555236816406e+00,3.676121309399604797e-02,-9.733584523200988770e-01,-6.177552938461303711e-01,-1.292612105607986450e-01,4.676640629768371582e-01,9.435572624206542969e-01,-3.543631732463836670e-01,6.640333533287048340e-01,-2.913782559335231781e-02,6.951434016227722168e-01,-7.681715488433837891e-01,5.399942025542259216e-02,-4.699768126010894775e-01,-1.862839609384536743e-01,-1.138212084770202637e-01,5.271945521235466003e-02,4.044021070003509521e-01,-7.497870922088623047e-01,-1.187325268983840942e-01,-7.417407035827636719e-01,-4.448137879371643066e-01,2.034020870923995972e-01,-1.318444967269897461e+00,-6.272155642509460449e-01,-8.707587122917175293e-01,-1.002324581146240234e+00,-6.003068685531616211e-01,2.910529375076293945e-01,3.169647604227066040e-02,-1.699418187141418457e+00,-4.561223983764648438e-01,-4.479573369026184082e-01,7.359717488288879395e-01,8.680651336908340454e-02,7.902586460113525391e-01,-1.322379112243652344e+00,-6.993424892425537109e-01,-1.490042209625244141e+00,2.893666326999664307e-01,3.994350731372833252e-01,-2.439741641283035278e-01,-5.615736842155456543e-01,1.887134909629821777e-01,-1.449356198310852051e+00
-3.484268784523010254e-01,-4.673686921596527100e-01,-1.515031814575195312e+00,-3.611660897731781006e-01,-5.172717571258544922e-01,9.104756712913513184e-01,3.199469149112701416e-01,2.590384483337402344e-01,-6.722812652587890625e-01,-3.340208232402801514e-01,-6.380238533020019531e-01,-6.605600714683532715e-01,-1.182547956705093384e-01,-1.001053228974342346e-01,5.248612761497497559e-01,2.399889230728149414e-01,7.001203894615173340e-01,8.603234589099884033e-02,8.072397708892822266e-01,-9.378079175949096680e-01,-5.401776432991027832e-01,-1.215158700942993164e+00,-6.349568963050842285e-01,7.682220339775085449e-01,-7.067153602838516235e-02,1.854007959365844727e+00,-2.803179025650024414e-01,-4.708672463893890381e-01,5.422878861427307129e-01,8.365041017532348633e-02,1.420965075492858887e+00,-2.919497787952423096e-01,3.275773525238037109e-01,-1.398980021476745605e+00,-6.430188417434692383e-01,-3.947553634643554688e-01,5.399867296218872070e-01,3.648218885064125061e-02,-1.171049624681472778e-01,-1.473971843719482422e+00,-5.412250161170959473e-01,7.693509459495544434e-01,3.062109351158142090e-01,1.345289349555969238e+00,-7.639914751052856445e-01,-1.085662484169006348e+00,-6.866061687469482422e-01,3.763436973094940186e-01,7.340347170829772949e-01,1.981797814369201660e-02,-2.123079448938369751e-01,-1.104760050773620605e+00,-1.817798495292663574e+00
1.768113374710083008e+00,-5.768534261733293533e-03,2.304538488388061523e-01,9.972990751266479492e-01,1.417782008647918701e-01,1.306249380111694336e+00,1.427628397941589355e+00,3.396710157394409180e-01,1.313127875328063965e+00,1.421039938926696777e+00,9.332154989242553711e-01,1.163313627243041992e+00,8.323716521263122559e-01,3.897509574890136719e-01,-9.712248295545578003e-02,1.248113632202148438e+00,-1.800598925910890102e-03,8.778490424156188965e-01,3.265331685543060303e-01,7.394094467163085938e-01,-8.802892565727233887e-01,4.391597211360931396e-01,1.441379070281982422e+00,-2.254575639963150024e-01,3.202060759067535400e-01,-6.419411897659301758e-01,1.107510447502136230e+00,9.752094745635986328e-01,7.854151129722595215e-01,2.018742084503173828e+00,2.051883697509765625e+00,1.486651659011840820e+00,1.657529950141906738e+00,4.264636933803558350e-01,1.955384492874145508e+00,1.344182133674621582e+00,9.727771878242492676e-01,-6.402394771575927734e-01,1.633995294570922852e+00,-3.011335134506225586e-01,5.465057492256164551e-01,2.215690314769744873e-01,-8.521111011505126953e-01,4.626712203025817871e-02,1.211348891258239746e+00,5.878164768218994141e-01,1.160470843315124512e+00,-7.728369832038879395e-01,-2.789500653743743896e-01,7.339478135108947754e-01,5.950472354888916016e-01,8.141326904296875000e-01,4.341979622840881348e-01
1.549226522445678711e+00,2.072371482849121094e+00,5.039649009704589844e-01,4.259650036692619324e-02,7.082765698432922363e-01,7.704024910926818848e-01,1.919055342674255371e+00,3.116004765033721924e-01,1.461130261421203613e+00,1.336196422576904297e+00,1.262866139411926270e+00,1.263583064079284668e+00,7.933896034955978394e-02,-9.697836637496948242e-01,-2.092660903930664062e+00,1.092727661132812500e+00,-1.563507556915283203e+00,6.930457949638366699e-01,-2.306015491485595703e+00,1.620341539382934570e+00,-7.966257333755493164e-01,2.488850355148315430e+00,3.646287024021148682e-01,6.858314275741577148e-01,1.583418726921081543e+00,-1.731988668441772461e+00,1.656253337860107422e+00,1.376014828681945801e+00,3.451767563819885254e-01,1.835713386535644531e+00,-7.240820527076721191e-01,1.530834674835205078e+00,1.772592067718505859e+00,2.601456403732299805e+00,1.668687105178833008e+00,3.665664494037628174e-01,-1.113633155822753906e+00,-3.162977933883666992e+00,1.161824584007263184e+00,2.604103088378906250e+00,2.079341888427734375e+00,-2.415994405746459961e+00,-2.026791334152221680e+00,-1.497661948204040527e+00,2.117549657821655273e+00,2.405808925628662109e+00,2.150204181671142578e+00,-1.222686171531677246e+00,9.920258522033691406e-01,2.489504098892211914e+00,1.812289237976074219e+00,1.666044473648071289e+00,1.427094340324401855e+00
5.544210076332092285e-01,3.750281035900115967e-02,-1.062585949897766113e+00,-1.587962746620178223e+00,-1.854354143142700195e+00,-1.080356240272521973e+00,1.161704778671264648e+00,-1.921742200851440430e+00,-2.811963260173797607e-01,-3.627278804779052734e-01,5.557373762130737305e-01,-2.723659276962280273e-01,8.981699943542480469e-01,6.655228137969970703e-01,-1.103979110717773438e+00,5.551296472549438477e-01,7.593775540590286255e-02,1.607260107994079590e+00,8.579234480857849121e-01,1.433577656745910645e+00,-9.872965812683105469e-01,1.338634341955184937e-01,8.535724878311157227e-01,7.637395858764648438e-01,1.877449750900268555e+00,-6.460217237472534180e-01,5.522770285606384277e-01,-2.991214990615844727e-01,-1.317090988159179688e+00,6.050137877464294434e-01,-3.378176391124725342e-01,-8.852933645248413086e-01,-9.824936389923095703e-01,-7.846748828887939453e-02,-4.165613651275634766e-02,8.990717530250549316e-01,6.785075068473815918e-01,1.052241623401641846e-01,-1.077325083315372467e-02,5.866342782974243164e-01,6.607398390769958496e-01,1.527430653572082520e+00,-6.075548380613327026e-02,-2.822446227073669434e-01,-2.681521475315093994e-01,2.707377076148986816e-01,9.890859574079513550e-02,-5.621038675308227539e-01,1.298116922378540039e+00,1.272213697433471680e+00,8.974603414535522461e-01,3.878400027751922607e-01,-1.727345287799835205e-01
1.027907609939575195e+00,9.027535915374755859e-01,6.954916715621948242e-01,1.565235376358032227e+00,2.184800624847412109e+00,1.078194856643676758e+00,6.938791275024414062e-01,1.124935507774353027e+00,-2.506808042526245117e-01,8.023583292961120605e-01,8.049152046442031860e-02,-1.851612776517868042e-01,-6.586707234382629395e-01,-1.466359615325927734e+00,-3.894144892692565918e-01,-4.476937949657440186e-01,-6.853654384613037109e-01,7.080370783805847168e-01,-1.257509827613830566e+00,-2.847458720207214355e-01,8.242937326431274414e-01,7.464615702629089355e-01,-9.096498489379882812e-01,-9.212469458580017090e-01,-6.277170032262802124e-02,-1.488350927829742432e-01,1.227817311882972717e-01,-2.837930619716644287e-01,4.670005738735198975e-01,6.097255349159240723e-01,1.330717563629150391e+00,-1.266272813081741333e-01,7.368265390396118164e-01,5.678718686103820801e-01,4.432592689990997314e-01,-1.456043273210525513e-01,-1.641564846038818359e+00,-1.185493692755699158e-01,5.276128053665161133e-01,-9.333433955907821655e-02,1.069318532943725586e+00,-1.005595326423645020e+00,-8.249546885490417480e-01,-9.254057407379150391e-01,1.098668724298477173e-01,6.770445704460144043e-01,7.295452952384948730e-01,1.027536749839782715e+00,-9.115972518920898438e-01,4.978573024272918701e-01,8.418672084808349609e-01,2.341112121939659119e-02,1.375434454530477524e-02
-6.023820638656616211e-01,2.483361244201660156e+00,1.492035388946533203e+00,3.530507385730743408e-01,-1.698638200759887695e-01,1.528422832489013672e+00,-4.463964998722076416e-01,-2.475842535495758057e-01,4.624920785427093506e-01,7.642871141433715820e-01,7.186275720596313477e-01,2.039536386728286743e-01,4.790979921817779541e-01,1.236258149147033691e+00,-8.939802050590515137e-01,4.737342298030853271e-01,-1.229571461677551270e+00,-1.654808521270751953e-01,1.337032318115234375e-01,4.993910342454910278e-02,1.429130434989929199e-01,1.157320812344551086e-01,4.843634366989135742e-01,-1.104827404022216797e+00,4.504466801881790161e-02,-1.995397508144378662e-01,-1.218187343329191208e-02,2.998767197132110596e-01,4.075661674141883850e-02,-7.070301175117492676e-01,8.818117529153823853e-02,-2.025883346796035767e-01,6.364650726318359375e-01,6.933937072753906250e-01,1.930758208036422729e-01,3.743697404861450195e-01,1.514159560203552246e+00,-7.782110013067722321e-03,3.139725327491760254e-01,-7.115209847688674927e-02,3.985812664031982422e-01,5.843609571456909180e-01,-1.275262951850891113e+00,-1.108182370662689209e-01,-6.314700841903686523e-01,3.188099339604377747e-02,3.083776235580444336e-01,1.801330000162124634e-01,-7.955439090728759766e-01,1.094489470124244690e-01,9.418206214904785156e-01,-1.573651582002639771e-01,-1.662357896566390991e-01
-3.457193970680236816e-01,-9.319632053375244141e-01,-4.251034557819366455e-01,-6.209303736686706543e-01,-2.815918624401092529e-01,-5.443585515022277832e-01,2.413451522588729858e-01,3.306017071008682251e-02,2.325022071599960327e-01,6.198622584342956543e-01,-7.798609137535095215e-01,1.308512210845947266e+00,7.489581108093261719e-01,6.857860088348388672e-01,1.100820183753967285e+00,1.193225145339965820e+00,8.600735664367675781e-01,1.220838665962219238e+00,6.778685450553894043e-01,4.435062110424041748e-01,-1.071912288665771484e+00,-7.770889401435852051e-01,-1.069098562002182007e-01,-4.342845641076564789e-03,5.958060175180435181e-02,-2.758786976337432861e-01,7.380674481391906738e-01,5.997884273529052734e-01,-4.545301198959350586e-01,3.003418147563934326e-01,1.955304294824600220e-02,-2.331667393445968628e-01,7.096343636512756348e-01,-3.494835197925567627e-01,1.083688497543334961e+00,8.716069459915161133e-01,9.766975790262222290e-02,1.169744849205017090e+00,9.100678563117980957e-01,-4.390394985675811768e-01,6.305594444274902344e-01,1.258690476417541504e+00,9.032892584800720215e-01,-4.906543344259262085e-02,-1.080900430679321289e+00,-8.309142589569091797e-01,2.246091812849044800e-01,-7.719858288764953613e-01,-8.205648660659790039e-01,-5.982298851013183594e-01,5.237817764282226562e-01,-2.526025474071502686e-01,-7.195223569869995117e-01
-6.479257345199584961e-01,1.498747348785400391e+00,1.020924687385559082e+00,1.577769398689270020e+00,1.918852448463439941e+00,1.814802169799804688e+00,1.318471878767013550e-01,2.164972782135009766e+00,9.323577284812927246e-01,1.307101249694824219e+00,2.282743304967880249e-01,1.388763904571533203e+00,4.183432161808013916e-01,-9.506616592407226562e-01,3.434221148490905762e-01,1.384074091911315918e+00,-4.949771463871002197e-01,1.029156565666198730e+00,-1.821010828018188477e+00,-3.755586743354797363e-01,3.898545801639556885e-01,5.687429308891296387e-01,-2.566716670989990234e+00,3.436430990695953369e-01,-2.354775369167327881e-01,8.420169353485107422e-02,8.957480788230895996e-01,7.867716997861862183e-02,7.128969430923461914e-01,-1.335387080907821655e-01,1.061072230339050293e+00,1.577927470207214355e-01,1.619324207305908203e+00,1.844304680824279785e+00,8.430866599082946777e-01,4.098848700523376465e-01,-6.125102043151855469e-01,-7.530753314495086670e-02,1.151687264442443848e+00,5.131237208843231201e-03,1.833527207374572754e+00,-1.530593037605285645e+00,-4.510259330272674561e-01,-2.114891111850738525e-01,-1.716495275497436523e+00,7.962796688079833984e-01,6.401067972183227539e-01,1.125500321388244629e+00,8.051766157150268555e-01,5.625845193862915039e-01,3.313000798225402832e-01,-5.784877538681030273e-01,5.746436491608619690e-02
-6.018341183662414551e-01,1.067252233624458313e-01,-3.412915766239166260e-01,-3.461895287036895752e-01,-4.713678658008575439e-01,-2.408722490072250366e-01,-6.237295269966125488e-01,-1.561875790357589722e-01,9.591762721538543701e-02,2.621803879737854004e-01,9.588493704795837402e-01,6.037915125489234924e-02,4.167200028896331787e-01,4.094754159450531006e-01,-1.650559186935424805e+00,1.133520483970642090e+00,-1.505063056945800781e+00,2.393378019332885742e-01,-6.754337549209594727e-01,6.351025700569152832e-01,-4.720570445060729980e-01,1.528581827878952026e-01,-9.408498555421829224e-02,-5.244429111480712891e-01,3.246897459030151367e-01,3.351335600018501282e-02,5.395173430442810059e-01,-1.272988319396972656e-01,-1.551409006118774414e+00,-1.377726554870605469e+00,-8.321702480316162109e-01,-1.593752652406692505e-01,-5.630732178688049316e-01,7.585408687591552734e-01,-4.882942736148834229e-01,7.596265524625778198e-02,3.929137289524078369e-01,1.389939785003662109e-01,1.541063338518142700e-01,8.457139730453491211e-01,5.161373615264892578e-01,8.720035851001739502e-02,-1.322687745094299316e+00,2.945445477962493896e-02,5.015716552734375000e-01,6.851570308208465576e-02,5.379975587129592896e-02,3.116073906421661377e-01,-3.761410713195800781e-01,1.999725550413131714e-01,-1.271874457597732544e-01,-5.622219443321228027e-01,-6.393920779228210449e-01
-2.185000777244567871e-01,-1.088315367698669434e+00,-1.100232243537902832e+00,-1.130673766136169434e+00,-1.182659983634948730e+00,-1.003818631172180176e+00,4.699125289916992188e-01,-9.801242947578430176e-01,-1.915288716554641724e-01,-6.071503162384033203e-01,8.621286600828170776e-02,1.363171041011810303e-01,1.453219771385192871e+00,9.336366057395935059e-01,2.007087171077728271e-01,1.132768630981445312e+00,1.287415742874145508e+00,9.392892718315124512e-01,1.750167131423950195e+00,1.254080772399902344e+00,-1.569652080535888672e+00,-3.217395544052124023e-01,6.791793704032897949e-01,3.062538243830204010e-02,8.575105667114257812e-01,-7.783739566802978516e-01,7.346584796905517578e-01,4.395110607147216797e-01,-1.195806145668029785e+00,-4.155975282192230225e-01,-1.241248726844787598e+00,3.287051022052764893e-01,-1.036830306053161621e+00,5.306566357612609863e-01,-4.863089025020599365e-01,8.542029261589050293e-01,1.152489185333251953e+00,1.699472665786743164e-01,1.018344089388847351e-01,1.140648603439331055e+00,7.736262679100036621e-01,2.150776386260986328e+00,1.984769940376281738e+00,1.113981604576110840e-01,1.024295926094055176e+00,-4.732202589511871338e-01,2.688309550285339355e-01,4.541154950857162476e-02,4.766819179058074951e-01,3.402886390686035156e-01,1.244588494300842285e+00,7.321573495864868164e-01,-4.188445508480072021e-01
9.508411400020122528e-03,4.493732154369354248e-01,-5.176361203193664551e-01,9.742800891399383545e-02,2.531343698501586914e-01,1.188276261091232300e-01,8.983234167098999023e-01,1.917845129966735840e+00,4.580189287662506104e-01,-4.208374321460723877e-01,6.214581131935119629e-01,7.914758324623107910e-01,9.502620697021484375e-01,-2.196049317717552185e-02,-1.349269032478332520e+00,1.116997838020324707e+00,4.690435230731964111e-01,8.859346807003021240e-02,1.021523594856262207e+00,8.542987704277038574e-01,-1.171946406364440918e+00,3.712010085582733154e-01,-4.461762309074401855e-02,-2.899936437606811523e-01,7.691004872322082520e-01,-4.628506600856781006e-01,6.102396249771118164e-01,5.389711260795593262e-01,-1.343444347381591797e+00,-1.136132478713989258e-01,-1.557916104793548584e-01,-5.260353684425354004e-01,-8.217722773551940918e-01,4.183243811130523682e-01,5.281130075454711914e-01,8.810629248619079590e-01,4.130492806434631348e-01,-5.037069916725158691e-01,5.064533948898315430e-01,-2.709038369357585907e-02,3.290379643440246582e-01,1.256630182266235352e+00,7.911411523818969727e-01,-1.394549846649169922e+00,-6.726965904235839844e-01,3.192217051982879639e-01,6.051992774009704590e-01,-6.347423791885375977e-01,-2.159356474876403809e-01,4.796971008181571960e-02,1.039947986602783203e+00,3.694988787174224854e-01,1.084186062216758728e-01
-4.338091909885406494e-01,-5.277254581451416016e-01,-5.251768827438354492e-01,-1.692266613245010376e-01,7.115265727043151855e-01,-6.412369012832641602e-01,1.091469749808311462e-01,4.916740655899047852e-01,-9.038234502077102661e-02,-4.772973656654357910e-01,2.894142270088195801e-01,1.286812543869018555e+00,2.888666838407516479e-02,-1.122441291809082031e+00,-9.188133478164672852e-01,9.834929704666137695e-01,-5.805681347846984863e-01,1.796676069498062134e-01,-6.101267337799072266e-01,1.323838829994201660e-01,-1.271530628204345703e+00,3.737428188323974609e-01,-1.399904847145080566e+00,-7.033638358116149902e-01,-5.078287124633789062e-01,-1.002469062805175781e+00,8.516814708709716797e-01,1.308078765869140625e+00,-2.833597660064697266e+00,-1.198729276657104492e+00,-5.487374067306518555e-01,-3.922612369060516357e-01,-8.453249931335449219e-02,-2.415805011987686157e-01,5.772914290428161621e-01,-2.043588906526565552e-01,-6.775718331336975098e-01,-3.561404049396514893e-01,6.206369400024414062e-01,2.572311758995056152e-01,6.252160072326660156e-01,-4.579918086528778076e-01,-6.939076185226440430e-01,-1.327461242675781250e+00,1.413631588220596313e-01,1.095315590500831604e-01,9.178084731101989746e-01,-8.299180269241333008e-01,-1.063517212867736816e+00,-5.428715944290161133e-01,1.169783592224121094e+00,4.925847649574279785e-01,-2.484090328216552734e-01
-1.614463806152343750e+00,-1.224176883697509766e+00,-8.525813817977905273e-01,-2.153959512710571289e+00,-1.780138254165649414e+00,-7.242419719696044922e-01,-4.015272855758666992e-01,-1.172896981239318848e+00,-4.594282805919647217e-01,-1.986674189567565918e+00,-7.115225791931152344e-01,1.787811517715454102e-01,8.265165090560913086e-01,2.816457748413085938e-01,-2.096079349517822266e+00,3.136464357376098633e-01,-4.729948341846466064e-01,-3.609845340251922607e-01,-1.836156845092773438e-01,1.501158118247985840e+00,-1.734594345092773438e+00,-2.427889853715896606e-01,-9.932989254593849182e-03,-2.342613637447357178e-01,4.721149504184722900e-01,-4.393160343170166016e-01,2.517073452472686768e-01,2.940866053104400635e-01,-3.027865409851074219e+00,-1.986124873161315918e+00,-1.785849094390869141e+00,-1.901578783988952637e+00,-3.118739128112792969e+00,-8.232303857803344727e-01,-9.551069140434265137e-01,1.272461861371994019e-01,-2.450249642133712769e-01,-9.967396259307861328e-01,-5.342758297920227051e-01,1.470370441675186157e-01,-4.973334074020385742e-01,3.382754623889923096e-01,-5.063616633415222168e-01,-5.524628758430480957e-01,-3.395423591136932373e-01,-4.906524121761322021e-01,-2.563400268554687500e-01,-3.004528582096099854e-01,1.031369924545288086e+00,-1.974521726369857788e-01,1.475242972373962402e-01,-1.494552493095397949e-01,-8.945615887641906738e-01
-1.127053022384643555e+00,-1.698987364768981934e+00,-2.174992799758911133e+00,-1.543383002281188965e+00,-7.535014152526855469e-01,-5.875533819198608398e-01,-2.003936916589736938e-01,-4.265753328800201416e-01,-1.532945871353149414e+00,-1.611493110656738281e+00,-1.223601937294006348e+00,-6.198650598526000977e-01,3.020346350967884064e-02,8.332764506340026855e-01,-3.679024577140808105e-01,-4.750190973281860352e-01,9.181429147720336914e-01,-2.633936107158660889e-01,5.829598754644393921e-02,-3.921234905719757080e-01,-1.402530372142791748e-01,-1.253314733505249023e+00,-1.190629482269287109e+00,-1.767468303442001343e-01,-9.252679944038391113e-01,-5.796009302139282227e-01,-6.029593944549560547e-01,-5.395515561103820801e-01,-9.901088476181030273e-01,-9.246008396148681641e-01,-1.221456825733184814e-01,-1.134106636047363281e+00,-1.122141599655151367e+00,-1.283444404602050781e+00,-3.939945399761199951e-01,-1.643713712692260742e-01,4.389146268367767334e-01,1.334414072334766388e-02,-1.087987780570983887e+00,-6.167524456977844238e-01,3.925326839089393616e-02,1.302595734596252441e-01,9.836449027061462402e-01,1.080956459045410156e+00,-1.317429423332214355e+00,-1.550464987754821777e+00,-1.325130701065063477e+00,3.990678489208221436e-01,1.129219532012939453e-01,-1.421051025390625000e+00,5.730661377310752869e-02,-4.672439396381378174e-01,-1.669482588768005371e+00
-1.339880228042602539e+00,1.835054397583007812e+00,5.820779800415039062e-01,4.396364092826843262e-01,1.285009980201721191e+00,2.240835666656494141e+00,-1.222463130950927734e+00,4.460332393646240234e-01,-6.272637099027633667e-02,6.608931422233581543e-01,-7.692970037460327148e-01,-5.325878858566284180e-01,-1.182688832283020020e+00,-1.401254415512084961e+00,-3.318895697593688965e-01,-4.946160614490509033e-01,-1.079158902168273926e+00,-7.167797684669494629e-01,-2.029721975326538086e+00,-7.951719164848327637e-01,1.338100671768188477e+00,-9.553496241569519043e-01,-1.545109629631042480e+00,-1.588375687599182129e+00,-1.730768918991088867e+00,1.131999135017395020e+00,-4.113524854183197021e-01,-5.623553991317749023e-01,1.375596165657043457e+00,-2.015739202499389648e+00,-1.168979033827781677e-01,-3.224260807037353516e-01,2.163771390914916992e-01,-6.943253278732299805e-01,-1.315596461296081543e+00,-1.857554078102111816e+00,-1.687449693679809570e+00,9.281112551689147949e-01,-6.895341277122497559e-01,-1.139086842536926270e+00,-1.092196702957153320e-01,-1.496031165122985840e+00,-3.720726966857910156e-01,1.009390592575073242e+00,-1.855700969696044922e+00,-1.162060856819152832e+00,-4.305538833141326904e-01,1.626335620880126953e+00,-1.237746834754943848e+00,-1.681970238685607910e+00,-2.042078226804733276e-01,-1.445677757263183594e+00,-1.667149424552917480e+00
-1.334787607192993164e+00,1.639423251152038574e+00,6.840222477912902832e-01,2.511676847934722900e-01,6.943712234497070312e-01,9.325924515724182129e-01,-1.365304708480834961e+00,1.457989797927439213e-03,8.331720232963562012e-01,9.207608103752136230e-01,-3.977833092212677002e-01,-7.957026362419128418e-02,1.537585705518722534e-01,7.267237305641174316e-01,-3.979219794273376465e-01,1.023905158042907715e+00,-1.551991224288940430e+00,-1.663524508476257324e-01,-1.716458797454833984e-01,-1.149260029196739197e-01,7.600758075714111328e-01,-7.559047341346740723e-01,-8.762046098709106445e-01,-2.163563728332519531e+00,-8.475160598754882812e-01,2.381892800331115723e-01,1.733196526765823364e-01,-4.049381315708160400e-01,-1.797528415918350220e-01,-1.961487650871276855e+00,-3.273132443428039551e-01,-3.623719811439514160e-01,5.721319913864135742e-01,3.094734251499176025e-01,-4.613990783691406250e-01,-4.255169630050659180e-01,8.041922450065612793e-01,7.153529524803161621e-01,1.029126569628715515e-01,-1.297469973564147949e+00,3.432036042213439941e-01,4.305575191974639893e-01,-2.057577371597290039e+00,9.930869340896606445e-01,-1.734517335891723633e+00,-1.147586822509765625e+00,-2.592169940471649170e-01,1.188891530036926270e+00,-1.810040593147277832e+00,-8.121245503425598145e-01,-2.940187454223632812e-01,-1.475542426109313965e+00,-2.155340433120727539e+00
-1.342877864837646484e+00,-1.116204023361206055e+00,-1.076487421989440918e+00,-2.032695770263671875e+00,-3.797379136085510254e-01,-1.573645025491714478e-01,2.894206531345844269e-02,-4.828043580055236816e-01,6.738948822021484375e-01,9.475756436586380005e-02,5.564104914665222168e-01,5.526925325393676758e-01,9.428085088729858398e-01,7.742941975593566895e-01,1.098338484764099121e+00,1.318896889686584473e+00,2.053733110427856445e+00,4.635233879089355469e-01,1.675040364265441895e+00,3.889549076557159424e-01,-9.963489174842834473e-01,-9.472576379776000977e-01,4.617133438587188721e-01,-6.273237615823745728e-02,-4.822133779525756836e-01,1.062728315591812134e-01,7.663217186927795410e-01,1.042886853218078613e+00,-1.384108066558837891e+00,-8.559152483940124512e-01,-1.314443230628967285e+00,8.100215196609497070e-01,-5.148870348930358887e-01,-7.429977506399154663e-02,1.142238855361938477e+00,7.447526454925537109e-01,3.662403225898742676e-01,3.835150599479675293e-01,8.667812943458557129e-01,2.206910103559494019e-01,7.564676403999328613e-01,1.922698259353637695e+00,2.117978334426879883e+00,-3.184378445148468018e-01,-3.927624225616455078e-01,-9.877112507820129395e-01,5.200283527374267578e-01,-8.928363770246505737e-02,3.298756480216979980e-01,-9.249864816665649414e-01,1.127785801887512207e+00,9.821384400129318237e-02,-5.753606557846069336e-01
-7.208987474441528320e-01,1.393108367919921875e-01,-2.362533211708068848e-01,7.657453417778015137e-02,-4.290858209133148193e-01,6.955068707466125488e-01,8.395570516586303711e-01,1.114584088325500488e+00,7.800456136465072632e-02,-4.217916429042816162e-01,4.067953526973724365e-01,9.485573172569274902e-01,9.404233694076538086e-01,1.342596560716629028e-01,-1.160976886749267578e+00,1.085684537887573242e+00,1.627416312694549561e-01,-4.460916519165039062e-01,8.162925839424133301e-01,3.632512986660003662e-01,-4.306544363498687744e-01,1.877173781394958496e-01,-1.108686804771423340e+00,-9.629897475242614746e-01,-3.744316399097442627e-01,-8.939334154129028320e-01,2.878292500972747803e-01,1.948013454675674438e-01,-7.871435284614562988e-01,3.487701117992401123e-01,-6.004983186721801758e-01,5.913271903991699219e-01,-1.681432314217090607e-02,6.212676763534545898e-01,1.224034428596496582e+00,1.337656617164611816e+00,7.207387685775756836e-01,3.993774950504302979e-01,1.583059668540954590e+00,8.605180680751800537e-02,4.482864141464233398e-01,9.525972008705139160e-01,9.839665889739990234e-01,-8.475645184516906738e-01,-3.486802875995635986e-01,6.123806163668632507e-02,4.954300522804260254e-01,3.511395752429962158e-01,1.945702172815799713e-02,-2.032280415296554565e-01,5.927020311355590820e-01,-2.469955235719680786e-01,2.243261337280273438e-01
-8.245888352394104004e-01,-2.005189359188079834e-01,1.221920549869537354e-01,-7.415378000587224960e-03,2.311444729566574097e-01,7.403604388236999512e-01,-8.703773617744445801e-01,2.150450274348258972e-02,-8.599088788032531738e-01,-3.089041635394096375e-02,-2.734842002391815186e-01,-4.875790476799011230e-01,-1.146911740303039551e+00,-4.927237033843994141e-01,-2.223789133131504059e-02,-3.192047774791717529e-01,-1.151232957839965820e+00,-7.425116896629333496e-01,-9.906175136566162109e-01,-1.039080739021301270e+00,1.880241632461547852e+00,-8.473997116088867188e-01,-1.119571805000305176e+00,-7.461159229278564453e-01,-8.622366189956665039e-01,1.271568655967712402e+00,-1.005124926567077637e+00,-1.343889355659484863e+00,-5.490713715553283691e-01,-1.014439582824707031e+00,2.112870216369628906e-01,-2.710706889629364014e-01,7.429451942443847656e-01,4.458149969577789307e-01,9.140180051326751709e-02,-9.466665983200073242e-01,-7.005606889724731445e-01,5.571261644363403320e-01,-1.627507358789443970e-01,-5.580778717994689941e-01,2.149449437856674194e-01,-4.514022767543792725e-01,-9.825147390365600586e-01,1.559959173202514648e+00,-2.156724333763122559e-01,-1.015614509582519531e+00,-3.025397062301635742e-01,1.092887759208679199e+00,-7.892777323722839355e-01,-1.040728926658630371e+00,-5.894394516944885254e-01,-1.490652203559875488e+00,-1.395499706268310547e+00
-9.492618441581726074e-01,7.283765077590942383e-01,-5.713856816291809082e-01,-7.706524729728698730e-01,-1.040097594261169434e+00,1.184003710746765137e+00,-1.392548799514770508e+00,-1.825440406799316406e+00,1.157915294170379639e-01,7.052233219146728516e-01,-1.306935548782348633e+00,-1.134958386421203613e+00,1.355793476104736328e+00,1.278429746627807617e+00,8.940694332122802734e-01,1.355606615543365479e-01,2.366787195205688477e-01,-1.640662074089050293e+00,4.814183413982391357e-01,1.100446432828903198e-01,8.604811429977416992e-01,-1.936624407768249512e+00,6.317237615585327148e-01,-1.017068624496459961e+00,-7.540566921234130859e-01,7.050318717956542969e-01,-8.396825790405273438e-01,-8.293095231056213379e-01,9.211218357086181641e-01,-1.387299418449401855e+00,-2.563842535018920898e-01,9.088014960289001465e-01,-2.572845816612243652e-01,-1.090797781944274902e+00,-6.051484942436218262e-01,5.236627459526062012e-01,1.488800764083862305e+00,6.420997977256774902e-01,-3.088854253292083740e-01,2.357341498136520386e-01,-5.114676952362060547e-01,1.042666435241699219e+00,1.688614673912525177e-02,1.647841334342956543e+00,5.045330524444580078e-01,-1.642166614532470703e+00,-6.873014569282531738e-01,1.575112938880920410e+00,6.469401121139526367e-01,-7.904462814331054688e-01,-3.119497895240783691e-01,-1.103831648826599121e+00,-1.443614363670349121e+00
8.657489717006683350e-02,5.989147424697875977e-01,-7.588398456573486328e-01,-8.096178174018859863e-01,-3.965213894844055176e-01,-3.829728066921234131e-01,3.302393257617950439e-01,1.041194126009941101e-01,-3.954559564590454102e-01,-8.631525933742523193e-02,-1.142156958580017090e+00,-9.346152842044830322e-02,3.712036311626434326e-01,4.249537885189056396e-01,3.238362446427345276e-02,6.565883755683898926e-01,-7.754829525947570801e-01,9.081937372684478760e-02,-3.890782892704010010e-01,-1.018968150019645691e-01,-4.121479690074920654e-01,-1.048443675041198730e+00,8.915980458259582520e-01,-7.069819569587707520e-01,4.909210801124572754e-01,8.457688987255096436e-02,8.808505535125732422e-02,-7.305487245321273804e-02,-1.148228883743286133e+00,6.958147883415222168e-02,8.915948867797851562e-01,2.509062886238098145e-01,-1.720687001943588257e-01,-1.358512341976165771e-01,5.460801720619201660e-01,1.580418497323989868e-01,3.774331808090209961e-01,1.901599168777465820e-01,2.539132833480834961e-01,1.147198081016540527e-01,2.737543284893035889e-01,2.910898998379707336e-02,-1.285863161087036133e+00,-1.101775392889976501e-01,7.637164592742919922e-01,-7.429467439651489258e-01,1.096134036779403687e-01,-9.113256931304931641e-01,-4.132273495197296143e-01,1.777767203748226166e-02,8.650425672531127930e-01,-4.115833640098571777e-01,-8.649587631225585938e-01
9.356921911239624023e-01,7.702974677085876465e-01,6.278406381607055664e-01,1.178972244262695312e+00,9.630520939826965332e-01,5.494521260261535645e-01,9.676951766014099121e-01,4.740293323993682861e-01,5.381477475166320801e-01,9.605140089988708496e-01,-7.402228564023971558e-02,1.143745541572570801e+00,-2.616363763809204102e-01,-8.002980351448059082e-01,-6.582804918289184570e-01,9.934770464897155762e-01,-5.416551828384399414e-01,-9.478844702243804932e-02,-1.037768006324768066e+00,2.623821496963500977e-01,-1.129301115870475769e-01,1.234980106353759766e+00,-8.675649017095565796e-02,1.132414415478706360e-01,4.974821507930755615e-01,-1.887724041938781738e+00,1.277430772781372070e+00,8.794975876808166504e-01,-3.976604342460632324e-01,2.820422351360321045e-01,2.439860552549362183e-01,3.880496919155120850e-01,8.583410382270812988e-01,1.086613774299621582e+00,8.705121278762817383e-01,-1.501874718815088272e-02,-9.657482504844665527e-01,5.683543682098388672e-01,1.153659462928771973e+00,5.123269557952880859e-01,8.160918951034545898e-01,-6.268705725669860840e-01,-2.952889800071716309e-01,-7.965517044067382812e-01,1.268460988998413086e+00,1.059742569923400879e+00,1.198758721351623535e+00,-6.893171668052673340e-01,1.015454232692718506e-01,1.011992096900939941e+00,1.185992479324340820e+00,9.972892403602600098e-01,1.460566818714141846e-01
-5.140988901257514954e-02,4.200167953968048096e-01,1.122393965721130371e+00,-4.341313987970352173e-02,-1.564435213804244995e-01,-1.124087214469909668e+00,-1.358882635831832886e-01,-8.047798871994018555e-01,1.899152696132659912e-01,-1.346725106239318848e+00,2.113346457481384277e-01,1.267179101705551147e-01,-6.339580416679382324e-01,-2.805798947811126709e-01,-1.553542137145996094e+00,7.869238406419754028e-02,-1.954837679862976074e+00,-6.308547258377075195e-01,-7.974922657012939453e-01,6.061936616897583008e-01,-1.139893054962158203e+00,3.690947890281677246e-01,5.224608778953552246e-01,-4.623654186725616455e-01,6.773607730865478516e-01,-1.461108684539794922e+00,7.979656457901000977e-01,4.555108249187469482e-01,-2.522691488265991211e+00,-1.205830097198486328e+00,-8.930727243423461914e-01,-3.675790131092071533e-01,-5.494692325592041016e-01,4.421212375164031982e-01,5.070876479148864746e-01,-2.139937132596969604e-01,-6.945756822824478149e-02,1.794050820171833038e-02,4.630286097526550293e-01,8.770113587379455566e-01,4.268185496330261230e-01,-6.438450515270233154e-02,-2.093956470489501953e+00,-7.164617180824279785e-01,2.330599129199981689e-01,5.191802978515625000e-01,7.134101986885070801e-01,-1.072979927062988281e+00,-1.192032337188720703e+00,2.905261516571044922e-01,1.131965756416320801e+00,1.294210851192474365e-01,-1.456184983253479004e-01
-5.532284379005432129e-01,-1.189712405204772949e+00,-1.361654996871948242e+00,-6.773076653480529785e-01,-1.339612841606140137e+00,-2.496687024831771851e-01,-5.767543800175189972e-03,-1.518586039543151855e+00,-1.010096788406372070e+00,-1.092453241348266602e+00,-5.031982064247131348e-01,-9.713227748870849609e-01,1.569718718528747559e-01,1.259730577468872070e+00,9.205408096313476562e-01,-3.469774425029754639e-01,1.183768749237060547e+00,-4.962012171745300293e-01,1.771132349967956543e+00,-9.053144603967666626e-02,-6.693910360336303711e-01,-1.340430736541748047e+00,-3.479959070682525635e-01,-8.740714788436889648e-01,-6.399735808372497559e-01,6.965772062540054321e-02,-3.234118819236755371e-01,-6.281096935272216797e-01,-5.046721100807189941e-01,-4.108525812625885010e-01,-5.784984230995178223e-01,-9.196494519710540771e-02,-4.048310518264770508e-01,-3.330414593219757080e-01,-4.104818999767303467e-01,-3.540437296032905579e-02,1.476822972297668457e+00,3.872972428798675537e-01,-1.420336514711380005e-01,-5.488033890724182129e-01,-5.316819623112678528e-02,1.918005108833312988e+00,6.954007744789123535e-01,8.362193703651428223e-01,3.121708333492279053e-01,-1.289231896400451660e+00,-6.466879248619079590e-01,-5.283565074205398560e-02,3.321469128131866455e-01,-3.522454202175140381e-01,1.620370000600814819e-01,-9.978853911161422729e-02,-1.544686317443847656e+00
5.803354382514953613e-01,1.884549260139465332e+00,1.866080403327941895e+00,1.341935515403747559e+00,1.422188043594360352e+00,2.546332597732543945e+00,1.789456307888031006e-01,2.271531105041503906e+00,4.934773966670036316e-02,6.801875233650207520e-01,4.861276596784591675e-03,-8.108844757080078125e-01,5.211360454559326172e-01,6.982984542846679688e-01,1.724567890167236328e+00,2.469463646411895752e-01,4.980906844139099121e-01,-1.228133216500282288e-01,5.208396911621093750e-01,-1.243571758270263672e+00,4.222594797611236572e-01,-1.096702933311462402e+00,-1.290426373481750488e+00,3.171350955963134766e-01,7.450316101312637329e-02,1.631669998168945312e+00,-4.638549387454986572e-01,-1.321428179740905762e+00,1.998486638069152832e+00,5.605506300926208496e-01,1.892415165901184082e+00,1.901680827140808105e+00,1.399260044097900391e+00,5.227624773979187012e-01,7.354195117950439453e-01,1.142677068710327148e+00,1.430702209472656250e+00,1.344283699989318848e+00,1.157060027122497559e+00,-5.587949156761169434e-01,4.282445311546325684e-01,4.891697466373443604e-01,5.681070685386657715e-01,7.679050564765930176e-01,-1.053803920745849609e+00,-8.111823201179504395e-01,5.182301998138427734e-01,1.941006183624267578e+00,2.021668851375579834e-01,1.788793802261352539e-01,1.280874609947204590e-01,-8.607729077339172363e-01,-9.297868609428405762e-01
8.393188118934631348e-01,1.373146027326583862e-01,4.497260451316833496e-01,8.075908422470092773e-01,1.148979902267456055e+00,1.014089584350585938e+00,3.171010613441467285e-01,6.106067895889282227e-01,8.571922779083251953e-01,1.084916710853576660e+00,4.310643374919891357e-01,4.441072046756744385e-01,-2.727421522140502930e-01,-1.274977207183837891e+00,9.787266701459884644e-02,5.704150795936584473e-01,5.636499524116516113e-01,1.095316767692565918e+00,-4.781167507171630859e-01,2.032797932624816895e-01,-2.704120427370071411e-02,4.422590434551239014e-01,6.932975053787231445e-01,1.147396922111511230e+00,5.350943803787231445e-01,-2.494427412748336792e-01,1.191425800323486328e+00,8.129881024360656738e-01,3.327806591987609863e-01,7.544795870780944824e-01,1.881556749343872070e+00,1.660933256149291992e+00,1.478706955909729004e+00,9.714376926422119141e-01,1.566433548927307129e+00,1.064090579748153687e-01,-1.180175542831420898e+00,8.859629034996032715e-01,1.144222497940063477e+00,1.366885185241699219e+00,8.819370865821838379e-01,-3.166365325450897217e-01,4.786195755004882812e-01,-7.498211413621902466e-02,1.542557120323181152e+00,5.695243477821350098e-01,1.604858279228210449e+00,-7.744184732437133789e-01,6.284473538398742676e-01,4.222459495067596436e-01,2.033796310424804688e+00,5.724802017211914062e-01,9.199362993240356445e-01
-5.784015059471130371e-01,1.173184752464294434e+00,3.659285902976989746e-01,3.824279010295867920e-01,7.332658395171165466e-03,-9.310845285654067993e-02,-6.536201834678649902e-01,-6.126093864440917969e-01,-4.865531921386718750e-01,3.421234786510467529e-01,6.233091354370117188e-01,1.476780623197555542e-01,2.427457422018051147e-01,5.437061190605163574e-01,-4.091139137744903564e-01,-3.589126467704772949e-02,-1.388249278068542480e+00,-1.087673544883728027e+00,-1.009617567062377930e+00,-6.657242178916931152e-01,1.301655471324920654e-01,7.324497103691101074e-01,-7.193783521652221680e-01,-8.711726665496826172e-01,1.381519734859466553e-01,-6.096023917198181152e-01,1.957766711711883545e-01,5.269502997398376465e-01,3.477414846420288086e-01,-1.041366338729858398e+00,7.316484451293945312e-01,3.984381631016731262e-02,2.912310659885406494e-01,6.246345639228820801e-01,-8.353424072265625000e-02,3.063722252845764160e-01,9.355990886688232422e-01,-1.295456171035766602e+00,2.201189845800399780e-01,2.492634057998657227e-01,6.930826306343078613e-01,-1.054432630538940430e+00,-1.730347514152526855e+00,-6.594394333660602570e-03,-2.557355463504791260e-01,7.864696979522705078e-01,5.367748141288757324e-01,-4.722843170166015625e-01,4.126897752285003662e-01,8.376958966255187988e-01,5.971068739891052246e-01,4.242355525493621826e-01,2.737666666507720947e-01
-1.255754977464675903e-01,-1.526019454002380371e+00,-1.252601742744445801e+00,-1.274081587791442871e+00,-1.450645565986633301e+00,-1.418860912322998047e+00,1.768776625394821167e-01,-1.519905328750610352e+00,-1.038059115409851074e+00,-1.023087382316589355e+00,-9.106105566024780273e-01,-6.631048917770385742e-01,-7.331813871860504150e-02,5.490702390670776367e-01,7.472361326217651367e-01,1.244725361466407776e-01,1.018551230430603027e+00,2.304878383874893188e-01,1.493300676345825195e+00,-9.933990985155105591e-02,-9.366756677627563477e-01,-4.208444356918334961e-01,9.920056462287902832e-01,3.952204287052154541e-01,7.154692411422729492e-01,2.086399309337139130e-02,-2.098460048437118530e-01,3.779245316982269287e-01,-1.699121594429016113e+00,-5.355650186538696289e-01,-1.539327621459960938e+00,-1.194625377655029297e+00,-1.270784616470336914e+00,-2.211341634392738342e-02,-8.107039332389831543e-01,-2.252386137843132019e-02,1.529303789138793945e-01,5.990473031997680664e-01,-3.560794591903686523e-01,-3.513622879981994629e-01,7.311919927597045898e-01,1.866157889366149902e+00,7.685465812683105469e-01,2.056265920400619507e-01,-1.030345678329467773e+00,-4.657157063484191895e-01,-5.717542767524719238e-01,-5.243948698043823242e-01,4.647812247276306152e-01,5.457820296287536621e-01,4.277313053607940674e-01,1.085267513990402222e-01,-5.452570319175720215e-01
2.370011955499649048e-01,-4.094778597354888916e-01,6.500168442726135254e-01,3.765218555927276611e-01,7.841174304485321045e-02,8.318101763725280762e-01,7.863685488700866699e-01,1.002011060714721680e+00,-4.246642589569091797e-01,4.174410998821258545e-01,7.888355851173400879e-02,4.026509225368499756e-01,2.691230475902557373e-01,-4.291014075279235840e-01,-9.485855102539062500e-01,4.347687363624572754e-01,5.309016108512878418e-01,-1.602245122194290161e-01,1.380755938589572906e-02,-5.841113328933715820e-01,-7.813427448272705078e-01,3.361579179763793945e-01,-9.771510362625122070e-01,7.453536391258239746e-01,1.960879862308502197e-01,-3.210020661354064941e-01,-2.150847017765045166e-01,-9.458602964878082275e-02,7.352174073457717896e-02,8.110373616218566895e-01,2.174994051456451416e-01,-1.653990708291530609e-02,-5.635976791381835938e-01,-1.603835672140121460e-01,6.777446269989013672e-01,3.017464578151702881e-01,-1.108572244644165039e+00,-2.062178611755371094e+00,2.343297302722930908e-01,5.104306340217590332e-01,4.365182816982269287e-01,-1.671321094036102295e-01,3.570261225104331970e-02,-8.359205126762390137e-01,5.163785219192504883e-01,1.940507888793945312e-01,-3.230622410774230957e-02,-4.727466702461242676e-01,4.992434382438659668e-01,4.202806651592254639e-01,4.906370341777801514e-01,5.471393838524818420e-02,-1.370654255151748657e-01
2.571139037609100342e-01,1.072492361068725586e+00,2.337464570999145508e+00,1.121617913246154785e+00,1.401184558868408203e+00,4.429227709770202637e-01,-2.463063746690750122e-01,6.686896085739135742e-01,2.498637884855270386e-01,4.176190197467803955e-01,-4.096373319625854492e-01,5.071906447410583496e-01,-1.213496804237365723e+00,-7.355403900146484375e-01,2.564859390258789062e-01,6.172802448272705078e-01,2.125832140445709229e-01,9.159843325614929199e-01,-1.662579774856567383e-01,4.660289585590362549e-01,-4.835924804210662842e-01,2.891491949558258057e-01,7.942619323730468750e-01,1.259183645248413086e+00,4.163025021553039551e-01,-7.156211733818054199e-01,3.452718555927276611e-01,1.123410090804100037e-01,3.530195653438568115e-01,-4.061574041843414307e-01,-4.168882369995117188e-01,-7.907504588365554810e-02,1.481821894645690918e+00,4.151209592819213867e-01,4.132441878318786621e-01,-8.426172733306884766e-01,-7.081192731857299805e-01,1.125021338462829590e+00,2.197780013084411621e-01,2.705532610416412354e-01,1.339030027389526367e+00,-1.432717144489288330e-01,3.600948154926300049e-01,-2.687392942607402802e-02,7.050601840019226074e-01,1.897900849580764771e-01,4.813687503337860107e-01,-6.068060994148254395e-01,-2.005339860916137695e-01,2.197155207395553589e-01,5.727459192276000977e-01,-5.860289931297302246e-01,-9.926459789276123047e-01
-8.771590590476989746e-01,-1.162822008132934570e+00,-1.028853893280029297e+00,-9.955199956893920898e-01,-4.072576165199279785e-01,-1.312247753143310547e+00,-7.705931663513183594e-01,-1.473709702491760254e+00,-5.133921504020690918e-01,-4.550918340682983398e-01,-4.217531383037567139e-01,-1.481203287839889526e-01,6.018166542053222656e-01,6.058975458145141602e-01,-4.060888588428497314e-01,-4.321608841419219971e-01,-4.138626456260681152e-01,-1.015291690826416016e+00,-1.954813860356807709e-02,-7.071239873766899109e-03,2.713423967361450195e-01,-9.447991251945495605e-01,-9.302163720130920410e-01,-9.521729350090026855e-01,-7.090928554534912109e-01,-9.541786909103393555e-01,-3.812878131866455078e-01,-4.022948145866394043e-01,-2.016067981719970703e+00,-1.889467358589172363e+00,-4.969941973686218262e-01,-1.182016253471374512e+00,-7.031025290489196777e-01,-6.655926108360290527e-01,-5.507661700248718262e-01,8.995913900434970856e-03,9.176827669143676758e-01,1.516138613224029541e-01,-6.335943341255187988e-01,-3.720944002270698547e-02,-5.422278642654418945e-01,1.193393766880035400e-01,-4.636142551898956299e-01,5.723118782043457031e-01,7.363660931587219238e-01,-1.057221412658691406e+00,-6.082201600074768066e-01,-1.875518560409545898e-01,-7.027207016944885254e-01,-8.859656453132629395e-01,-7.282145619392395020e-01,-2.676304578781127930e-01,-1.027199745178222656e+00
6.057019233703613281e-01,8.207317590713500977e-01,2.495935708284378052e-01,7.147637009620666504e-01,1.612618863582611084e-01,7.772050499916076660e-01,-3.813503682613372803e-01,-2.420364469289779663e-01,3.978865742683410645e-01,-4.756477102637290955e-02,3.269956409931182861e-01,-6.980650424957275391e-01,1.208825945854187012e+00,1.292199134826660156e+00,9.516957402229309082e-01,2.881865799427032471e-01,3.688726946711540222e-02,4.707910865545272827e-02,6.009358167648315430e-01,1.400289058685302734e+00,2.662276625633239746e-01,-9.260134100914001465e-01,6.204795241355895996e-01,-5.953778028488159180e-01,1.108401194214820862e-01,9.690302610397338867e-01,1.442950069904327393e-01,-4.104135558009147644e-02,1.124217271804809570e+00,-5.994226932525634766e-01,9.589663743972778320e-01,1.180561304092407227e+00,5.067659020423889160e-01,2.228502929210662842e-01,1.541449688374996185e-02,6.983333826065063477e-01,1.898927092552185059e+00,8.891675621271133423e-02,-6.715541332960128784e-02,7.284126281738281250e-01,8.861366659402847290e-02,7.334711551666259766e-01,-7.725969552993774414e-01,9.327497482299804688e-01,9.029855132102966309e-01,-7.272401452064514160e-01,1.522288471460342407e-01,-1.739278584718704224e-01,1.121626198291778564e-01,-2.609942257404327393e-01,1.989375501871109009e-01,-2.110141217708587646e-01,-7.056940197944641113e-01
5.324388146400451660e-01,5.579919219017028809e-01,-9.604402184486389160e-01,-1.161604046821594238e+00,-1.428348541259765625e+00,1.622302055358886719e+00,3.807717263698577881e-01,-1.219681143760681152e+00,-6.570847332477569580e-02,-2.049118094146251678e-02,-6.273477077484130859e-01,-1.247806787490844727e+00,1.607649177312850952e-01,4.469258487224578857e-01,-5.144438147544860840e-01,-5.912588238716125488e-01,4.772212207317352295e-01,1.882359832525253296e-01,-5.305871963500976562e-01,1.042310595512390137e+00,-5.864656567573547363e-01,-1.414810717105865479e-01,3.490915894508361816e-01,9.900936484336853027e-01,1.056703090667724609e+00,4.462652504444122314e-01,1.165126413106918335e-01,-3.313587903976440430e-01,1.294789195060729980e+00,-1.256747096776962280e-01,-6.976219415664672852e-01,1.263209879398345947e-01,-5.235166549682617188e-01,-4.402253329753875732e-01,-7.536332607269287109e-01,-2.397206611931324005e-02,-2.754177451133728027e-01,-1.731046080589294434e+00,-4.489653408527374268e-01,7.126523852348327637e-01,5.563778281211853027e-01,-6.102413535118103027e-01,3.336890935897827148e-01,6.873086094856262207e-01,-6.800577044486999512e-02,-2.783487141132354736e-01,-2.080544978380203247e-01,-1.154965534806251526e-01,1.891426801681518555e+00,9.191581010818481445e-01,-3.363193869590759277e-01,1.488226465880870819e-03,-1.303333640098571777e+00
1.744003891944885254e+00,6.512278914451599121e-01,1.166588068008422852e+00,9.706854224205017090e-01,1.327017188072204590e+00,7.728319764137268066e-01,2.272772789001464844e-01,7.182883024215698242e-01,-4.597142338752746582e-01,2.148258537054061890e-01,-5.355070233345031738e-01,-1.304220080375671387e+00,-1.289779782295227051e+00,-1.992426633834838867e+00,-4.453457891941070557e-01,-1.283985972404479980e+00,-1.266208648681640625e+00,5.531225204467773438e-01,-1.461534142494201660e+00,-1.012239456176757812e-01,2.854548394680023193e-01,2.823000848293304443e-01,3.812794983386993408e-01,3.651640713214874268e-01,6.392580270767211914e-01,2.766640484333038330e-01,-2.611928582191467285e-01,-4.062108397483825684e-01,9.624917507171630859e-01,4.705128073692321777e-02,1.097974896430969238e+00,-3.996123075485229492e-01,1.044840216636657715e+00,-1.037451028823852539e+00,-6.101551055908203125e-01,-1.219159364700317383e+00,-1.609173178672790527e+00,1.018301367759704590e+00,-1.154258489608764648e+00,-6.386796832084655762e-01,4.395739138126373291e-01,-1.145209670066833496e+00,-1.168122172355651855e+00,3.434251248836517334e-01,3.211395442485809326e-01,6.074756383895874023e-01,-3.363563716411590576e-01,-1.858495175838470459e-01,-8.630369901657104492e-01,4.168826341629028320e-01,4.132791757583618164e-01,-5.506892921403050423e-04,-3.468348383903503418e-01
-2.197893559932708740e-01,8.307716846466064453e-01,7.522057294845581055e-01,-7.109138183295726776e-03,-5.198264718055725098e-01,1.413985133171081543e+00,-5.345317721366882324e-01,-8.254894614219665527e-01,9.864850044250488281e-01,5.450136661529541016e-01,9.822770357131958008e-01,-5.493429899215698242e-01,1.868606358766555786e-01,3.225603103637695312e-01,-8.366540074348449707e-01,1.759633272886276245e-01,-1.096614729613065720e-02,-4.455687105655670166e-01,4.725270271301269531e-01,2.739187777042388916e-01,7.636530399322509766e-01,1.815593838691711426e-01,4.853872656822204590e-01,-8.753866702318191528e-02,-3.204484283924102783e-01,-1.474205497652292252e-02,3.078113794326782227e-01,-1.372427493333816528e-01,1.225913643836975098e+00,-2.682221531867980957e-01,-6.006045341491699219e-01,1.179795622825622559e+00,-2.155030518770217896e-02,2.684173285961151123e-01,-2.424762099981307983e-01,-5.605408549308776855e-02,7.162886857986450195e-01,-4.595894366502761841e-02,-2.361268103122711182e-01,2.014409005641937256e-01,1.080600917339324951e-01,8.753588199615478516e-01,7.010184973478317261e-02,3.821405768394470215e-02,6.758272051811218262e-01,1.405749768018722534e-01,-4.894483089447021484e-02,2.821894586086273193e-01,2.421997636556625366e-01,-1.096964851021766663e-01,-9.699373692274093628e-02,4.280357807874679565e-02,-2.588115818798542023e-02
-5.327611565589904785e-01,1.218731254339218140e-01,-1.164357423782348633e+00,-1.046662092208862305e+00,-8.417681455612182617e-01,1.526227891445159912e-01,5.545569062232971191e-01,1.158499717712402344e+00,-4.876153171062469482e-01,-7.148786187171936035e-01,-7.286492586135864258e-01,-1.616490781307220459e-01,3.962641358375549316e-01,-2.668915092945098877e-01,-3.718642294406890869e-01,5.945519804954528809e-01,4.991285204887390137e-01,3.203015327453613281e-01,-9.993622303009033203e-01,-1.207346916198730469e+00,-1.868096888065338135e-01,-3.336393535137176514e-01,-1.370572924613952637e+00,1.621631383895874023e+00,5.370159745216369629e-01,1.209482312202453613e+00,-1.803976595401763916e-01,-3.069955110549926758e-01,-5.923926830291748047e-01,-1.462803781032562256e-01,3.674989938735961914e-01,-8.165557980537414551e-01,-4.232982099056243896e-01,-2.236347943544387817e-01,-7.792336493730545044e-02,2.087120264768600464e-01,-2.960172295570373535e-01,-1.478648185729980469e-01,2.155663967132568359e-01,-5.979962944984436035e-01,7.159294486045837402e-01,-4.717262089252471924e-01,7.100431323051452637e-01,-2.680327594280242920e-01,-9.683260321617126465e-01,-1.465584337711334229e-01,-3.726663887500762939e-01,4.314648807048797607e-01,1.736640810966491699e+00,3.001050949096679688e-01,4.174330830574035645e-01,-5.984718203544616699e-01,-8.339503407478332520e-01
-9.511957168579101562e-01,-5.167461633682250977e-01,4.769677817821502686e-01,1.970944851636886597e-01,3.455242514610290527e-01,-9.059517830610275269e-02,-6.878080368041992188e-01,-9.181580543518066406e-01,-1.624267816543579102e+00,-1.441919326782226562e+00,-1.958514809608459473e+00,-7.584877014160156250e-01,-2.207809448242187500e+00,-1.964018821716308594e+00,2.052382081747055054e-01,-9.843685626983642578e-01,-8.465315401554107666e-02,-1.758554220199584961e+00,-1.033293724060058594e+00,-1.546546220779418945e+00,1.270231127738952637e+00,-6.205700039863586426e-01,-6.050681471824645996e-01,-2.399677187204360962e-01,-1.350618720054626465e+00,3.772110939025878906e-01,-1.266279220581054688e+00,-1.302757143974304199e+00,-1.275163531303405762e+00,-1.091835260391235352e+00,-3.359149992465972900e-01,-1.585686922073364258e+00,-1.226666927337646484e+00,-2.198904037475585938e+00,-5.372753739356994629e-01,-2.722627162933349609e+00,-1.784075617790222168e+00,5.884439349174499512e-01,-2.151618242263793945e+00,-8.423994183540344238e-01,-1.242346286773681641e+00,-8.178055286407470703e-01,2.236445248126983643e-01,-6.621086001396179199e-01,-4.078019559383392334e-01,-9.010070562362670898e-01,-1.476891994476318359e+00,4.034655690193176270e-01,-1.208620071411132812e+00,-1.763440012931823730e+00,-1.035742163658142090e+00,-1.153684973716735840e+00,-1.753641963005065918e+00
-2.066967487335205078e+00,5.419046282768249512e-01,-7.640925049781799316e-01,-1.074114203453063965e+00,-1.480671525001525879e+00,4.821633696556091309e-01,-2.319738388061523438e+00,-1.915991425514221191e+00,-1.754091501235961914e+00,-7.393968701362609863e-01,-1.900927424430847168e+00,-2.230439662933349609e+00,-1.195401191711425781e+00,-1.800401136279106140e-02,1.457259058952331543e+00,-1.590132355690002441e+00,-1.053825497627258301e+00,-1.828696846961975098e+00,-2.860814332962036133e-01,-2.336335182189941406e+00,2.061320781707763672e+00,-1.889425873756408691e+00,-1.910474896430969238e+00,-1.958354949951171875e+00,-1.960787534713745117e+00,2.512516021728515625e+00,-2.227212429046630859e+00,-2.095710515975952148e+00,-1.782474666833877563e-01,-2.223173141479492188e+00,-1.690659075975418091e-01,-1.655726313591003418e+00,-7.711067795753479004e-01,-2.287880659103393555e+00,-2.022246360778808594e+00,-1.830779314041137695e+00,1.083097383379936218e-01,1.058797717094421387e+00,-2.139010906219482422e+00,-2.606668710708618164e+00,-1.991684198379516602e+00,-8.711978793144226074e-02,-1.155410051345825195e+00,2.592999935150146484e+00,-2.409435033798217773e+00,-1.925759196281433105e+00,-2.400622367858886719e+00,1.932888507843017578e+00,-6.851552724838256836e-01,-2.070093631744384766e+00,-1.918784976005554199e+00,-2.033003807067871094e+00,-1.719606041908264160e+00
1.709902584552764893e-01,1.769472122192382812e+00,3.787507712841033936e-01,4.073427021503448486e-01,4.890406131744384766e-01,1.552952408790588379e+00,-2.918491065502166748e-01,-2.438022792339324951e-01,1.749087333679199219e+00,2.442865848541259766e+00,-5.715739354491233826e-02,-1.778313815593719482e-01,4.196020364761352539e-01,1.625661492347717285e+00,1.162031173706054688e+00,9.726713299751281738e-01,-8.844941854476928711e-01,-5.572525262832641602e-01,4.526134729385375977e-01,4.237728118896484375e-01,1.522429347038269043e+00,-9.646572470664978027e-01,2.155350923538208008e+00,-9.681324958801269531e-01,-7.279509305953979492e-02,1.013014078140258789e+00,2.086037546396255493e-01,-4.089240729808807373e-01,1.457072257995605469e+00,-1.795945465564727783e-01,-3.971449136734008789e-01,1.696106195449829102e+00,1.459699392318725586e+00,-3.162561729550361633e-02,3.377624601125717163e-02,1.707690358161926270e-01,1.312900781631469727e+00,1.094030261039733887e+00,8.653620630502700806e-02,-2.890384495258331299e-01,-4.235592111945152283e-02,6.555450558662414551e-01,-9.785963892936706543e-01,1.944918394088745117e+00,-3.042808771133422852e-01,-6.773499250411987305e-01,4.171518981456756592e-01,1.289881348609924316e+00,-1.313182592391967773e+00,-2.703706324100494385e-01,3.002928802743554115e-03,-8.834057450294494629e-01,-8.606452345848083496e-01
1.107713818550109863e+00,8.621830344200134277e-01,-3.606183826923370361e-01,1.373478293418884277e+00,1.420732855796813965e+00,6.014098525047302246e-01,1.468987703323364258e+00,1.563266158103942871e+00,8.735734820365905762e-01,1.102658390998840332e+00,9.670013785362243652e-01,1.123503208160400391e+00,1.328124165534973145e+00,1.054092049598693848e+00,1.182209134101867676e+00,1.603875994682312012e+00,1.798135638236999512e+00,1.116462826728820801e+00,1.834850311279296875e+00,7.693949341773986816e-01,-1.327026009559631348e+00,3.615371584892272949e-01,-1.130528599023818970e-01,8.648704290390014648e-01,9.400174617767333984e-01,-7.670622467994689941e-01,1.164914488792419434e+00,1.346868395805358887e+00,1.517398715019226074e+00,6.420111060142517090e-01,2.022175788879394531e+00,5.219259262084960938e-01,1.806967616081237793e+00,9.074836373329162598e-01,3.208311796188354492e-01,1.756154060363769531e+00,1.807690858840942383e+00,5.241611003875732422e-01,2.020956754684448242e+00,8.386545181274414062e-01,1.000229716300964355e+00,1.895980477333068848e+00,1.938128829002380371e+00,-4.220235049724578857e-01,-7.387774586677551270e-01,3.781655430793762207e-01,1.473235845565795898e+00,-8.310581445693969727e-01,5.293983221054077148e-01,5.831676125526428223e-01,1.358293056488037109e+00,1.071632266044616699e+00,4.909396171569824219e-01
1.777847409248352051e+00,1.827480435371398926e+00,1.925514221191406250e+00,2.257286310195922852e+00,1.948894500732421875e+00,-3.299929797649383545e-01,2.417094230651855469e+00,2.372562170028686523e+00,2.388095617294311523e+00,1.033648252487182617e+00,2.036781311035156250e+00,2.356200695037841797e+00,1.541188240051269531e+00,-9.690306186676025391e-01,-2.535906136035919189e-01,2.429965019226074219e+00,1.026116251945495605e+00,3.595846414566040039e+00,4.651271700859069824e-01,2.429142236709594727e+00,-2.347998619079589844e+00,2.113051652908325195e+00,1.939411640167236328e+00,2.929117918014526367e+00,3.008350133895874023e+00,-1.133369445800781250e+00,2.408900499343872070e+00,2.651359796524047852e+00,-5.358203649520874023e-01,2.142110824584960938e+00,6.508876085281372070e-01,1.499031066894531250e+00,4.555442035198211670e-01,1.760705232620239258e+00,2.140136480331420898e+00,1.908164620399475098e+00,-7.084439992904663086e-01,1.164286971092224121e+00,1.749680995941162109e+00,2.192807197570800781e+00,2.552669048309326172e+00,6.774026751518249512e-01,9.532300233840942383e-01,-1.864686608314514160e+00,1.574328303337097168e+00,2.309378862380981445e+00,2.017778635025024414e+00,-8.008573651313781738e-01,9.572478532791137695e-01,2.714740514755249023e+00,2.038296461105346680e+00,2.523062705993652344e+00,1.748605728149414062e+00
8.105034828186035156e-01,2.395923286676406860e-01,1.278965592384338379e+00,3.786363601684570312e-01,1.103270053863525391e+00,2.552481889724731445e-01,1.658367991447448730e+00,5.643705725669860840e-01,1.381818413734436035e+00,9.224913120269775391e-01,2.174785614013671875e+00,1.880707621574401855e+00,3.039808273315429688e-01,-8.206076025962829590e-01,-7.271392941474914551e-01,1.193148970603942871e+00,6.584690511226654053e-02,1.379869818687438965e+00,-5.868117213249206543e-01,1.417673468589782715e+00,-5.752338171005249023e-01,1.862910270690917969e+00,1.605982929468154907e-01,5.569686293601989746e-01,4.463900029659271240e-01,-1.913223266601562500e+00,1.717384099960327148e+00,1.563830256462097168e+00,1.806263327598571777e-01,1.283657193183898926e+00,-3.365919739007949829e-02,1.349840164184570312e+00,1.390058279037475586e+00,2.018564462661743164e+00,1.428689599037170410e+00,5.501308441162109375e-01,-4.722496271133422852e-01,-1.481942772865295410e+00,1.136186361312866211e+00,2.301806211471557617e+00,2.067887306213378906e+00,-9.019614458084106445e-01,-5.185292959213256836e-01,-8.696370124816894531e-01,1.897477388381958008e+00,1.848926663398742676e+00,2.028711080551147461e+00,-2.070720434188842773e+00,-4.126763343811035156e-01,1.301655650138854980e+00,1.320596337318420410e+00,1.877545595169067383e+00,1.970183253288269043e+00
-6.243964433670043945e-01,1.017361044883728027e+00,1.302566409111022949e+00,-9.874775260686874390e-02,3.788001239299774170e-01,-9.632712006568908691e-01,-3.709156811237335205e-01,3.169047236442565918e-01,5.055283755064010620e-02,-5.436551570892333984e-01,7.067735195159912109e-01,-4.176079761236906052e-03,5.796298980712890625e-01,-6.671564280986785889e-02,-9.732605218887329102e-01,5.541683435440063477e-01,-4.386834204196929932e-01,4.137088358402252197e-01,-6.206241846084594727e-01,9.836363792419433594e-01,-5.846267938613891602e-01,1.823279261589050293e-01,1.119571775197982788e-01,6.156265735626220703e-01,4.338852763175964355e-01,-7.253575325012207031e-02,8.738592267036437988e-01,6.690601110458374023e-01,-5.673774480819702148e-01,-1.515894085168838501e-01,7.073918581008911133e-01,7.631329298019409180e-01,-1.147760376334190369e-01,1.471302270889282227e+00,5.267812013626098633e-01,5.688467621803283691e-01,3.889507949352264404e-01,-6.605941653251647949e-01,4.537483155727386475e-01,1.787885665893554688e+00,8.800723552703857422e-01,-5.190240144729614258e-01,-4.317310154438018799e-01,-6.037694811820983887e-01,8.367988467216491699e-01,4.893470406532287598e-01,1.062173604965209961e+00,-7.914103865623474121e-01,7.449945807456970215e-01,5.584363937377929688e-01,7.097383737564086914e-01,2.285997718572616577e-01,5.299491286277770996e-01
-4.023186266422271729e-01,-1.219244956970214844e+00,-1.039431214332580566e+00,-1.198061108589172363e+00,-5.447106361389160156e-01,-6.053975820541381836e-01,3.621789813041687012e-02,-6.821429729461669922e-02,9.026796221733093262e-01,1.111618280410766602e+00,8.077571988105773926e-01,7.641790509223937988e-01,1.052872657775878906e+00,1.505681157112121582e+00,1.027014255523681641e+00,9.053525924682617188e-01,1.224032163619995117e+00,-2.841105461120605469e-01,1.059612870216369629e+00,2.724384665489196777e-01,7.977395504713058472e-02,-6.722867488861083984e-01,2.013720422983169556e-01,2.390497624874114990e-01,-6.639673709869384766e-01,3.864371180534362793e-01,5.813497900962829590e-01,-2.623038552701473236e-02,-5.493872761726379395e-01,1.876410469412803650e-02,-6.265425086021423340e-01,6.167496442794799805e-01,4.579757750034332275e-01,1.539848923683166504e+00,5.447729825973510742e-01,6.315029263496398926e-01,1.358128428459167480e+00,-1.662166833877563477e+00,2.943429052829742432e-01,8.872100710868835449e-01,3.924700021743774414e-01,6.268216371536254883e-01,4.704528450965881348e-01,5.899425148963928223e-01,-1.915161013603210449e-01,-4.390534460544586182e-01,6.399629712104797363e-01,-1.304918676614761353e-01,1.958469673991203308e-02,-3.241987153887748718e-02,4.404007270932197571e-02,-2.700789570808410645e-01,-9.976878762245178223e-02
-7.890048027038574219e-01,-4.349004924297332764e-01,-8.420185446739196777e-01,2.193479090929031372e-01,1.147945046424865723e+00,-8.420643210411071777e-01,5.949676632881164551e-01,2.036581754684448242e+00,3.838747739791870117e-01,-1.022618338465690613e-01,3.648388087749481201e-01,1.133841872215270996e+00,7.418275475502014160e-01,1.125540435314178467e-01,2.794780433177947998e-01,8.468282222747802734e-01,1.521543622016906738e+00,2.638495266437530518e-01,9.637077450752258301e-01,1.039031818509101868e-01,-7.667782306671142578e-01,-1.332749277353286743e-01,-3.875482380390167236e-01,5.802449584007263184e-01,-5.064380168914794922e-01,9.579306244850158691e-01,6.169324517250061035e-01,7.635342478752136230e-01,-9.546861052513122559e-01,-1.348659545183181763e-01,7.960464954376220703e-01,2.479964941740036011e-01,-2.512771785259246826e-01,3.301485674455761909e-03,8.512748479843139648e-01,9.136049151420593262e-01,6.218704581260681152e-01,-5.667733550071716309e-01,9.274488091468811035e-01,6.020599007606506348e-01,8.010487258434295654e-02,1.024526596069335938e+00,2.009855747222900391e+00,-1.601776838302612305e+00,-8.940802216529846191e-01,-9.852545708417892456e-02,1.010159969329833984e+00,-1.692254096269607544e-01,-9.580004215240478516e-02,-4.403386712074279785e-01,1.265894651412963867e+00,2.220825254917144775e-01,5.571391582489013672e-01
-5.192882418632507324e-01,2.902614772319793701e-01,1.013225555419921875e+00,9.344543218612670898e-01,1.434266328811645508e+00,-1.171939969062805176e+00,-2.171556055545806885e-01,1.249734044075012207e+00,4.504410922527313232e-01,3.137722313404083252e-01,3.520872890949249268e-01,1.297143936157226562e+00,-5.794062614440917969e-01,-1.338848590850830078e+00,-7.096741795539855957e-01,8.041032552719116211e-01,-3.539052009582519531e-01,3.288296759128570557e-01,-3.766304552555084229e-01,4.040760993957519531e-01,-2.868306934833526611e-01,7.620046138763427734e-01,5.594626069068908691e-01,-2.696912586688995361e-01,1.535823494195938110e-01,-4.148096311837434769e-03,1.370898962020874023e+00,9.336017370223999023e-01,-8.899735808372497559e-01,-8.202285766601562500e-01,1.368801593780517578e-01,-4.801932871341705322e-01,-1.642336696386337280e-01,2.193853557109832764e-01,4.491291344165802002e-01,-6.214251518249511719e-01,-1.396945834159851074e+00,9.942308068275451660e-01,3.086642324924468994e-01,4.064991772174835205e-01,3.090430796146392822e-01,-2.160326838493347168e-01,1.049052923917770386e-01,-1.348459959030151367e+00,-7.896284759044647217e-02,5.541006326675415039e-01,7.609884142875671387e-01,3.048400580883026123e-01,-1.445672512054443359e+00,-2.526229619979858398e-01,1.283617973327636719e+00,4.846020340919494629e-01,6.255011558532714844e-01
-3.716338574886322021e-01,3.214379847049713135e-01,4.055176079273223877e-01,-4.271097481250762939e-01,1.027461439371109009e-01,1.942426204681396484e+00,7.977803237736225128e-03,5.197851657867431641e-01,7.096188664436340332e-01,1.231104373931884766e+00,1.751200079917907715e+00,7.951298952102661133e-01,1.274524807929992676e+00,8.476599305868148804e-02,-7.411332726478576660e-01,1.173114180564880371e+00,-7.848360538482666016e-01,2.983777821063995361e-01,-4.713054001331329346e-01,4.395056962966918945e-01,1.459989100694656372e-01,3.278839886188507080e-01,-1.382373929023742676e+00,-1.593164056539535522e-01,-3.052892684936523438e-01,2.229904681444168091e-01,4.727048277854919434e-01,8.149740695953369141e-01,1.081397771835327148e+00,-1.200487852096557617e+00,-1.772340238094329834e-01,2.475880980491638184e-01,-5.320350527763366699e-01,2.853170037269592285e-01,-7.436693310737609863e-01,4.598905444145202637e-01,2.410620450973510742e-02,-1.245762467384338379e+00,2.145895212888717651e-01,1.332528144121170044e-01,9.025273919105529785e-01,-7.111617326736450195e-01,-7.316477894783020020e-01,3.828977942466735840e-01,-1.464969158172607422e+00,-1.541442126035690308e-01,1.874120682477951050e-01,2.650015830993652344e+00,5.439129471778869629e-01,-6.293445825576782227e-02,-3.114651739597320557e-01,3.893555402755737305e-01,-5.756679773330688477e-01
-8.843467831611633301e-01,-9.218058586120605469e-01,-9.550868272781372070e-01,-1.491438865661621094e+00,-1.648279786109924316e+00,-1.066013813018798828e+00,-4.436645284295082092e-02,-1.152552723884582520e+00,-8.049033284187316895e-01,-1.271520614624023438e+00,-1.055457890033721924e-01,-4.855997562408447266e-01,6.360367536544799805e-01,4.726458787918090820e-01,-3.035650551319122314e-01,8.035797625780105591e-02,-8.834188431501388550e-02,-5.024095773696899414e-01,9.550267457962036133e-01,4.281648099422454834e-01,-1.029435157775878906e+00,-2.490766942501068115e-01,7.108643054962158203e-01,-1.912194043397903442e-01,4.128863513469696045e-01,6.415520310401916504e-01,-3.946252763271331787e-01,-3.994486927986145020e-01,-1.720159649848937988e+00,-9.409427046775817871e-01,-7.090024352073669434e-01,-1.039742469787597656e+00,-1.419189333915710449e+00,-1.513338923454284668e+00,-7.906157374382019043e-01,8.645789325237274170e-02,3.601779937744140625e-01,4.003762900829315186e-01,-7.952576279640197754e-01,-6.194455027580261230e-01,-8.351778984069824219e-01,8.255661725997924805e-01,-1.402861922979354858e-01,1.408353924751281738e+00,-6.460865736007690430e-01,-4.766573905944824219e-01,-1.054645419120788574e+00,1.252366781234741211e+00,2.165471464395523071e-01,-3.898560702800750732e-01,-5.431926250457763672e-01,4.427359998226165771e-02,-1.202130794525146484e+00
-4.907952249050140381e-01,-1.938887953758239746e+00,-1.711091756820678711e+00,-1.201976656913757324e+00,-9.154181480407714844e-01,2.970858216285705566e-01,-7.399151800200343132e-04,3.946416378021240234e-01,-7.184222340583801270e-01,-7.926059961318969727e-01,-3.993912637233734131e-01,-6.651494503021240234e-01,1.052276417613029480e-01,6.162087321281433105e-01,2.055788338184356689e-01,-4.526144266128540039e-01,1.574998855590820312e+00,-6.133425235748291016e-01,9.424535632133483887e-01,-7.160425782203674316e-01,5.626239180564880371e-01,-6.978693008422851562e-01,-5.339385867118835449e-01,6.586470007896423340e-01,-7.486497163772583008e-01,6.833918690681457520e-01,-8.678020238876342773e-01,-6.602280735969543457e-01,4.082537889480590820e-01,-1.235179081559181213e-01,3.141584165859967470e-04,-2.792130112648010254e-01,1.513448059558868408e-01,-1.074110627174377441e+00,-1.819157302379608154e-01,2.277090698480606079e-01,5.133016705513000488e-01,-1.141579627990722656e+00,-4.353536069393157959e-01,-1.096873760223388672e+00,-4.090801477432250977e-01,4.717866480350494385e-01,1.403917789459228516e+00,1.380221366882324219e+00,-1.191148042678833008e+00,-8.576998114585876465e-01,-9.525841474533081055e-01,5.043556094169616699e-01,5.006176233291625977e-01,-6.406562924385070801e-01,-7.064931392669677734e-01,-2.788718044757843018e-01,-9.315850734710693359e-01
-1.543908193707466125e-02,2.057634592056274414e+00,1.281253695487976074e+00,1.335045099258422852e+00,1.391644835472106934e+00,8.712350726127624512e-01,-8.019731640815734863e-01,9.878979921340942383e-01,2.341158092021942139e-01,1.337668180465698242e+00,1.893280297517776489e-01,5.718183889985084534e-02,-5.672818422317504883e-01,-8.980398774147033691e-01,3.752907514572143555e-01,8.945690095424652100e-02,-7.347319126129150391e-01,-3.264831006526947021e-01,-4.940000176429748535e-01,-8.049224019050598145e-01,1.005403399467468262e+00,-3.217627704143524170e-01,-1.457257568836212158e-01,-1.374770998954772949e+00,-9.920963644981384277e-01,7.921372652053833008e-01,3.496245741844177246e-01,4.469165205955505371e-02,1.619801402091979980e+00,3.963025212287902832e-01,1.575274348258972168e+00,8.600496053695678711e-01,1.313678622245788574e+00,3.388762772083282471e-01,1.200974285602569580e-01,-7.989581227302551270e-01,-7.307562828063964844e-01,1.018623232841491699e+00,4.605587720870971680e-01,-1.073320984840393066e+00,6.830538809299468994e-02,-7.064713835716247559e-01,-3.151201009750366211e-01,4.860124289989471436e-01,-3.314831852912902832e-01,-3.737423717975616455e-01,4.631118476390838623e-01,3.174510478973388672e+00,-9.208973646163940430e-01,-6.307097673416137695e-01,-5.477099865674972534e-02,-6.462134122848510742e-01,-2.553800940513610840e-01
1.772754709236323833e-03,1.917604565620422363e+00,1.366475939750671387e+00,5.442172884941101074e-01,6.268331408500671387e-01,1.328533768653869629e+00,1.203405559062957764e-01,3.853524327278137207e-01,2.071951389312744141e+00,2.139735460281372070e+00,1.617328047752380371e+00,1.427559494972229004e+00,3.116828501224517822e-01,2.635780572891235352e-01,-2.503830790519714355e-01,1.710322022438049316e+00,-5.490576103329658508e-02,1.001989841461181641e+00,4.293770790100097656e-01,7.892140150070190430e-01,1.370885521173477173e-01,8.030179888010025024e-02,7.740367054939270020e-01,-2.022456228733062744e-01,-3.528499007225036621e-01,-1.530111581087112427e-01,1.280127167701721191e+00,1.259582996368408203e+00,1.645188331604003906e+00,3.932332396507263184e-01,6.709760427474975586e-01,2.026546955108642578e+00,2.265404224395751953e+00,1.625426054000854492e+00,1.609372138977050781e+00,5.817016959190368652e-01,5.390085577964782715e-01,6.042637825012207031e-01,1.979808330535888672e+00,2.016958743333816528e-01,7.677343487739562988e-01,5.261890292167663574e-01,-2.961964011192321777e-01,5.687462687492370605e-01,2.766766771674156189e-02,3.927992582321166992e-01,1.504307389259338379e+00,-6.232988834381103516e-02,-8.163650035858154297e-01,1.389958895742893219e-02,7.134162783622741699e-01,-1.806579530239105225e-01,6.442632675170898438e-01
-6.038324832916259766e-01,-5.145738124847412109e-01,-1.136698365211486816e+00,-2.039207220077514648e+00,-1.350640058517456055e+00,7.959038615226745605e-01,1.094524264335632324e+00,-6.455106139183044434e-01,1.430880188941955566e+00,-6.723274588584899902e-01,8.478627204895019531e-01,1.070845365524291992e+00,1.755386829376220703e+00,1.960398256778717041e-01,-7.353791594505310059e-01,2.041309595108032227e+00,1.237574100494384766e+00,5.392174124717712402e-01,7.147807478904724121e-01,1.969462633132934570e+00,-1.777888178825378418e+00,2.130288779735565186e-01,6.731082201004028320e-01,7.127259373664855957e-01,2.597021758556365967e-01,-7.930787205696105957e-01,1.514327287673950195e+00,1.631318807601928711e+00,-1.290310263633728027e+00,7.519412040710449219e-01,-1.401212930679321289e+00,1.131196856498718262e+00,-6.300603747367858887e-01,1.507831096649169922e+00,1.413768410682678223e+00,1.641285777091979980e+00,-5.960630998015403748e-02,-1.886399507522583008e+00,2.097871780395507812e+00,1.774754762649536133e+00,8.191161751747131348e-01,6.411142945289611816e-01,7.825619578361511230e-01,-1.293068528175354004e+00,1.689144968986511230e+00,3.154932558536529541e-01,1.341205835342407227e+00,-5.714089870452880859e-01,1.085961222648620605e+00,5.606642365455627441e-01,1.230222940444946289e+00,1.154790878295898438e+00,8.847281336784362793e-01
-1.524569094181060791e-01,-1.311424136161804199e+00,-9.790042787790298462e-02,-1.035163477063179016e-01,-8.839370012283325195e-01,-9.010089635848999023e-01,1.456617832183837891e+00,1.351421236991882324e+00,-4.925990998744964600e-01,-2.881865501403808594e-01,3.618098497390747070e-01,7.716177105903625488e-01,9.683659076690673828e-01,3.833035528659820557e-01,-6.251831650733947754e-01,1.293922424316406250e+00,9.615322947502136230e-01,5.955085158348083496e-01,1.634129643440246582e+00,6.015447378158569336e-01,-1.824986457824707031e+00,1.281526088714599609e-01,7.684325575828552246e-01,3.847525119781494141e-01,4.406771659851074219e-01,1.656139194965362549e-01,2.263806164264678955e-01,3.802321851253509521e-01,-1.158766508102416992e+00,1.147828936576843262e+00,-1.042585611343383789e+00,-1.449028551578521729e-01,-1.296959638595581055e+00,-1.072329133749008179e-01,5.947653055191040039e-01,8.787117004394531250e-01,9.309595823287963867e-02,6.243675481528043747e-03,5.468184947967529297e-01,2.811503708362579346e-01,1.843571662902832031e-01,1.444963812828063965e+00,8.648314476013183594e-01,-1.219413399696350098e+00,4.955431520938873291e-01,3.684059977531433105e-01,-1.082827970385551453e-01,7.685916423797607422e-01,-4.391487836837768555e-01,3.080937862396240234e-01,3.918432891368865967e-01,5.377048850059509277e-01,1.869668960571289062e-01
5.456861481070518494e-02,5.805963277816772461e-01,9.321623444557189941e-01,3.844111561775207520e-01,9.462524652481079102e-01,1.381865501403808594e+00,-4.475063681602478027e-01,4.728792011737823486e-01,8.082326501607894897e-02,1.857694625854492188e+00,1.395018100738525391e+00,2.512390315532684326e-01,-4.165046811103820801e-01,-6.366515159606933594e-01,-9.485490322113037109e-01,6.666485667228698730e-01,-1.217117309570312500e+00,2.854246497154235840e-01,-1.571739673614501953e+00,-5.685619711875915527e-01,1.327927947044372559e+00,-5.081850662827491760e-02,-9.751932024955749512e-01,-5.978042483329772949e-01,-6.487966775894165039e-01,7.076116204261779785e-01,-1.213468685746192932e-01,-3.434285521507263184e-01,5.898837447166442871e-01,-3.249624371528625488e-01,6.138257384300231934e-01,3.872839510440826416e-01,9.061140418052673340e-01,2.476277798414230347e-01,3.621543645858764648e-01,-9.549469351768493652e-01,-8.617339730262756348e-01,-4.490523636341094971e-01,-2.850718200206756592e-01,-1.180025264620780945e-01,3.391920924186706543e-01,-1.709954619407653809e+00,-1.393474221229553223e+00,2.375476062297821045e-01,7.850383520126342773e-01,-2.229456454515457153e-01,1.301719099283218384e-01,7.671887874603271484e-01,-6.827059388160705566e-01,-3.976722657680511475e-01,-1.321375221014022827e-01,-4.946009218692779541e-01,-4.664185345172882080e-01
-3.105544149875640869e-01,5.466603636741638184e-01,7.687838673591613770e-01,8.596588857471942902e-03,-6.477882266044616699e-01,7.230021357536315918e-01,-4.005976393818855286e-02,-1.833921074867248535e-01,6.511818170547485352e-01,3.557573258876800537e-01,1.459317803382873535e-01,3.237114250659942627e-01,8.886211514472961426e-01,1.167347073554992676e+00,-5.452703237533569336e-01,5.707386732101440430e-01,1.183518692851066589e-01,2.061906754970550537e-01,1.278950929641723633e+00,3.744209408760070801e-01,-4.389489293098449707e-01,-2.673087120056152344e-01,5.729879718273878098e-03,7.197474837303161621e-01,7.530353665351867676e-01,-8.700329065322875977e-01,2.194855809211730957e-01,-2.475767880678176880e-01,6.102155447006225586e-01,-3.676005899906158447e-01,1.021899804472923279e-01,1.441626399755477905e-01,-8.947508409619331360e-03,-1.064974293112754822e-01,-4.395474791526794434e-01,7.115631699562072754e-01,6.554026603698730469e-01,6.728069186210632324e-01,3.102217018604278564e-01,-1.005053222179412842e-01,-2.751646339893341064e-01,1.368934035301208496e+00,2.580025196075439453e-01,6.305978298187255859e-01,7.145365327596664429e-02,-3.742802143096923828e-01,-1.523127704858779907e-01,-4.532748460769653320e-02,1.051569581031799316e+00,2.673251628875732422e-01,-3.482358902692794800e-02,4.839375615119934082e-01,-3.757775723934173584e-01
5.611252188682556152e-01,-1.280658602714538574e+00,-1.461757183074951172e+00,-4.023553431034088135e-01,-3.120220005512237549e-01,3.163542747497558594e-01,8.041075468063354492e-01,8.956962227821350098e-01,-9.895896911621093750e-01,8.025038838386535645e-01,3.390740454196929932e-01,-3.891149163246154785e-01,4.947752952575683594e-01,8.302757740020751953e-01,6.326647400856018066e-01,-2.425777316093444824e-01,1.294430494308471680e+00,9.855772256851196289e-01,-2.261176519095897675e-02,-7.989277839660644531e-01,3.181305155158042908e-02,-9.173620343208312988e-01,-1.313507556915283203e+00,1.058403491973876953e+00,1.595375239849090576e-01,9.501284360885620117e-01,-6.233844757080078125e-01,-5.806838274002075195e-01,3.622376620769500732e-01,9.036964923143386841e-02,1.559858560562133789e+00,-3.701059380546212196e-03,4.490918219089508057e-01,-7.865871787071228027e-01,-7.220520377159118652e-01,1.516356766223907471e-01,8.032333850860595703e-01,1.014277786016464233e-01,-7.729738354682922363e-01,-1.221218585968017578e+00,2.913830280303955078e-01,-2.352717816829681396e-01,1.029296040534973145e+00,1.163591504096984863e+00,-5.158920288085937500e-01,-8.251436948776245117e-01,-7.911728620529174805e-01,1.039605617523193359e+00,1.145615696907043457e+00,-2.562310099601745605e-01,1.537032276391983032e-01,-8.895225077867507935e-02,-7.265503406524658203e-01
1.080961346626281738e+00,2.284970760345458984e+00,1.729180932044982910e+00,2.078019380569458008e+00,2.094238042831420898e+00,2.023873090744018555e+00,7.911400198936462402e-01,1.605659484863281250e+00,1.009361505508422852e+00,2.128107070922851562e+00,1.824343562126159668e+00,1.997195482254028320e-01,-8.150877058506011963e-02,-1.077118396759033203e+00,3.467797040939331055e-01,5.932765603065490723e-01,-1.327679157257080078e+00,5.575609207153320312e-01,-7.146936655044555664e-01,2.027537375688552856e-01,6.164267659187316895e-01,7.548729181289672852e-01,1.087868809700012207e+00,-6.263951063156127930e-01,6.797093749046325684e-01,8.293908834457397461e-01,4.585969746112823486e-01,-1.007188037037849426e-01,1.184878230094909668e+00,6.733177900314331055e-01,1.659937858581542969e+00,1.618052124977111816e+00,2.084419965744018555e+00,7.637872695922851562e-01,1.032019138336181641e+00,1.062642335891723633e-01,-8.268949985504150391e-01,2.414536952972412109e+00,1.344813227653503418e+00,-3.017390668392181396e-01,-1.670418493449687958e-02,-2.915071547031402588e-01,-6.221559643745422363e-01,6.068742275238037109e-01,1.120773196220397949e+00,7.288816571235656738e-01,6.134346723556518555e-01,1.543530344963073730e+00,-8.261489868164062500e-01,5.409062653779983521e-02,-3.691785037517547607e-02,3.137973248958587646e-01,1.451860070228576660e-01
6.104722619056701660e-01,1.750155687332153320e+00,1.241995692253112793e+00,8.566329479217529297e-01,1.251475334167480469e+00,1.470751643180847168e+00,6.177627444267272949e-01,7.665474414825439453e-01,9.110744595527648926e-01,1.171814203262329102e+00,1.292706966400146484e+00,1.102151513099670410e+00,-6.321360468864440918e-01,-6.766102313995361328e-01,-3.470959961414337158e-01,5.440224409103393555e-01,-2.857325375080108643e-01,2.838691882789134979e-02,-4.369893968105316162e-01,5.973362326622009277e-01,1.634614765644073486e-01,1.138113141059875488e+00,-4.763523861765861511e-02,6.815959513187408447e-02,3.257053792476654053e-01,-1.011506319046020508e+00,1.218649625778198242e+00,1.424475669860839844e+00,1.429009079933166504e+00,2.025726810097694397e-02,1.448770284652709961e+00,8.422845005989074707e-01,1.353298783302307129e+00,9.591143131256103516e-01,1.063230395317077637e+00,-1.863926202058792114e-01,-3.898361623287200928e-01,-5.492919683456420898e-01,1.156322836875915527e+00,9.875241667032241821e-02,1.164811372756958008e+00,-5.882283449172973633e-01,-1.753948479890823364e-01,-1.072085380554199219e+00,-9.121657609939575195e-01,1.121560454368591309e+00,1.534935355186462402e+00,-2.881581783294677734e-01,1.612033247947692871e-01,3.460645079612731934e-01,1.090720891952514648e+00,9.907810688018798828e-01,9.292917847633361816e-01
-6.423818320035934448e-02,3.801507949829101562e-01,1.895696520805358887e-01,-8.252360820770263672e-01,-7.146795392036437988e-01,2.069095224142074585e-01,6.831598877906799316e-01,-1.098366975784301758e+00,-2.200427204370498657e-01,-1.211017489433288574e+00,8.825647234916687012e-01,-2.156698554754257202e-01,4.287782013416290283e-01,4.144398570060729980e-01,3.865272924304008484e-02,1.582508683204650879e-01,1.072444200515747070e+00,7.424580454826354980e-01,1.101590037345886230e+00,1.018087267875671387e+00,-1.272233843803405762e+00,1.209298893809318542e-01,6.107620596885681152e-01,6.697054505348205566e-01,1.141362428665161133e+00,4.978741109371185303e-01,4.231684207916259766e-01,6.647524833679199219e-01,4.073245525360107422e-01,-7.339734584093093872e-02,-2.456320673227310181e-01,-1.226709708571434021e-01,-1.368269562721252441e+00,-6.944561004638671875e-02,-6.338071227073669434e-01,3.180004656314849854e-01,6.035095453262329102e-01,-1.381419152021408081e-01,-1.347347497940063477e-01,6.825342774391174316e-01,4.851891994476318359e-01,1.056326031684875488e+00,7.775464653968811035e-01,-7.317143678665161133e-02,2.175338566303253174e-01,1.945549994707107544e-01,-3.990987539291381836e-01,-4.848154485225677490e-01,8.861293792724609375e-01,7.091715931892395020e-01,5.920183658599853516e-01,6.815030574798583984e-01,1.335713565349578857e-01
9.603173732757568359e-01,-6.204329729080200195e-01,-8.729011416435241699e-01,-3.006399869918823242e-01,3.493320569396018982e-02,-5.498374700546264648e-01,7.052339911460876465e-01,-5.328766703605651855e-01,-6.644379347562789917e-02,3.110875189304351807e-01,4.743483960628509521e-01,-3.307512998580932617e-01,1.781234145164489746e-01,1.173255681991577148e+00,7.484728693962097168e-01,-5.801992490887641907e-02,1.605296492576599121e+00,5.722303986549377441e-01,7.089445590972900391e-01,3.588226065039634705e-02,-2.698529660701751709e-01,-7.631313204765319824e-01,1.761623740196228027e+00,3.350110948085784912e-01,-5.162882804870605469e-01,-6.919840574264526367e-01,-1.184289976954460144e-01,1.010404750704765320e-01,7.808060646057128906e-01,7.778227329254150391e-01,4.605783820152282715e-01,4.648020118474960327e-02,-6.707929968833923340e-01,-3.866007030010223389e-01,-2.655979394912719727e-01,1.171343028545379639e-02,4.999321401119232178e-01,-1.701934188604354858e-01,-2.710362076759338379e-01,4.646638333797454834e-01,1.492251008749008179e-01,4.742095172405242920e-01,1.177295207977294922e+00,2.833411693572998047e-01,1.586998820304870605e+00,-7.586673498153686523e-01,-3.366440534591674805e-01,-1.445225358009338379e+00,-4.456635713577270508e-01,-4.303171634674072266e-01,4.232139289379119873e-01,2.265517562627792358e-01,-5.552953481674194336e-01
4.724552631378173828e-01,2.866227626800537109e+00,2.337795495986938477e+00,1.645842075347900391e+00,2.223703384399414062e+00,2.107498168945312500e+00,6.500629186630249023e-01,1.319054484367370605e+00,1.474059462547302246e+00,1.601660013198852539e+00,1.155450582504272461e+00,1.323034167289733887e+00,-1.822145879268646240e-01,-1.241141438484191895e+00,1.348709408193826675e-02,9.656472802162170410e-01,-7.145001292228698730e-01,1.036638855934143066e+00,-2.176074743270874023e+00,1.687922030687332153e-01,3.719923496246337891e-01,8.080434799194335938e-01,3.014204204082489014e-01,3.877801299095153809e-01,-2.760442793369293213e-01,-1.913088113069534302e-01,9.540669918060302734e-01,1.403301119804382324e+00,3.171247482299804688e+00,9.651319384574890137e-01,9.958069920539855957e-01,1.588086247444152832e+00,1.999076843261718750e+00,1.239479064941406250e+00,7.760521173477172852e-01,-1.250823885202407837e-01,-1.283091902732849121e+00,1.002969145774841309e+00,8.724766373634338379e-01,1.154847145080566406e+00,8.561129570007324219e-01,-1.853853702545166016e+00,-3.752568736672401428e-02,-9.394809007644653320e-01,8.905477523803710938e-01,7.123290896415710449e-01,1.159415960311889648e+00,2.339249104261398315e-01,-2.628394663333892822e-01,3.130295276641845703e-01,1.120023250579833984e+00,8.970910906791687012e-01,9.585588574409484863e-01
-6.478612776845693588e-03,-3.899998590350151062e-02,1.211846992373466492e-01,2.704024612903594971e-01,-3.622268438339233398e-01,-1.053145885467529297e+00,-1.740128695964813232e-01,-7.968506217002868652e-01,3.406342267990112305e-01,-5.826320648193359375e-01,6.103145480155944824e-01,2.250080406665802002e-01,-4.724228978157043457e-01,3.148906230926513672e-01,-1.009938478469848633e+00,3.015113472938537598e-01,-1.536911249160766602e+00,-3.441159725189208984e-01,-4.647086262702941895e-01,1.157554626464843750e+00,-4.179833829402923584e-01,3.985180556774139404e-01,1.705905556678771973e+00,-8.895747661590576172e-01,-3.652160987257957458e-02,-1.547636151313781738e+00,2.283836454153060913e-01,1.212429776787757874e-01,-1.182833909988403320e+00,-3.256094753742218018e-01,-9.986742138862609863e-01,-5.079384893178939819e-03,-3.022764027118682861e-01,-2.672732472419738770e-01,5.941240787506103516e-01,-1.282514035701751709e-01,4.085218608379364014e-01,1.163056213408708572e-02,6.091633066534996033e-02,1.137318089604377747e-01,-8.305866122245788574e-01,-4.196114540100097656e-01,-2.030932426452636719e+00,-3.319735452532768250e-02,6.478210687637329102e-01,4.177163541316986084e-01,1.695027947425842285e-02,-1.090292215347290039e+00,-1.601096868515014648e+00,1.277441997081041336e-02,5.343828722834587097e-02,1.356789171695709229e-01,1.773155182600021362e-01
-1.954542696475982666e-01,-1.180024862289428711e+00,-1.287168383598327637e+00,-1.392107844352722168e+00,-1.196387529373168945e+00,-1.114050865173339844e+00,2.854934036731719971e-01,-9.256002306938171387e-01,-6.112297773361206055e-01,-1.371065378189086914e+00,-6.931432485580444336e-01,-7.398258447647094727e-01,-3.066972494125366211e-01,4.249769449234008789e-01,5.769605040550231934e-01,-1.110687613487243652e+00,1.055463552474975586e+00,1.493632048368453979e-01,8.147459030151367188e-01,7.621034979820251465e-01,-1.052840113639831543e+00,-4.415504932403564453e-01,2.866915762424468994e-01,1.668049991130828857e-01,1.035923436284065247e-01,2.812316082417964935e-02,-3.317225277423858643e-01,4.653218686580657959e-01,4.228057712316513062e-02,4.991152286529541016e-01,-8.794533014297485352e-01,-3.814133107662200928e-01,-1.137271285057067871e+00,-6.656579971313476562e-01,-6.931591033935546875e-02,-3.897462785243988037e-01,3.299978971481323242e-01,-1.163714170455932617e+00,-7.355669736862182617e-01,1.159325003623962402e+00,3.595944046974182129e-01,7.262399792671203613e-01,5.088199377059936523e-01,-5.501330494880676270e-01,3.763056695461273193e-01,-2.035133987665176392e-01,-3.152344524860382080e-01,-1.719848871231079102e+00,2.988169789314270020e-01,-9.859481453895568848e-02,2.798002660274505615e-01,3.836074471473693848e-01,-1.926063448190689087e-01
-3.448813855648040771e-01,-7.463866472244262695e-02,3.144384026527404785e-01,2.057202309370040894e-01,-4.116394221782684326e-01,4.613534510135650635e-01,-1.287262607365846634e-02,6.558011174201965332e-01,-8.208351135253906250e-01,-9.374998211860656738e-01,-8.862854838371276855e-01,-1.220959544181823730e+00,-1.754567027091979980e-01,-2.173978686332702637e-01,1.211040467023849487e-01,-6.217630505561828613e-01,6.143293380737304688e-01,-6.453632712364196777e-01,1.107409238815307617e+00,-5.019357204437255859e-01,-2.220580279827117920e-01,-9.960454702377319336e-01,1.105130314826965332e+00,3.344581723213195801e-01,1.161201447248458862e-01,1.033444643020629883e+00,-9.773425459861755371e-01,-2.013977527618408203e+00,-1.041960597038269043e+00,1.798433959484100342e-01,-1.006222844123840332e+00,-5.339480042457580566e-01,-1.186363339424133301e+00,-1.403294920921325684e+00,2.562505938112735748e-02,3.437785208225250244e-01,-5.118402242660522461e-01,5.648183226585388184e-01,-1.506227701902389526e-01,-1.222780227661132812e+00,-4.297958612442016602e-01,1.421362400054931641e+00,8.487454652786254883e-01,1.505492180585861206e-01,-1.214162167161703110e-02,-4.276803731918334961e-01,-9.608674645423889160e-01,8.069468736648559570e-01,-4.744711220264434814e-01,-3.732410967350006104e-01,-5.401204824447631836e-01,-1.528713464736938477e+00,-9.197428226470947266e-01
-8.515669405460357666e-02,1.000040650367736816e+00,1.073868274688720703e+00,4.277805387973785400e-01,1.354439854621887207e+00,2.062409877777099609e+00,-1.122944593429565430e+00,3.573563396930694580e-01,2.731078863143920898e-01,4.513720571994781494e-01,6.994816064834594727e-01,-4.561351835727691650e-01,-1.291916489601135254e+00,-1.128981351852416992e+00,6.158281564712524414e-01,-4.897429943084716797e-01,-1.924515068531036377e-01,-3.527379930019378662e-01,-8.704902529716491699e-01,-7.759401202201843262e-01,3.656000494956970215e-01,-2.123242169618606567e-01,-4.422784745693206787e-01,-1.511621624231338501e-01,-1.206944346427917480e+00,4.162707924842834473e-01,-1.591347455978393555e-01,-3.282958865165710449e-01,7.354589700698852539e-01,-3.290603458881378174e-01,3.013044893741607666e-01,1.399000436067581177e-01,1.096093654632568359e+00,3.922557458281517029e-03,2.241267859935760498e-01,-1.094051361083984375e+00,-6.526111960411071777e-01,5.567663908004760742e-01,-2.534524798393249512e-01,-3.219771683216094971e-01,-2.789254188537597656e-01,-1.218658447265625000e+00,-2.343685030937194824e-01,-2.110788673162460327e-01,8.543767333030700684e-01,-1.511524915695190430e-01,3.290559947490692139e-01,5.562244653701782227e-01,-8.761304020881652832e-01,-8.907513618469238281e-01,3.999606966972351074e-01,-4.509144127368927002e-01,6.087990403175354004e-01
-1.290404319763183594e+00,-2.402821928262710571e-02,-7.058530449867248535e-01,-1.336539864540100098e+00,-8.656013011932373047e-01,3.632687330245971680e-01,-9.650011658668518066e-01,-2.407712787389755249e-01,-7.713239789009094238e-01,-2.611776590347290039e-01,-9.570170640945434570e-01,-1.248829007148742676e+00,2.864649891853332520e-01,7.576978206634521484e-01,-2.720086574554443359e-01,-3.218221366405487061e-01,-2.047055959701538086e-01,-3.083674907684326172e-01,5.003142356872558594e-02,-4.614289999008178711e-01,2.609906494617462158e-01,-7.283805012702941895e-01,-2.780518494546413422e-02,7.875903248786926270e-01,2.241384685039520264e-01,1.246218681335449219e+00,-6.195806860923767090e-01,-8.127083778381347656e-01,-2.053627930581569672e-02,-9.698436856269836426e-01,5.973877385258674622e-02,-7.372765541076660156e-01,-1.093487262725830078e+00,-3.446783721446990967e-01,-4.358233213424682617e-01,2.468679845333099365e-01,1.815485209226608276e-01,-6.998218595981597900e-02,-5.003248900175094604e-02,2.756685614585876465e-01,-1.408730000257492065e-01,2.463041841983795166e-01,-2.488376349210739136e-01,-1.786918789148330688e-01,-6.544841527938842773e-01,-4.360000789165496826e-01,-2.089655399322509766e-01,3.622258007526397705e-01,1.303381919860839844e+00,1.237685978412628174e-02,-3.855345398187637329e-02,-4.134720861911773682e-01,-3.424245715141296387e-01
-9.743704646825790405e-02,-1.534943819046020508e+00,-1.412511944770812988e+00,-1.048076629638671875e+00,-5.365775823593139648e-01,4.040340483188629150e-01,2.804657816886901855e-01,-3.348539173603057861e-01,-3.970082998275756836e-01,-5.815160870552062988e-01,3.726168572902679443e-01,-4.334132671356201172e-01,-2.038133293390274048e-01,8.390865921974182129e-01,1.243821501731872559e+00,-7.692208886146545410e-02,1.071406364440917969e+00,6.659193038940429688e-01,4.489868283271789551e-01,-4.597040116786956787e-01,4.869163930416107178e-01,-8.296884298324584961e-01,-5.422011017799377441e-01,7.583177685737609863e-01,1.368189882487058640e-02,7.395915985107421875e-01,-5.218945741653442383e-01,-5.737748146057128906e-01,4.946362674236297607e-01,8.888146281242370605e-01,-1.176147162914276123e-01,2.637706696987152100e-01,-2.624814510345458984e-01,1.266659144312143326e-02,4.653204977512359619e-01,1.006929054856300354e-01,9.219782352447509766e-01,-4.842659235000610352e-01,-8.661915361881256104e-02,4.489035904407501221e-02,5.810580253601074219e-01,1.937779337167739868e-01,3.639142215251922607e-01,7.959337830543518066e-01,-3.526147082448005676e-02,-5.185696482658386230e-01,-5.072377324104309082e-01,1.862173080444335938e-01,3.398208618164062500e-01,2.738661505281925201e-02,1.718765795230865479e-01,-6.015666127204895020e-01,-3.212438821792602539e-01
1.003024578094482422e+00,5.179497599601745605e-01,1.090115427970886230e+00,1.013354778289794922e+00,7.672450542449951172e-01,1.543653309345245361e-01,4.543932676315307617e-01,1.072583198547363281e+00,-1.103583797812461853e-01,-3.647818565368652344e-01,2.372115999460220337e-01,2.777528017759323120e-02,-1.303461194038391113e-01,-5.075300931930541992e-01,-2.403022199869155884e-01,-1.475434601306915283e-01,-3.689977526664733887e-02,-3.823317289352416992e-01,3.136752843856811523e-01,3.068159520626068115e-01,-5.164625644683837891e-01,1.198496762663125992e-02,3.491634130477905273e-01,-8.673344254493713379e-01,-1.454055160284042358e-01,4.052923321723937988e-01,-8.094926923513412476e-02,3.422816991806030273e-01,9.629377722740173340e-01,6.722062230110168457e-01,1.365089178085327148e+00,2.894483506679534912e-01,6.625447273254394531e-01,-5.179900527000427246e-01,8.585258573293685913e-02,2.624660134315490723e-01,2.420672774314880371e-01,-7.644360512495040894e-02,3.291324973106384277e-01,5.905225872993469238e-01,-2.587895095348358154e-01,3.430176377296447754e-01,2.260780483484268188e-01,-7.164363861083984375e-01,1.068505048751831055e+00,1.899161338806152344e-01,3.478763103485107422e-01,-7.126035094261169434e-01,-8.372163772583007812e-01,-2.448592931032180786e-01,1.375263571739196777e+00,3.137108683586120605e-02,5.676555037498474121e-01
1.069519042968750000e+00,1.348207712173461914e+00,1.691836833953857422e+00,1.080596327781677246e+00,1.707199692726135254e+00,1.021143555641174316e+00,7.037731260061264038e-02,1.116884469985961914e+00,7.315557599067687988e-01,7.150726914405822754e-01,4.277362525463104248e-01,2.492017447948455811e-01,-8.246034383773803711e-01,-1.163998723030090332e+00,-2.837196290493011475e-01,2.656676769256591797e-01,-7.565641403198242188e-01,-6.181563716381788254e-03,-9.688215851783752441e-01,7.078090906143188477e-01,-3.548115193843841553e-01,1.218908548355102539e+00,7.244795560836791992e-01,4.664183855056762695e-01,9.337564110755920410e-01,-8.739945888519287109e-01,1.284133195877075195e+00,1.226142883300781250e+00,6.720288395881652832e-01,1.215436160564422607e-01,1.249248743057250977e+00,7.311506271362304688e-01,9.182241559028625488e-01,2.840094864368438721e-01,9.097389578819274902e-01,-1.965726464986801147e-01,-1.012186050415039062e+00,9.309656620025634766e-01,8.016625642776489258e-01,5.805947184562683105e-01,3.323286473751068115e-01,-8.835136890411376953e-01,-7.931540012359619141e-01,-1.410255789756774902e+00,1.127626657485961914e+00,1.273813843727111816e+00,9.281057119369506836e-01,1.003646180033683777e-01,-4.567612111568450928e-01,6.501076817512512207e-01,1.267071604728698730e+00,6.607589125633239746e-01,7.500983476638793945e-01
2.707157731056213379e-01,-2.874726355075836182e-01,-2.742881476879119873e-01,-5.217961668968200684e-01,-1.514868974685668945e+00,9.134413003921508789e-01,8.872910737991333008e-01,-1.296849727630615234e+00,3.081578314304351807e-01,-7.174662947654724121e-01,-2.110915817320346832e-02,-4.414971768856048584e-01,9.392307996749877930e-01,7.067675590515136719e-01,-5.100846290588378906e-01,-5.488479733467102051e-01,3.596321344375610352e-01,-3.536363840103149414e-01,7.244879007339477539e-01,1.036315917968750000e+00,5.999207496643066406e-03,1.112118214368820190e-01,3.695143759250640869e-01,4.160703718662261963e-01,6.782552003860473633e-01,-1.048699378967285156e+00,-3.991706073284149170e-01,-3.022543191909790039e-01,7.892435789108276367e-01,7.876112461090087891e-01,-1.701008558273315430e+00,1.075119495391845703e+00,-1.240493416786193848e+00,-9.257725477218627930e-01,7.535839080810546875e-02,3.964506089687347412e-01,7.604221701622009277e-01,-2.426697492599487305e+00,-5.802718400955200195e-01,1.335093736648559570e+00,-1.138579770922660828e-01,3.592497110366821289e-01,-4.474375396966934204e-02,2.735812664031982422e-01,2.445394515991210938e+00,4.324341118335723877e-01,-2.636283934116363525e-01,-1.566648602485656738e+00,1.209228157997131348e+00,8.036707639694213867e-01,2.273225784301757812e-01,6.228842139244079590e-01,7.840032875537872314e-02
-4.409969151020050049e-01,-7.712075114250183105e-01,1.285383850336074829e-01,1.783846914768218994e-01,-1.866472810506820679e-01,-7.130160331726074219e-01,-1.126568242907524109e-01,1.212753176689147949e+00,-1.668978929519653320e+00,-1.382338047027587891e+00,-1.805982947349548340e+00,-1.904024004936218262e+00,-5.674143433570861816e-01,7.434475421905517578e-02,4.859165549278259277e-01,-1.974657177925109863e+00,8.542841672897338867e-01,-1.000514864921569824e+00,1.240118145942687988e+00,-1.071451902389526367e+00,-7.719256728887557983e-02,-1.112546086311340332e+00,-1.124421507120132446e-02,7.267958521842956543e-01,1.145621016621589661e-01,1.406530976295471191e+00,-1.681079268455505371e+00,-1.820763587951660156e+00,-1.438245773315429688e+00,1.528503000736236572e-01,-1.821632087230682373e-01,-1.234749913215637207e+00,-9.383759498596191406e-01,-1.955084323883056641e+00,-1.231803297996520996e+00,-1.864011287689208984e-01,4.180290400981903076e-01,9.524185061454772949e-01,-1.604661464691162109e+00,-1.144361495971679688e+00,-1.991668462753295898e+00,1.327900528907775879e+00,6.130075454711914062e-01,3.023722171783447266e-01,4.585894569754600525e-02,-8.031483292579650879e-01,-1.047392964363098145e+00,2.279351949691772461e-01,-8.769502639770507812e-01,-9.369958043098449707e-01,-1.096700787544250488e+00,-1.295075654983520508e+00,-9.804451465606689453e-01
-4.770321846008300781e-01,1.204713582992553711e+00,1.443855047225952148e+00,1.238236904144287109e+00,1.479766011238098145e+00,9.358597397804260254e-01,-2.242284297943115234e+00,5.439181327819824219e-01,-8.741249442100524902e-01,4.239102900028228760e-01,-1.329820871353149414e+00,-1.742679476737976074e+00,-1.609413146972656250e+00,-2.464719116687774658e-01,1.535736441612243652e+00,-2.033229112625122070e+00,-3.401131182909011841e-02,-1.101163029670715332e+00,-8.016139268875122070e-01,-1.623644709587097168e+00,1.483339548110961914e+00,-1.353728294372558594e+00,-1.515651941299438477e+00,-1.500836968421936035e+00,-2.470583915710449219e+00,1.464828014373779297e+00,-1.291230440139770508e+00,-1.106431365013122559e+00,1.336214900016784668e+00,-1.575687050819396973e+00,1.504194974899291992e+00,-1.128006339073181152e+00,1.027374267578125000e+00,-1.602740526199340820e+00,-1.488448500633239746e+00,-1.684467911720275879e+00,3.909921944141387939e-01,1.920235633850097656e+00,-1.646058797836303711e+00,-1.643238902091979980e+00,-1.401365160942077637e+00,-8.680959343910217285e-01,-4.648433998227119446e-02,8.912941813468933105e-01,-1.279693126678466797e+00,-1.564636468887329102e+00,-9.036752581596374512e-01,1.672661423683166504e+00,-2.094614982604980469e+00,-2.492954730987548828e+00,-3.842883706092834473e-01,-1.401486039161682129e+00,-5.307287573814392090e-01
-1.020075321197509766e+00,1.115763664245605469e+00,1.311632633209228516e+00,3.590443134307861328e-01,6.725915074348449707e-01,5.226271152496337891e-01,-1.328944563865661621e+00,-3.092528283596038818e-01,1.752498373389244080e-02,1.454922407865524292e-01,6.891794204711914062e-01,-3.247191905975341797e-01,-4.960424005985260010e-01,-1.935315430164337158e-01,2.170627415180206299e-01,2.051065303385257721e-02,-7.778712511062622070e-01,-1.070711135864257812e+00,-6.961398124694824219e-01,-1.028143614530563354e-01,4.955428540706634521e-01,-2.865454554557800293e-01,6.165637969970703125e-01,-1.486686468124389648e+00,-1.224452018737792969e+00,2.668740749359130859e-01,1.374866515398025513e-01,2.611360251903533936e-01,1.264458656311035156e+00,-7.866157889366149902e-01,7.486926317214965820e-01,9.921135902404785156e-01,7.875555753707885742e-01,1.735731586813926697e-02,3.811696767807006836e-01,-5.429494380950927734e-01,1.765184998512268066e-01,6.471837311983108521e-02,3.089222908020019531e-01,2.890543937683105469e-01,-2.004188857972621918e-02,-7.182202935218811035e-01,-7.338256239891052246e-01,3.189721703529357910e-01,-2.700770497322082520e-01,-2.922793030738830566e-01,5.158087611198425293e-01,7.704673707485198975e-02,-8.641289472579956055e-01,-9.125571250915527344e-01,3.375136256217956543e-01,-4.628384411334991455e-01,3.557805716991424561e-02
-6.570473909378051758e-01,-1.483217835426330566e+00,-6.851303577423095703e-01,-1.333535790443420410e+00,-1.491714954376220703e+00,-1.711540073156356812e-01,7.666659355163574219e-02,-1.522408604621887207e+00,3.293594121932983398e-01,-1.225589364767074585e-01,7.178048491477966309e-01,4.300274550914764404e-01,3.314099311828613281e-01,5.337541103363037109e-01,1.021872460842132568e-01,4.075766503810882568e-01,1.492658972740173340e+00,6.419708132743835449e-01,1.028766274452209473e+00,1.121537804603576660e+00,-3.640276193618774414e-01,9.237000346183776855e-02,8.542729616165161133e-01,9.602198004722595215e-01,1.897231042385101318e-01,-8.210154771804809570e-01,5.276243761181831360e-02,1.961929351091384888e-01,-1.136520504951477051e+00,9.542982280254364014e-02,-1.637743234634399414e+00,9.488239884376525879e-01,-7.653854787349700928e-02,4.345703125000000000e-01,1.384567141532897949e+00,5.624320507049560547e-01,1.990511268377304077e-01,-1.502884507179260254e+00,7.834890484809875488e-01,5.205975174903869629e-01,5.940170884132385254e-01,4.225954413414001465e-01,9.141864776611328125e-01,-2.978493571281433105e-01,4.293776750564575195e-01,1.677358746528625488e-01,4.264661669731140137e-01,-1.500299215316772461e+00,9.623649120330810547e-01,5.154249668121337891e-01,-3.279856173321604729e-03,2.786897420883178711e-01,1.410204470157623291e-01
3.534228205680847168e-01,-3.607462048530578613e-01,-1.171005964279174805e+00,-1.375636458396911621e+00,-8.913747668266296387e-01,3.378343880176544189e-01,6.449972987174987793e-01,5.248188376426696777e-01,-9.577668905258178711e-01,-9.520232081413269043e-01,-3.607441186904907227e-01,-1.043048381805419922e+00,8.033276349306106567e-02,-3.141433745622634888e-02,-1.497083604335784912e-01,-9.406251907348632812e-01,1.464312076568603516e+00,4.685786068439483643e-01,1.282558441162109375e+00,9.286079406738281250e-01,-8.079252839088439941e-01,-7.539765834808349609e-01,-1.077181473374366760e-01,3.512014746665954590e-01,9.372475743293762207e-02,3.901680707931518555e-01,-4.673506021499633789e-01,-1.088095977902412415e-01,-1.972040385007858276e-01,5.171161293983459473e-01,-6.132770776748657227e-01,-6.121041774749755859e-01,-1.316157817840576172e+00,3.771865665912628174e-01,-4.211240634322166443e-02,6.211525201797485352e-01,-6.077160239219665527e-01,-1.651658177375793457e+00,1.467613577842712402e-01,6.816577911376953125e-01,5.910084843635559082e-01,8.123756647109985352e-01,1.133805394172668457e+00,-1.699168324470520020e+00,4.224184453487396240e-01,-4.921538829803466797e-01,-1.418117433786392212e-01,-7.274832725524902344e-01,3.569562137126922607e-01,1.360029429197311401e-01,4.648481905460357666e-01,-3.480128943920135498e-01,-1.401156187057495117e-01
-1.241895258426666260e-01,4.213671982288360596e-01,7.766124606132507324e-01,3.926286101341247559e-01,7.498148679733276367e-01,1.521586775779724121e+00,-1.105234026908874512e+00,1.918829530477523804e-01,-3.565251529216766357e-01,-4.540567696094512939e-01,-1.346760541200637817e-01,-8.907519578933715820e-01,-1.765308380126953125e+00,-1.348545670509338379e+00,-6.398137807846069336e-01,-1.199678063392639160e+00,-7.503746151924133301e-01,-7.210438251495361328e-01,-5.448260307312011719e-01,-4.031096100807189941e-01,1.072637319564819336e+00,-1.117577403783798218e-01,-1.315303802490234375e+00,-9.406903982162475586e-01,-6.523513197898864746e-01,8.009880781173706055e-01,-1.971922665834426880e-01,-5.433276891708374023e-01,-3.743178248405456543e-01,-9.785040616989135742e-01,-4.472111538052558899e-02,-8.144372701644897461e-01,-3.406887054443359375e-01,-1.521134972572326660e-01,-8.054383397102355957e-01,-1.441399335861206055e+00,-1.031231284141540527e+00,-7.534066587686538696e-02,-5.755901932716369629e-01,2.378216981887817383e-01,-7.222287654876708984e-01,-5.621292591094970703e-01,-3.365268111228942871e-01,-5.384130477905273438e-01,-1.422092765569686890e-01,6.487967818975448608e-02,-2.356256693601608276e-01,4.292844235897064209e-01,-1.212756037712097168e+00,-5.070011615753173828e-01,-1.208267807960510254e-01,-6.346125006675720215e-01,2.518405020236968994e-01
-9.054264426231384277e-01,2.404143065214157104e-01,4.534388780593872070e-01,-7.957641482353210449e-01,-9.435441344976425171e-02,2.282891124486923218e-01,-1.155377507209777832e+00,-9.797792434692382812e-01,-4.450488090515136719e-01,-3.194651305675506592e-01,-6.219255328178405762e-01,-8.384422063827514648e-01,-3.541432619094848633e-01,2.883480489253997803e-01,-2.641418576240539551e-01,-1.331384062767028809e+00,-1.279425501823425293e+00,-1.875963687896728516e+00,-7.295061349868774414e-01,-1.008226633071899414e+00,1.200664877891540527e+00,2.491657435894012451e-02,-1.082767605781555176e+00,-6.348446011543273926e-01,-6.587450504302978516e-01,5.132686495780944824e-01,-1.021900296211242676e+00,-1.289162993431091309e+00,3.621633350849151611e-01,-1.111694335937500000e+00,-3.906759023666381836e-01,-9.672016501426696777e-01,-1.605148166418075562e-01,-3.289227783679962158e-01,-6.293801069259643555e-01,-5.245316624641418457e-01,3.704700171947479248e-01,-3.545641005039215088e-01,-1.180127143859863281e+00,-7.837885618209838867e-01,-7.769796252250671387e-01,-7.665022015571594238e-01,-1.204393982887268066e+00,3.369092345237731934e-01,-1.447856664657592773e+00,1.653183847665786743e-01,-8.170897960662841797e-01,4.285435974597930908e-01,-2.048211842775344849e-01,-3.033530712127685547e-01,-1.199466705322265625e+00,-4.084157645702362061e-01,-1.912064384669065475e-03
3.673792481422424316e-01,3.057029545307159424e-01,2.227116078138351440e-01,2.229425758123397827e-01,-3.424682915210723877e-01,7.944461107254028320e-01,-4.931629300117492676e-01,-9.713087081909179688e-01,9.884049892425537109e-01,9.023397564888000488e-01,1.664987206459045410e-01,-5.601239204406738281e-01,4.875867664813995361e-01,1.297088265419006348e+00,5.416248440742492676e-01,1.809220463037490845e-01,-7.871618270874023438e-01,-3.314042091369628906e-01,5.734269618988037109e-01,6.015080213546752930e-01,3.774062693119049072e-01,-5.651344656944274902e-01,1.755714178085327148e+00,-5.205670595169067383e-01,3.888694643974304199e-01,7.753840684890747070e-01,-7.407349348068237305e-02,-5.203630328178405762e-01,1.225021600723266602e+00,-5.785183981060981750e-02,-9.362496137619018555e-01,7.778860926628112793e-01,5.059236288070678711e-01,1.046995893120765686e-01,-3.020624816417694092e-01,6.601178050041198730e-01,1.030833125114440918e+00,-2.388123050332069397e-02,3.212806582450866699e-01,1.609487459063529968e-03,4.963932037353515625e-01,5.489386916160583496e-01,-1.437442541122436523e+00,1.211228728294372559e+00,-1.314425766468048096e-01,-4.218873977661132812e-01,7.146928459405899048e-02,-5.313513800501823425e-02,-2.934479117393493652e-01,5.709257721900939941e-01,-5.212288498878479004e-01,-8.383903503417968750e-01,-5.106691718101501465e-01
1.182588577270507812e+00,6.646730899810791016e-01,-2.676252126693725586e-01,7.117013335227966309e-01,9.805470108985900879e-01,-3.634195402264595032e-02,1.383982896804809570e+00,7.582324743270874023e-01,6.840258240699768066e-01,8.459930419921875000e-01,6.067246943712234497e-02,8.217669129371643066e-01,4.625925123691558838e-01,5.108609795570373535e-01,5.279511809349060059e-01,4.757329523563385010e-01,2.145601272583007812e+00,1.049819946289062500e+00,6.573005914688110352e-01,9.142452478408813477e-01,-5.057329535484313965e-01,2.791291177272796631e-01,-3.622218072414398193e-01,1.309435009956359863e+00,8.231124877929687500e-01,-1.051162600517272949e+00,9.780359268188476562e-01,8.091000318527221680e-01,1.284716248512268066e+00,1.175950169563293457e+00,1.474451661109924316e+00,1.116647839546203613e+00,1.475480794906616211e+00,1.129222512245178223e+00,9.157444834709167480e-01,1.013548135757446289e+00,9.113111495971679688e-01,-3.159754276275634766e-01,1.284615755081176758e+00,6.566549539566040039e-01,8.750423192977905273e-01,5.546764731407165527e-01,1.990206122398376465e+00,-5.121012926101684570e-01,-1.850645393133163452e-01,3.853759467601776123e-01,1.452713251113891602e+00,-1.407899856567382812e+00,1.243095755577087402e+00,1.269010663032531738e+00,1.395427346229553223e+00,6.448162198066711426e-01,1.075923204421997070e+00
1.485858559608459473e+00,-2.184850722551345825e-01,1.704543948173522949e+00,1.584069132804870605e+00,1.027987003326416016e+00,-6.850349307060241699e-01,1.500576376914978027e+00,1.650326013565063477e+00,9.264343976974487305e-01,2.046207040548324585e-01,4.968785643577575684e-01,1.450991868972778320e+00,2.310850620269775391e-01,-1.513223290443420410e+00,-2.802687883377075195e-01,1.183431386947631836e+00,2.351407110691070557e-01,1.741819739341735840e+00,-1.357215791940689087e-01,1.270315170288085938e+00,-1.579195857048034668e+00,1.419363975524902344e+00,1.222709655761718750e+00,1.648005247116088867e+00,1.971266746520996094e+00,-1.139724373817443848e+00,1.192042112350463867e+00,1.261890649795532227e+00,-1.413379192352294922e+00,1.521252870559692383e+00,1.281549572944641113e+00,4.083672165870666504e-01,6.601131558418273926e-01,4.946017861366271973e-01,1.745882987976074219e+00,9.161264896392822266e-01,-7.978438138961791992e-01,8.563870787620544434e-01,9.060958623886108398e-01,8.298740983009338379e-01,6.752188801765441895e-01,-1.288553327322006226e-02,5.411074161529541016e-01,-2.437684774398803711e+00,4.545704647898674011e-02,1.711525440216064453e+00,1.514436721801757812e+00,-1.688087582588195801e+00,5.609844923019409180e-01,1.481300115585327148e+00,1.666443824768066406e+00,1.181947588920593262e+00,1.406255125999450684e+00
-1.399186998605728149e-01,-7.064619660377502441e-02,-8.508688807487487793e-01,-5.202503800392150879e-01,-3.874909877777099609e-02,1.154615163803100586e+00,6.745559573173522949e-01,1.247477680444717407e-01,1.186776399612426758e+00,3.727874755859375000e-01,1.297960877418518066e+00,1.159463882446289062e+00,1.872995644807815552e-01,-1.182970166206359863e+00,-1.612259268760681152e+00,7.013691663742065430e-01,1.627041250467300415e-01,-6.932469084858894348e-03,-6.266282200813293457e-01,1.510358095169067383e+00,-3.926587104797363281e-01,1.553707480430603027e+00,-4.249810576438903809e-01,1.713416337966918945e+00,6.854394674301147461e-01,-6.853680610656738281e-01,1.284470200538635254e+00,1.602144360542297363e+00,-1.239220380783081055e+00,9.755675196647644043e-01,-8.147322386503219604e-02,3.096638023853302002e-01,9.362304210662841797e-02,9.563031196594238281e-01,1.285519719123840332e+00,3.192101418972015381e-01,-1.129991412162780762e+00,-3.268528699874877930e+00,6.556016206741333008e-01,1.355873703956604004e+00,6.896039247512817383e-01,-1.143106222152709961e+00,-5.189499855041503906e-01,-6.853004097938537598e-01,8.178249597549438477e-01,1.973442077636718750e+00,1.220072507858276367e+00,-2.239457130432128906e+00,8.651570677757263184e-01,1.500540494918823242e+00,1.332971572875976562e+00,1.619040250778198242e+00,1.785742998123168945e+00
-3.131974041461944580e-01,-1.165992498397827148e+00,-2.028969526290893555e+00,-5.474619865417480469e-01,-7.617637515068054199e-01,-1.595108389854431152e+00,-1.840301789343357086e-02,-1.144075393676757812e+00,-4.843881130218505859e-01,-8.997359275817871094e-01,-2.614431977272033691e-01,-4.221682846546173096e-01,3.811416923999786377e-01,7.929701805114746094e-01,-3.172913789749145508e-01,-5.348664522171020508e-01,6.000871062278747559e-01,2.759444713592529297e-01,6.453562974929809570e-01,3.673374652862548828e-01,-7.300120592117309570e-01,-2.285293862223625183e-02,6.928125023841857910e-01,1.039657950401306152e+00,7.542933225631713867e-01,1.648052632808685303e-01,-1.711529195308685303e-01,3.560297489166259766e-01,-1.579397916793823242e+00,4.077998921275138855e-02,7.212679386138916016e-01,-1.170223951339721680e+00,-7.126221656799316406e-01,-3.273210525512695312e-01,-3.065881729125976562e-01,3.440425992012023926e-01,1.127748966217041016e+00,-5.443027019500732422e-01,-7.658039927482604980e-01,5.670654773712158203e-01,9.583125114440917969e-01,6.094961166381835938e-01,5.413961410522460938e-01,-5.533112287521362305e-01,1.960004568099975586e-01,1.977764368057250977e-01,-6.871935725212097168e-01,2.326113730669021606e-01,8.990716338157653809e-01,7.835152149200439453e-01,3.857162594795227051e-01,5.850732326507568359e-01,3.883311897516250610e-02
1.297334134578704834e-01,-1.096887469291687012e+00,-1.627409338951110840e+00,-3.671888113021850586e-01,-2.897248864173889160e-01,-1.441396594047546387e+00,-3.556240797042846680e-01,-5.719819068908691406e-01,-8.866865634918212891e-01,-6.747210621833801270e-01,-3.477682545781135559e-02,-9.274956583976745605e-01,7.453472614288330078e-01,6.412625908851623535e-01,1.360619068145751953e+00,-3.517458140850067139e-01,1.344709753990173340e+00,3.331741988658905029e-01,1.036435961723327637e+00,-8.073202967643737793e-01,6.270296573638916016e-01,-7.054792046546936035e-01,2.937326729297637939e-01,-2.552616298198699951e-01,-3.562544882297515869e-01,1.343952894210815430e+00,-8.396440744400024414e-01,-7.402619123458862305e-01,-7.229328155517578125e-01,6.411317586898803711e-01,8.488339185714721680e-01,-5.577623844146728516e-01,-9.707172960042953491e-02,-9.855588674545288086e-01,6.805315613746643066e-01,7.998185753822326660e-01,5.372030138969421387e-01,-4.486594498157501221e-01,-5.138167738914489746e-01,-5.732803344726562500e-01,-3.734153136610984802e-02,5.351438522338867188e-01,6.107968091964721680e-01,7.137343287467956543e-02,-4.179129302501678467e-01,-4.243637025356292725e-01,-5.522866249084472656e-01,2.806762605905532837e-02,-2.553637623786926270e-01,-4.081738293170928955e-01,3.154979348182678223e-01,-1.572923362255096436e-01,7.675573229789733887e-02
7.388841509819030762e-01,9.923493266105651855e-01,1.603607058525085449e+00,2.073739290237426758e+00,2.027298212051391602e+00,-5.548640489578247070e-01,-2.190718054771423340e-01,5.967170000076293945e-01,6.990589499473571777e-01,9.385187178850173950e-02,9.320563077926635742e-02,3.732153475284576416e-01,-8.020274043083190918e-01,-1.193524718284606934e+00,-1.075005769729614258e+00,1.203894466161727905e-01,-2.133472204208374023e+00,2.626963257789611816e-01,-5.749289989471435547e-01,1.978356689214706421e-01,4.697792232036590576e-01,8.671765327453613281e-01,1.075564861297607422e+00,-7.165802717208862305e-01,1.152482151985168457e+00,-9.214273691177368164e-01,7.685365676879882812e-01,-2.048221789300441742e-02,1.878930255770683289e-02,8.710128068923950195e-01,1.253823995590209961e+00,5.984485149383544922e-01,5.553335547447204590e-01,3.929585218429565430e-01,8.236274123191833496e-01,-2.427704185247421265e-01,-1.085529208183288574e+00,1.673196196556091309e+00,5.099000930786132812e-01,-5.037377476692199707e-01,-8.963220752775669098e-03,1.014412045478820801e-01,-1.773853898048400879e+00,-2.904623150825500488e-01,-2.614679038524627686e-01,1.117159724235534668e+00,5.784313082695007324e-01,-2.464140057563781738e-01,-1.105008244514465332e+00,6.938842535018920898e-01,1.025236248970031738e-01,1.580205261707305908e-01,4.202330708503723145e-01
1.946033477783203125e+00,-9.017261266708374023e-01,-1.224654819816350937e-02,1.181917905807495117e+00,5.939453244209289551e-01,-4.474299252033233643e-01,6.086371541023254395e-01,1.344699561595916748e-01,1.461804270744323730e+00,1.976129412651062012e+00,1.242280483245849609e+00,1.067314624786376953e+00,1.046926379203796387e+00,1.708006113767623901e-01,2.350367307662963867e+00,4.615705907344818115e-01,7.967650294303894043e-01,-1.388773322105407715e-01,8.181855678558349609e-01,8.491115570068359375e-01,1.029103249311447144e-01,9.129095077514648438e-01,4.588933289051055908e-01,-2.139374911785125732e-01,-2.743939161300659180e-01,-1.149787068367004395e+00,1.490483522415161133e+00,1.382944822311401367e+00,-2.361765056848526001e-01,1.433736801147460938e+00,1.039966106414794922e+00,1.560902595520019531e+00,1.549619555473327637e+00,1.090405583381652832e+00,1.506353974342346191e+00,1.218119978904724121e+00,4.793403744697570801e-01,5.641130208969116211e-01,1.210447072982788086e+00,5.857737660408020020e-01,9.824442267417907715e-01,5.656225681304931641e-01,5.578120350837707520e-01,9.733062982559204102e-02,1.283585190773010254e+00,1.229974269866943359e+00,1.643829464912414551e+00,-6.083561182022094727e-01,-9.394203126430511475e-02,3.450068533420562744e-01,1.772731900215148926e+00,1.864347219467163086e+00,1.962665796279907227e+00
9.242498874664306641e-01,3.801654791459441185e-03,-1.614932566881179810e-01,-1.871052235364913940e-01,-5.547839403152465820e-01,-5.269834399223327637e-01,4.714018404483795166e-01,-3.840872645378112793e-01,9.378317594528198242e-01,1.194488644599914551e+00,9.526793360710144043e-01,6.819915175437927246e-01,1.683493137359619141e+00,6.310672760009765625e-01,-3.750433921813964844e-01,3.856002688407897949e-01,1.763586550951004028e-01,8.238508701324462891e-01,-1.399919539690017700e-01,6.110138297080993652e-01,1.144806947559118271e-02,4.696922302246093750e-01,9.491124004125595093e-02,7.750557065010070801e-01,6.818559765815734863e-01,-5.299542546272277832e-01,9.983839988708496094e-01,2.335700094699859619e-01,6.629222631454467773e-02,1.077368140220642090e+00,2.521984279155731201e-01,1.424397349357604980e+00,4.744563400745391846e-01,1.364853858947753906e+00,1.069667458534240723e+00,1.896647095680236816e+00,9.779386520385742188e-01,-8.453766703605651855e-01,1.298872590065002441e+00,8.030705451965332031e-01,9.866124391555786133e-01,-4.514828696846961975e-02,7.349062561988830566e-01,-4.971778392791748047e-01,1.397978663444519043e+00,9.165176153182983398e-01,1.730355024337768555e+00,-3.571765720844268799e-01,1.263563990592956543e+00,1.156486272811889648e+00,1.107769250869750977e+00,1.082195520401000977e+00,1.758473277091979980e+00
4.850579202175140381e-01,-1.311424136161804199e+00,-1.158946514129638672e+00,-1.176638960838317871e+00,-1.114022374153137207e+00,-1.587702631950378418e+00,3.890815377235412598e-01,-1.004487276077270508e+00,-3.765828907489776611e-01,-5.561730265617370605e-01,-1.033077359199523926e+00,-1.596697866916656494e-01,-1.828854084014892578e-01,8.031249046325683594e-01,3.962513208389282227e-01,-5.903546810150146484e-01,1.214929103851318359e+00,-3.189606368541717529e-01,7.230750918388366699e-01,-1.247131824493408203e-01,-5.444275140762329102e-01,-2.145814448595046997e-01,-2.692504599690437317e-02,4.649797379970550537e-01,-5.003270506858825684e-01,-1.012086629867553711e+00,-5.082681775093078613e-01,-3.700085580348968506e-01,-8.312454223632812500e-01,1.237966299057006836e+00,-1.268584966659545898e+00,-4.759051799774169922e-01,-1.013674855232238770e+00,2.439013421535491943e-01,1.100595071911811829e-01,1.419582515954971313e-01,2.403893023729324341e-01,-6.386631727218627930e-01,-1.026546135544776917e-01,4.023399949073791504e-01,7.339655756950378418e-01,5.006596446037292480e-01,1.286283969879150391e+00,-3.541346788406372070e-01,-2.166877537965774536e-01,-4.544799029827117920e-01,-1.521928906440734863e-01,-6.853502988815307617e-01,4.978995025157928467e-02,-3.042082190513610840e-01,-4.709665477275848389e-01,2.621008083224296570e-02,-5.261477828025817871e-01
4.068633317947387695e-01,-2.507771253585815430e-01,-9.436174035072326660e-01,-9.688187837600708008e-01,-2.810582816600799561e-01,-3.750978708267211914e-01,3.837218880653381348e-01,7.878184914588928223e-01,-2.491693198680877686e-01,8.919405192136764526e-02,-2.974914312362670898e-01,-4.964169487357139587e-02,-6.615195870399475098e-01,-3.361270427703857422e-01,6.057838350534439087e-02,-6.836566925048828125e-01,-2.781800329685211182e-01,-4.690613448619842529e-01,5.523703694343566895e-01,-2.355040907859802246e-01,6.900333762168884277e-01,-6.998516321182250977e-01,-4.216940104961395264e-01,-1.965967059135437012e+00,-1.310103893280029297e+00,2.058248072862625122e-01,-3.736512959003448486e-01,-3.032333254814147949e-01,-1.242416977882385254e+00,7.651640176773071289e-01,-3.366141021251678467e-01,3.199757337570190430e-01,2.314909547567367554e-01,-1.539276838302612305e-01,6.828252077102661133e-01,-2.251960188150405884e-01,-4.693653900176286697e-03,4.221794605255126953e-01,8.450873196125030518e-03,1.275957077741622925e-01,1.042366176843643188e-01,5.908929109573364258e-01,5.548505783081054688e-01,1.484245248138904572e-02,1.781476289033889771e-01,-7.418514490127563477e-01,9.049339592456817627e-02,4.472851157188415527e-01,-1.797884583473205566e+00,-1.441514134407043457e+00,1.861296743154525757e-01,-3.400483727455139160e-01,-3.154337406158447266e-02
1.478606343269348145e+00,9.834249615669250488e-01,3.815425634384155273e-01,1.327542304992675781e+00,1.023880004882812500e+00,-4.963382482528686523e-01,1.169635076075792313e-02,1.263038665056228638e-01,7.809647321701049805e-01,6.370379924774169922e-01,8.736087679862976074e-01,1.124706625938415527e+00,-8.786168694496154785e-01,-5.831434726715087891e-01,1.605093955993652344e+00,6.016426682472229004e-01,-5.095319747924804688e-01,1.044442892074584961e+00,-2.248599082231521606e-01,-7.224164903163909912e-02,3.658577501773834229e-01,2.513784468173980713e-01,4.182273447513580322e-01,-1.552564620971679688e+00,-6.511279940605163574e-01,7.469929456710815430e-01,5.324200987815856934e-01,4.025465548038482666e-01,7.259435653686523438e-01,1.309372782707214355e+00,1.496894121170043945e+00,1.257390260696411133e+00,1.280653953552246094e+00,1.214750647544860840e+00,1.109572529792785645e+00,-6.473224759101867676e-01,-1.335178315639495850e-01,1.397840142250061035e+00,1.528723359107971191e+00,-6.698495745658874512e-01,6.273941397666931152e-01,-1.943649500608444214e-01,-7.266735285520553589e-02,1.446993499994277954e-01,2.724461443722248077e-02,1.679487675428390503e-01,7.375769019126892090e-01,-8.353350162506103516e-01,-1.598099827766418457e+00,-5.466746687889099121e-01,5.207701921463012695e-01,-4.210270196199417114e-02,5.709333419799804688e-01
2.102325916290283203e+00,1.140423059463500977e+00,9.566985815763473511e-02,1.200277805328369141e+00,7.984351515769958496e-01,4.433584213256835938e-01,1.203889369964599609e+00,6.060264706611633301e-01,2.070909738540649414e+00,2.112370729446411133e+00,2.291026115417480469e+00,2.225756168365478516e+00,2.069554328918457031e+00,2.271610498428344727e+00,-4.737108573317527771e-02,2.352995395660400391e+00,1.221131205558776855e+00,1.839611887931823730e+00,1.974903821945190430e+00,1.490404486656188965e+00,-1.173527598381042480e+00,6.597152352333068848e-01,1.576219916343688965e+00,5.165516734123229980e-01,1.386753678321838379e+00,-2.026060819625854492e+00,1.862565159797668457e+00,2.121325492858886719e+00,1.746959090232849121e+00,1.398017048835754395e+00,4.968880116939544678e-01,1.859156966209411621e+00,4.704196453094482422e-01,2.231575489044189453e+00,1.390905618667602539e+00,1.551607728004455566e+00,1.387052059173583984e+00,1.810429245233535767e-01,2.103198528289794922e+00,1.031681537628173828e+00,2.135973215103149414e+00,2.151230812072753906e+00,1.684613823890686035e+00,-3.607341349124908447e-01,-2.737152948975563049e-02,2.913548946380615234e-01,1.627982020378112793e+00,-9.475950002670288086e-01,1.784367799758911133e+00,1.430817484855651855e+00,8.510923385620117188e-01,9.673199057579040527e-01,8.462421298027038574e-01
2.722338914871215820e+00,-2.895862758159637451e-01,-3.856007754802703857e-01,2.589330375194549561e-01,2.984561622142791748e-01,-1.518051385879516602e+00,2.780335426330566406e+00,2.122017860412597656e+00,2.254105091094970703e+00,1.013884902000427246e+00,2.329953670501708984e+00,2.759235858917236328e+00,8.960498571395874023e-01,-3.727085515856742859e-02,-4.474341273307800293e-01,1.842656135559082031e+00,3.983825147151947021e-01,2.672285795211791992e+00,-5.020415186882019043e-01,2.221678256988525391e+00,-2.028926849365234375e+00,2.388905286788940430e+00,1.274080991744995117e+00,7.624726891517639160e-01,2.073814630508422852e+00,-1.882047295570373535e+00,2.571164846420288086e+00,2.696778774261474609e+00,-1.070711374282836914e+00,1.677968859672546387e+00,-2.801275551319122314e-01,1.655471086502075195e+00,2.117889642715454102e+00,1.913096547126770020e+00,1.831106662750244141e+00,1.451221585273742676e+00,2.332831025123596191e-01,-1.223362833261489868e-01,2.043093204498291016e+00,1.675221562385559082e+00,1.736671090126037598e+00,-3.676376938819885254e-01,8.309931159019470215e-01,-1.252620935440063477e+00,1.768784642219543457e+00,2.499040126800537109e+00,2.333672285079956055e+00,-2.191959857940673828e+00,3.290759921073913574e-01,1.726084351539611816e+00,2.153402805328369141e+00,2.569825649261474609e+00,2.759109020233154297e+00
1.263136148452758789e+00,1.623849719762802124e-01,1.466477394104003906e+00,1.830300569534301758e+00,2.109760284423828125e+00,-2.295574903488159180e+00,1.547257423400878906e+00,1.713476300239562988e+00,1.349648475646972656e+00,7.492462396621704102e-01,1.929833292961120605e+00,2.275013685226440430e+00,7.394754886627197266e-02,-1.533359050750732422e+00,-2.693201601505279541e-01,1.280188322067260742e+00,-1.598531752824783325e-01,1.813330173492431641e+00,-1.277778267860412598e+00,1.083808183670043945e+00,-7.023506164550781250e-01,1.894122362136840820e+00,8.663075417280197144e-02,1.259172916412353516e+00,9.867932796478271484e-01,-2.184168577194213867e+00,2.013254404067993164e+00,2.142066478729248047e+00,-3.981808125972747803e-01,1.457710385322570801e+00,1.316691040992736816e+00,1.404666900634765625e+00,1.217608094215393066e+00,1.739572405815124512e+00,1.970724940299987793e+00,6.305999755859375000e-01,-1.293704748153686523e+00,9.732844233512878418e-01,1.610743880271911621e+00,1.121318817138671875e+00,1.147339344024658203e+00,-1.020794391632080078e+00,8.925487995147705078e-01,-1.906871438026428223e+00,8.501673340797424316e-01,1.690852284431457520e+00,2.075450181961059570e+00,-1.566086411476135254e+00,3.726333677768707275e-01,7.891410589218139648e-01,1.587311863899230957e+00,1.679388403892517090e+00,1.973500847816467285e+00
4.959845542907714844e-01,-8.667919635772705078e-01,6.135650277137756348e-01,-8.267016708850860596e-02,-1.584808230400085449e-01,-1.756242871284484863e+00,-3.225650489330291748e-01,-3.477762341499328613e-01,1.234265446662902832e+00,1.081520318984985352e+00,1.575782775878906250e+00,1.587011694908142090e+00,3.530004024505615234e-01,7.578194737434387207e-01,9.963661432266235352e-02,7.946331501007080078e-01,-8.710021972656250000e-01,1.049404263496398926e+00,-1.407589316368103027e-01,1.229624986648559570e+00,-5.593436360359191895e-01,7.055082321166992188e-01,6.339690089225769043e-01,-1.354253888130187988e+00,-1.952512562274932861e-01,-6.714696288108825684e-01,1.090715885162353516e+00,1.018152952194213867e+00,-3.579631447792053223e-01,-4.526943862438201904e-01,-1.249558448791503906e+00,9.435148835182189941e-01,2.448248118162155151e-01,8.182944655418395996e-01,4.479082822799682617e-01,8.541858941316604614e-02,4.397729337215423584e-01,2.264054268598556519e-01,4.530294835567474365e-01,7.901309132575988770e-01,7.327276468276977539e-02,1.821470074355602264e-02,-1.130481004714965820e+00,-1.170707568526268005e-01,-3.134611248970031738e-01,2.811919748783111572e-01,8.248336911201477051e-01,1.073316112160682678e-01,-1.341207385063171387e+00,-2.678502500057220459e-01,-2.611769363284111023e-02,6.903868913650512695e-01,6.336786150932312012e-01
-4.365489184856414795e-01,2.319009453058242798e-01,-8.214828968048095703e-01,-8.483936190605163574e-01,-5.146038532257080078e-01,-7.392043471336364746e-01,-6.703915596008300781e-01,-5.589242577552795410e-01,2.111985236406326294e-01,-2.930546104907989502e-01,2.561331689357757568e-01,3.111106753349304199e-01,1.298343062400817871e+00,1.096738576889038086e+00,1.249097108840942383e+00,5.029154941439628601e-02,1.653524994850158691e+00,2.020606994628906250e-01,1.360564112663269043e+00,1.191956520080566406e+00,-1.047727584838867188e+00,-9.442977309226989746e-01,4.513852000236511230e-01,-7.975804805755615234e-01,-1.081475973129272461e+00,-6.443228721618652344e-01,4.188542068004608154e-01,1.265275239944458008e+00,2.909646928310394287e-01,-6.140391230583190918e-01,1.876322180032730103e-01,-9.150549769401550293e-02,-6.345738172531127930e-01,5.789858102798461914e-01,-8.015538454055786133e-01,5.765137076377868652e-01,1.047199010848999023e+00,8.430571556091308594e-01,1.797538548707962036e-01,-2.283559925854206085e-02,-2.741617560386657715e-01,1.214264392852783203e+00,1.971958875656127930e+00,3.926931321620941162e-01,-9.181942939758300781e-01,-1.041646480560302734e+00,7.710339128971099854e-02,9.387260079383850098e-01,4.622747600078582764e-01,-1.049820303916931152e+00,-7.041738182306289673e-02,4.376523494720458984e-01,5.445798635482788086e-01
3.449458479881286621e-01,-5.047100186347961426e-01,3.011988997459411621e-01,3.297546505928039551e-01,2.898380756378173828e-01,-3.960083127021789551e-01,5.029525980353355408e-02,9.578857421875000000e-01,1.618732452392578125e+00,1.999952197074890137e-01,9.217914938926696777e-01,1.591789603233337402e+00,1.300546050071716309e+00,6.414189934730529785e-01,-1.108881592750549316e+00,1.375555753707885742e+00,3.708108365535736084e-01,8.247761130332946777e-01,1.466773271560668945e+00,1.090206623077392578e+00,-8.578714132308959961e-01,6.766560077667236328e-01,2.844822406768798828e-01,-1.512158364057540894e-01,6.605050563812255859e-01,-1.027320384979248047e+00,7.807376980781555176e-01,5.124190449714660645e-01,-5.553158745169639587e-02,1.089927315711975098e+00,-7.668961286544799805e-01,8.160452842712402344e-01,3.172154128551483154e-01,4.976581037044525146e-01,1.080630302429199219e+00,1.530037999153137207e+00,5.558461546897888184e-01,-6.116814166307449341e-02,9.918026328086853027e-01,4.836908280849456787e-01,1.801106035709381104e-01,1.159542679786682129e+00,5.358939170837402344e-01,9.601377695798873901e-02,-4.341793060302734375e-01,5.315898656845092773e-01,4.465691447257995605e-01,6.237507462501525879e-01,-8.316020667552947998e-02,2.147947847843170166e-01,-4.438709616661071777e-01,2.995522320270538330e-01,7.475716471672058105e-01
8.222358673810958862e-02,-6.553818285465240479e-02,4.201242327690124512e-01,8.756343722343444824e-01,6.816946864128112793e-01,1.680040359497070312e-01,-1.264315843582153320e+00,6.081373691558837891e-01,-7.600899934768676758e-01,7.598719000816345215e-01,1.444734036922454834e-01,-2.233405113220214844e-01,-2.892890572547912598e-01,-6.111574172973632812e-01,9.329370856285095215e-01,-8.019332289695739746e-01,-4.781840443611145020e-01,2.524250149726867676e-01,-1.256439089775085449e+00,-9.884198904037475586e-01,1.528505086898803711e+00,1.929984390735626221e-01,-1.651821970939636230e+00,3.398048579692840576e-01,-4.476825892925262451e-01,4.677118360996246338e-01,-1.310316920280456543e+00,-4.101058840751647949e-01,3.987383544445037842e-01,-1.171454191207885742e+00,8.308782577514648438e-01,-1.319414854049682617e+00,1.460207998752593994e-01,-2.944369614124298096e-01,-1.506514310836791992e+00,-7.160270810127258301e-01,-8.222477436065673828e-01,3.130973875522613525e-01,-9.821537137031555176e-01,-6.983900666236877441e-01,7.179352045059204102e-01,-1.521054148674011230e+00,-2.185135185718536377e-01,1.750282406806945801e+00,-1.153919458389282227e+00,-2.060373127460479736e-01,-1.608058929443359375e+00,1.684083819389343262e+00,3.693608641624450684e-01,-7.692406326532363892e-02,-2.108237743377685547e+00,-4.119747579097747803e-01,-4.910932481288909912e-01
4.616253376007080078e-01,4.905896186828613281e-01,2.487013489007949829e-01,-1.684537678956985474e-01,-7.667276859283447266e-01,1.101652085781097412e-01,-5.504399538040161133e-01,-1.322180271148681641e+00,8.371754288673400879e-01,1.719350814819335938e-01,8.649893403053283691e-01,1.509188711643218994e-01,1.061270356178283691e+00,4.427029192447662354e-01,6.347936391830444336e-01,1.383969336748123169e-01,2.621496915817260742e-01,3.643636107444763184e-01,9.261135458946228027e-01,4.553731679916381836e-01,6.839642524719238281e-01,4.864355623722076416e-01,6.208387613296508789e-01,1.107833623886108398e+00,7.869775295257568359e-01,5.505269765853881836e-01,-4.739278554916381836e-01,-1.590676009654998779e-01,1.008656501770019531e+00,-5.296753048896789551e-01,-8.510640263557434082e-01,9.581914544105529785e-02,-4.107430875301361084e-01,6.681585907936096191e-01,-9.915221333503723145e-01,5.380766391754150391e-01,9.101628661155700684e-01,-8.113464713096618652e-02,-5.095683336257934570e-01,6.076850891113281250e-01,-2.964914441108703613e-01,7.612651586532592773e-01,6.554003059864044189e-02,8.188596963882446289e-01,9.189980626106262207e-01,2.426804304122924805e-01,-5.981626510620117188e-01,1.740907430648803711e-01,1.367404222488403320e+00,8.885235190391540527e-01,-1.696533679962158203e+00,3.720702528953552246e-01,1.065349951386451721e-01
4.065087735652923584e-01,-1.828801512718200684e+00,-1.349264502525329590e+00,-1.565702080726623535e+00,-3.154174983501434326e-01,-1.037127971649169922e+00,1.528209447860717773e-01,-3.164784908294677734e-01,-7.209345102310180664e-01,-1.099812030792236328e+00,-9.168928265571594238e-01,-9.710109978914260864e-02,-2.461660951375961304e-01,-1.227493584156036377e-02,-6.044740080833435059e-01,-4.207301139831542969e-01,9.342982769012451172e-01,7.400176525115966797e-01,-7.462753355503082275e-02,4.167872071266174316e-01,-7.452077269554138184e-01,2.680985629558563232e-01,8.444477915763854980e-01,1.290324330329895020e+00,7.014584541320800781e-01,-1.025111079216003418e+00,-1.341835707426071167e-01,6.835354566574096680e-01,-1.776155829429626465e-01,6.967936158180236816e-01,-3.177203536033630371e-01,-3.344736695289611816e-01,-3.252411484718322754e-01,-8.860239982604980469e-01,1.610506623983383179e-01,1.817583590745925903e-01,-5.168354511260986328e-01,-1.060776352882385254e+00,-1.651744842529296875e-01,-3.328133225440979004e-01,-1.097994595766067505e-01,-4.024240374565124512e-01,8.997008800506591797e-01,-6.232892870903015137e-01,-1.794802397489547729e-01,2.916154265403747559e-01,-4.724860489368438721e-01,-9.006282687187194824e-01,1.072615742683410645e+00,1.794419586658477783e-01,2.378198504447937012e-01,6.234303712844848633e-01,1.193105459213256836e+00
-3.978383839130401611e-01,-2.284075319766998291e-01,3.539122939109802246e-01,1.286280155181884766e-01,6.130732893943786621e-01,-2.160243391990661621e-01,-1.010268777608871460e-01,1.668569445610046387e-01,-4.198030233383178711e-01,-8.305963873863220215e-01,-3.033436536788940430e-01,-1.149074360728263855e-01,-1.941435933113098145e+00,-2.145339012145996094e+00,8.585269451141357422e-01,-1.406554937362670898e+00,-8.812806010246276855e-01,-9.602609872817993164e-01,-1.839375615119934082e+00,-1.012545228004455566e+00,1.428606390953063965e+00,2.426244467496871948e-01,-1.152442336082458496e+00,-2.784574627876281738e-01,-1.109203219413757324e+00,6.839745044708251953e-01,-7.930640578269958496e-01,-6.871438026428222656e-01,5.997337028384208679e-02,-1.056662946939468384e-01,-8.922585844993591309e-01,-6.257852911949157715e-01,-2.772932946681976318e-01,-6.837017536163330078e-01,-6.322163343429565430e-01,-1.542569279670715332e+00,-1.841973066329956055e+00,1.426014780998229980e+00,-6.022238135337829590e-01,-3.665647506713867188e-01,-1.494930505752563477e+00,-1.857571363449096680e+00,-4.787350594997406006e-01,-1.374895721673965454e-01,4.439095258712768555e-01,3.331943154335021973e-01,-5.226776003837585449e-01,-6.779997348785400391e-01,-1.080020904541015625e+00,-6.229911446571350098e-01,-1.073992729187011719e+00,-4.104546904563903809e-01,5.142884254455566406e-01
-1.315803050994873047e+00,-3.633295893669128418e-01,1.879435032606124878e-02,-6.616457104682922363e-01,-4.733728170394897461e-01,-4.941098093986511230e-01,-1.684454798698425293e+00,-2.317459583282470703e-01,-3.371618986129760742e-01,3.110066428780555725e-02,-1.846873760223388672e+00,-6.906118988990783691e-01,-1.317838311195373535e+00,5.993227362632751465e-01,1.509897589683532715e+00,-1.210899472236633301e+00,-8.031296133995056152e-01,-1.301494002342224121e+00,2.959415316581726074e-01,-1.529773473739624023e+00,1.429462432861328125e+00,-1.033138632774353027e+00,9.889880567789077759e-02,-1.284580469131469727e+00,-1.763072252273559570e+00,1.259821176528930664e+00,-1.523311972618103027e+00,-1.096774101257324219e+00,-4.845632612705230713e-01,-1.250094175338745117e+00,-1.470929503440856934e+00,-7.000107169151306152e-01,-2.413443475961685181e-01,-1.642489194869995117e+00,-1.222135305404663086e+00,-1.342495322227478027e+00,6.245072484016418457e-01,6.600781679153442383e-01,-1.155576348304748535e+00,-2.136044979095458984e+00,-1.828873157501220703e+00,7.323575764894485474e-02,-1.291637659072875977e+00,1.908902406692504883e+00,-9.217056035995483398e-01,-1.076020598411560059e+00,-1.492307901382446289e+00,4.895546734333038330e-01,-1.765757441520690918e+00,-1.699522852897644043e+00,-2.075819969177246094e+00,-1.814466595649719238e+00,-7.531598806381225586e-01
-4.473143815994262695e-01,-2.674515545368194580e-01,-5.897770524024963379e-01,-5.733246728777885437e-02,-4.025847613811492920e-01,-6.466320753097534180e-01,-5.132734775543212891e-01,-1.143114686012268066e+00,8.112964630126953125e-01,5.063763856887817383e-01,-4.498550668358802795e-02,1.037712246179580688e-01,8.310880064964294434e-01,1.578537106513977051e+00,3.606508255004882812e+00,5.450884699821472168e-01,2.263965606689453125e+00,-7.783540487289428711e-01,2.042352437973022461e+00,-2.837059833109378815e-02,3.023757934570312500e-01,-1.398948311805725098e+00,1.169039130210876465e+00,-1.782751560211181641e+00,-2.151647329330444336e+00,-1.174796819686889648e-01,2.626180648803710938e-01,1.148269891738891602e+00,7.675736546516418457e-01,6.015297174453735352e-01,-6.698255538940429688e-01,3.213795721530914307e-01,3.529100716114044189e-01,9.638050198554992676e-02,3.382433950901031494e-01,6.898400783538818359e-01,1.495021581649780273e+00,8.148588538169860840e-01,5.872666239738464355e-01,-2.564343810081481934e-01,-7.928063273429870605e-01,1.585234284400939941e+00,1.831268429756164551e+00,3.621269464492797852e-01,1.792475581169128418e-01,-1.330967664718627930e+00,2.084620594978332520e-01,1.872261017560958862e-01,-1.044466733932495117e+00,-1.203893423080444336e+00,4.180994331836700439e-01,2.831680774688720703e-01,8.899066448211669922e-01
9.559015631675720215e-01,8.018849492073059082e-01,1.677834630012512207e+00,1.593256354331970215e+00,1.671530842781066895e+00,2.913220524787902832e-01,7.417364716529846191e-01,1.938615560531616211e+00,1.118432998657226562e+00,8.538045883178710938e-01,1.227378845214843750e+00,1.365150213241577148e+00,1.180311918258666992e+00,1.256521344184875488e+00,7.836585640907287598e-01,1.873902797698974609e+00,1.062515854835510254e+00,8.196538686752319336e-01,1.618701100349426270e+00,5.731619149446487427e-02,-1.435120940208435059e+00,3.572898507118225098e-01,1.152047157287597656e+00,7.112228274345397949e-01,8.254899382591247559e-01,-1.183365702629089355e+00,1.043558001518249512e+00,7.703244090080261230e-01,1.875622034072875977e+00,1.311944365501403809e+00,1.293779611587524414e+00,8.278886675834655762e-01,3.767806887626647949e-01,9.948586225509643555e-01,5.694238543510437012e-01,1.167995095252990723e+00,1.139034628868103027e+00,9.454505890607833862e-02,1.521793127059936523e+00,-9.809427857398986816e-01,5.252416133880615234e-01,1.195658445358276367e+00,4.717067182064056396e-01,2.929871082305908203e-01,-1.584291219711303711e+00,5.624623894691467285e-01,8.970581889152526855e-01,-2.045568943023681641e+00,6.414635181427001953e-01,5.811573266983032227e-01,-4.679722785949707031e-01,-9.955187886953353882e-02,6.931461095809936523e-01
1.836058259010314941e+00,-6.971119642257690430e-01,1.208666682243347168e+00,1.051751494407653809e+00,1.688346624374389648e+00,-1.141076922416687012e+00,7.283515930175781250e-01,7.042767405509948730e-01,1.287167191505432129e+00,1.041524529457092285e+00,1.450997591018676758e+00,1.974973917007446289e+00,-3.508968353271484375e-01,-1.799335360527038574e+00,3.871760964393615723e-01,9.272432923316955566e-01,-2.273631244897842407e-01,1.609392166137695312e+00,-1.067174196243286133e+00,4.333030581474304199e-01,-7.904801964759826660e-01,1.607770442962646484e+00,-5.970031619071960449e-01,1.992287188768386841e-01,2.426964640617370605e-01,-1.586432456970214844e+00,1.627209424972534180e+00,1.914062857627868652e+00,-1.040752604603767395e-01,8.546377420425415039e-01,1.122912764549255371e+00,6.167751550674438477e-01,2.161673545837402344e+00,1.668149232864379883e+00,1.617326021194458008e+00,-2.621252648532390594e-02,-1.574666738510131836e+00,6.040128879249095917e-03,1.401951074600219727e+00,8.088073134422302246e-01,1.329722046852111816e+00,-1.490785479545593262e+00,-2.851341962814331055e-01,-1.573540449142456055e+00,4.847764670848846436e-01,1.421515226364135742e+00,1.582297801971435547e+00,-9.242351055145263672e-01,-1.989380456507205963e-02,7.325150966644287109e-01,6.379103660583496094e-01,1.364175677299499512e+00,1.847896456718444824e+00
5.514234304428100586e-01,-2.961621284484863281e-01,-1.813237369060516357e-02,-5.363352894783020020e-01,-8.577916622161865234e-01,-1.377341508865356445e+00,-2.640927955508232117e-02,-1.199039340019226074e+00,1.374955534934997559e+00,-4.543963968753814697e-01,1.822754383087158203e+00,8.659347295761108398e-01,1.268951296806335449e+00,1.028986096382141113e+00,-1.260224223136901855e+00,6.879872679710388184e-01,-1.630167216062545776e-01,4.808344542980194092e-01,5.853096842765808105e-01,1.731952190399169922e+00,-1.108706831932067871e+00,1.819719195365905762e+00,1.001256108283996582e+00,-2.402898073196411133e-01,1.045185089111328125e+00,-1.996082663536071777e+00,1.231775164604187012e+00,1.165311574935913086e+00,-8.199458122253417969e-01,3.675176203250885010e-01,-1.270266413688659668e+00,4.469348192214965820e-01,-1.040008783340454102e+00,1.398211956024169922e+00,8.681444451212882996e-03,1.137088656425476074e+00,7.792586684226989746e-01,-1.574707984924316406e+00,8.510683774948120117e-01,1.529857754707336426e+00,-4.296705126762390137e-02,2.443733662366867065e-01,-1.882141381502151489e-01,-1.516287803649902344e+00,1.468670845031738281e+00,1.726652264595031738e+00,1.213119745254516602e+00,-1.855195522308349609e+00,9.560282230377197266e-01,1.074813961982727051e+00,3.104180470108985901e-02,2.016310214996337891e+00,2.389898538589477539e+00
8.900840282440185547e-01,-1.321111798286437988e+00,-6.915917992591857910e-01,-1.485284924507141113e+00,4.717316478490829468e-02,-1.279943823814392090e+00,8.121991753578186035e-01,-4.776185005903244019e-02,3.053595684468746185e-02,-3.166186809539794922e-01,-5.692741870880126953e-01,8.479761481285095215e-01,3.864834308624267578e-01,2.132502198219299316e-01,7.972551584243774414e-01,-8.851464954204857349e-04,1.422423124313354492e+00,1.325737595558166504e+00,4.609290063381195068e-01,1.162240266799926758e+00,-1.371614933013916016e+00,2.087176889181137085e-01,6.729645133018493652e-01,1.360137343406677246e+00,6.277170032262802124e-02,-1.137720346450805664e+00,2.522369921207427979e-01,7.789745926856994629e-01,-1.330676581710577011e-02,8.947043418884277344e-01,-2.937292754650115967e-01,-1.096228241920471191e+00,-8.559571504592895508e-01,-3.279094398021697998e-01,2.636618912220001221e-01,5.845384597778320312e-01,-3.453121781349182129e-01,-7.736003994941711426e-01,-2.714693248271942139e-01,2.393833845853805542e-01,4.150504171848297119e-01,1.668961532413959503e-02,1.588312506675720215e+00,-1.408721208572387695e+00,-8.965762853622436523e-01,1.964318454265594482e-01,-6.077646277844905853e-03,-4.886509776115417480e-01,6.270596981048583984e-01,6.942068338394165039e-01,3.193316236138343811e-02,5.413913130760192871e-01,5.363625288009643555e-01
-9.021710157394409180e-01,-9.753666818141937256e-02,5.808116197586059570e-01,4.151663780212402344e-01,7.747474908828735352e-01,-9.586299657821655273e-01,-9.862689375877380371e-01,-2.670353949069976807e-01,-8.859512209892272949e-01,-2.162474632263183594e+00,-1.156404137611389160e+00,-2.383192926645278931e-01,-1.952939152717590332e+00,-2.271106481552124023e+00,2.453264296054840088e-01,-1.494412899017333984e+00,-8.525460958480834961e-01,-1.626984834671020508e+00,-1.915233254432678223e+00,-9.691146612167358398e-01,9.447343349456787109e-01,4.081896841526031494e-01,-7.873286008834838867e-01,-8.548964262008666992e-01,-9.752579927444458008e-01,-4.725101217627525330e-02,-7.239403128623962402e-01,-5.660756304860115051e-02,7.320951223373413086e-01,-8.860605955123901367e-01,-7.790819406509399414e-01,-1.525678753852844238e+00,-9.265201091766357422e-01,-1.187341809272766113e+00,-1.493196129798889160e+00,-2.193563461303710938e+00,-2.343865394592285156e+00,4.805358052253723145e-01,-1.271418690681457520e+00,-8.193088173866271973e-01,-1.685257911682128906e+00,-2.160007476806640625e+00,-5.782453417778015137e-01,8.247855305671691895e-01,1.829915791749954224e-01,-1.224284991621971130e-01,-1.549871683120727539e+00,6.055135726928710938e-01,3.968009259551763535e-03,-8.531407117843627930e-01,-1.592789888381958008e+00,-1.804940998554229736e-01,7.391608506441116333e-02
-1.702037930488586426e+00,-9.616131782531738281e-01,1.562838070094585419e-02,-1.348074913024902344e+00,-1.093665599822998047e+00,-1.756510972976684570e+00,-2.204491853713989258e+00,-1.146795272827148438e+00,-1.208590745925903320e+00,-1.150401115417480469e+00,-1.773580670356750488e+00,-1.698134660720825195e+00,-1.694102048873901367e+00,9.102221578359603882e-02,9.467161297798156738e-01,-1.862215042114257812e+00,-4.436725676059722900e-01,-8.973726034164428711e-01,8.803588747978210449e-01,-1.434642076492309570e+00,2.022938489913940430e+00,-1.511592626571655273e+00,-1.158549357205629349e-02,-1.448486685752868652e+00,-1.506463050842285156e+00,7.738856077194213867e-01,-2.123902320861816406e+00,-1.689856410026550293e+00,-7.186210751533508301e-01,-1.516756772994995117e+00,-1.490079998970031738e+00,-1.332151651382446289e+00,-6.746548414230346680e-01,-2.346359491348266602e+00,-2.124080657958984375e+00,-1.859981894493103027e+00,3.436729013919830322e-01,1.208044767379760742e+00,-2.486777782440185547e+00,-2.518162727355957031e+00,-1.854462265968322754e+00,6.755754947662353516e-01,-4.243314862251281738e-01,2.201289415359497070e+00,-2.319663047790527344e+00,-1.651276230812072754e+00,-2.547372817993164062e+00,1.320460438728332520e+00,-1.670169115066528320e+00,-2.059891939163208008e+00,-2.294540643692016602e+00,-1.963148236274719238e+00,-1.723293542861938477e+00
-9.559338092803955078e-01,4.014488682150840759e-02,2.492481917142868042e-01,-1.689787507057189941e-01,-3.431150615215301514e-01,7.319493889808654785e-01,-1.580022454261779785e+00,-1.594814181327819824e+00,1.070024847984313965e+00,4.080931246280670166e-01,9.712456464767456055e-01,-2.912235558032989502e-01,1.373897314071655273e+00,1.448025345802307129e+00,1.377293467521667480e+00,8.061400651931762695e-01,3.672096431255340576e-01,-9.478039741516113281e-01,8.672757744789123535e-01,-1.993037462234497070e-01,1.391254901885986328e+00,-1.297348022460937500e+00,7.747192382812500000e-01,-1.405680894851684570e+00,-1.261389136314392090e+00,7.094433307647705078e-01,-1.730981618165969849e-01,1.745079308748245239e-01,3.038811683654785156e-01,-9.155754446983337402e-01,-7.244272232055664062e-01,1.475522994995117188e+00,-4.117125272750854492e-01,1.807318329811096191e-01,-2.566452026367187500e-01,4.975694715976715088e-01,1.444033145904541016e+00,9.175646901130676270e-01,2.070325762033462524e-01,1.125525757670402527e-01,-7.424743771553039551e-01,7.322942614555358887e-01,5.434171557426452637e-01,1.391971826553344727e+00,3.859089612960815430e-01,-1.272004246711730957e+00,1.251731365919113159e-01,1.142024517059326172e+00,1.781068369746208191e-02,-1.222563743591308594e+00,-5.120382905006408691e-01,-4.266021549701690674e-01,3.480640053749084473e-01
8.573042154312133789e-01,6.492903232574462891e-01,-1.095555186271667480e+00,-1.048936963081359863e+00,-5.414606332778930664e-01,3.354886770248413086e-01,1.106969952583312988e+00,-4.661068022251129150e-01,1.325669050216674805e+00,2.694743871688842773e-01,7.726625204086303711e-01,1.658055901527404785e+00,1.202018380165100098e+00,-4.205570556223392487e-03,-9.069887995719909668e-01,1.234027504920959473e+00,3.961817622184753418e-01,1.426090717315673828e+00,-9.195783734321594238e-01,1.662291884422302246e+00,-1.314538359642028809e+00,8.037207126617431641e-01,1.130438804626464844e+00,1.049132704734802246e+00,9.079852700233459473e-01,-1.213753938674926758e+00,1.328979849815368652e+00,1.438964962959289551e+00,3.445262908935546875e-01,1.232109785079956055e+00,9.351743757724761963e-02,1.003778338432312012e+00,7.660370469093322754e-01,1.309594750404357910e+00,2.160927534103393555e+00,1.259683489799499512e+00,-7.369114086031913757e-03,-7.628455758094787598e-01,1.456407189369201660e+00,1.061512827873229980e+00,6.680107116699218750e-01,-1.005658626556396484e+00,6.078930497169494629e-01,-1.506292343139648438e+00,-2.238796502351760864e-01,4.121278524398803711e-01,1.400220155715942383e+00,-6.723725795745849609e-02,1.448807239532470703e+00,9.239138364791870117e-01,1.669784188270568848e-01,1.549589633941650391e+00,1.014407038688659668e+00
9.123240709304809570e-01,1.883947402238845825e-01,6.496714353561401367e-01,8.635671138763427734e-01,5.663124322891235352e-01,-4.791306853294372559e-01,7.993170619010925293e-01,-1.670328527688980103e-01,-1.458372771739959717e-01,-1.939141750335693359e-01,3.859666585922241211e-01,4.354867935180664062e-01,-9.593388438224792480e-01,-1.329238295555114746e+00,-9.783374071121215820e-01,-8.838330507278442383e-01,-7.684055566787719727e-01,2.166094928979873657e-01,-1.223948121070861816e+00,6.135340407490730286e-02,8.331625908613204956e-02,1.631091952323913574e+00,-9.648291468620300293e-01,3.937173485755920410e-01,5.079903006553649902e-01,-1.353763818740844727e+00,-2.900056242942810059e-01,6.031380221247673035e-02,2.155658900737762451e-01,9.384208917617797852e-01,-5.273392200469970703e-01,2.109093368053436279e-01,9.410776495933532715e-01,3.323223292827606201e-01,5.443783998489379883e-01,-9.645732641220092773e-01,-1.723618745803833008e+00,-8.095003366470336914e-01,-6.280741095542907715e-01,4.815554618835449219e-01,-6.168012619018554688e-01,-1.704826951026916504e+00,-4.850044846534729004e-01,-6.197084784507751465e-01,7.081907391548156738e-01,1.150037884712219238e+00,-2.936090528964996338e-01,-9.395036697387695312e-01,8.262194991111755371e-01,3.504601716995239258e-01,-1.191427230834960938e+00,7.856060862541198730e-01,7.031731009483337402e-01
7.759830951690673828e-01,5.902839899063110352e-01,5.515551567077636719e-01,-4.323158264160156250e-01,-2.628519535064697266e-01,-9.896940588951110840e-01,5.891811475157737732e-02,-1.279286265373229980e+00,1.138102650642395020e+00,-3.242684900760650635e-02,3.766367435455322266e-01,1.817464679479598999e-01,-2.751107215881347656e-01,-2.336814254522323608e-01,-5.862628221511840820e-01,4.796922951936721802e-02,-1.119809985160827637e+00,5.720427036285400391e-01,8.568378165364265442e-03,8.843209147453308105e-01,-4.870998486876487732e-02,9.767971038818359375e-01,1.967037200927734375e+00,-2.676728069782257080e-01,7.146959900856018066e-01,-7.451332807540893555e-01,3.522150218486785889e-01,5.781523585319519043e-01,-4.796940386295318604e-01,3.657092452049255371e-01,-1.165541052818298340e+00,-1.816581934690475464e-01,1.795699894428253174e-01,4.102504551410675049e-01,-4.766532480716705322e-01,-1.903794407844543457e-01,-1.762439906597137451e-01,9.704679250717163086e-01,-2.566872239112854004e-01,-5.440067648887634277e-01,-8.250864148139953613e-01,1.972597390413284302e-01,-1.057128906250000000e+00,5.857969522476196289e-01,7.531613111495971680e-01,9.962466955184936523e-01,-5.324473381042480469e-01,3.847082704305648804e-02,-6.164996623992919922e-01,7.331751585006713867e-01,-8.322180509567260742e-01,1.614429950714111328e-01,9.516048431396484375e-01
9.277309179306030273e-01,-1.347943544387817383e+00,-2.572494745254516602e-01,3.226600885391235352e-01,1.307266671210527420e-02,-8.132621645927429199e-01,8.912088274955749512e-01,-3.935591280460357666e-01,7.781869173049926758e-01,3.454389572143554688e-01,7.383905053138732910e-01,3.442583084106445312e-01,1.521345257759094238e+00,8.303510546684265137e-01,2.060678720474243164e+00,8.465808033943176270e-01,2.399685621261596680e+00,7.092170715332031250e-01,2.286031723022460938e+00,1.754841953516006470e-01,2.246284931898117065e-01,-4.122743606567382812e-01,9.927600622177124023e-02,2.851730287075042725e-01,-5.306280255317687988e-01,-5.385906696319580078e-01,5.082104206085205078e-01,4.429585635662078857e-01,1.053576171398162842e-01,1.239841103553771973e+00,6.287593394517898560e-03,1.365078330039978027e+00,-1.702092774212360382e-02,6.326594948768615723e-01,7.309554815292358398e-01,1.548225760459899902e+00,1.219371795654296875e+00,-5.770784616470336914e-02,7.223054766654968262e-01,4.059573709964752197e-01,4.857689782511442900e-04,1.865173816680908203e+00,1.684349894523620605e+00,-7.542274892330169678e-02,1.141925811767578125e+00,-3.300709277391433716e-02,5.475635528564453125e-01,-1.177122235298156738e+00,-1.492791343480348587e-02,-7.292596250772476196e-02,1.284725666046142578e+00,8.634944558143615723e-01,9.267594218254089355e-01
-9.323400855064392090e-01,-4.981929063796997070e-01,-7.529252767562866211e-01,-1.578950524330139160e+00,-1.159780740737915039e+00,-8.224607706069946289e-01,-1.406502872705459595e-01,-9.279377758502960205e-02,-1.469606757164001465e-01,-1.465774416923522949e+00,-1.411639928817749023e+00,4.556929469108581543e-01,2.797236442565917969e-01,-5.518218129873275757e-02,-8.053408861160278320e-01,-9.193150699138641357e-02,-1.142004877328872681e-01,-1.848837286233901978e-01,-8.812320828437805176e-01,1.320780366659164429e-01,-8.618854284286499023e-01,-9.446655213832855225e-02,4.060850143432617188e-01,3.523287773132324219e-01,1.743677556514739990e-01,-1.358641386032104492e-01,-1.787990927696228027e-01,-9.264899492263793945e-01,3.636501133441925049e-01,5.089037418365478516e-01,-3.764148801565170288e-02,-4.267959594726562500e-01,-6.585875153541564941e-01,-6.586137413978576660e-01,5.406419038772583008e-01,2.789840698242187500e-01,-2.229253649711608887e-01,-4.380845129489898682e-01,3.263308852910995483e-02,-5.137930512428283691e-01,-7.212572693824768066e-01,-1.085478186607360840e+00,2.277691364288330078e-01,-1.525017023086547852e-01,-5.152997374534606934e-01,5.301920324563980103e-02,-2.458749562501907349e-01,-4.211089611053466797e-01,3.156364858150482178e-01,-7.367982268333435059e-01,-9.616554975509643555e-01,-6.832506656646728516e-01,6.849288195371627808e-02
-2.970492243766784668e-01,-1.077864527702331543e+00,1.345393359661102295e-01,3.161197006702423096e-01,4.218259155750274658e-01,-6.135573983192443848e-01,-1.013854503631591797e+00,-1.717281937599182129e-01,-1.006849169731140137e+00,-5.198484659194946289e-01,-6.961160898208618164e-01,-6.871826052665710449e-01,-2.173721790313720703e+00,-1.827604174613952637e+00,-3.997062146663665771e-01,-1.255451798439025879e+00,-8.368533253669738770e-01,4.249724447727203369e-01,-1.311531186103820801e+00,-5.719630122184753418e-01,7.023462653160095215e-01,-7.021204382181167603e-02,-1.042712330818176270e+00,2.719566226005554199e-01,-5.099176168441772461e-01,1.064825654029846191e+00,-8.365432024002075195e-01,-1.012901306152343750e+00,-2.224794626235961914e-01,-2.256503850221633911e-01,3.922555595636367798e-02,-1.474170207977294922e+00,-4.778891429305076599e-02,-1.201201438903808594e+00,-6.259518861770629883e-01,-1.919895052909851074e+00,-2.257141113281250000e+00,9.152026176452636719e-01,-1.253282070159912109e+00,-1.073368787765502930e+00,-1.670841574668884277e+00,-1.481568813323974609e+00,-1.102450132369995117e+00,4.806057512760162354e-01,-7.571380138397216797e-01,-1.879440695047378540e-01,-9.737779498100280762e-01,1.954540796577930450e-02,-1.536543607711791992e+00,-1.185373187065124512e+00,-9.306656718254089355e-01,-9.107445478439331055e-01,-7.561645507812500000e-01
-9.997692108154296875e-01,-1.163820147514343262e+00,2.215315699577331543e-01,-9.550963640213012695e-01,-8.868635892868041992e-01,-4.498761892318725586e-02,-1.560329318046569824e+00,-9.840213060379028320e-01,-7.230792045593261719e-01,-6.797670722007751465e-01,-8.578844070434570312e-01,-1.082191824913024902e+00,-2.918149828910827637e-01,3.951208591461181641e-01,1.574226975440979004e+00,-1.345022916793823242e+00,5.165468156337738037e-02,-1.050879240036010742e+00,7.093227505683898926e-01,-1.174046039581298828e+00,1.611373543739318848e+00,-1.142830848693847656e+00,-2.720166146755218506e-01,-1.464059650897979736e-01,-1.070056080818176270e+00,1.750976681709289551e+00,-1.314332604408264160e+00,-9.482868313789367676e-01,-2.745170891284942627e-01,-1.683758974075317383e+00,-5.543656945228576660e-01,-1.176069021224975586e+00,-7.932292222976684570e-01,-1.226796150207519531e+00,-2.226321935653686523e+00,-8.233220577239990234e-01,8.054294586181640625e-01,8.275024294853210449e-01,-1.809583663940429688e+00,-1.300593376159667969e+00,-1.530297636985778809e+00,6.211500763893127441e-01,3.241035044193267822e-01,1.825307607650756836e+00,-1.007056593894958496e+00,-1.370442867279052734e+00,-1.617696762084960938e+00,4.353634715080261230e-01,-6.565762162208557129e-01,-1.473986506462097168e+00,-2.163034677505493164e+00,-1.028127789497375488e+00,-6.938915848731994629e-01
-5.160328149795532227e-01,-9.787573218345642090e-01,-2.474076032638549805e+00,-1.313586473464965820e+00,-1.029199600219726562e+00,-5.158914923667907715e-01,-5.365428328514099121e-01,-5.616304874420166016e-01,-1.127685755491256714e-01,-5.516284108161926270e-01,2.480559796094894409e-01,1.773601323366165161e-01,7.735962271690368652e-01,1.138377189636230469e+00,2.786305546760559082e-01,-1.651892811059951782e-01,9.826643466949462891e-01,-4.422298669815063477e-01,8.790034055709838867e-01,-1.873756200075149536e-01,-2.192910164594650269e-01,-7.638359814882278442e-02,9.946101307868957520e-01,-1.502549462020397186e-02,-3.981657624244689941e-01,7.152972817420959473e-01,-6.200429201126098633e-01,6.094666123390197754e-01,-1.467070937156677246e+00,-7.964707016944885254e-01,3.311097025871276855e-01,-7.975655198097229004e-01,-5.044932961463928223e-01,-6.943416595458984375e-01,-9.369918107986450195e-01,2.959536612033843994e-01,1.071370959281921387e+00,-2.445163577795028687e-01,-5.164893865585327148e-01,-7.258470058441162109e-01,-1.840390563011169434e+00,3.675197064876556396e-01,8.126221299171447754e-01,2.052517980337142944e-02,-1.544101238250732422e+00,-1.868291646242141724e-01,-5.882370471954345703e-01,4.277449548244476318e-01,4.987461864948272705e-01,-7.663526535034179688e-01,-7.005391716957092285e-01,4.223149716854095459e-01,3.282946348190307617e-01
2.662355266511440277e-02,-2.323339462280273438e+00,-1.400265455245971680e+00,-5.164880156517028809e-01,-5.604996904730796814e-02,-1.195883154869079590e+00,5.973391979932785034e-02,-3.086844980716705322e-01,-1.000169992446899414e+00,-2.040950775146484375e+00,-2.745686471462249756e-01,1.296614706516265869e-01,1.468350458890199661e-02,2.823525071144104004e-01,-5.634409785270690918e-01,-3.778052926063537598e-01,1.253354430198669434e+00,7.276679277420043945e-01,6.447635591030120850e-02,-3.000138700008392334e-01,-1.886577129364013672e+00,5.042901039123535156e-01,2.419661730527877808e-01,1.636640787124633789e+00,2.876603305339813232e-01,-9.227463603019714355e-01,-3.482474982738494873e-01,6.858500838279724121e-01,-1.834902644157409668e+00,-2.822081372141838074e-02,-2.197383344173431396e-01,-1.245521306991577148e+00,-1.418919086456298828e+00,-7.455637454986572266e-01,-2.461386844515800476e-02,3.016357123851776123e-01,-9.141413122415542603e-02,-1.103128314018249512e+00,-1.469825357198715210e-01,-6.881754398345947266e-01,1.436779201030731201e-01,-3.019151389598846436e-01,1.518705606460571289e+00,-1.111537814140319824e+00,-7.105386853218078613e-01,3.748544752597808838e-01,-1.441133320331573486e-01,-1.447579145431518555e+00,1.102317094802856445e+00,1.919388473033905029e-01,3.193748891353607178e-01,2.814750373363494873e-01,1.030409216880798340e+00
-7.977073788642883301e-01,-1.058254480361938477e+00,-6.883107125759124756e-02,-6.440587639808654785e-01,-7.150756567716598511e-02,-2.332352399826049805e+00,-8.358100652694702148e-01,-1.126714825630187988e+00,-2.457807540893554688e+00,-3.088248968124389648e+00,-9.611678719520568848e-01,-6.232581138610839844e-01,-2.436707973480224609e+00,-2.286179304122924805e+00,3.282846212387084961e-01,-1.898144364356994629e+00,-6.699728220701217651e-02,-4.163370132446289062e-01,-1.185412645339965820e+00,-3.768554925918579102e-01,-4.076490998268127441e-01,4.432637393474578857e-01,-1.424566626548767090e+00,-8.777754902839660645e-01,-1.161807298660278320e+00,-2.076751440763473511e-01,-1.188247919082641602e+00,2.470243573188781738e-01,-6.492251753807067871e-01,-1.119856953620910645e+00,-1.617761015892028809e+00,-2.355583906173706055e+00,-1.636901378631591797e+00,-7.549778819084167480e-01,-1.596522688865661621e+00,-2.647925138473510742e+00,-2.493524789810180664e+00,-4.116991758346557617e-01,-1.710182189941406250e+00,-3.488126099109649658e-01,-9.360768198966979980e-01,-1.755169153213500977e+00,4.515621364116668701e-01,-8.153927922248840332e-01,-5.403021574020385742e-01,1.300983130931854248e-01,-9.704574346542358398e-01,9.132592082023620605e-01,-1.091384053230285645e+00,-9.179204106330871582e-01,-7.996271848678588867e-01,1.766529381275177002e-01,4.167219102382659912e-01
-1.650499105453491211e+00,-6.107453703880310059e-01,3.294048011302947998e-01,-1.058284521102905273e+00,-1.098128199577331543e+00,-1.256855130195617676e+00,-2.318979501724243164e+00,-7.819459438323974609e-01,-1.925317645072937012e+00,-2.463470250368118286e-01,-2.002004623413085938e+00,-2.069385290145874023e+00,-9.595127701759338379e-01,6.341606378555297852e-01,1.005854964256286621e+00,-1.841209411621093750e+00,-7.681804895401000977e-01,-1.429282069206237793e+00,1.188153386116027832e+00,-1.625883579254150391e+00,1.893006563186645508e+00,-1.251400113105773926e+00,-6.154681444168090820e-01,-1.304770112037658691e+00,-9.266817569732666016e-01,1.997616052627563477e+00,-1.999242901802062988e+00,-1.669877648353576660e+00,-6.590380072593688965e-01,-1.903834819793701172e+00,-1.594787597656250000e+00,-1.492062926292419434e+00,-9.805706739425659180e-01,-1.426960945129394531e+00,-2.845639467239379883e+00,-1.537994623184204102e+00,4.252782762050628662e-01,6.568640470504760742e-01,-2.353711128234863281e+00,-2.699620485305786133e+00,-2.062120676040649414e+00,9.094228744506835938e-01,-7.367128133773803711e-01,1.976396203041076660e+00,-1.567749857902526855e+00,-1.478848338127136230e+00,-2.380195617675781250e+00,1.363428831100463867e+00,-1.594820618629455566e+00,-1.806083917617797852e+00,-2.943900108337402344e+00,-2.281947135925292969e+00,-1.674775004386901855e+00
-1.891497135162353516e+00,-6.014100313186645508e-01,-3.428170084953308105e-01,-1.508500814437866211e+00,-4.794362187385559082e-01,-8.708999752998352051e-01,-2.227685213088989258e+00,-1.444604039192199707e+00,-1.962920784950256348e+00,-1.486200928688049316e+00,-1.955915927886962891e+00,-1.575157761573791504e+00,-5.084484219551086426e-01,1.235406637191772461e+00,2.936987161636352539e+00,-1.482610940933227539e+00,1.778403997421264648e+00,-1.664315581321716309e+00,2.152402877807617188e+00,-1.445493578910827637e+00,8.634884357452392578e-01,-1.588185310363769531e+00,-1.516729712486267090e+00,-1.603143453598022461e+00,-2.044494628906250000e+00,5.413591861724853516e-01,-1.558364987373352051e+00,-5.404886007308959961e-01,-4.914768338203430176e-01,-1.558515667915344238e+00,-1.711822748184204102e+00,-2.046456098556518555e+00,-9.570814967155456543e-01,-1.521036982536315918e+00,-2.013145685195922852e+00,-8.996340036392211914e-01,1.141864657402038574e+00,1.470416426658630371e+00,-1.490570068359375000e+00,-2.296706914901733398e+00,-1.582227945327758789e+00,1.716814637184143066e+00,1.898862481117248535e+00,1.655732393264770508e+00,-1.938492417335510254e+00,-1.748669981956481934e+00,-1.452065944671630859e+00,1.017926931381225586e+00,-1.291081428527832031e+00,-2.205556392669677734e+00,-1.625571131706237793e+00,-7.281614542007446289e-01,-8.031410574913024902e-01
1.637380756437778473e-02,-3.043231964111328125e-01,8.134240508079528809e-01,6.470701098442077637e-01,-3.155953586101531982e-01,1.821956634521484375e-01,-2.884341180324554443e-01,1.059045195579528809e+00,-8.566203713417053223e-01,-7.695433497428894043e-01,-5.677036046981811523e-01,-4.495158195495605469e-01,6.212952733039855957e-01,7.988672256469726562e-01,1.672870039939880371e+00,-2.856929302215576172e-01,1.655388116836547852e+00,-2.890048623085021973e-01,2.417484998703002930e+00,-4.655029177665710449e-01,-4.488617181777954102e-01,-2.149298936128616333e-01,7.085112929344177246e-01,1.798335346393287182e-03,-8.072955161333084106e-02,7.664400339126586914e-01,-7.720996737480163574e-01,-8.046106100082397461e-01,-3.185260593891143799e-01,3.849544823169708252e-01,4.150740802288055420e-01,-2.436062693595886230e-01,2.501011490821838379e-01,-3.101598620414733887e-01,-8.937942236661911011e-02,1.011750698089599609e+00,1.323633551597595215e+00,1.850011944770812988e+00,1.424115002155303955e-01,-1.756843209266662598e+00,-8.662201166152954102e-01,2.041462182998657227e+00,1.821336388587951660e+00,5.574238300323486328e-01,-1.326313495635986328e+00,-1.907425075769424438e-01,-3.678953945636749268e-01,3.616846203804016113e-01,4.626208543777465820e-02,-4.886084198951721191e-01,-8.565703034400939941e-01,-7.661863416433334351e-02,5.089847445487976074e-01
8.876666426658630371e-02,-2.245324850082397461e-01,5.596571564674377441e-01,9.931648522615432739e-02,7.299916148185729980e-01,1.928854584693908691e-01,-9.120213389396667480e-01,3.799061179161071777e-01,-1.202585577964782715e+00,-1.853424906730651855e-01,-7.239188551902770996e-01,-2.001473158597946167e-01,-8.737058043479919434e-01,-9.779399633407592773e-01,1.160482168197631836e+00,-9.260441064834594727e-01,5.300512909889221191e-02,-4.183215498924255371e-01,-6.224534511566162109e-01,-1.746963262557983398e+00,8.882365226745605469e-01,3.142748475074768066e-01,-1.981496572494506836e+00,-1.985791623592376709e-01,-8.796924352645874023e-01,7.496914863586425781e-01,-8.921079635620117188e-01,-7.347654700279235840e-01,4.458695650100708008e-01,-2.613038383424282074e-02,5.068260431289672852e-01,-1.458983123302459717e-01,9.654886126518249512e-01,-3.634249269962310791e-01,-6.087493300437927246e-01,-8.870686888694763184e-01,-1.115860104560852051e+00,1.952769905328750610e-01,-7.352075576782226562e-01,-1.122864484786987305e+00,-1.324739009141921997e-01,-1.049083352088928223e+00,4.146963953971862793e-01,1.012986540794372559e+00,-7.828596234321594238e-01,-7.407617568969726562e-02,-8.223043084144592285e-01,4.564851224422454834e-01,2.590226531028747559e-01,-5.870082378387451172e-01,-1.406426548957824707e+00,-2.307206094264984131e-01,1.398140192031860352e-01
-4.698767066001892090e-01,6.134021282196044922e-02,-7.350950837135314941e-01,-5.478994846343994141e-01,-4.826700091361999512e-01,3.079766929149627686e-01,-9.054379463195800781e-01,-7.990494370460510254e-01,-9.275782108306884766e-01,-7.070508599281311035e-01,-9.198843836784362793e-01,-1.214898347854614258e+00,3.152191340923309326e-01,9.506153464317321777e-01,-3.661466240882873535e-01,-1.161416888236999512e+00,-4.130498766899108887e-01,-5.769906044006347656e-01,2.332795560359954834e-01,-6.719145774841308594e-01,4.862524867057800293e-01,-6.251696348190307617e-01,-5.430992245674133301e-01,7.889592647552490234e-02,-1.607608646154403687e-01,1.032363325357437134e-01,-1.072977542877197266e+00,-4.723497331142425537e-01,-3.023200631141662598e-01,-8.300502896308898926e-01,-6.982679963111877441e-01,-8.037679791450500488e-01,-1.544597506523132324e+00,-8.673264384269714355e-01,-1.337978363037109375e+00,-1.475466229021549225e-02,7.230855822563171387e-01,-2.566249966621398926e-01,-8.194951415061950684e-01,-8.935046195983886719e-02,-1.553363800048828125e+00,2.978405654430389404e-01,-5.249471664428710938e-01,3.619952797889709473e-01,9.878288209438323975e-02,-5.721182823181152344e-01,-1.015890002250671387e+00,-4.226011633872985840e-01,7.823026180267333984e-01,-1.994174718856811523e-01,-5.579822659492492676e-01,-3.325025439262390137e-01,-1.492149978876113892e-01
-5.520680546760559082e-01,-9.412985444068908691e-01,-7.248345017433166504e-01,-1.258302927017211914e+00,-9.556952118873596191e-01,-1.295593142509460449e+00,8.148552477359771729e-02,-3.976523280143737793e-01,-1.336371898651123047e+00,-1.660109162330627441e+00,-1.457765936851501465e+00,-7.194311916828155518e-02,-7.213137149810791016e-01,3.231395781040191650e-01,-1.918403357267379761e-01,-1.386206030845642090e+00,6.703479886054992676e-01,-1.447652459144592285e+00,-1.964459419250488281e-01,-6.209356188774108887e-01,-4.673638045787811279e-01,-4.324248135089874268e-01,4.754542931914329529e-02,-1.750290244817733765e-01,-9.674793481826782227e-01,-6.963628530502319336e-01,-8.961718082427978516e-01,-2.902824580669403076e-01,-3.398614823818206787e-01,3.810722529888153076e-01,-1.208624988794326782e-01,-1.027414083480834961e+00,-9.425079822540283203e-01,-1.592852473258972168e+00,1.757376044988632202e-01,-5.307674407958984375e-01,-2.813563346862792969e-01,1.986757516860961914e-01,-6.760790944099426270e-01,-6.700407862663269043e-01,-1.630460023880004883e+00,-3.039466738700866699e-01,8.229501247406005859e-01,-4.518426358699798584e-01,-6.738600134849548340e-01,-7.624238133430480957e-01,-9.010020494461059570e-01,-4.941467940807342529e-01,-2.701539099216461182e-01,-1.365880250930786133e+00,-7.550505399703979492e-01,1.187895983457565308e-01,3.751857206225395203e-02
3.464929759502410889e-02,6.307958364486694336e-01,5.022379755973815918e-02,5.723184347152709961e-01,6.477882266044616699e-01,1.100378632545471191e+00,-5.601631999015808105e-01,4.833523631095886230e-01,-6.068587303161621094e-01,1.837737113237380981e-01,-1.257369160652160645e+00,-1.303480625152587891e+00,-1.365110397338867188e+00,-1.580425620079040527e+00,-2.351847440004348755e-01,-1.479774594306945801e+00,-1.170689344406127930e+00,-1.221173882484436035e+00,-1.131482720375061035e+00,-1.529443144798278809e+00,1.835150361061096191e+00,-7.762662172317504883e-01,1.670466503128409386e-03,-1.254228830337524414e+00,-1.126341700553894043e+00,1.258786439895629883e+00,-1.030567288398742676e+00,-1.315267443656921387e+00,6.862462759017944336e-01,3.945770859718322754e-01,8.471702337265014648e-01,-1.469958722591400146e-01,3.468232452869415283e-01,1.912246644496917725e-02,-8.678115606307983398e-01,-1.441271543502807617e+00,-1.648740649223327637e+00,9.922805428504943848e-01,-5.225718021392822266e-01,-8.687567114830017090e-01,-1.236861824989318848e+00,-9.825348854064941406e-01,-3.249119222164154053e-01,9.082815647125244141e-01,-5.175418853759765625e-01,-8.761572241783142090e-01,-7.220771312713623047e-01,2.110961914062500000e+00,-1.439695239067077637e+00,-1.097467422485351562e+00,-1.200617671012878418e+00,-1.062579989433288574e+00,-4.484815299510955811e-01
4.303603768348693848e-01,7.793392539024353027e-01,7.091773152351379395e-01,9.997344613075256348e-01,6.527683138847351074e-01,2.024007081985473633e+00,3.748903423547744751e-02,3.886134624481201172e-01,1.510048985481262207e+00,1.320735096931457520e+00,3.641656935214996338e-01,1.125743508338928223e+00,-3.916594982147216797e-01,-3.007272481918334961e-01,-2.816028892993927002e-01,4.683567285537719727e-01,-1.836023211479187012e+00,-1.316592574119567871e+00,-1.312759160995483398e+00,7.007623463869094849e-02,9.930293560028076172e-01,9.363471269607543945e-01,7.582122087478637695e-01,-1.592063546180725098e+00,-7.983108162879943848e-01,-5.435847043991088867e-01,6.736046075820922852e-01,8.059532642364501953e-01,9.632723331451416016e-01,1.236406803131103516e+00,4.325430393218994141e-01,1.580479979515075684e+00,1.106392025947570801e+00,4.976907968521118164e-01,9.014768004417419434e-01,-8.168733119964599609e-01,-5.063230991363525391e-01,-2.034235894680023193e-01,2.068851292133331299e-01,4.134948849678039551e-01,-4.866151511669158936e-01,-1.554721117019653320e+00,-1.328577637672424316e+00,6.037188172340393066e-01,2.050876379013061523e+00,2.799594104290008545e-01,2.978526055812835693e-01,9.441693425178527832e-01,-1.076042890548706055e+00,-5.520454645156860352e-01,-4.821301996707916260e-01,5.145304203033447266e-01,5.591309070587158203e-01
7.816881537437438965e-01,6.744194626808166504e-01,-1.070673577487468719e-02,1.050322294235229492e+00,1.827182024717330933e-01,2.063901126384735107e-01,8.484835028648376465e-01,-4.062379002571105957e-01,9.711251258850097656e-01,2.350420951843261719e-01,1.102013945579528809e+00,8.253774642944335938e-01,8.112366795539855957e-01,7.705752253532409668e-01,-1.234600320458412170e-01,-1.093584205955266953e-02,-4.540760219097137451e-01,2.156708687543869019e-01,1.833649873733520508e-01,1.162436008453369141e+00,-2.944045066833496094e-01,1.170496344566345215e+00,1.337558746337890625e+00,-1.123718023300170898e-01,6.869571208953857422e-01,-1.297142386436462402e+00,7.270507812500000000e-01,6.013268828392028809e-01,6.299712657928466797e-01,6.864244341850280762e-01,-5.396312475204467773e-01,1.212467074394226074e+00,-3.961537182331085205e-01,1.073326110839843750e+00,3.724759221076965332e-01,7.012468576431274414e-01,5.291302204132080078e-01,-1.067526578903198242e+00,1.819195747375488281e-01,1.027378916740417480e+00,-5.007337927818298340e-01,-4.148894250392913818e-01,-6.704798936843872070e-01,-7.267382144927978516e-01,1.519204497337341309e+00,1.101604342460632324e+00,3.779768347740173340e-01,-1.187047243118286133e+00,1.040283739566802979e-01,5.888609886169433594e-01,-4.053175151348114014e-01,1.310189962387084961e+00,1.341011643409729004e+00
5.408513545989990234e-01,-7.349230051040649414e-01,3.453785479068756104e-01,-5.197983384132385254e-01,-7.797760963439941406e-01,-1.188192486763000488e+00,3.429696559906005859e-01,-1.533578634262084961e+00,-2.877733111381530762e-01,-1.125041842460632324e+00,-8.299133777618408203e-01,-5.822368264198303223e-01,1.400440279394388199e-02,7.332753539085388184e-01,-7.918294668197631836e-01,-4.550224244594573975e-01,2.733534276485443115e-01,5.870339870452880859e-01,7.087852358818054199e-01,3.448146879673004150e-01,-9.840098023414611816e-01,-9.657277911901473999e-02,1.590104460716247559e+00,5.811629295349121094e-01,1.272520542144775391e+00,-1.391802877187728882e-01,-1.473477035760879517e-01,-4.689371883869171143e-01,4.841172397136688232e-01,1.343848276883363724e-02,-9.809309244155883789e-01,-7.092505693435668945e-01,-1.790455341339111328e+00,-4.626819789409637451e-01,-8.366002440452575684e-01,-3.318265676498413086e-01,5.449509993195533752e-02,7.032016515731811523e-01,-1.193029284477233887e+00,-8.372043967247009277e-01,-5.798514485359191895e-01,9.939643740653991699e-01,4.265340268611907959e-01,-3.889046609401702881e-01,-8.759312629699707031e-01,-3.112605512142181396e-01,-9.641280770301818848e-01,1.029286440461874008e-02,5.805221199989318848e-01,1.617768108844757080e-01,-8.998920917510986328e-01,1.105156019330024719e-01,-2.742788195610046387e-01
1.576817035675048828e+00,2.047756165266036987e-01,6.757619380950927734e-01,1.677078604698181152e+00,1.099470257759094238e+00,3.271613419055938721e-01,6.181137561798095703e-01,1.098380446434020996e+00,-3.028064072132110596e-01,5.786211490631103516e-01,-5.020202696323394775e-02,-6.019862294197082520e-01,-2.842040657997131348e-01,-5.823904275894165039e-01,9.665899276733398438e-01,-5.631625652313232422e-01,8.698143362998962402e-01,3.454300463199615479e-01,1.979416459798812866e-01,-1.256319522857666016e+00,4.061116278171539307e-01,8.866920471191406250e-01,-1.968096941709518433e-01,1.375463485717773438e+00,5.647721886634826660e-01,-4.866089820861816406e-01,-3.178746700286865234e-01,-3.612534403800964355e-01,6.478685140609741211e-02,7.191413640975952148e-01,1.577208042144775391e-01,1.189699098467826843e-01,8.364887833595275879e-01,-4.908099770545959473e-02,4.560225009918212891e-01,-1.424608677625656128e-01,-5.438336730003356934e-01,-1.262888759374618530e-01,-3.677650690078735352e-01,-6.548702120780944824e-01,-2.607795894145965576e-01,-2.008019685745239258e-01,9.979325532913208008e-01,3.945164680480957031e-01,1.155907750129699707e+00,8.330320119857788086e-01,6.032093986868858337e-02,-2.742556929588317871e-01,1.813894361257553101e-01,7.788570523262023926e-01,2.303255051374435425e-01,6.959620714187622070e-01,6.911885142326354980e-01
3.681205809116363525e-01,1.269767403602600098e+00,1.414411544799804688e+00,9.069219231605529785e-01,5.493996143341064453e-01,1.816259920597076416e-01,-8.315508067607879639e-02,7.539938390254974365e-02,2.994974851608276367e-01,1.711102575063705444e-01,-4.036168158054351807e-01,5.896247625350952148e-01,-7.419103384017944336e-01,-9.761557579040527344e-01,-8.417836427688598633e-01,-3.487762808799743652e-01,-1.590203881263732910e+00,-6.544143557548522949e-01,-1.326500892639160156e+00,-1.320291012525558472e-01,-3.511796891689300537e-01,1.106804251670837402e+00,5.102826356887817383e-01,4.374517872929573059e-02,1.663121134042739868e-01,-3.921489119529724121e-01,4.234284535050392151e-02,2.050319686532020569e-02,7.330429553985595703e-01,2.987822592258453369e-01,-4.885871410369873047e-01,7.551692724227905273e-01,4.824185073375701904e-01,1.544997245073318481e-01,5.915960669517517090e-01,-4.563381969928741455e-01,-1.004801511764526367e+00,2.163133025169372559e-01,2.266622036695480347e-01,4.487601816654205322e-01,-3.653766214847564697e-01,-1.322016000747680664e+00,-1.142425775527954102e+00,-6.227726936340332031e-01,6.081175804138183594e-01,1.047641158103942871e+00,4.945549666881561279e-01,-2.380073815584182739e-01,-4.291262626647949219e-01,4.103941619396209717e-01,1.226181536912918091e-01,2.362047554925084114e-03,8.427025675773620605e-01
5.943563207983970642e-02,-6.991668939590454102e-01,4.944669604301452637e-01,-4.759258329868316650e-01,-1.771398931741714478e-01,-8.819918334484100342e-02,-4.240282811224460602e-03,-8.473626971244812012e-01,6.354338675737380981e-02,5.008775591850280762e-01,2.630137503147125244e-01,-3.911086916923522949e-01,3.184987008571624756e-01,5.294616222381591797e-01,6.333378553390502930e-01,-1.563949137926101685e-01,2.025423645973205566e-01,7.234842777252197266e-01,3.244999647140502930e-01,-2.772097289562225342e-01,1.056845426559448242e+00,1.188430190086364746e-02,2.365596145391464233e-01,1.130326271057128906e+00,5.377257466316223145e-01,4.582854211330413818e-01,-2.611928582191467285e-01,-1.833679378032684326e-01,-2.901283800601959229e-01,-1.059649288654327393e-01,-3.162955939769744873e-01,-3.258208334445953369e-01,1.029996499419212341e-01,1.015778928995132446e-01,1.764651685953140259e-01,5.537939071655273438e-01,5.245139002799987793e-01,7.058477997779846191e-01,1.021846085786819458e-01,2.203882485628128052e-02,-2.924329340457916260e-01,6.412063837051391602e-01,4.078660309314727783e-01,2.645684182643890381e-01,1.551335453987121582e-01,1.049543172121047974e-01,-7.288380526006221771e-03,-5.246523618698120117e-01,8.255374431610107422e-01,1.657674163579940796e-01,-9.917453862726688385e-03,1.917445510625839233e-01,4.974156022071838379e-01
-5.120682716369628906e-01,3.566803643479943275e-03,-3.293472528457641602e-01,-3.496748208999633789e-01,-5.316460132598876953e-01,-1.702827364206314087e-01,-1.388858705759048462e-01,-3.326753675937652588e-01,-5.781815052032470703e-01,-1.438377380371093750e+00,-1.220928281545639038e-01,-3.996928632259368896e-01,8.641403913497924805e-01,9.379116892814636230e-01,-1.460993736982345581e-01,-2.712545683607459068e-03,9.768499135971069336e-01,-4.124752283096313477e-01,1.064800977706909180e+00,-3.497694432735443115e-02,-5.658298730850219727e-01,-1.381746083498001099e-01,7.899690419435501099e-02,5.073452740907669067e-02,3.035696744918823242e-01,8.861592411994934082e-01,-5.593550205230712891e-01,-6.775425374507904053e-02,4.085511565208435059e-01,7.168850302696228027e-02,-9.394974112510681152e-01,5.746851563453674316e-01,-5.687468647956848145e-01,-2.710977494716644287e-01,-4.602275490760803223e-01,5.243527293205261230e-01,9.845770001411437988e-01,-6.319414079189300537e-02,-2.576272189617156982e-01,9.432553052902221680e-01,9.958264231681823730e-02,1.064449191093444824e+00,1.496836900711059570e+00,-7.577222585678100586e-02,-4.917991161346435547e-02,-2.997614443302154541e-01,-2.032954692840576172e-01,9.409117698669433594e-01,8.066415190696716309e-01,5.058760046958923340e-01,-3.657082915306091309e-01,3.309870362281799316e-01,-1.187187135219573975e-01
1.096980690956115723e+00,4.066889882087707520e-01,7.634017467498779297e-01,8.833487033843994141e-01,7.029893398284912109e-01,6.161711812019348145e-01,1.638276457786560059e+00,1.485346555709838867e+00,1.794779002666473389e-01,-2.689892053604125977e-01,5.869243741035461426e-01,5.096194744110107422e-01,7.896462082862854004e-01,-3.165126144886016846e-01,-6.410870552062988281e-01,2.161089926958084106e-01,1.235260844230651855e+00,8.604173064231872559e-01,1.404912233352661133e+00,-1.163206696510314941e-01,-5.155212879180908203e-01,4.095021784305572510e-01,5.488111376762390137e-01,2.195230722427368164e+00,1.332914710044860840e+00,-1.921314299106597900e-01,-1.627652347087860107e-01,-3.170163333415985107e-01,5.058801174163818359e-01,2.002284288406372070e+00,1.086620926856994629e+00,8.057844042778015137e-01,-2.843655049800872803e-01,7.563998103141784668e-01,6.142245531082153320e-01,1.404478549957275391e+00,-5.278234183788299561e-02,6.863356828689575195e-01,5.651763677597045898e-01,4.982240200042724609e-01,5.230635032057762146e-02,1.526026487350463867e+00,1.946856498718261719e+00,-6.462582349777221680e-01,1.825896799564361572e-01,7.618971467018127441e-01,3.612423539161682129e-01,-3.609963357448577881e-01,1.552324891090393066e+00,1.139398694038391113e+00,-3.228278458118438721e-01,4.269389510154724121e-01,7.938026785850524902e-01
1.446825742721557617e+00,1.239295482635498047e+00,1.075652718544006348e+00,1.570878982543945312e+00,9.387338757514953613e-01,1.642357945442199707e+00,4.071430563926696777e-01,1.148750424385070801e+00,3.359976410865783691e-01,2.011758536100387573e-01,6.237578392028808594e-01,-1.070700436830520630e-01,-1.507026106119155884e-01,-1.272219777107238770e+00,2.418025955557823181e-02,-4.627222418785095215e-01,1.751332581043243408e-01,3.708535730838775635e-01,-8.171190023422241211e-01,-9.947448223829269409e-02,4.072516262531280518e-01,1.006291985511779785e+00,-1.351461261510848999e-01,1.547582983970642090e+00,5.650664567947387695e-01,4.025098383426666260e-01,1.194208785891532898e-01,4.474759474396705627e-02,7.000734210014343262e-01,1.545757412910461426e+00,1.443920731544494629e+00,8.081582188606262207e-01,9.624372720718383789e-01,8.358969688415527344e-01,-5.844190716743469238e-01,1.426056865602731705e-02,-1.029220819473266602e+00,-1.475003242492675781e+00,-2.164603322744369507e-01,5.187649130821228027e-01,4.192343056201934814e-01,-1.450166344642639160e+00,3.763292729854583740e-02,3.357189893722534180e-01,2.185914963483810425e-01,9.190527200698852539e-01,3.455986976623535156e-01,1.597574353218078613e-01,1.660529613494873047e+00,9.792046546936035156e-01,-5.297356843948364258e-01,5.730172395706176758e-01,9.585588574409484863e-01
1.086505293846130371e+00,1.215340614318847656e+00,1.900589466094970703e-01,4.908878207206726074e-01,8.930967748165130615e-02,5.469555854797363281e-01,5.691370368003845215e-01,-3.313763737678527832e-01,4.366743862628936768e-01,7.688964009284973145e-01,1.293492197990417480e+00,6.066988110542297363e-01,4.031628072261810303e-01,-2.271761149168014526e-01,-1.366389393806457520e+00,-1.436031311750411987e-01,-1.497723221778869629e+00,3.582222759723663330e-01,-1.360404729843139648e+00,-3.683773577213287354e-01,8.439664244651794434e-01,1.444125652313232422e+00,-3.881409764289855957e-01,-1.325131505727767944e-01,7.362315654754638672e-01,-5.094701424241065979e-02,-1.102628093212842941e-02,-1.887315064668655396e-01,4.375063776969909668e-01,6.681082844734191895e-01,8.109490871429443359e-01,3.060137927532196045e-01,1.072254776954650879e+00,4.814775586128234863e-01,1.015630364418029785e-01,1.923217475414276123e-01,4.680508375167846680e-02,-3.439843952655792236e-01,-2.829706370830535889e-01,6.807654350996017456e-02,-3.664892017841339111e-01,-1.125064253807067871e+00,-1.277671694755554199e+00,2.604304552078247070e-01,7.823942303657531738e-01,1.349682807922363281e+00,-1.051420792937278748e-01,-5.580108761787414551e-01,-1.928902789950370789e-02,8.651500344276428223e-01,-1.245722174644470215e+00,9.250624775886535645e-01,8.167474269866943359e-01
5.377248525619506836e-01,1.390172690153121948e-01,-8.302037417888641357e-02,-2.996264994144439697e-01,-9.262837171554565430e-01,-9.518106579780578613e-01,4.753859937191009521e-01,-6.723362803459167480e-01,1.793144941329956055e-01,-5.531648397445678711e-01,2.330047190189361572e-01,1.582197695970535278e-01,7.469291090965270996e-01,6.521704196929931641e-01,-1.161771640181541443e-01,4.568498115986585617e-04,4.193144738674163818e-01,4.145133793354034424e-01,8.341644406318664551e-01,8.318616151809692383e-01,-6.292332410812377930e-01,7.034929990768432617e-01,1.170745611190795898e+00,1.339770555496215820e+00,9.679986834526062012e-01,-8.943039178848266602e-01,-1.413482576608657837e-01,-5.639078095555305481e-02,2.010325193405151367e-01,4.723212122917175293e-01,-1.278514146804809570e+00,-2.068254053592681885e-01,-3.849653601646423340e-01,1.180199459195137024e-01,-9.476833045482635498e-02,5.865915417671203613e-01,5.901438593864440918e-01,-1.555588841438293457e+00,-3.967118263244628906e-01,1.643748879432678223e-01,6.116614937782287598e-01,4.182733893394470215e-01,4.544081091880798340e-01,3.070951700210571289e-01,-1.712518632411956787e-01,6.524356603622436523e-01,-3.572145402431488037e-01,-1.306589484214782715e+00,1.142729640007019043e+00,6.647198796272277832e-01,-4.269524514675140381e-01,6.660473346710205078e-01,5.704780817031860352e-01
9.671505093574523926e-01,-3.383179306983947754e-01,-1.350056052207946777e+00,2.590424120426177979e-01,6.635368466377258301e-01,-7.502292394638061523e-01,1.562814593315124512e+00,1.371460914611816406e+00,4.149826169013977051e-01,3.581832647323608398e-01,-5.138369202613830566e-01,8.329756259918212891e-01,1.717216372489929199e-01,2.170039564371109009e-01,-7.607312798500061035e-01,2.137866765260696411e-01,7.537006735801696777e-01,1.102933049201965332e+00,-2.324594706296920776e-01,-1.034260615706443787e-01,-4.493268728256225586e-01,4.540794491767883301e-01,-6.861486285924911499e-02,1.405401706695556641e+00,5.832782387733459473e-01,-1.304133534431457520e-01,1.475595682859420776e-01,3.565751910209655762e-01,-1.029657483100891113e+00,1.460879206657409668e+00,1.226886034011840820e+00,-7.269390821456909180e-01,-1.697324961423873901e-01,-3.031973242759704590e-01,4.690816402435302734e-01,3.358133733272552490e-01,4.735100269317626953e-01,4.764270186424255371e-01,-3.901041299104690552e-02,3.345981240272521973e-01,-1.081541106104850769e-01,6.691384315490722656e-02,1.494197249412536621e+00,-1.293886542320251465e+00,1.665982753038406372e-01,3.425308763980865479e-01,5.384770408272743225e-02,-3.654098212718963623e-01,5.892074108123779297e-01,1.095164567232131958e-01,7.092277407646179199e-01,6.909603476524353027e-01,5.272859334945678711e-01
-5.271850228309631348e-01,-2.059205174446105957e-01,1.586395740509033203e+00,1.203675508499145508e+00,5.434979200363159180e-01,2.302159555256366730e-02,1.852538883686065674e-01,9.339016675949096680e-01,-5.421102643013000488e-01,-9.771883487701416016e-01,-5.147531032562255859e-01,1.700229942798614502e-01,-1.507812857627868652e+00,-1.758594632148742676e+00,2.047029435634613037e-01,-1.719849184155464172e-02,3.355991244316101074e-01,-9.370230883359909058e-02,-4.487701356410980225e-01,-1.177801847457885742e+00,3.182571828365325928e-01,4.057040214538574219e-01,-9.995496869087219238e-01,1.156963109970092773e+00,3.364500701427459717e-01,-1.698342561721801758e-01,-3.104114830493927002e-01,-1.110564112663269043e+00,-4.509989917278289795e-01,5.469130873680114746e-01,-3.155610859394073486e-01,-7.721430659294128418e-01,-4.212639629840850830e-01,2.699863612651824951e-01,-2.166045159101486206e-01,-1.021598458290100098e+00,-1.620103120803833008e+00,1.266405820846557617e+00,3.772020339965820312e-02,-1.078037977218627930e+00,-1.505570411682128906e-01,-4.092955291271209717e-01,1.337453842163085938e+00,-5.109566450119018555e-01,-2.009374856948852539e+00,2.224946469068527222e-01,1.346192602068185806e-02,-3.979277014732360840e-01,1.047221899032592773e+00,-5.215533822774887085e-02,-1.044084668159484863e+00,-8.061317801475524902e-01,-1.246711537241935730e-01
-4.611096382141113281e-01,-1.321464061737060547e+00,-1.479184389114379883e+00,-3.222080320119857788e-02,-1.241377815604209900e-01,6.973332166671752930e-01,-6.463727951049804688e-01,9.804388880729675293e-02,-2.327881604433059692e-01,1.032710313796997070e+00,9.930279254913330078e-01,3.890859186649322510e-01,5.354054570198059082e-01,4.786530137062072754e-01,1.151634007692337036e-02,-2.657819092273712158e-01,-6.382998228073120117e-01,-1.105628252029418945e+00,-4.577995240688323975e-01,-9.982437491416931152e-01,8.005720973014831543e-01,-3.286777138710021973e-01,-2.156680107116699219e+00,-1.540164113044738770e+00,-1.211133718490600586e+00,1.823764108121395111e-02,-1.224735677242279053e-01,-2.127591222524642944e-01,6.740917563438415527e-01,-2.411627024412155151e-01,1.208824038505554199e+00,-1.748941987752914429e-01,5.392503142356872559e-01,4.337857961654663086e-01,-7.886180281639099121e-01,-8.587009273469448090e-03,6.325220465660095215e-01,-8.458784222602844238e-01,-5.187656879425048828e-01,5.338877439498901367e-01,-3.546897172927856445e-01,-6.584686040878295898e-01,-4.648681282997131348e-01,4.154139161109924316e-01,1.806436330080032349e-01,-7.900608777999877930e-01,2.988475859165191650e-01,2.277775704860687256e-01,-1.147171378135681152e+00,-8.593966364860534668e-01,-6.418825387954711914e-01,6.375024914741516113e-01,5.887678861618041992e-01
6.610763818025588989e-02,7.670095562934875488e-01,3.102650642395019531e-01,-3.325837254524230957e-01,-2.651156187057495117e-01,-6.256378442049026489e-02,-6.378827691078186035e-01,-6.581013798713684082e-01,1.382696747779846191e+00,5.022361278533935547e-01,7.461124658584594727e-01,4.302811920642852783e-01,9.397774338722229004e-01,8.140443563461303711e-01,-1.098452091217041016e+00,6.754143834114074707e-01,-5.786424875259399414e-01,6.623927354812622070e-01,-2.239952087402343750e-01,1.253322243690490723e+00,-3.902367651462554932e-01,1.810134649276733398e-01,1.835663080215454102e+00,4.918044507503509521e-01,7.036050558090209961e-01,-5.947088599205017090e-01,4.993316233158111572e-01,4.853285551071166992e-01,3.166861459612846375e-02,-2.550491392612457275e-01,-8.168428540229797363e-01,4.328708052635192871e-01,-2.391988486051559448e-01,5.563983917236328125e-01,-3.026174008846282959e-01,5.315426588058471680e-01,5.485930442810058594e-01,-7.524268031120300293e-01,1.751459687948226929e-01,4.613492488861083984e-01,-1.159420832991600037e-01,-1.386130005121231079e-01,-3.700846135616302490e-01,1.307280361652374268e-01,4.040579497814178467e-01,1.571247428655624390e-01,2.737458050251007080e-01,-3.195726871490478516e-01,1.004813551902770996e+00,6.454269886016845703e-01,1.518080085515975952e-01,6.025769710540771484e-01,1.035712957382202148e+00
8.758375644683837891e-01,-1.471299171447753906e+00,-9.375588893890380859e-01,-7.577320933341979980e-01,-4.647385478019714355e-01,-1.142920017242431641e+00,1.230127930641174316e+00,-1.670193225145339966e-01,-2.506808042526245117e-01,-3.429806530475616455e-01,3.215360343456268311e-01,9.369571208953857422e-01,1.410461217164993286e-01,4.281861484050750732e-01,-5.472005009651184082e-01,-2.181457877159118652e-01,7.671802043914794922e-01,1.166545510292053223e+00,-3.321228921413421631e-01,1.395077347755432129e+00,-1.326735496520996094e+00,6.202002763748168945e-01,2.427205741405487061e-01,5.658421516418457031e-01,6.464250087738037109e-01,-1.482981681823730469e+00,4.651549756526947021e-01,9.743843078613281250e-01,-4.169515073299407959e-01,8.514025807380676270e-01,3.710210919380187988e-01,-5.788456797599792480e-01,1.093725636601448059e-01,4.104792773723602295e-01,-1.529241502285003662e-01,3.132809996604919434e-01,1.370206661522388458e-02,-7.089909315109252930e-01,1.524659246206283569e-01,6.789328455924987793e-01,2.747415304183959961e-01,-3.664262592792510986e-01,1.114592909812927246e+00,-8.926110267639160156e-01,-5.110903382301330566e-01,4.006763696670532227e-01,2.537147700786590576e-01,-1.127628207206726074e+00,1.491564989089965820e+00,3.302371203899383545e-01,2.273918092250823975e-01,9.589412212371826172e-01,6.335192918777465820e-01
2.898937463760375977e-01,8.284231424331665039e-01,5.484611392021179199e-01,1.047223448753356934e+00,1.590022683143615723e+00,-9.793896675109863281e-01,3.426850736141204834e-01,1.628317475318908691e+00,-1.196662306785583496e+00,-1.091337323188781738e+00,-1.399112790822982788e-01,-2.528050541877746582e-01,-1.306831836700439453e+00,-2.018720149993896484e+00,-6.425631046295166016e-01,-1.096268177032470703e+00,-1.222481608390808105e+00,2.073706686496734619e-01,-1.580191135406494141e+00,-1.149871721863746643e-01,4.255353286862373352e-02,9.524496793746948242e-01,-1.306304812431335449e+00,7.527402043342590332e-01,5.380027294158935547e-01,1.234757751226425171e-01,-5.368016958236694336e-01,-4.270636737346649170e-01,-3.350851684808731079e-02,-7.276690006256103516e-02,-1.425615549087524414e-01,-6.964883208274841309e-01,-4.243789017200469971e-01,1.197033748030662537e-01,-8.842742443084716797e-01,-1.048492550849914551e+00,-1.988284349441528320e+00,6.624118685722351074e-01,-5.169777870178222656e-01,-6.572286486625671387e-01,-2.099775522947311401e-01,-1.384417891502380371e+00,-1.521733105182647705e-01,-8.125717043876647949e-01,-7.240552306175231934e-01,7.584572434425354004e-01,-7.832251787185668945e-01,8.984845280647277832e-01,-6.214756146073341370e-02,1.477572023868560791e-01,-9.188269972801208496e-01,1.879761964082717896e-01,2.389966696500778198e-01
-1.012629747390747070e+00,-1.248484015464782715e+00,5.010004043579101562e-01,-9.694677591323852539e-02,-1.010362744331359863e+00,-6.120326519012451172e-01,-1.039960265159606934e+00,-7.332606315612792969e-01,-6.286730766296386719e-01,-6.086867451667785645e-01,-5.675914287567138672e-01,-5.433906316757202148e-01,-1.058404922485351562e+00,-5.159760117530822754e-01,9.778346121311187744e-02,-8.451436161994934082e-01,-6.620202064514160156e-01,-1.745922923088073730e+00,-4.355659484863281250e-01,-1.089032053947448730e+00,1.132013559341430664e+00,-7.782388478517532349e-02,-1.059057831764221191e+00,-1.108633518218994141e+00,-1.007619023323059082e+00,4.930967986583709717e-01,-7.816814184188842773e-01,-1.168591260910034180e+00,1.662416458129882812e-01,-5.037606358528137207e-01,-3.198707997798919678e-01,-3.535149693489074707e-01,-8.116487264633178711e-01,-8.539570569992065430e-01,-9.420354366302490234e-01,-1.374832987785339355e+00,-3.104886710643768311e-01,-7.906888723373413086e-01,-9.384893178939819336e-01,-1.389959812164306641e+00,-1.486092686653137207e+00,-7.711983323097229004e-01,-1.115863323211669922e+00,4.251383841037750244e-01,-2.497282028198242188e-01,-2.784859538078308105e-01,-6.947696805000305176e-01,-2.770141363143920898e-01,-9.653182625770568848e-01,-9.762341976165771484e-01,-1.431384563446044922e+00,-7.680750489234924316e-01,-3.981191217899322510e-01
-1.314868330955505371e+00,-1.324693202972412109e+00,-1.789377570152282715e+00,-6.766222715377807617e-01,-1.556698322296142578e+00,-4.791977107524871826e-01,-8.699030876159667969e-01,-1.270179748535156250e+00,-1.827112317085266113e+00,-2.588665246963500977e+00,-1.483474612236022949e+00,-1.336425185203552246e+00,-6.704472899436950684e-01,-1.907046586275100708e-01,-1.564218997955322266e+00,-1.648837566375732422e+00,-9.548926353454589844e-01,-1.384335041046142578e+00,-8.040210604667663574e-02,-1.175526380538940430e+00,-4.901878833770751953e-01,-5.161840915679931641e-01,-4.867523908615112305e-01,-1.008168220520019531e+00,-6.246643662452697754e-01,5.920848250389099121e-01,-1.700637698173522949e+00,-6.884863972663879395e-01,-1.075673580169677734e+00,-1.370592594146728516e+00,-5.013481974601745605e-01,-2.424755334854125977e+00,-2.739256858825683594e+00,-2.017779827117919922e+00,-1.906502008438110352e+00,-1.075480222702026367e+00,-7.642459273338317871e-01,-1.724972844123840332e+00,-1.646372079849243164e+00,-8.992254734039306641e-01,-1.923049688339233398e+00,-3.025740981101989746e-01,-6.609602570533752441e-01,-8.606266975402832031e-01,-1.307276129722595215e+00,-5.150960683822631836e-01,-1.292045235633850098e+00,-7.131341695785522461e-01,-2.882871329784393311e-01,-1.091796517372131348e+00,-9.152096509933471680e-01,-5.436395406723022461e-01,-2.273023426532745361e-01
-7.079093456268310547e-01,-6.129177808761596680e-01,-1.419275641441345215e+00,-7.370827794075012207e-01,-1.164340496063232422e+00,-8.452143073081970215e-01,-3.671022653579711914e-01,-4.831426143646240234e-01,-1.729662775993347168e+00,-3.666417300701141357e-01,-2.027096271514892578e+00,-1.020333647727966309e+00,-5.406478047370910645e-01,1.457264900207519531e+00,9.423691034317016602e-01,-1.317792773246765137e+00,-1.617162823677062988e-01,-6.613468527793884277e-01,4.403356015682220459e-01,-1.612548589706420898e+00,1.902318745851516724e-01,-1.309853792190551758e+00,4.515827894210815430e-01,-1.296948671340942383e+00,-9.307038187980651855e-01,1.008966207504272461e+00,-1.700040578842163086e+00,-1.334840536117553711e+00,3.889255523681640625e-01,-2.437674403190612793e-01,3.398707509040832520e-01,-3.842465281486511230e-01,-1.785369664430618286e-01,-1.443027138710021973e+00,-8.517311215400695801e-01,-1.056108355522155762e+00,1.026781201362609863e+00,1.159766316413879395e+00,-1.640335798263549805e+00,-2.259768247604370117e+00,-1.875726342201232910e+00,2.619118392467498779e-01,2.192724347114562988e-01,1.698514938354492188e+00,-1.537755370140075684e+00,-1.643281459808349609e+00,-1.954628586769104004e+00,2.126072883605957031e+00,-1.127878904342651367e+00,-1.853213429450988770e+00,-2.076261281967163086e+00,-6.110421419143676758e-01,-1.319870710372924805e+00
3.948730528354644775e-01,1.325250983238220215e+00,3.348444998264312744e-01,1.187328219413757324e+00,1.142706274986267090e+00,7.257499694824218750e-01,2.041881233453750610e-01,7.490177154541015625e-01,4.732154011726379395e-01,1.136524677276611328e+00,-9.347673654556274414e-01,2.651375532150268555e-02,-1.400059342384338379e+00,-1.395803332328796387e+00,7.846885323524475098e-01,-2.104649990797042847e-01,-4.114868640899658203e-01,-9.405496716499328613e-01,-9.207829833030700684e-01,-1.230554819107055664e+00,9.900548458099365234e-01,-5.163950920104980469e-01,6.128097176551818848e-01,-3.353868424892425537e-01,-6.282940506935119629e-01,4.513734877109527588e-01,9.982395172119140625e-02,2.055004835128784180e-01,1.289808392524719238e+00,5.538977980613708496e-01,1.571416020393371582e+00,5.931649208068847656e-01,1.460986733436584473e+00,-4.414348006248474121e-01,-2.519468665122985840e-01,-1.333116054534912109e+00,-1.351640820503234863e+00,1.141863703727722168e+00,1.774130463600158691e-01,-1.243751406669616699e+00,-1.361673116683959961e+00,-1.208115220069885254e+00,-1.022902876138687134e-02,4.947391152381896973e-01,1.430342197418212891e-01,-4.823411107063293457e-01,1.362735331058502197e-01,7.278142571449279785e-01,-8.354054093360900879e-01,-5.981848835945129395e-01,-6.452662348747253418e-01,-4.862859547138214111e-01,-2.307281345129013062e-01
1.803117156028747559e+00,1.273583769798278809e+00,1.916707158088684082e+00,2.841154336929321289e+00,2.119688034057617188e+00,-8.878561854362487793e-02,1.196746349334716797e+00,1.853510975837707520e+00,7.995927333831787109e-01,4.554476439952850342e-01,5.276167988777160645e-01,1.727388858795166016e+00,-4.520995616912841797e-01,-7.151844501495361328e-01,-2.192402929067611694e-01,9.441182017326354980e-01,-3.451147973537445068e-01,1.117910981178283691e+00,8.689478039741516113e-03,7.434099912643432617e-01,-1.718802452087402344e+00,1.747853875160217285e+00,1.141180157661437988e+00,-4.275475144386291504e-01,9.508486986160278320e-01,-1.713196396827697754e+00,2.004712581634521484e+00,2.215680837631225586e+00,3.757302761077880859e-01,1.839496016502380371e+00,2.791094064712524414e+00,1.217342257499694824e+00,1.654144883155822754e+00,8.119203448295593262e-01,1.586336731910705566e+00,-1.208740770816802979e-01,-6.246271133422851562e-01,1.170289158821105957e+00,1.062469244003295898e+00,-1.151978746056556702e-01,7.570474743843078613e-01,1.690945774316787720e-01,3.192694485187530518e-01,-1.250258207321166992e+00,6.846690177917480469e-01,1.576586604118347168e+00,1.149730086326599121e+00,-8.513496518135070801e-01,-3.761511743068695068e-01,5.944193005561828613e-01,1.291302680969238281e+00,1.816432714462280273e+00,1.688398361206054688e+00
1.457236647605895996e+00,-5.402312874794006348e-01,6.894187927246093750e-01,-6.815658807754516602e-01,-8.475890159606933594e-01,5.510606169700622559e-01,1.695458650588989258e+00,-3.458074331283569336e-01,2.520104885101318359e+00,1.086841225624084473e+00,2.385633945465087891e+00,2.159098386764526367e+00,1.813756465911865234e+00,2.324301749467849731e-01,-1.522395253181457520e+00,1.385939598083496094e+00,-6.584439873695373535e-01,6.029639244079589844e-01,-4.764702320098876953e-01,1.408852815628051758e+00,-1.066847801208496094e+00,2.280752182006835938e+00,5.457037091255187988e-01,5.919207334518432617e-01,1.523243784904479980e+00,-1.527944326400756836e+00,1.675204992294311523e+00,1.773141860961914062e+00,4.590648412704467773e-01,1.672460675239562988e+00,-9.534265398979187012e-01,1.891471028327941895e+00,6.027569770812988281e-01,1.743298888206481934e+00,1.710540652275085449e+00,1.736424446105957031e+00,5.992721021175384521e-02,-1.886920213699340820e+00,1.314677596092224121e+00,2.591003894805908203e+00,1.116547822952270508e+00,-7.224013209342956543e-01,-9.914733767509460449e-01,-1.450136184692382812e+00,2.669422149658203125e+00,2.009286880493164062e+00,1.819577693939208984e+00,-1.611088037490844727e+00,1.383054494857788086e+00,1.753868579864501953e+00,1.110668301582336426e+00,2.217985391616821289e+00,2.436129331588745117e+00
5.850735306739807129e-01,-9.373647570610046387e-01,-6.230773329734802246e-01,-1.517075538635253906e+00,-1.769790053367614746e+00,-1.377810716629028320e+00,1.447672486305236816e+00,1.532377749681472778e-01,-9.812969565391540527e-01,-5.300859808921813965e-01,-2.267411500215530396e-01,-4.347907751798629761e-02,1.892292052507400513e-01,3.734963536262512207e-01,-1.637445092201232910e+00,-1.045139074325561523e+00,-6.213691830635070801e-01,1.116301894187927246e+00,-2.607311010360717773e-01,1.033073902130126953e+00,-1.378660202026367188e+00,7.257729172706604004e-01,2.235371619462966919e-01,4.854324460029602051e-01,1.581502914428710938e+00,7.565847784280776978e-02,-4.654149711132049561e-02,4.723707213997840881e-02,-6.702075004577636719e-01,1.213362336158752441e+00,-8.830019831657409668e-01,-3.109655678272247314e-01,-6.604787111282348633e-01,-5.169930458068847656e-01,-3.540401756763458252e-01,4.028653204441070557e-01,1.690565943717956543e-01,-2.624189853668212891e-01,-5.292900800704956055e-01,1.228708267211914062e+00,-6.507267355918884277e-01,9.470205754041671753e-02,-5.391358137130737305e-01,-7.102091908454895020e-01,1.517956495285034180e+00,7.973301410675048828e-01,-5.189374834299087524e-02,-5.500823855400085449e-01,-7.757945451885461807e-03,8.568087816238403320e-01,7.574823498725891113e-02,1.112114787101745605e+00,7.898533344268798828e-01
-8.538553714752197266e-01,-5.138692259788513184e-01,-2.805625200271606445e-01,1.133291482925415039e+00,-4.513586685061454773e-02,-1.996377855539321899e-01,-5.650390386581420898e-01,-4.129426181316375732e-01,-2.340606689453125000e+00,-2.056962013244628906e+00,-1.509370207786560059e+00,-1.610857486724853516e+00,-3.091651916503906250e+00,-2.654149293899536133e+00,-3.214072585105895996e-01,-2.874660730361938477e+00,-8.482071161270141602e-01,-1.340943336486816406e+00,-2.374347925186157227e+00,-1.867981791496276855e+00,1.732430100440979004e+00,-3.888968005776405334e-02,-2.988105297088623047e+00,-4.491812288761138916e-01,-1.257003545761108398e+00,7.457112073898315430e-01,-1.772486686706542969e+00,-1.441950917243957520e+00,7.837238907814025879e-02,-1.422272682189941406e+00,3.494901955127716064e-01,-1.967074751853942871e+00,-7.971069812774658203e-01,-1.556993722915649414e+00,-2.119308471679687500e+00,-2.909505128860473633e+00,-2.406398534774780273e+00,-5.170322060585021973e-01,-2.099954605102539062e+00,-1.291223287582397461e+00,-1.375290274620056152e+00,-2.777796506881713867e+00,-1.095578551292419434e+00,-2.770456019788980484e-03,-1.488046646118164062e+00,-1.185627803206443787e-01,-1.555314064025878906e+00,8.030641078948974609e-01,-4.662360548973083496e-01,-6.521404981613159180e-01,-1.588748455047607422e+00,-5.920274257659912109e-01,-6.238337755203247070e-01
-2.101616859436035156e+00,-1.884241104125976562e-01,8.362478613853454590e-01,-5.697591900825500488e-01,-1.754364728927612305e+00,-4.369914531707763672e-01,-2.504005670547485352e+00,-1.516116499900817871e+00,-1.739446520805358887e+00,-1.008790373802185059e+00,-3.092426300048828125e+00,-2.630712509155273438e+00,-1.820978164672851562e+00,5.105249881744384766e-01,2.266634702682495117e+00,-2.226257801055908203e+00,-6.379246711730957031e-01,-1.777085542678833008e+00,1.033191680908203125e+00,-2.080412626266479492e+00,1.729433774948120117e+00,-2.507206439971923828e+00,-1.158190146088600159e-01,-1.308721065521240234e+00,-1.491892457008361816e+00,3.060754537582397461e+00,-2.817113637924194336e+00,-2.657073020935058594e+00,1.193018436431884766e+00,-2.137929916381835938e+00,-1.131408333778381348e+00,-1.641611218452453613e+00,-1.682370066642761230e+00,-2.478337049484252930e+00,-3.381607770919799805e+00,-2.374776601791381836e+00,7.351947426795959473e-01,1.834835886955261230e+00,-2.715909957885742188e+00,-2.726519584655761719e+00,-1.996494770050048828e+00,1.255505084991455078e+00,-8.474090695381164551e-01,2.630910158157348633e+00,-1.601488351821899414e+00,-2.640968084335327148e+00,-3.092227220535278320e+00,2.043587923049926758e+00,-1.751817345619201660e+00,-2.028507232666015625e+00,-2.891500234603881836e+00,-3.012015581130981445e+00,-2.866765022277832031e+00
-1.125312447547912598e+00,1.830709576606750488e+00,1.280519843101501465e+00,9.755123257637023926e-01,7.407116889953613281e-01,2.055456638336181641e+00,-1.254971981048583984e+00,-6.903395652770996094e-01,8.069049715995788574e-01,1.437067389488220215e+00,1.681627780199050903e-01,-5.830923318862915039e-01,8.050419688224792480e-01,1.661750674247741699e+00,2.311078071594238281e+00,4.277351498603820801e-01,1.121610522270202637e+00,-1.373178720474243164e+00,5.427927970886230469e-01,-1.672066807746887207e+00,1.511359095573425293e+00,-2.026928901672363281e+00,-4.543489217758178711e-01,-8.581817150115966797e-01,-1.654840469360351562e+00,1.849435806274414062e+00,-4.913676679134368896e-01,-3.934138119220733643e-01,3.081073760986328125e+00,-7.928538918495178223e-01,3.942024335265159607e-02,1.259151458740234375e+00,6.887674331665039062e-01,9.749189019203186035e-02,-7.590468525886535645e-01,8.244550973176956177e-02,1.706154823303222656e+00,2.774672508239746094e-01,2.573139071464538574e-01,-5.430825054645538330e-02,-5.107312202453613281e-01,2.468048781156539917e-01,5.387811064720153809e-01,1.533480286598205566e+00,-6.993066519498825073e-02,-1.882866501808166504e+00,1.102487444877624512e-01,6.588010787963867188e-01,-9.453672915697097778e-02,-8.715334534645080566e-01,-5.651737451553344727e-01,-9.032168984413146973e-01,-7.281209826469421387e-01
1.677573919296264648e+00,1.555742770433425903e-01,2.574797272682189941e-01,1.403912663459777832e+00,1.432827353477478027e+00,-2.814030051231384277e-01,1.184537768363952637e+00,1.418285727500915527e+00,1.880381703376770020e+00,1.093407511711120605e+00,1.420371532440185547e+00,1.144173264503479004e+00,2.045677900314331055e+00,1.197614431381225586e+00,-5.787163376808166504e-01,2.008311748504638672e+00,8.876077532768249512e-01,1.751018404960632324e+00,6.909176111221313477e-01,2.013712882995605469e+00,-1.488327622413635254e+00,-4.630405828356742859e-02,3.185202360153198242e+00,1.410329699516296387e+00,1.881200551986694336e+00,-7.500410676002502441e-01,1.875007033348083496e+00,1.304883003234863281e+00,1.994918346405029297e+00,1.206593275070190430e+00,3.184137105941772461e+00,2.798460245132446289e+00,7.048348188400268555e-01,1.214717984199523926e+00,1.522397398948669434e+00,2.301727294921875000e+00,1.048757076263427734e+00,5.662904977798461914e-01,2.288159370422363281e+00,1.371904850006103516e+00,2.250990867614746094e+00,7.086352705955505371e-01,4.731420874595642090e-01,-4.145883619785308838e-01,1.279523849487304688e+00,2.797017097473144531e-01,1.680451154708862305e+00,2.719596326351165771e-01,1.815362572669982910e+00,1.821761250495910645e+00,1.225809454917907715e+00,5.605243444442749023e-01,7.818750143051147461e-01
2.155476331710815430e+00,-3.536419570446014404e-01,9.739243388175964355e-01,1.554349303245544434e+00,7.870197892189025879e-01,3.547068312764167786e-02,1.959172010421752930e+00,1.747026920318603516e+00,1.074273347854614258e+00,3.759735524654388428e-01,1.362260580062866211e+00,2.341613292694091797e+00,7.826978564262390137e-01,-2.053216218948364258e+00,-1.085621833801269531e+00,1.147806644439697266e+00,-4.495245218276977539e-01,1.814228534698486328e+00,-1.618620395660400391e+00,1.027458548545837402e+00,-1.414046168327331543e+00,3.209808826446533203e+00,-1.120613574981689453e+00,1.900432467460632324e+00,2.202658891677856445e+00,-2.504361867904663086e+00,1.694214463233947754e+00,1.912699222564697266e+00,1.163505673408508301e+00,1.964009404182434082e+00,8.171526193618774414e-01,8.073924779891967773e-01,1.266430020332336426e+00,1.218166470527648926e+00,1.388315916061401367e+00,1.197836637496948242e+00,-1.917160391807556152e+00,-1.866769075393676758e+00,1.463540196418762207e+00,1.365785598754882812e+00,1.429038286209106445e+00,-2.243340253829956055e+00,-7.956617474555969238e-01,-2.528866767883300781e+00,5.563358664512634277e-01,3.229947090148925781e+00,1.489766597747802734e+00,-7.280033826828002930e-01,1.896328806877136230e+00,2.814235448837280273e+00,8.521481156349182129e-01,2.364118337631225586e+00,2.385186433792114258e+00
9.063934087753295898e-01,-7.591126561164855957e-01,-3.014867007732391357e-01,-2.600778043270111084e-01,-9.466567039489746094e-01,-2.280227184295654297e+00,1.378974199295043945e+00,-3.556717038154602051e-01,-3.761539757251739502e-01,-8.649640083312988281e-01,6.217572689056396484e-01,5.374165177345275879e-01,1.324422240257263184e+00,4.252955615520477295e-01,-2.239303588867187500e+00,1.602305471897125244e-01,-6.473153233528137207e-01,7.659640908241271973e-01,8.472496271133422852e-01,1.015212297439575195e+00,-1.698856711387634277e+00,2.226532459259033203e+00,3.823392391204833984e-01,6.268460154533386230e-01,2.448678970336914062e+00,-8.872451782226562500e-01,7.976286411285400391e-01,1.102592229843139648e+00,-1.124365925788879395e+00,5.755818486213684082e-01,-9.448336958885192871e-01,-4.615859091281890869e-01,-1.191607952117919922e+00,1.023918271064758301e+00,7.619324326515197754e-01,1.499762058258056641e+00,-9.966861456632614136e-02,-2.548470497131347656e+00,1.803805381059646606e-01,1.299095511436462402e+00,8.536998033523559570e-01,7.401757836341857910e-01,-1.288700938224792480e+00,-1.505094528198242188e+00,1.254415631294250488e+00,2.503253221511840820e+00,6.881645917892456055e-01,-2.519240140914916992e+00,8.365847468376159668e-01,2.134460687637329102e+00,1.313058733940124512e+00,1.987433075904846191e+00,2.203494787216186523e+00
-1.828515976667404175e-01,-1.750830888748168945e+00,-5.396683812141418457e-01,-5.577793717384338379e-01,-7.653209567070007324e-01,-1.404719471931457520e+00,5.563403367996215820e-01,-2.265567183494567871e-01,-1.826336145401000977e+00,-1.847926139831542969e+00,-8.414308428764343262e-01,-9.371238350868225098e-01,-3.632697463035583496e-01,3.988630175590515137e-01,-5.553755164146423340e-01,-1.837783098220825195e+00,1.052637577056884766e+00,-3.105665743350982666e-01,3.501689732074737549e-01,-1.279086947441101074e+00,1.356821060180664062e-01,5.145850777626037598e-01,-1.728537678718566895e+00,9.239310026168823242e-01,-3.545464277267456055e-01,-5.415829364210367203e-03,-1.656994819641113281e+00,-9.997895359992980957e-01,-9.709292650222778320e-01,2.815279364585876465e-01,-1.558814287185668945e+00,-1.299505710601806641e+00,-1.625506401062011719e+00,-1.352791905403137207e+00,-7.070075273513793945e-01,2.699626088142395020e-01,1.208983138203620911e-01,-1.197720646858215332e+00,-1.442242503166198730e+00,4.616042077541351318e-01,-4.875710308551788330e-01,2.508621849119663239e-02,8.424183130264282227e-01,-3.868027627468109131e-01,1.002381801605224609e+00,4.538888633251190186e-01,-1.360877275466918945e+00,-7.084212303161621094e-01,-1.335986107587814331e-01,6.111168488860130310e-02,-1.090556502342224121e+00,2.900812923908233643e-01,4.928004741668701172e-01
-1.749547719955444336e+00,6.574367731809616089e-02,4.246861040592193604e-01,-5.979040861129760742e-01,-5.942202210426330566e-01,-2.967004477977752686e-01,-2.078269958496093750e+00,-4.139913022518157959e-01,-4.515849351882934570e-01,3.675474226474761963e-01,-1.550952911376953125e+00,-2.117410182952880859e+00,-2.427813529968261719e+00,-6.181667447090148926e-01,-1.091286778450012207e+00,-1.984431862831115723e+00,-2.819062709808349609e+00,-1.692179560661315918e+00,-1.404644608497619629e+00,-1.507874608039855957e+00,1.904729843139648438e+00,-8.283314108848571777e-01,-7.003386318683624268e-02,-8.093851208686828613e-01,-7.154346108436584473e-01,2.203095912933349609e+00,-1.837825775146484375e+00,-2.161891460418701172e+00,8.298515677452087402e-01,-1.666886210441589355e+00,-2.005228996276855469e+00,-6.347699761390686035e-01,-3.766694664955139160e-01,-1.022921204566955566e+00,-1.958972930908203125e+00,-2.299282312393188477e+00,-1.523821353912353516e+00,8.423660397529602051e-01,-1.803077220916748047e+00,-1.227752089500427246e+00,-1.349654197692871094e+00,-1.217461347579956055e+00,-2.230431556701660156e+00,1.310458660125732422e+00,-4.077807962894439697e-01,-7.449496388435363770e-01,-1.454403519630432129e+00,2.708173990249633789e+00,-1.670612573623657227e+00,-1.008421540260314941e+00,-1.561774015426635742e+00,-2.129388093948364258e+00,-1.290666222572326660e+00
-1.470483899116516113e+00,-1.112387657165527344e+00,1.736678481101989746e-01,3.300827741622924805e-02,-9.787037372589111328e-01,-3.361253738403320312e-01,-1.751616358757019043e+00,-1.477336049079895020e+00,6.861909627914428711e-01,6.180832386016845703e-01,-3.915384411811828613e-01,-4.460502564907073975e-01,5.706110969185829163e-02,1.293485164642333984e+00,9.619104266166687012e-01,-8.685857057571411133e-02,3.472905158996582031e-01,-1.437823653221130371e+00,1.459067463874816895e+00,-4.477391541004180908e-01,1.175156712532043457e+00,-1.507947325706481934e+00,1.144988059997558594e+00,-1.213763594627380371e+00,-1.638209819793701172e+00,4.877974987030029297e-01,-7.088887095451354980e-01,-8.101909160614013672e-01,2.708372771739959717e-01,-1.254109144210815430e+00,-1.570124030113220215e+00,1.148119688034057617e+00,-2.766734957695007324e-01,-1.117128014564514160e+00,4.283503890037536621e-01,-5.011132955551147461e-01,8.414824604988098145e-01,6.883805990219116211e-01,-2.057700157165527344e-01,-7.754701972007751465e-01,-1.158120274543762207e+00,1.308483123779296875e+00,1.740914732217788696e-01,8.120905756950378418e-01,1.484916079789400101e-02,-1.044136762619018555e+00,-2.169851511716842651e-01,-7.065665125846862793e-01,-1.219213724136352539e+00,-1.046234726905822754e+00,-4.406170845031738281e-01,-1.247051835060119629e+00,-1.828753054141998291e-01
5.559358596801757812e-01,-5.726407766342163086e-01,-6.885985136032104492e-01,9.456247687339782715e-01,-4.377766698598861694e-02,-1.878069639205932617e+00,7.197192907333374023e-01,1.149379730224609375e+00,5.480335950851440430e-01,-1.187097653746604919e-01,-2.680993974208831787e-01,1.238446831703186035e+00,1.167599439620971680e+00,7.505263090133666992e-01,-8.690214157104492188e-01,1.193291664123535156e+00,-1.667054444551467896e-01,8.159395307302474976e-02,-5.407171249389648438e-01,9.882363677024841309e-01,-2.042674541473388672e+00,3.877139687538146973e-01,1.024157643318176270e+00,5.494048595428466797e-01,7.807626724243164062e-01,-1.029897809028625488e+00,1.317905426025390625e+00,1.439734220504760742e+00,-2.917824313044548035e-02,4.399361312389373779e-01,3.419149816036224365e-01,7.533825039863586426e-01,-5.155227184295654297e-01,4.095476865768432617e-01,8.694022893905639648e-01,1.321411132812500000e+00,6.966016292572021484e-01,-8.761737346649169922e-01,1.373179435729980469e+00,1.076253175735473633e+00,7.758044004440307617e-01,-4.538625776767730713e-01,-3.486943989992141724e-02,-2.096918582916259766e+00,1.881274461746215820e+00,1.034654617309570312e+00,1.294119119644165039e+00,-9.471852183341979980e-01,9.203026890754699707e-01,1.267037868499755859e+00,1.332798480987548828e+00,6.737068891525268555e-01,1.508561968803405762e+00
9.125819206237792969e-01,-5.984303727746009827e-02,1.110133051872253418e+00,5.238523483276367188e-01,7.964786887168884277e-01,-5.496866703033447266e-01,1.122783303260803223e+00,3.129434585571289062e-02,-1.453266441822052002e-01,-5.119398832321166992e-01,-1.849715709686279297e-01,8.289808034896850586e-01,-1.258375525474548340e+00,-2.400071620941162109e+00,2.408861517906188965e-01,-7.483390569686889648e-01,4.604781568050384521e-01,6.593086719512939453e-01,-1.392608880996704102e+00,4.385147392749786377e-01,-1.834486494772136211e-03,1.804152846336364746e+00,-6.003800630569458008e-01,1.713255286216735840e+00,1.270633578300476074e+00,-1.141085386276245117e+00,7.339843511581420898e-01,6.257531046867370605e-01,9.188916683197021484e-01,6.393897533416748047e-01,6.375778913497924805e-01,-5.850226059556007385e-02,6.639592051506042480e-01,1.461642980575561523e-01,8.746802061796188354e-02,-4.703943133354187012e-01,-2.486689329147338867e+00,1.001875638961791992e+00,3.575816154479980469e-01,1.034342765808105469e+00,5.261661410331726074e-01,-1.453403592109680176e+00,1.124574542045593262e+00,-1.156255125999450684e+00,8.407332897186279297e-01,1.411178588867187500e+00,5.447944402694702148e-01,1.164843291044235229e-01,1.607655286788940430e+00,1.218888163566589355e+00,5.494148135185241699e-01,1.426062226295471191e+00,1.337944269180297852e+00
2.202083766460418701e-01,7.091774344444274902e-01,-1.334600299596786499e-01,-5.375237464904785156e-01,-7.918705344200134277e-01,-4.559080302715301514e-02,1.300163716077804565e-01,-9.459308981895446777e-01,-3.731105923652648926e-01,-6.664890050888061523e-01,6.958169341087341309e-01,-9.598095417022705078e-01,6.110176444053649902e-01,5.854606032371520996e-01,-1.054475069046020508e+00,-8.963773846626281738e-01,-4.835608303546905518e-01,-1.578913480043411255e-01,3.718076944351196289e-01,1.615496873855590820e-01,4.940883442759513855e-02,5.544252395629882812e-01,1.403730809688568115e-01,1.701708300970494747e-03,9.277204871177673340e-01,3.810189664363861084e-02,-6.666806936264038086e-01,-3.966725170612335205e-01,1.789722740650177002e-01,-5.553577542304992676e-01,-6.411530971527099609e-01,-6.916131377220153809e-01,-1.182867050170898438e+00,-4.565693438053131104e-01,-1.374023675918579102e+00,5.513745546340942383e-01,9.729279279708862305e-01,-7.146523594856262207e-01,-8.966680765151977539e-01,-2.014409005641937256e-01,-8.756377547979354858e-02,1.911478787660598755e-01,-6.129168439656496048e-03,-5.139626264572143555e-01,-4.512706398963928223e-01,3.428025841712951660e-01,-6.344127655029296875e-01,9.768133163452148438e-01,1.300247073173522949e+00,9.809299111366271973e-01,-1.458367705345153809e-01,8.233169317245483398e-01,-3.552683815360069275e-02
-8.312608003616333008e-01,-1.772495865821838379e+00,-2.291370868682861328e+00,-2.131115436553955078e+00,-1.622037410736083984e+00,-9.812997579574584961e-01,1.927099525928497314e-01,-8.716782927513122559e-01,-7.996335625648498535e-01,-8.264075517654418945e-01,-8.388693332672119141e-01,-9.098198264837265015e-02,2.378512360155582428e-02,-7.191757112741470337e-02,-4.219076037406921387e-01,-7.029776573181152344e-01,8.876327276229858398e-01,2.157647311687469482e-01,-3.928111493587493896e-01,2.966739982366561890e-02,-4.009051918983459473e-01,4.123208299279212952e-02,-1.016649529337882996e-01,1.219255208969116211e+00,-9.757369756698608398e-02,1.590025871992111206e-01,-8.175529837608337402e-01,-7.882682085037231445e-01,-9.658927917480468750e-01,6.473532915115356445e-01,-9.287275075912475586e-01,-1.247384548187255859e+00,-1.198664188385009766e+00,-1.376359939575195312e+00,-1.547368913888931274e-01,2.104158047586679459e-03,-6.781324744224548340e-01,-1.826930761337280273e+00,-1.071141362190246582e+00,7.972540706396102905e-02,-1.333263516426086426e+00,-6.671845912933349609e-01,3.983464539051055908e-01,-1.080933690071105957e+00,-7.072600126266479492e-01,1.650074571371078491e-01,-7.254096269607543945e-01,-1.380925178527832031e+00,6.363699436187744141e-01,-2.331050336360931396e-01,-3.365184366703033447e-01,-7.765173912048339844e-02,3.777067065238952637e-01
-1.906227111816406250e+00,-1.628179788589477539e+00,-3.592368662357330322e-01,-3.554058670997619629e-01,-7.376072406768798828e-01,-6.942669749259948730e-01,-9.082269072532653809e-01,-5.093390941619873047e-01,-1.321175456047058105e+00,-1.327268958091735840e+00,-1.266194224357604980e+00,-1.050247788429260254e+00,-2.167328357696533203e+00,-2.110628604888916016e+00,-2.006843805313110352e+00,-1.657413005828857422e+00,-2.277920246124267578e+00,-2.281613826751708984e+00,-2.018393754959106445e+00,-1.521234154701232910e+00,9.421551227569580078e-01,-7.484264671802520752e-02,-1.430206775665283203e+00,-8.651012778282165527e-01,-9.612356424331665039e-01,1.234308004379272461e+00,-1.612273335456848145e+00,-1.181632995605468750e+00,-1.489874601364135742e+00,-9.593417644500732422e-01,-1.228921413421630859e+00,-1.538645267486572266e+00,-1.924079895019531250e+00,-1.668999075889587402e+00,-1.209211826324462891e+00,-2.420250177383422852e+00,-3.050944566726684570e+00,-8.154789805412292480e-01,-1.749920606613159180e+00,-7.682992219924926758e-01,-2.363030910491943359e+00,-2.242641210556030273e+00,-1.883189082145690918e+00,-3.777873814105987549e-01,-1.461182832717895508e+00,-2.614235579967498779e-01,-1.242201328277587891e+00,1.083561658859252930e+00,-1.216136097908020020e+00,-1.157678961753845215e+00,-1.275751471519470215e+00,-1.439697504043579102e+00,-1.092676520347595215e+00
-1.530241847038269043e+00,-5.731838569045066833e-02,-5.995196104049682617e-02,3.243881464004516602e-01,-2.240300923585891724e-01,-3.794206976890563965e-01,-2.034007787704467773e+00,-1.071757793426513672e+00,-4.826315045356750488e-01,-5.536500215530395508e-01,-1.506958365440368652e+00,-1.161414146423339844e+00,-1.161429643630981445e+00,5.387706160545349121e-01,1.347784876823425293e+00,-1.373071670532226562e+00,-7.214524745941162109e-01,-3.050997257232666016e+00,6.826615333557128906e-01,-1.651966452598571777e+00,1.632498621940612793e+00,-1.565210342407226562e+00,-3.080483898520469666e-02,-2.227568387985229492e+00,-2.015682458877563477e+00,1.021014332771301270e+00,-1.598868489265441895e+00,-1.508152723312377930e+00,1.644760817289352417e-01,-1.880840182304382324e+00,-2.536585927009582520e-01,-2.969781160354614258e-01,-1.490229010581970215e+00,-2.147877931594848633e+00,-1.410142898559570312e+00,-1.817268371582031250e+00,5.644292831420898438e-01,9.383832812309265137e-01,-1.609269380569458008e+00,-1.255607366561889648e+00,-2.925018787384033203e+00,4.586996734142303467e-01,-1.366548776626586914e+00,1.459847927093505859e+00,-3.597642779350280762e-01,-1.690488100051879883e+00,-1.552029490470886230e+00,2.855626046657562256e-01,-1.905403852462768555e+00,-1.912127375602722168e+00,-1.658966779708862305e+00,-1.838742494583129883e+00,-1.601467728614807129e+00
-1.502232432365417480e+00,8.920091390609741211e-01,-7.591852545738220215e-01,1.886218488216400146e-01,-2.719551324844360352e-01,3.013584017753601074e-01,-1.157872378826141357e-01,-8.269102573394775391e-01,1.143883109092712402e+00,2.009332627058029175e-01,-2.822718918323516846e-01,2.868444621562957764e-01,1.360638260841369629e+00,8.415195941925048828e-01,-4.293891787528991699e-02,8.608858585357666016e-01,5.386666655540466309e-01,-2.912843823432922363e-01,1.137429326772689819e-01,9.965799003839492798e-02,6.005759350955486298e-03,-1.096995234489440918e+00,5.446618795394897461e-01,2.902674376964569092e-01,-4.983938932418823242e-01,2.636208534240722656e-01,5.394499301910400391e-01,4.277699589729309082e-01,1.644370555877685547e+00,-2.617518007755279541e-01,-3.308265209197998047e-01,9.169182777404785156e-01,-2.845720946788787842e-01,-3.214372396469116211e-01,5.992663502693176270e-01,9.367080926895141602e-01,9.411858320236206055e-01,-5.640798807144165039e-01,6.569655537605285645e-01,1.993533596396446228e-02,-2.713098227977752686e-01,-1.329874545335769653e-01,9.189628064632415771e-02,1.012110352516174316e+00,2.488609403371810913e-01,-8.809893727302551270e-01,5.753984441980719566e-04,-9.465336799621582031e-02,1.161699414253234863e+00,-2.555709183216094971e-01,2.865850031375885010e-01,1.002345532178878784e-01,1.694225668907165527e-01
-3.577741384506225586e-01,3.568418025970458984e-01,5.323002934455871582e-01,9.227296710014343262e-02,-9.513295292854309082e-01,1.465942859649658203e+00,1.563545107841491699e+00,1.769624114036560059e+00,-7.788200676441192627e-02,-7.023930549621582031e-01,-3.786373436450958252e-01,3.893976807594299316e-01,4.579878449440002441e-01,2.480012178421020508e-01,-1.621889948844909668e+00,1.078355908393859863e-01,5.199479460716247559e-01,3.484068512916564941e-01,2.537008821964263916e-01,-3.667746856808662415e-02,-1.058568596839904785e+00,8.497285842895507812e-01,-7.755994200706481934e-01,2.137555122375488281e+00,9.918655753135681152e-01,-4.660782451537670568e-06,-3.841864466667175293e-01,-3.401139080524444580e-01,1.701574802398681641e+00,1.374225974082946777e+00,-1.061514735221862793e+00,6.915110349655151367e-01,-8.318639993667602539e-01,9.824371337890625000e-02,-2.499614804983139038e-01,8.002530336380004883e-01,-1.806592792272567749e-01,-1.022059917449951172e+00,1.792377680540084839e-01,4.266576170921325684e-01,5.524133443832397461e-01,-1.158316805958747864e-01,9.481897354125976562e-01,-9.002335667610168457e-01,3.732596635818481445e-01,8.384160399436950684e-01,-2.913314402103424072e-01,1.007229566574096680e+00,2.077005863189697266e+00,1.253715872764587402e+00,-1.305824041366577148e+00,4.614412412047386169e-02,2.034072279930114746e-01
-9.084562063217163086e-01,8.510276079177856445e-01,1.239851474761962891e+00,1.145198345184326172e+00,6.613863706588745117e-01,2.760748565196990967e-01,-4.242464900016784668e-01,1.151405945420265198e-01,-7.137039303779602051e-01,-4.707149565219879150e-01,-2.440173774957656860e-01,-8.275815248489379883e-01,-1.757043242454528809e+00,-5.699532628059387207e-01,-1.388765215873718262e+00,-1.774299979209899902e+00,-2.662710666656494141e+00,-1.332978367805480957e+00,-1.652995824813842773e+00,-1.372933864593505859e+00,1.168303608894348145e+00,3.874216675758361816e-01,-6.451413631439208984e-01,-7.519779205322265625e-01,-2.857445180416107178e-01,1.180799961090087891e+00,-1.304798960685729980e+00,-1.549278020858764648e+00,8.317100405693054199e-01,-8.665996789932250977e-01,9.922937154769897461e-01,-7.455975413322448730e-01,-1.870076954364776611e-01,-8.391494154930114746e-01,-1.141018033027648926e+00,-1.438758492469787598e+00,-3.749510273337364197e-02,-5.271669626235961914e-01,-1.515010356903076172e+00,-7.357270121574401855e-01,-1.049182653427124023e+00,-1.711681127548217773e+00,-2.856266736984252930e+00,6.023234724998474121e-01,-7.953396439552307129e-02,5.656390190124511719e-01,-1.306058645248413086e+00,9.428189992904663086e-01,-1.340834379196166992e+00,-3.356979489326477051e-01,-1.811951756477355957e+00,-7.659041285514831543e-01,-8.483647555112838745e-02
-1.454722523689270020e+00,4.462614357471466064e-01,1.432457566261291504e-01,-9.320408701896667480e-01,-1.432455420494079590e+00,4.547351598739624023e-02,-7.263690233230590820e-01,-1.740443944931030273e+00,4.509925842285156250e-01,-1.029152154922485352e+00,-1.116953015327453613e+00,-1.173065066337585449e+00,-2.325757741928100586e-01,1.250514149665832520e+00,1.665392518043518066e+00,-3.582654297351837158e-01,1.677370429039001465e+00,-1.009968280792236328e+00,1.872648477554321289e+00,5.518992543220520020e-01,-8.205614238977432251e-02,-8.908580541610717773e-01,2.483175516128540039e+00,1.557465791702270508e-01,-6.114960908889770508e-01,-9.395205229520797729e-02,-3.840516209602355957e-01,2.755274474620819092e-01,1.224965810775756836e+00,-4.218024611473083496e-01,-2.401750087738037109e+00,1.746389567852020264e-01,-4.453094005584716797e-01,-1.244987010955810547e+00,-5.347720980644226074e-01,-1.862903833389282227e-01,9.328308105468750000e-01,1.212991356849670410e+00,-4.351139962673187256e-01,-7.679008245468139648e-01,-1.465988039970397949e+00,1.815087676048278809e+00,1.394546627998352051e+00,7.623236179351806641e-01,8.800771832466125488e-01,-1.383140921592712402e+00,-8.296046853065490723e-01,-4.776540398597717285e-01,2.631317675113677979e-01,-1.049670219421386719e+00,-5.323837995529174805e-01,-2.595567107200622559e-01,-5.096448659896850586e-01
-1.084603592753410339e-01,1.703111976385116577e-01,1.005382657051086426e+00,2.044901609420776367e+00,8.863946795463562012e-01,3.721657097339630127e-01,8.539569377899169922e-01,2.022049188613891602e+00,1.187327876687049866e-01,1.232867240905761719e-01,-5.147156715393066406e-01,8.948845416307449341e-02,4.870650172233581543e-01,3.565292656421661377e-01,1.508924365043640137e-01,3.611968755722045898e-01,1.185619354248046875e+00,-1.837037270888686180e-03,1.834287196397781372e-01,-6.876841783523559570e-01,1.436970680952072144e-01,-2.504047006368637085e-02,-1.829053044319152832e+00,7.293296456336975098e-01,-3.930127024650573730e-01,-6.870878934860229492e-01,-1.837392523884773254e-02,-3.204568326473236084e-01,-6.692782640457153320e-01,3.256592452526092529e-01,4.429766535758972168e-01,-1.899536848068237305e-01,1.767728924751281738e-01,4.292748570442199707e-01,7.099177837371826172e-01,9.781438112258911133e-01,2.022214680910110474e-01,-2.097335457801818848e-01,8.340100049972534180e-01,-5.035624504089355469e-01,-1.028890013694763184e-01,-2.357868552207946777e-01,9.676579236984252930e-01,-6.848319172859191895e-01,-1.305076241493225098e+00,-6.737839430570602417e-02,3.590846061706542969e-01,2.187299355864524841e-02,5.941665768623352051e-01,1.100940406322479248e-01,-6.564038991928100586e-02,-2.774836868047714233e-02,3.044507233425974846e-03
-8.030901551246643066e-01,-9.824121743440628052e-02,2.943201065063476562e-01,-5.176911130547523499e-02,-2.364964187145233154e-01,6.293910145759582520e-01,-8.191999197006225586e-01,-4.627442955970764160e-01,-5.189070105552673340e-01,-1.244851350784301758e+00,-1.157825231552124023e+00,-1.420512318611145020e+00,-1.867629170417785645e+00,-1.322709798812866211e+00,-2.897697687149047852e-01,-1.392211794853210449e+00,-1.018463730812072754e+00,-1.057610511779785156e+00,-9.023927450180053711e-01,-8.651747703552246094e-01,1.668509095907211304e-02,-5.481065511703491211e-01,8.602004498243331909e-02,1.985737979412078857e-01,5.106908734887838364e-03,1.767820835113525391e+00,-8.098682761192321777e-01,-1.524802803993225098e+00,1.701073050498962402e-01,-9.822535514831542969e-01,-1.089134097099304199e+00,-1.536118268966674805e+00,-8.729462623596191406e-01,-1.377095460891723633e+00,-1.440120935440063477e+00,-1.403439283370971680e+00,-1.375998377799987793e+00,5.693247914314270020e-01,-1.063492178916931152e+00,-5.353697538375854492e-01,-1.114933848381042480e+00,-7.564309239387512207e-01,-8.696159720420837402e-01,-4.760575294494628906e-01,-6.079060435295104980e-01,-4.216212928295135498e-01,-6.807563304901123047e-01,9.131225943565368652e-01,-5.173296332359313965e-01,-4.048958420753479004e-01,-1.344334244728088379e+00,-1.685764670372009277e+00,-1.428721904754638672e+00
