1.621429324150085449e+00,-8.697598576545715332e-01,-9.471054077148437500e-01,-1.106401830911636353e-01,-5.603899955749511719e-01,-1.454922199249267578e+00,1.731510281562805176e+00,7.505180239677429199e-01,2.199425548315048218e-01,-5.682138800621032715e-01,-1.488690018653869629e+00,6.145538091659545898e-01,1.398748278617858887e+00,1.381590843200683594e+00,-1.900255918502807617e+00,5.029152706265449524e-02,7.758086919784545898e-02,-1.085941568017005920e-01,5.816805362701416016e-01,1.138377547264099121e+00,-2.750471353530883789e+00,2.875058174133300781e+00,-4.235264956951141357e-01,1.096072793006896973e+00,2.844731807708740234e+00,-1.039755463600158691e+00,2.130046844482421875e+00,2.657953739166259766e+00,1.066361188888549805e+00,2.366937398910522461e+00,1.668875813484191895e+00,1.154623746871948242e+00,-6.643245816230773926e-01,-5.222840905189514160e-01,1.520740628242492676e+00,9.997900128364562988e-01,-3.390959501266479492e-01,-1.058373570442199707e+00,2.485072612762451172e-01,8.837321400642395020e-01,1.508697718381881714e-01,9.200583100318908691e-01,6.310874223709106445e-01,-2.437151432037353516e+00,-2.162416577339172363e-01,2.110544443130493164e+00,1.035011768341064453e+00,-7.474387884140014648e-01,2.044399023056030273e+00,6.789661645889282227e-01,1.910152673721313477e+00,7.517195343971252441e-01,-9.095280170440673828e-01
-4.096559584140777588e-01,-1.581639051437377930e+00,-2.196124792098999023e-01,-9.978982806205749512e-01,-1.841015100479125977e+00,-1.438359141349792480e+00,-2.475111484527587891e-01,-7.796351313591003418e-01,-1.339506268501281738e+00,-1.764161944389343262e+00,-1.779836773872375488e+00,-1.065945386886596680e+00,-6.596353054046630859e-01,1.015283107757568359e+00,-2.536106824874877930e+00,-7.567531466484069824e-01,-3.253650903701782227e+00,-7.477673888206481934e-01,-1.602424144744873047e+00,-7.428921759128570557e-02,-1.880193591117858887e+00,2.924853563308715820e+00,-1.482573628425598145e+00,-1.220094799995422363e+00,2.233796358108520508e+00,-2.045694589614868164e+00,1.258083581924438477e-01,-4.739857017993927002e-01,6.202958226203918457e-01,-4.606077671051025391e-01,-9.851958751678466797e-01,4.368088021874427795e-02,-2.010976076126098633e+00,-1.297245979309082031e+00,2.544747292995452881e-01,-1.281223535537719727e+00,-2.046907901763916016e+00,1.616356149315834045e-02,-1.285198181867599487e-01,3.474674001336097717e-02,-1.018976569175720215e+00,2.733670175075531006e-01,-2.239774465560913086e+00,-2.153303146362304688e+00,-1.050485849380493164e+00,2.196414709091186523e+00,2.962312698364257812e-01,-1.546906709671020508e+00,-8.030329644680023193e-02,-4.735552668571472168e-01,9.428947567939758301e-01,3.015731275081634521e-01,-8.622610569000244141e-01
-9.616131782531738281e-01,-1.243021845817565918e+00,-1.018448591232299805e+00,-9.582754373550415039e-01,-1.352501630783081055e+00,-1.899060845375061035e+00,-3.029176294803619385e-01,-4.578936994075775146e-01,-2.451199054718017578e+00,-1.505447506904602051e+00,-1.882342934608459473e+00,-9.108724594116210938e-01,5.154337882995605469e-01,1.546743392944335938e+00,-3.540056467056274414e+00,-9.018669128417968750e-01,-1.090243220329284668e+00,-7.443221211433410645e-01,-1.808163821697235107e-01,-2.870758771896362305e-01,-1.774032354354858398e+00,2.037729501724243164e+00,-2.787097692489624023e+00,-2.757191061973571777e-01,2.233751058578491211e+00,-1.183516860008239746e+00,-3.204382956027984619e-01,1.981156766414642334e-01,3.212828934192657471e-01,4.200667440891265869e-01,2.458998262882232666e-01,-6.531310081481933594e-01,-2.049829006195068359e+00,-1.323531985282897949e+00,-4.157713055610656738e-01,-2.593472599983215332e-01,-1.960812211036682129e+00,-8.832235932350158691e-01,-6.074550747871398926e-01,-1.357950210571289062e+00,-4.948657453060150146e-01,9.820892214775085449e-01,2.233785390853881836e-01,-1.142394304275512695e+00,-3.448108434677124023e+00,1.266737222671508789e+00,-9.877806305885314941e-01,-6.359015703201293945e-01,1.574210762977600098e+00,-3.030577898025512695e-01,5.958842635154724121e-01,-5.319983363151550293e-01,-1.100053787231445312e+00
-1.191966414451599121e+00,-1.566671609878540039e+00,-1.968003034591674805e+00,-1.753569602966308594e+00,-1.160641431808471680e+00,-1.501061439514160156e+00,-9.213925004005432129e-01,-8.119131922721862793e-01,-7.707152962684631348e-01,-1.092079877853393555e+00,-1.210388541221618652e+00,-8.216941356658935547e-01,-6.464048027992248535e-01,9.106267094612121582e-01,-8.421257734298706055e-01,-4.114736020565032959e-01,-5.085387229919433594e-01,-8.204366564750671387e-01,-1.003395393490791321e-01,8.646590113639831543e-01,-1.472671151161193848e+00,9.915112257003784180e-01,-9.180850982666015625e-01,-1.342970877885818481e-01,1.205426454544067383e+00,-1.137685060501098633e+00,3.856794536113739014e-01,4.989366531372070312e-01,-1.767728924751281738e-01,-1.362618207931518555e+00,-1.074766874313354492e+00,-4.402036964893341064e-02,-1.578401684761047363e+00,-1.127021312713623047e+00,-8.804679512977600098e-01,-1.078407287597656250e+00,-2.068167686462402344e+00,-3.138448596000671387e-01,-3.694878192618489265e-03,-5.142795443534851074e-01,-7.610489726066589355e-01,4.782877266407012939e-01,-3.599595129489898682e-01,-1.478318214416503906e+00,-3.187793791294097900e-01,1.239243268966674805e+00,-1.491449177265167236e-01,-1.312552571296691895e+00,1.029023155570030212e-01,-9.805824756622314453e-01,1.471431732177734375e+00,4.917839467525482178e-01,-4.589398503303527832e-01
-1.105460643768310547e+00,-7.434610724449157715e-01,-1.051479220390319824e+00,-2.105155229568481445e+00,-1.388231277465820312e+00,-2.248411774635314941e-01,-7.521862983703613281e-01,-5.493216514587402344e-01,-6.557957530021667480e-01,-7.931157946586608887e-01,-2.007558107376098633e+00,-5.415436029434204102e-01,-5.120754241943359375e-01,1.555703878402709961e+00,-6.738342344760894775e-02,-5.013315081596374512e-01,-3.356373906135559082e-01,-1.791296482086181641e+00,-2.823593467473983765e-02,-3.443436920642852783e-01,-1.487007379531860352e+00,7.350578308105468750e-01,-1.876385450363159180e+00,-2.886472940444946289e-01,9.159647822380065918e-01,-1.690646648406982422e+00,9.076968431472778320e-01,1.382599353790283203e+00,4.114640057086944580e-01,-1.083762049674987793e+00,-3.653233051300048828e-01,9.118667244911193848e-02,-9.015793800354003906e-01,-1.360550284385681152e+00,-5.028626322746276855e-01,-6.753797531127929688e-01,-5.862686038017272949e-01,4.348745942115783691e-01,8.257946372032165527e-02,-1.099195957183837891e+00,-9.154965877532958984e-01,4.722648262977600098e-01,1.787932366132736206e-01,-1.077154278755187988e+00,-6.280664205551147461e-01,9.217611551284790039e-01,3.314444124698638916e-01,-1.022811532020568848e+00,4.310929775238037109e-01,-1.188735842704772949e+00,1.244092822074890137e+00,6.807200312614440918e-01,-2.930600941181182861e-01
-1.118549823760986328e+00,-1.051825523376464844e+00,-1.158706784248352051e+00,-1.155912518501281738e+00,-5.615515112876892090e-01,-1.456089258193969727e+00,-6.024445295333862305e-01,-4.267012774944305420e-01,-7.986879944801330566e-01,-9.682699441909790039e-01,-1.733021616935729980e+00,2.228112369775772095e-01,-1.573710292577743530e-01,1.765076994895935059e+00,-2.376409292221069336e+00,-6.886234283447265625e-01,-6.179635524749755859e-01,-9.541198611259460449e-01,-1.260159969329833984e+00,-1.273695528507232666e-01,-1.381125926971435547e+00,1.725392699241638184e+00,-1.732876539230346680e+00,1.118192791938781738e+00,1.980012059211730957e+00,-1.483754754066467285e+00,8.268464803695678711e-01,1.512159407138824463e-01,7.118229269981384277e-01,-1.575267314910888672e+00,-8.403027653694152832e-01,4.842240810394287109e-01,-1.365659475326538086e+00,-1.319344878196716309e+00,-1.527518987655639648e+00,-5.870087742805480957e-01,-8.930460810661315918e-01,-6.481411308050155640e-02,-2.910304069519042969e-01,-7.055488824844360352e-01,-1.160701632499694824e+00,1.104587316513061523e-01,1.041106462478637695e+00,-1.141107797622680664e+00,-9.843047857284545898e-01,1.388238072395324707e+00,-1.501742005348205566e-01,-8.778409361839294434e-01,1.573339462280273438e+00,-2.194219976663589478e-01,4.382670521736145020e-01,-6.311635971069335938e-01,-7.523362040519714355e-01
-6.876205801963806152e-01,-1.632291436195373535e+00,-1.435456037521362305e+00,-3.281313478946685791e-01,-2.783528566360473633e-01,-2.094452381134033203e+00,-4.877357780933380127e-01,3.115376830101013184e-01,-1.566220164299011230e+00,-8.990584611892700195e-01,-1.820135593414306641e+00,-7.430493831634521484e-02,-1.037685990333557129e+00,1.643904328346252441e+00,-6.086159944534301758e-01,-1.333985090255737305e+00,-1.280936956405639648e+00,-1.276540517807006836e+00,1.171278238296508789e+00,-1.664121150970458984e+00,-1.298596978187561035e+00,1.972577691078186035e+00,-2.047642946243286133e+00,-1.050971388816833496e+00,1.647595524787902832e+00,-2.155858755111694336e+00,-3.239657878875732422e-01,4.313969910144805908e-01,6.329127550125122070e-01,-7.704979777336120605e-01,4.533764421939849854e-01,-1.058367371559143066e+00,-1.345025777816772461e+00,-1.749923944473266602e+00,-1.805764913558959961e+00,-1.706259846687316895e+00,-1.384589433670043945e+00,1.975602865219116211e+00,-1.413515210151672363e+00,-1.600821971893310547e+00,-1.281104087829589844e+00,2.120478153228759766e+00,1.025801058858633041e-02,-1.191800355911254883e+00,-1.818814277648925781e+00,1.318008184432983398e+00,-7.950723171234130859e-01,-1.322473883628845215e+00,-2.425868250429630280e-02,-6.174809336662292480e-01,2.223598062992095947e-01,6.898350715637207031e-01,-3.930572271347045898e-01
-1.279858350753784180e+00,-1.107592344284057617e+00,-2.098776340484619141e+00,-2.110009193420410156e+00,-1.573231101036071777e+00,-1.080138325691223145e+00,-1.528295427560806274e-01,-9.180984497070312500e-01,-5.984035134315490723e-01,-1.654680371284484863e+00,-1.977566123008728027e+00,-8.403791189193725586e-01,-4.461870193481445312e-01,5.573433637619018555e-01,-2.296502113342285156e+00,-1.186500310897827148e+00,-1.564294219017028809e+00,-1.284250497817993164e+00,-7.261030673980712891e-01,-3.923835605382919312e-02,-7.298283576965332031e-01,1.680063247680664062e+00,-1.342892527580261230e+00,-2.530690431594848633e-01,2.347901821136474609e+00,-1.421920895576477051e+00,-5.510134696960449219e-01,-6.240300536155700684e-01,-8.651430010795593262e-01,-1.178831338882446289e+00,-1.445625185966491699e+00,8.119212388992309570e-01,-1.741281986236572266e+00,-1.700946927070617676e+00,-1.190583467483520508e+00,-9.684025645256042480e-01,-2.704970598220825195e+00,7.812121510505676270e-01,-5.282394289970397949e-01,-4.617654979228973389e-01,-1.518153429031372070e+00,8.569785952568054199e-01,-3.255066573619842529e-01,-9.327688813209533691e-01,4.555099010467529297e-01,1.278309226036071777e+00,2.521894276142120361e-01,-1.627913236618041992e+00,5.059989094734191895e-01,-3.640684187412261963e-01,5.655947923660278320e-01,1.146101802587509155e-01,-1.780158281326293945e-01
-8.995796442031860352e-01,-1.428670406341552734e+00,-1.588145971298217773e+00,-7.366055250167846680e-01,4.362500905990600586e-01,-1.571447134017944336e+00,-3.420196175575256348e-01,4.374999105930328369e-01,-1.000573754310607910e+00,-2.637990713119506836e-01,-2.165329456329345703e+00,-8.595612645149230957e-01,-1.051214337348937988e+00,2.059795856475830078e+00,1.356574147939682007e-01,-2.248512744903564453e+00,-2.526857376098632812e+00,-1.811592817306518555e+00,-4.505018591880798340e-01,-2.359748840332031250e+00,4.606166183948516846e-01,3.257983028888702393e-01,-2.009512901306152344e+00,-2.287790536880493164e+00,1.667032539844512939e-01,-1.012724995613098145e+00,-2.021152973175048828e+00,-1.056845784187316895e+00,1.663041114807128906e-01,-3.076091110706329346e-01,-3.205070272088050842e-02,-2.830204367637634277e-01,-8.763586878776550293e-01,-1.930902004241943359e+00,-1.192689299583435059e+00,-1.412603616714477539e+00,-3.501980602741241455e-01,5.523187518119812012e-01,-2.133087396621704102e+00,-2.195935249328613281e+00,-2.288024902343750000e+00,-3.970234189182519913e-03,-2.629076719284057617e+00,-3.470858335494995117e-01,-1.398844480514526367e+00,4.957909584045410156e-01,-1.515760540962219238e+00,-7.830505371093750000e-01,-1.560788273811340332e+00,-2.004762649536132812e+00,1.840391457080841064e-01,2.427968680858612061e-01,-4.215052425861358643e-01
-1.606127500534057617e+00,-1.908120393753051758e+00,-2.280003786087036133e+00,-9.385365843772888184e-01,-1.952541470527648926e-01,-1.659348964691162109e+00,-1.191109538078308105e+00,-3.988123238086700439e-01,-1.218317031860351562e+00,-1.220618486404418945e+00,-1.614850759506225586e+00,-1.031206250190734863e+00,-2.239161968231201172e+00,1.232894301414489746e+00,-2.088574320077896118e-01,-1.647913455963134766e+00,-1.768603205680847168e+00,-1.498354792594909668e+00,6.462152600288391113e-01,-1.541811466217041016e+00,-1.654993891716003418e-01,5.879152417182922363e-01,-1.690516352653503418e+00,-1.862954735755920410e+00,6.509505510330200195e-01,-1.464851856231689453e+00,-1.674399375915527344e+00,-1.096615314483642578e+00,2.269006967544555664e-01,-1.466811895370483398e+00,-6.574069261550903320e-01,-4.399999976158142090e-01,-9.873973131179809570e-01,-2.051885366439819336e+00,-9.288589954376220703e-01,-2.747915029525756836e+00,-9.194003939628601074e-01,1.061736419796943665e-01,-2.260870456695556641e+00,-2.058694124221801758e+00,-1.916028261184692383e+00,3.576363623142242432e-01,-1.500582456588745117e+00,-6.675326824188232422e-01,-1.230758666992187500e+00,7.108128666877746582e-01,-1.074965476989746094e+00,-1.413465499877929688e+00,-6.591958552598953247e-02,-1.247680783271789551e+00,2.323642224073410034e-01,-3.772610723972320557e-01,-1.845230460166931152e-01
-6.920725107192993164e-01,-9.587267041206359863e-01,-1.191934466361999512e+00,-9.614377021789550781e-01,-1.221283674240112305e+00,-4.914546906948089600e-01,-5.414252281188964844e-01,-5.970560908317565918e-01,-5.882754325866699219e-01,-7.316836714744567871e-01,-1.842614769935607910e+00,1.531982570886611938e-01,-3.334096372127532959e-01,1.746965289115905762e+00,-1.093641877174377441e+00,-7.917071580886840820e-01,-7.814002037048339844e-01,-7.668550610542297363e-01,9.668179154396057129e-01,-8.258665204048156738e-01,-8.393185734748840332e-01,-1.391293108463287354e-01,-2.097971677780151367e+00,-9.825707674026489258e-01,1.335522890090942383e+00,-1.162639260292053223e+00,1.425992697477340698e-01,-9.250524044036865234e-01,9.423673152923583984e-01,-9.929409027099609375e-01,-5.409508943557739258e-01,5.488627552986145020e-01,-1.227677941322326660e+00,-1.043056130409240723e+00,-1.244872808456420898e+00,-1.171108961105346680e+00,-4.610203802585601807e-01,1.686508536338806152e+00,-1.016219615936279297e+00,-1.037010192871093750e+00,-7.390374541282653809e-01,2.031826734542846680e+00,7.330899238586425781e-01,-3.988617360591888428e-01,-1.678286790847778320e+00,-7.291639596223831177e-02,-8.864902257919311523e-01,-6.379151940345764160e-01,1.182095646858215332e+00,-8.805183768272399902e-01,-8.806253075599670410e-01,-1.062206864356994629e+00,-1.256934404373168945e+00
-5.099173188209533691e-01,-9.015440940856933594e-01,-1.425006151199340820e+00,-8.853058815002441406e-01,-4.786463975906372070e-01,-1.204677224159240723e+00,-2.697603106498718262e-01,7.591947913169860840e-02,3.199497759342193604e-01,-8.193827867507934570e-01,-1.419054985046386719e+00,2.035358697175979614e-01,-6.806321144104003906e-01,2.046545743942260742e+00,-1.352622270584106445e+00,-4.162248969078063965e-02,-3.875606656074523926e-01,-9.306700825691223145e-01,-8.327573537826538086e-01,6.889394521713256836e-01,-9.786931276321411133e-01,1.287118196487426758e+00,-3.850389719009399414e-01,-8.586480617523193359e-01,1.380722165107727051e+00,-1.897489070892333984e+00,1.796186447143554688e+00,2.856545150279998779e-01,1.096163272857666016e+00,-6.117487549781799316e-01,6.984147429466247559e-02,1.426916360855102539e+00,-8.708542585372924805e-01,-1.012921333312988281e+00,-1.119940280914306641e-01,-1.185897707939147949e+00,-4.565099477767944336e-01,-5.146932601928710938e-01,4.277408719062805176e-01,-1.138191372156143188e-01,2.710055746138095856e-02,-1.148922666907310486e-01,4.134468138217926025e-01,-2.023904323577880859e+00,-5.062990188598632812e-01,9.673094153404235840e-01,7.523207068443298340e-01,-1.274195790290832520e+00,1.263989448547363281e+00,-2.706143260002136230e-01,6.350271105766296387e-01,1.235942542552947998e-01,-8.369550108909606934e-01
-1.140969321131706238e-01,-1.714063525199890137e+00,-1.384929537773132324e+00,-1.116319656372070312e+00,-1.519727587699890137e+00,-1.131140470504760742e+00,9.609417915344238281e-01,1.772907376289367676e-02,-7.214833498001098633e-01,-1.257431030273437500e+00,-1.317153692245483398e+00,1.444875728338956833e-02,-1.714749783277511597e-01,9.315780401229858398e-01,-2.338576555252075195e+00,-4.414725303649902344e-01,-1.823143839836120605e+00,-5.943157672882080078e-01,-1.485825777053833008e+00,-4.622526168823242188e-01,-1.947440266609191895e+00,2.739170074462890625e+00,-1.659565567970275879e+00,-5.510705113410949707e-01,2.809863090515136719e+00,-2.278731107711791992e+00,1.604325652122497559e+00,1.095480442047119141e+00,7.279203832149505615e-02,4.477952718734741211e-01,3.419767320156097412e-02,8.158592581748962402e-01,-1.218978643417358398e+00,-6.050755381584167480e-01,1.500552445650100708e-01,-4.816901683807373047e-01,-2.344944000244140625e+00,7.370378375053405762e-01,6.416166424751281738e-01,-4.532835185527801514e-01,-7.748270630836486816e-01,4.501743614673614502e-01,-1.143184423446655273e+00,-1.541498184204101562e+00,-1.332540988922119141e+00,2.100922107696533203e+00,7.836486697196960449e-01,-1.879162907600402832e+00,1.800204515457153320e+00,7.199974060058593750e-01,8.072925209999084473e-01,9.035319685935974121e-01,-2.584562301635742188e-01
-2.223983764648437500e+00,-2.109285354614257812e+00,-2.319084167480468750e+00,-2.243525028228759766e+00,-2.610101699829101562e+00,-1.902075886726379395e+00,-1.264133572578430176e+00,-1.685791730880737305e+00,-1.279760479927062988e+00,-1.947746396064758301e+00,-1.343133687973022461e+00,-1.081647515296936035e+00,-3.267063796520233154e-01,5.780538916587829590e-01,-2.704787969589233398e+00,-8.603277802467346191e-01,-2.001940727233886719e+00,-9.860021471977233887e-01,-8.426127433776855469e-01,1.011298775672912598e+00,-1.988405823707580566e+00,2.118349790573120117e+00,-9.463549256324768066e-01,-1.991799622774124146e-01,1.985422968864440918e+00,-1.372029781341552734e+00,7.577603459358215332e-01,5.903014540672302246e-01,-8.944284319877624512e-01,-2.596660614013671875e+00,-2.597385644912719727e+00,-1.717677116394042969e+00,-2.726514577865600586e+00,-1.395263433456420898e+00,-1.198032259941101074e+00,-8.528067469596862793e-01,-3.106957912445068359e+00,-2.047142744064331055e+00,-2.020116001367568970e-01,-3.531683981418609619e-01,-1.711646318435668945e+00,-1.124470710754394531e+00,-2.157860994338989258e+00,-2.656385660171508789e+00,-1.113176107406616211e+00,1.569188117980957031e+00,8.184994012117385864e-02,-1.052150249481201172e+00,4.086875915527343750e-01,-5.558901429176330566e-01,1.743833422660827637e-01,4.473612606525421143e-01,-1.075628638267517090e+00
-1.936742067337036133e+00,-2.007836103439331055e+00,-1.460288643836975098e+00,-1.143869638442993164e+00,-4.129363536834716797e+00,-2.552479505538940430e+00,-1.736747980117797852e+00,3.150549829006195068e-01,-1.920875430107116699e+00,-2.307034254074096680e+00,-1.937863588333129883e+00,-1.875531554222106934e+00,-7.267763018608093262e-01,2.040163993835449219e+00,-1.892251849174499512e+00,-1.187315344810485840e+00,-1.388273239135742188e+00,-1.065450787544250488e+00,7.979279756546020508e-02,6.594137549400329590e-01,-3.111425876617431641e+00,2.568245410919189453e+00,-8.533831834793090820e-01,-5.224946141242980957e-02,1.431770801544189453e+00,-1.284297823905944824e+00,5.377324223518371582e-01,2.893889248371124268e-01,5.053839683532714844e-01,-2.209936380386352539e+00,-6.360671520233154297e-01,-1.683931946754455566e+00,-2.489436864852905273e+00,-2.303590536117553711e+00,-7.306746244430541992e-01,-1.382470130920410156e+00,-1.772138357162475586e+00,-1.694427609443664551e+00,-5.999264717102050781e-01,-9.622637629508972168e-01,-1.042832612991333008e+00,-1.010775327682495117e+00,-8.678126335144042969e-01,-2.479027271270751953e+00,-2.751492977142333984e+00,1.375307798385620117e+00,-7.440719008445739746e-01,-7.307221293449401855e-01,1.522529721260070801e+00,-1.545376777648925781e+00,-2.604699879884719849e-02,-8.721706867218017578e-01,-2.244556427001953125e+00
-1.069472074508666992e+00,-1.034257531166076660e+00,-6.712589263916015625e-01,-5.132623314857482910e-01,-2.108581304550170898e+00,-9.147315025329589844e-01,-3.121953308582305908e-01,4.910216033458709717e-01,-1.096452474594116211e+00,-7.753806710243225098e-01,-1.678199529647827148e+00,-1.288715243339538574e+00,-1.063760995864868164e+00,2.884530067443847656e+00,-2.005639225244522095e-01,-1.063957571983337402e+00,-9.193511605262756348e-01,-6.771957278251647949e-01,2.355420351028442383e+00,3.807128369808197021e-01,-1.712300181388854980e+00,2.246212720870971680e+00,-1.446886301040649414e+00,-1.281228102743625641e-02,1.230425477027893066e+00,-1.589942455291748047e+00,1.512945592403411865e-01,4.922183752059936523e-01,1.198308706283569336e+00,-5.227305889129638672e-01,-3.504210151731967926e-03,2.984558343887329102e-01,-1.230671525001525879e+00,-1.896580100059509277e+00,5.294730067253112793e-01,-1.220801472663879395e+00,-1.050774335861206055e+00,-4.737733304500579834e-01,-2.902828752994537354e-01,-6.123089194297790527e-01,-3.090730309486389160e-01,1.283743381500244141e+00,-1.001731753349304199e+00,-1.297843098640441895e+00,-1.758124589920043945e+00,1.786880612373352051e+00,-3.381275236606597900e-01,-1.438697218894958496e+00,4.990525543689727783e-01,-1.251047372817993164e+00,1.199339270591735840e+00,3.190523386001586914e-01,-1.498391151428222656e+00
-1.205588698387145996e+00,-1.505443692207336426e+00,-1.064149737358093262e+00,-1.796437621116638184e+00,-3.519989013671875000e+00,-7.708284854888916016e-01,-1.623467683792114258e+00,-2.786702290177345276e-02,-3.010440766811370850e-01,-1.669293522834777832e+00,-1.610600233078002930e+00,-1.551910519599914551e+00,-9.844796657562255859e-01,1.423453450202941895e+00,-6.427140235900878906e-01,-5.747126340866088867e-01,8.063836693763732910e-01,-1.134535908699035645e+00,1.343981027603149414e+00,1.454513788223266602e+00,-2.132710933685302734e+00,2.752998352050781250e+00,-7.468722462654113770e-01,1.054654717445373535e+00,1.672768354415893555e+00,-1.046185612678527832e+00,6.678443551063537598e-01,1.146416544914245605e+00,1.393884539604187012e+00,-1.141281723976135254e+00,-1.939144432544708252e-01,-1.014165952801704407e-01,-1.896895408630371094e+00,-1.595802783966064453e+00,2.963284552097320557e-01,-1.146637558937072754e+00,-1.067312598228454590e+00,-1.372994899749755859e+00,4.387614428997039795e-01,7.703146934509277344e-01,-4.452313780784606934e-01,3.705058395862579346e-01,3.274904489517211914e-01,-2.267791271209716797e+00,2.097501307725906372e-01,1.976039409637451172e+00,1.730939187109470367e-02,-1.586221575736999512e+00,1.382361173629760742e+00,-8.664369583129882812e-01,1.575501322746276855e+00,1.595567166805267334e-01,-1.183821916580200195e+00
-1.491764068603515625e+00,-1.615214705467224121e+00,-1.928984880447387695e+00,-1.432896733283996582e+00,-2.625927686691284180e+00,-2.251018285751342773e+00,-1.138646483421325684e+00,-5.292623639106750488e-01,-1.474662661552429199e+00,-1.535344958305358887e+00,-1.675448179244995117e+00,-5.632736682891845703e-01,5.769548937678337097e-02,3.062862396240234375e+00,-8.374335169792175293e-01,-7.781849503517150879e-01,-7.459210753440856934e-01,-7.572695016860961914e-01,1.516861200332641602e+00,1.963856339454650879e+00,-1.937530040740966797e+00,2.055462837219238281e+00,-1.105741500854492188e+00,-1.464230418205261230e+00,8.286418914794921875e-01,-2.782759666442871094e-01,1.894268691539764404e-01,1.702476859092712402e+00,1.042527705430984497e-01,-8.437532186508178711e-01,-1.197226285934448242e+00,1.220575124025344849e-01,-1.732123970985412598e+00,-1.021052360534667969e+00,-8.013492822647094727e-02,-4.853033423423767090e-01,-3.134498894214630127e-01,-8.312386870384216309e-01,-1.204679831862449646e-01,5.833559036254882812e-01,-1.543031781911849976e-01,1.112257599830627441e+00,-1.723019331693649292e-01,-1.537308335304260254e+00,-1.163679361343383789e+00,1.443985342979431152e+00,-1.595972329378128052e-01,-6.446079015731811523e-01,-3.052389621734619141e-02,-1.198870539665222168e+00,1.439326882362365723e+00,-2.964830100536346436e-01,-1.446767687797546387e+00
-1.208201169967651367e+00,-1.057517766952514648e+00,-3.961907625198364258e-01,-1.728054761886596680e+00,-2.997875452041625977e+00,-1.198511123657226562e+00,-1.839322090148925781e+00,-1.026312470436096191e+00,-1.696997404098510742e+00,-1.990741729736328125e+00,-1.623777747154235840e+00,-1.065199732780456543e+00,-9.009867310523986816e-01,7.828213572502136230e-01,-1.496011018753051758e+00,-6.801118254661560059e-01,-9.611223936080932617e-01,-1.385523557662963867e+00,1.736712574958801270e+00,5.845623016357421875e-01,-2.972684860229492188e+00,1.870703935623168945e+00,-1.983492136001586914e+00,-1.423736572265625000e+00,1.059565782546997070e+00,-1.326659679412841797e+00,2.324623912572860718e-01,7.587798237800598145e-01,1.079277276992797852e+00,-1.683750033378601074e+00,-2.012438774108886719e+00,5.642755031585693359e-01,-1.981691360473632812e+00,-1.577891111373901367e+00,-2.371151447296142578e-01,-1.712852835655212402e+00,-2.906809091567993164e+00,-3.404225111007690430e-01,-8.788684383034706116e-03,4.820511639118194580e-01,-1.216469526290893555e+00,1.812119126319885254e+00,-2.536252439022064209e-01,-1.672047972679138184e+00,5.552509427070617676e-02,1.242777228355407715e+00,-1.712673008441925049e-01,-1.023133873939514160e+00,2.818861603736877441e-01,-1.907326817512512207e+00,8.549729585647583008e-01,-7.819283604621887207e-01,-1.866616606712341309e+00
-1.216545224189758301e+00,-1.331179618835449219e+00,-1.191519379615783691e+00,-2.079935312271118164e+00,-2.666013002395629883e+00,-1.203315615653991699e+00,-1.933397650718688965e+00,-1.010724455118179321e-01,-1.620564341545104980e+00,-1.762077212333679199e+00,-1.854906320571899414e+00,-1.283184289932250977e+00,-5.216021537780761719e-01,2.192889213562011719e+00,-7.611331939697265625e-01,-9.779617786407470703e-01,-9.132705330848693848e-01,-1.242546558380126953e+00,1.233228802680969238e+00,4.818136394023895264e-01,-2.030534029006958008e+00,8.467138409614562988e-01,-1.642749547958374023e+00,-1.737041234970092773e+00,9.181941747665405273e-01,-6.983388662338256836e-01,1.116278022527694702e-01,8.382549285888671875e-01,7.054872512817382812e-01,-1.128988265991210938e+00,-1.158307313919067383e+00,-1.488635420799255371e+00,-1.892461299896240234e+00,-1.489770531654357910e+00,-9.381516575813293457e-01,-1.195431590080261230e+00,-1.455985903739929199e+00,-3.709796965122222900e-01,-7.125348448753356934e-01,-4.920626580715179443e-01,-7.404263615608215332e-01,1.316373944282531738e+00,-5.712092518806457520e-01,-1.485392928123474121e+00,-2.583427429199218750e+00,5.619103312492370605e-01,-8.842142224311828613e-01,-7.313242554664611816e-01,-4.152708947658538818e-01,-1.918498754501342773e+00,7.860273718833923340e-01,-8.689926266670227051e-01,-1.737609267234802246e+00
-9.824865460395812988e-01,-7.965117692947387695e-01,-1.276197314262390137e+00,-8.330523967742919922e-01,-1.295344114303588867e+00,-1.760458469390869141e+00,-7.960353493690490723e-01,8.049142360687255859e-01,-1.269169449806213379e+00,-1.252732872962951660e+00,-1.565386533737182617e+00,-6.803862750530242920e-02,-5.107957124710083008e-01,2.261076450347900391e+00,-1.061675667762756348e+00,-1.172978043556213379e+00,1.793652772903442383e-01,-2.214531600475311279e-01,1.390268206596374512e+00,1.063448548316955566e+00,-2.804624080657958984e+00,1.992491006851196289e+00,-1.170354127883911133e+00,8.331957459449768066e-02,1.989420652389526367e+00,-1.352352976799011230e+00,1.035956859588623047e+00,2.115201711654663086e+00,7.497144937515258789e-01,-6.100413203239440918e-01,-3.185412585735321045e-01,3.690921366214752197e-01,-1.383154511451721191e+00,-1.452223539352416992e+00,-5.889901146292686462e-02,-1.026601195335388184e+00,-1.597784876823425293e+00,8.981024846434593201e-03,-1.988826990127563477e-01,4.725958406925201416e-01,-6.115347743034362793e-01,1.181463122367858887e+00,4.310247898101806641e-01,-1.162052869796752930e+00,1.296470165252685547e-01,1.361780643463134766e+00,-9.334604442119598389e-02,-7.753518819808959961e-01,7.642971873283386230e-01,-1.055059194564819336e+00,1.655832648277282715e+00,-3.059909343719482422e-01,-1.435808539390563965e+00
-1.418480753898620605e+00,-2.024277210235595703e+00,-1.929835796356201172e+00,-1.832248330116271973e+00,-9.756536483764648438e-01,-1.716099023818969727e+00,-1.186405777931213379e+00,-4.950049519538879395e-01,-2.380052089691162109e+00,-1.747657299041748047e+00,-1.665788650512695312e+00,-1.923714876174926758e+00,-1.454561471939086914e+00,1.334796398878097534e-01,-2.058756589889526367e+00,-1.330771207809448242e+00,-3.641832828521728516e+00,-1.769416451454162598e+00,-7.572588920593261719e-01,-2.784876227378845215e-01,-1.863488078117370605e+00,2.079075098037719727e+00,-1.716730833053588867e+00,-1.487655520439147949e+00,1.115828871726989746e+00,-1.883290052413940430e+00,-1.218187570571899414e+00,1.678560078144073486e-01,-6.138514280319213867e-01,-2.084079027175903320e+00,-1.162327766418457031e+00,-1.717066049575805664e+00,-2.026917934417724609e+00,-1.745694518089294434e+00,-4.255668520927429199e-01,-1.502344846725463867e+00,-3.248402595520019531e+00,-1.205587029457092285e+00,-2.430503629148006439e-02,-1.974724173545837402e+00,-2.017074823379516602e+00,-6.178636476397514343e-02,-3.583109378814697266e+00,-1.807569503784179688e+00,-2.328787803649902344e+00,2.076863765716552734e+00,-1.160831093788146973e+00,-1.869749903678894043e+00,-1.198042154312133789e+00,-1.443255782127380371e+00,1.361475229263305664e+00,1.747571676969528198e-01,-3.123658895492553711e-01
-1.396274447441101074e+00,-2.370638132095336914e+00,-2.636750698089599609e+00,-2.191833972930908203e+00,-2.332214593887329102e+00,-1.993517875671386719e+00,-2.708569169044494629e-01,-1.623826384544372559e+00,-1.564484000205993652e+00,-1.853996634483337402e+00,-2.184614181518554688e+00,-1.151912927627563477e+00,-7.490866780281066895e-01,2.037590295076370239e-01,-2.122861623764038086e+00,-1.978642702102661133e+00,-1.116627812385559082e+00,-6.604974865913391113e-01,-1.211440682411193848e+00,-3.300946056842803955e-01,2.902388870716094971e-01,1.087415218353271484e+00,-1.639785528182983398e+00,3.618641197681427002e-01,1.030591726303100586e+00,-7.690653204917907715e-01,-1.602967500686645508e+00,-9.304160475730895996e-01,-2.015118598937988281e+00,-7.934867143630981445e-01,-1.752758145332336426e+00,-1.626422524452209473e+00,-1.356388807296752930e+00,-2.016252279281616211e+00,-8.906511068344116211e-01,-5.483884811401367188e-01,-1.269561171531677246e+00,-4.879271388053894043e-01,-1.530651330947875977e+00,-7.227600216865539551e-01,-1.307860255241394043e+00,-2.881926596164703369e-01,-5.613906979560852051e-01,-1.206393003463745117e+00,-8.996698260307312012e-01,1.166058778762817383e+00,-1.127140045166015625e+00,-1.147199273109436035e+00,3.866279423236846924e-01,-5.376862883567810059e-01,9.555433392524719238e-01,-9.292356371879577637e-01,3.453360497951507568e-02
-1.419600367546081543e+00,-1.326874256134033203e+00,-1.687424540519714355e+00,-1.678479552268981934e+00,-8.529172539710998535e-01,-1.231491327285766602e+00,-9.038326740264892578e-01,-1.108953952789306641e+00,-6.153414249420166016e-01,-1.156939029693603516e+00,-1.554807066917419434e+00,-3.776149153709411621e-01,-1.266443371772766113e+00,1.836961865425109863e+00,-1.022440120577812195e-01,-1.279655337333679199e+00,8.332442045211791992e-01,-1.127270340919494629e+00,1.292386174201965332e+00,-1.409401372075080872e-02,2.091632783412933350e-01,2.018434703350067139e-01,-1.263832211494445801e+00,1.314351856708526611e-01,4.305990636348724365e-01,-9.705214500427246094e-01,-4.289619028568267822e-01,-1.649938821792602539e+00,-6.772487759590148926e-01,-1.232908725738525391e+00,-1.199954390525817871e+00,-3.899593651294708252e-02,-1.168223381042480469e+00,-9.752580523490905762e-01,-6.287904381752014160e-01,-1.413948059082031250e+00,-5.324292778968811035e-01,1.739949345588684082e+00,-1.065769433975219727e+00,-9.492549896240234375e-01,-6.226239204406738281e-01,1.326476454734802246e+00,1.339191436767578125e+00,-1.656874716281890869e-01,-6.157773733139038086e-01,3.778818845748901367e-01,-9.916368126869201660e-01,-8.079723715782165527e-01,1.228151202201843262e+00,-1.010810852050781250e+00,5.663248710334300995e-03,-1.292946457862854004e+00,-6.294923424720764160e-01
-1.311901450157165527e+00,-1.364610791206359863e+00,-2.122861891984939575e-01,-1.002454996109008789e+00,-1.557332515716552734e+00,-8.186697363853454590e-01,-1.734598040580749512e+00,-1.376126527786254883e+00,-1.612211108207702637e+00,-2.099480867385864258e+00,-1.919898986816406250e+00,-2.037274837493896484e+00,-1.797342181205749512e+00,5.619189739227294922e-01,-1.366865992546081543e+00,-1.715737581253051758e+00,-5.385717153549194336e-01,-2.146446704864501953e+00,-1.890629529953002930e-01,-2.044969558715820312e+00,-4.104400277137756348e-01,-5.386110544204711914e-01,-1.468796133995056152e+00,-7.831589579582214355e-01,5.171889066696166992e-01,-1.121285080909729004e+00,-7.717645764350891113e-01,-1.177069783210754395e+00,4.773493483662605286e-02,-1.780485749244689941e+00,-1.627994537353515625e+00,-5.205493653193116188e-04,-1.751212477684020996e+00,-1.592799901962280273e+00,-1.819342494010925293e+00,-1.844484925270080566e+00,-1.426630854606628418e+00,-1.931862384080886841e-01,-9.365769028663635254e-01,-6.754679679870605469e-01,-1.151668190956115723e+00,-2.893123030662536621e-01,4.337117075920104980e-01,-6.819878816604614258e-01,3.207798898220062256e-01,2.382228225469589233e-01,-2.734130024909973145e-01,-1.055010557174682617e+00,1.468086004257202148e+00,-5.534553527832031250e-01,-2.963569462299346924e-01,-2.152204036712646484e+00,-5.195650458335876465e-01
-1.665868520736694336e+00,-2.172449350357055664e+00,-1.760147929191589355e+00,-1.318810820579528809e+00,-5.566875338554382324e-01,-1.505457520484924316e+00,-1.038395404815673828e+00,-4.722480475902557373e-01,-1.079340934753417969e+00,-6.897866129875183105e-01,-1.446636438369750977e+00,-6.835557222366333008e-01,-1.186478137969970703e+00,2.081645250320434570e+00,2.443135976791381836e-01,-1.238551497459411621e+00,-4.207397401332855225e-01,-8.942312598228454590e-01,2.035634756088256836e+00,-9.563185572624206543e-01,-6.859862804412841797e-02,7.455359213054180145e-03,-1.627333760261535645e+00,-1.011448144912719727e+00,2.825393080711364746e-01,-1.519265413284301758e+00,-2.819179594516754150e-01,-5.450125932693481445e-01,1.992331892251968384e-01,-1.259858727455139160e+00,8.728047832846641541e-03,-6.072321534156799316e-01,-1.060146212577819824e+00,-9.174414873123168945e-01,-1.206308722496032715e+00,-1.317420005798339844e+00,-2.673329226672649384e-02,5.093320012092590332e-01,-5.795619487762451172e-01,-3.500166237354278564e-01,-6.176682710647583008e-01,2.129017114639282227e+00,2.258896827697753906e-01,-7.687003016471862793e-01,-7.725337147712707520e-01,4.340915083885192871e-01,-6.176148056983947754e-01,-9.610878825187683105e-01,-2.613928318023681641e-01,-9.333983063697814941e-01,2.751246988773345947e-01,-1.230267435312271118e-01,-5.839193463325500488e-01
-6.364635825157165527e-01,-8.691819906234741211e-01,-1.008195996284484863e+00,-5.582278370857238770e-01,-2.694597840309143066e-01,-7.172587513923645020e-01,-7.704098224639892578e-01,-7.347408533096313477e-01,-1.962911635637283325e-01,-1.260339379310607910e+00,-1.369846224784851074e+00,1.389462947845458984e-01,-5.941125750541687012e-01,1.512296080589294434e+00,-6.093507409095764160e-01,-6.962459087371826172e-01,-3.783868551254272461e-01,-9.805147647857666016e-01,8.129706978797912598e-01,5.562967061996459961e-01,-3.661289811134338379e-01,-9.440928697586059570e-02,1.633187234401702881e-01,-1.894332885742187500e+00,2.565955817699432373e-01,-1.096435308456420898e+00,4.679937064647674561e-01,3.174884915351867676e-01,1.471367239952087402e+00,-7.489024996757507324e-01,-5.190026164054870605e-01,2.753932476043701172e-01,-8.820965290069580078e-01,-7.870898842811584473e-01,-7.771275043487548828e-01,-4.468963742256164551e-01,3.150154948234558105e-01,7.655338644981384277e-01,2.583104372024536133e-01,-9.823176860809326172e-01,-7.277594208717346191e-01,2.067372322082519531e+00,-3.148092031478881836e-01,-1.146969914436340332e+00,-1.447531104087829590e+00,7.566951513290405273e-01,2.334883362054824829e-01,-1.204837203025817871e+00,-1.006911635398864746e+00,-3.951846361160278320e-01,1.130689620971679688e+00,7.724203914403915405e-02,1.354592740535736084e-01
-8.264030218124389648e-01,8.740651607513427734e-02,-8.624587059020996094e-01,-7.898247241973876953e-01,-1.940079033374786377e-01,-1.007593516260385513e-02,-2.799037396907806396e-01,-6.230123043060302734e-01,-2.416647970676422119e-01,-8.267046213150024414e-01,-1.189059376716613770e+00,-6.912927627563476562e-01,-6.314747929573059082e-01,1.126963496208190918e+00,6.333852410316467285e-01,-3.933853209018707275e-01,-2.485786676406860352e-01,-6.432713866233825684e-01,1.566049218177795410e+00,1.436212897300720215e+00,-2.982844710350036621e-01,2.035716325044631958e-01,-7.020992636680603027e-01,-1.608133435249328613e+00,5.504403710365295410e-01,-1.519004106521606445e+00,9.104130268096923828e-01,7.164474129676818848e-01,2.172884494066238403e-01,-4.754145145416259766e-01,-8.577998876571655273e-01,3.120127618312835693e-01,-6.572589278221130371e-01,-8.106267452239990234e-01,-8.759002089500427246e-01,-5.210602283477783203e-01,2.028449997305870056e-02,1.092813134193420410e+00,9.379758238792419434e-01,6.626754999160766602e-01,-3.918636143207550049e-01,1.422173857688903809e+00,2.449241429567337036e-01,-7.350236177444458008e-01,1.469904422760009766e+00,1.122249364852905273e+00,1.215020775794982910e+00,-8.796296715736389160e-01,-4.780647754669189453e-01,2.812325060367584229e-01,1.572548031806945801e+00,3.544647395610809326e-01,3.916794955730438232e-01
-1.127320289611816406e+00,-1.003051161766052246e+00,-9.535704255104064941e-01,-1.374915719032287598e+00,-4.244531691074371338e-01,-9.695461392402648926e-01,-1.183822989463806152e+00,-1.286022663116455078e+00,-1.067167997360229492e+00,-1.462157249450683594e+00,-9.894304275512695312e-01,-5.028478503227233887e-01,-6.947563290596008301e-01,7.164904475212097168e-02,-4.232587218284606934e-01,-2.760384082794189453e-01,2.889751791954040527e-01,-5.716856122016906738e-01,5.193372368812561035e-01,9.167506694793701172e-01,-7.298832535743713379e-01,4.410243630409240723e-01,-2.038467973470687866e-01,-6.885971426963806152e-01,8.585833311080932617e-01,-9.435883164405822754e-01,1.148007869720458984e+00,6.261261105537414551e-01,-2.971503138542175293e-01,-1.066646814346313477e+00,-1.728457689285278320e+00,-7.811409235000610352e-01,-1.198417425155639648e+00,-9.653928875923156738e-01,-1.293085813522338867e+00,-3.381778597831726074e-01,-1.038205981254577637e+00,-3.016551136970520020e-01,6.681322455406188965e-01,-1.534480303525924683e-01,-4.835321605205535889e-01,4.690667390823364258e-01,-9.169431030750274658e-02,-1.404735326766967773e+00,3.816125392913818359e-01,1.163033962249755859e+00,2.662370204925537109e-01,-1.039071321487426758e+00,-5.671885013580322266e-01,8.920858800411224365e-02,1.127729773521423340e+00,3.671245276927947998e-01,9.689034521579742432e-02
-1.219370961189270020e+00,-1.373885989189147949e+00,1.277432143688201904e-01,-6.408985257148742676e-01,-4.526810646057128906e-01,-9.780270457267761230e-01,-1.176868319511413574e+00,-1.115637660026550293e+00,-2.095058441162109375e+00,-1.158138990402221680e+00,-1.261462688446044922e+00,-1.438909769058227539e+00,-1.761571049690246582e+00,3.231858015060424805e-01,-1.851903051137924194e-01,-1.340338587760925293e+00,-8.535217642784118652e-01,-1.103084325790405273e+00,-6.529163718223571777e-01,-1.061044692993164062e+00,-9.149646162986755371e-01,2.170027941465377808e-01,-1.435208916664123535e+00,-1.934561729431152344e-01,3.643681704998016357e-01,-8.948311209678649902e-01,5.310654267668724060e-02,1.690550521016120911e-02,-3.544567227363586426e-01,-1.371633410453796387e+00,-1.324635863304138184e+00,-1.545126318931579590e+00,-1.275930404663085938e+00,-9.304999113082885742e-01,-1.295778274536132812e+00,-1.419442176818847656e+00,-9.703073501586914062e-01,7.929165959358215332e-01,-5.121464133262634277e-01,-1.325103759765625000e+00,-7.371929287910461426e-01,4.796068668365478516e-01,-8.921204805374145508e-01,-1.057815790176391602e+00,-1.041177153587341309e+00,1.076419830322265625e+00,-4.002035856246948242e-01,-1.293480515480041504e+00,3.692914247512817383e-01,-1.216960176825523376e-01,6.120978593826293945e-01,2.160542011260986328e-01,1.733405888080596924e-01
-1.715719223022460938e+00,-1.450110316276550293e+00,-1.623895406723022461e+00,-1.627505302429199219e+00,-9.927864074707031250e-01,-3.078023195266723633e-01,-9.472633004188537598e-01,-2.006379127502441406e+00,-1.757457017898559570e+00,-2.299203872680664062e+00,-1.651563525199890137e+00,-2.165956735610961914e+00,-1.903558492660522461e+00,-1.026100039482116699e+00,-1.627983689308166504e+00,-1.713153481483459473e+00,-1.146475791931152344e+00,-1.204357385635375977e+00,-1.865965843200683594e+00,-4.829574525356292725e-01,-6.874395906925201416e-02,7.033414244651794434e-01,-1.062547326087951660e+00,-1.264864951372146606e-01,1.077370524406433105e+00,-9.237387180328369141e-01,-1.529454350471496582e+00,-1.863998919725418091e-01,-4.222454726696014404e-01,-1.394963622093200684e+00,-1.745380401611328125e+00,-1.979219198226928711e+00,-1.805001616477966309e+00,-1.342479944229125977e+00,-1.666615724563598633e+00,-1.651318907737731934e+00,-2.047759056091308594e+00,-3.169908002018928528e-02,-1.411753177642822266e+00,-1.310302853584289551e+00,-1.147656917572021484e+00,-1.198148429393768311e-01,-1.553743362426757812e+00,-1.078816294670104980e+00,-1.669223159551620483e-01,1.533008098602294922e+00,-1.155191779136657715e+00,-1.894538879394531250e+00,-8.983249962329864502e-02,1.812123507261276245e-01,1.243553400039672852e+00,7.648158073425292969e-01,6.778132915496826172e-01
-2.192713737487792969e+00,-1.152061223983764648e+00,-9.792747497558593750e-01,-1.700430989265441895e+00,-2.101466894149780273e+00,-6.819540858268737793e-01,-1.460898756980895996e+00,-2.567787885665893555e+00,-2.510539770126342773e+00,-2.528112411499023438e+00,-1.603947639465332031e+00,-2.082879066467285156e+00,-1.102017045021057129e+00,-2.498058676719665527e-01,-7.817612290382385254e-01,-1.645162701606750488e+00,1.761927753686904907e-01,-1.422754287719726562e+00,3.521321117877960205e-01,-5.443739891052246094e-01,3.403660953044891357e-01,2.752055525779724121e-01,-2.144248962402343750e+00,4.221428036689758301e-01,9.679051041603088379e-01,-5.708758234977722168e-01,-8.279224038124084473e-01,-1.438029646873474121e+00,-1.494711279869079590e+00,-1.448235154151916504e+00,-2.378832340240478516e+00,-1.802481412887573242e+00,-1.736759305000305176e+00,-1.321248173713684082e+00,-1.508378386497497559e+00,-8.000311255455017090e-01,-9.944250583648681641e-01,7.723966836929321289e-01,-1.011136531829833984e+00,-1.080022573471069336e+00,-1.262703776359558105e+00,6.374188065528869629e-01,4.945566654205322266e-01,-9.682204723358154297e-01,-1.766330838203430176e+00,7.145577073097229004e-01,-9.735590815544128418e-01,-8.785547018051147461e-01,1.425304770469665527e+00,-4.112701117992401123e-01,6.780112534761428833e-02,-2.242673397064208984e+00,-4.023801386356353760e-01
-1.905552029609680176e+00,-1.362357020378112793e+00,-8.564399480819702148e-01,-6.255965828895568848e-01,-8.723126053810119629e-01,-1.720913290977478027e+00,-2.458720445632934570e+00,-1.233589410781860352e+00,-2.152875185012817383e+00,-1.608146190643310547e+00,-1.391618371009826660e+00,-1.194793105125427246e+00,-1.922307252883911133e+00,1.136215090751647949e+00,-2.957445383071899414e-01,-1.890146374702453613e+00,-1.147427558898925781e+00,-2.299314737319946289e+00,-3.215653449296951294e-02,-2.251979112625122070e+00,5.161294937133789062e-01,-1.567876577377319336e+00,-1.511335015296936035e+00,-1.834252953529357910e+00,-1.383163213729858398e+00,-9.152715802192687988e-01,-1.910953760147094727e+00,-1.187742114067077637e+00,-1.092138886451721191e+00,-1.872549891471862793e+00,-8.157083392143249512e-01,-1.996487855911254883e+00,-1.621873974800109863e+00,-1.695839881896972656e+00,-1.329533576965332031e+00,-1.628179073333740234e+00,-4.833053648471832275e-01,2.045195847749710083e-01,-1.375658631324768066e+00,-2.478574991226196289e+00,-1.524342417716979980e+00,6.169048547744750977e-01,-1.422272562980651855e+00,-4.638248085975646973e-01,-1.661404728889465332e+00,-8.395534008741378784e-02,-1.616862535476684570e+00,-7.988161444664001465e-01,-1.523376822471618652e+00,-1.796591758728027344e+00,5.083505511283874512e-01,-8.372558951377868652e-01,-3.125867247581481934e-02
-1.500694513320922852e+00,-1.346927285194396973e+00,-1.987387657165527344e+00,-1.378294587135314941e+00,-6.329501271247863770e-01,-1.623917818069458008e-01,-1.270395636558532715e+00,-1.063897967338562012e+00,-8.680602908134460449e-01,-1.393077850341796875e+00,-1.290253639221191406e+00,-1.535887360572814941e+00,-1.787612199783325195e+00,3.766579329967498779e-01,7.981423139572143555e-01,-1.315628170967102051e+00,3.011628687381744385e-01,-1.437702178955078125e+00,-5.595250055193901062e-02,-1.777939498424530029e-01,-3.281633555889129639e-01,-1.361714243888854980e+00,-1.165409088134765625e+00,-1.026466369628906250e+00,-1.067122936248779297e+00,-8.674334287643432617e-01,-6.079826354980468750e-01,-3.174152672290802002e-01,-9.807482957839965820e-01,-7.354207038879394531e-01,9.876744821667671204e-03,-2.241327047348022461e+00,-9.177225232124328613e-01,-9.369709491729736328e-01,-1.384001016616821289e+00,-1.471817016601562500e+00,-8.078200817108154297e-01,9.433559179306030273e-01,-8.565496802330017090e-01,-1.784289121627807617e+00,-7.676491141319274902e-01,7.085034251213073730e-01,-1.068616062402725220e-01,-1.064024567604064941e+00,-2.311619997024536133e+00,1.780450642108917236e-01,-7.823729515075683594e-01,-1.055690526962280273e+00,-2.047016471624374390e-01,-6.255324482917785645e-01,8.427848219871520996e-01,3.414906859397888184e-01,6.996989250183105469e-01
-1.515676379203796387e+00,-1.029287576675415039e+00,-8.639737367630004883e-01,-1.300496339797973633e+00,-4.543145000934600830e-01,-3.569954335689544678e-01,-1.699233174324035645e+00,-1.415214300155639648e+00,-5.170897841453552246e-01,-1.352014660835266113e+00,-1.077115178108215332e+00,-1.594283103942871094e+00,-1.219825267791748047e+00,9.013851881027221680e-01,-7.013085484504699707e-01,-1.424630165100097656e+00,-1.949766278266906738e-02,-1.280152440071105957e+00,-2.619836032390594482e-01,1.823110133409500122e-01,1.261138677597045898e+00,-1.235106587409973145e+00,-7.792232036590576172e-01,-1.023319721221923828e+00,-4.964974224567413330e-01,-5.359053015708923340e-01,-8.416619896888732910e-01,-1.069138169288635254e+00,-9.838481545448303223e-01,-1.207475066184997559e+00,-1.706885457038879395e+00,-2.785618007183074951e-01,-9.575493335723876953e-01,-1.068094491958618164e+00,-8.887653350830078125e-01,-7.514632940292358398e-01,-5.619893670082092285e-01,1.544016897678375244e-01,-3.494650125503540039e-01,-6.276969909667968750e-01,-9.352747797966003418e-01,3.449341952800750732e-01,-2.071565687656402588e-01,-7.241119444370269775e-02,2.854439020156860352e-01,1.965165697038173676e-02,-1.521312892436981201e-01,-6.841530799865722656e-01,-1.209614798426628113e-01,-9.181742072105407715e-01,1.438110023736953735e-01,-1.337203145027160645e+00,-8.077164739370346069e-02
-9.949892163276672363e-01,-1.348227500915527344e+00,-6.883294582366943359e-01,-8.701698184013366699e-01,3.900908529758453369e-01,-4.614894986152648926e-01,-6.620930433273315430e-01,-6.171346306800842285e-01,-1.193701028823852539e+00,-1.188066899776458740e-01,-9.164223074913024902e-01,-1.123419404029846191e+00,-1.484990239143371582e+00,1.036575675010681152e+00,-9.212759733200073242e-01,-1.322824597358703613e+00,-1.482549428939819336e+00,-1.289335012435913086e+00,2.079122364521026611e-01,-1.159683346748352051e+00,1.696702688932418823e-01,-8.282634615898132324e-01,-1.079780340194702148e+00,-1.221936464309692383e+00,-5.201437473297119141e-01,-7.182493805885314941e-01,-1.247659802436828613e+00,-8.878822326660156250e-01,-2.747172117233276367e-01,-9.767818450927734375e-01,-6.809073686599731445e-01,-9.310364723205566406e-01,-8.108041882514953613e-01,-9.776477217674255371e-01,-1.160652041435241699e+00,-9.852403402328491211e-01,-8.268806934356689453e-01,1.719286799430847168e+00,-6.409759521484375000e-01,-1.584800481796264648e+00,-1.208580374717712402e+00,1.221892595291137695e+00,-6.063275337219238281e-01,-3.907980322837829590e-01,-9.704235196113586426e-01,6.908535361289978027e-01,-6.219348907470703125e-01,-9.674387574195861816e-01,-1.852120757102966309e+00,-8.336946368217468262e-01,7.699387669563293457e-01,-2.361701428890228271e-02,7.682215571403503418e-01
-1.348609685897827148e+00,-7.798973321914672852e-01,-4.356344640254974365e-01,-9.190490245819091797e-01,-4.071147143840789795e-01,3.442935273051261902e-02,-1.247107625007629395e+00,-1.955648183822631836e+00,-1.057772994041442871e+00,-1.513084530830383301e+00,-1.544449090957641602e+00,-2.138115644454956055e+00,-1.749931812286376953e+00,-6.473599672317504883e-01,-1.279784083366394043e+00,-1.489138603210449219e+00,-1.231974720954895020e+00,-1.693565964698791504e+00,-5.373504757881164551e-01,-8.819130063056945801e-01,1.716473847627639771e-01,-4.237033128738403320e-01,-9.761887192726135254e-01,-1.103065133094787598e+00,2.566333711147308350e-01,-1.297187328338623047e+00,-8.787360787391662598e-01,-3.385952115058898926e-01,6.379024386405944824e-01,-1.428401708602905273e+00,-1.725332975387573242e+00,-1.518261432647705078e+00,-1.166887521743774414e+00,-1.766239047050476074e+00,-2.495413541793823242e+00,-1.217233538627624512e+00,-1.462639808654785156e+00,1.469045639038085938e+00,-4.631732702255249023e-01,-1.048999309539794922e+00,-1.471063613891601562e+00,6.147878766059875488e-01,-8.440949320793151855e-01,-1.180371642112731934e+00,-1.430996041744947433e-02,7.161250710487365723e-01,-5.010155960917472839e-02,-8.515996932983398438e-01,-9.732482433319091797e-01,-7.032350897789001465e-01,1.164537549018859863e+00,8.838089108467102051e-01,8.159978985786437988e-01
-1.658777356147766113e+00,-7.631961703300476074e-01,-1.325322866439819336e+00,-1.157306909561157227e+00,-6.752012372016906738e-01,-7.310110330581665039e-01,-1.166811466217041016e+00,-1.787678480148315430e+00,-1.424794077873229980e+00,-1.181050181388854980e+00,-1.391388416290283203e+00,-1.028326869010925293e+00,-1.365198135375976562e+00,8.630948066711425781e-01,-1.414239168167114258e+00,-1.325464129447937012e+00,-1.412384271621704102e+00,-1.683396935462951660e+00,-8.163655996322631836e-01,-8.746624588966369629e-01,8.956760168075561523e-01,-2.984751164913177490e-01,-1.103358387947082520e+00,-1.622687935829162598e+00,-8.556209504604339600e-02,-7.072415351867675781e-01,-1.353096842765808105e+00,-6.910022497177124023e-01,-1.280427455902099609e+00,-8.965330123901367188e-01,-1.145712614059448242e+00,-1.142560601234436035e+00,-4.984989762306213379e-01,-1.357663631439208984e+00,-6.352230310440063477e-01,-1.329623341560363770e+00,-2.534847855567932129e-01,1.003893613815307617e+00,-1.696984887123107910e+00,-1.137542486190795898e+00,-1.484952807426452637e+00,6.516846418380737305e-01,-5.227567553520202637e-01,-5.184897184371948242e-01,-1.333418846130371094e+00,1.357880681753158569e-01,-6.294153332710266113e-01,-7.212808132171630859e-01,1.031478121876716614e-01,-1.473950147628784180e+00,7.972617447376251221e-02,-5.228047370910644531e-01,-3.012938611209392548e-02
-1.929331064224243164e+00,-1.297372817993164062e+00,-1.100750088691711426e+00,-7.210869193077087402e-01,-1.453834176063537598e+00,-1.183358311653137207e+00,-1.517892360687255859e+00,-1.624755740165710449e+00,-1.883604168891906738e+00,-1.514528512954711914e+00,-1.342171192169189453e+00,-8.926224708557128906e-01,-2.132417440414428711e+00,6.381586194038391113e-01,-1.167704701423645020e+00,-9.010055661201477051e-01,-1.561121702194213867e+00,-2.212906360626220703e+00,-9.275358915328979492e-01,-1.563097834587097168e+00,3.457133769989013672e-01,-1.266865283250808716e-01,-1.167255997657775879e+00,-1.613446474075317383e+00,-5.780315399169921875e-01,-9.927622079849243164e-01,-1.103755354881286621e+00,-9.198626875877380371e-01,-1.537415742874145508e+00,-2.224470138549804688e+00,-1.266681432723999023e+00,-2.298089742660522461e+00,-1.704778790473937988e+00,-1.261401414871215820e+00,-2.176675796508789062e+00,-2.713088750839233398e+00,-1.000296115875244141e+00,1.066760793328285217e-01,-2.419686079025268555e+00,-1.949880719184875488e+00,-1.558587670326232910e+00,-1.532947868108749390e-01,-6.292166113853454590e-01,-6.085014939308166504e-01,-8.121157288551330566e-01,-4.757801815867424011e-02,-1.573705077171325684e+00,-4.770727157592773438e-01,-1.473085731267929077e-01,-1.566068172454833984e+00,2.548067271709442139e-01,4.932507276535034180e-01,-1.867389529943466187e-01
-1.310142040252685547e+00,-1.489984989166259766e+00,-7.205817103385925293e-01,-6.396193504333496094e-01,-5.151503086090087891e-01,-1.076267361640930176e+00,-1.166219949722290039e+00,-1.973829567432403564e-01,-1.719973564147949219e+00,-1.174338459968566895e+00,-1.308005332946777344e+00,-1.350798249244689941e+00,-1.755070924758911133e+00,1.291935443878173828e+00,-1.459770053625106812e-01,-1.756109714508056641e+00,-1.339720785617828369e-01,-1.236767530441284180e+00,2.057669878005981445e+00,-2.141979932785034180e+00,-9.471250325441360474e-02,-7.367283701896667480e-01,-1.986307263374328613e+00,-9.229744672775268555e-01,-4.606916308403015137e-01,-9.753952622413635254e-01,-1.038761138916015625e+00,-7.280899882316589355e-01,-8.820698261260986328e-01,-7.885420322418212891e-01,6.210930347442626953e-01,-1.464690089225769043e+00,-6.763153076171875000e-01,-1.169136047363281250e+00,-1.338868260383605957e+00,-1.802542328834533691e+00,8.000044822692871094e-01,1.121212124824523926e+00,-1.853429913520812988e+00,-2.396119117736816406e+00,-1.125800967216491699e+00,1.763549685478210449e+00,-1.464371830224990845e-01,2.446522265672683716e-01,-1.785458445549011230e+00,-3.119690716266632080e-01,-1.732345461845397949e+00,-7.065830826759338379e-01,-4.298171028494834900e-02,-1.043008208274841309e+00,-3.449319899082183838e-01,7.526886463165283203e-02,-2.507770657539367676e-01
-1.399926662445068359e+00,-7.622137665748596191e-01,-1.983153820037841797e+00,-1.500085711479187012e+00,-8.578780293464660645e-01,-1.169508695602416992e+00,-9.274669885635375977e-01,-1.763265609741210938e+00,-5.117846131324768066e-01,-1.256210684776306152e+00,-1.143283367156982422e+00,-3.421196639537811279e-01,-1.083715081214904785e+00,1.140840768814086914e+00,1.144243478775024414e+00,-6.905776858329772949e-01,5.452736094594001770e-02,-1.575233459472656250e+00,1.441565394401550293e+00,-1.248958349227905273e+00,2.011160612106323242e+00,-5.091989040374755859e-01,-9.260239005088806152e-01,-1.256371974945068359e+00,-3.333838284015655518e-01,-8.460652232170104980e-01,-3.409154415130615234e-01,-6.115820407867431641e-01,-3.691809773445129395e-01,-1.146021485328674316e+00,-1.345654368400573730e+00,-1.131832718849182129e+00,-8.635310530662536621e-01,-1.098134160041809082e+00,-1.115665912628173828e+00,-6.994697451591491699e-01,-2.760182917118072510e-01,1.769650220870971680e+00,-3.861788511276245117e-01,-8.632301688194274902e-01,-1.250314593315124512e+00,1.476811289787292480e+00,2.388220578432083130e-01,-8.429951220750808716e-02,2.781358063220977783e-01,-9.249991923570632935e-02,-6.025379300117492676e-01,-4.639441370964050293e-01,-4.419845044612884521e-01,-9.539402723312377930e-01,2.908121049404144287e-01,-4.274723231792449951e-01,-4.300577044486999512e-01
-1.812408447265625000e+00,-9.011395573616027832e-01,-4.788139462471008301e-01,-5.094108581542968750e-01,-4.162255525588989258e-01,-1.427028656005859375e+00,-1.520532846450805664e+00,-3.479745611548423767e-02,-2.037454128265380859e+00,-7.194603085517883301e-01,-1.636205554008483887e+00,-1.171934008598327637e+00,-2.350300788879394531e+00,1.358963727951049805e+00,1.890921443700790405e-01,-1.707198143005371094e+00,-2.684874296188354492e+00,-2.631112575531005859e+00,-5.476492047309875488e-01,-2.073719978332519531e+00,-4.344314634799957275e-01,3.294016718864440918e-01,-1.679315686225891113e+00,-3.787380456924438477e+00,-1.291895389556884766e+00,-2.010613679885864258e+00,-2.401347011327743530e-01,-1.044626608490943909e-01,-2.944583296775817871e-01,-1.484418869018554688e+00,-5.558532103896141052e-02,-2.033582687377929688e+00,-1.392489552497863770e+00,-1.777870059013366699e+00,-1.140872359275817871e+00,-2.216500043869018555e+00,-1.894876658916473389e-01,2.056728899478912354e-01,-1.403904199600219727e+00,-1.900286674499511719e+00,-2.159011125564575195e+00,-3.380876481533050537e-01,-2.972977399826049805e+00,-9.225959181785583496e-01,-1.928884625434875488e+00,6.473359465599060059e-01,-1.008815765380859375e+00,-1.501649975776672363e+00,-2.788151025772094727e+00,-1.734359383583068848e+00,6.991382837295532227e-01,-5.196616053581237793e-01,-1.533245891332626343e-01
-1.451296925544738770e+00,-1.707620024681091309e+00,-7.648300528526306152e-01,-1.720174431800842285e+00,-1.146509289741516113e+00,-1.570192456245422363e+00,-1.462413668632507324e+00,-1.675662040710449219e+00,-1.776381969451904297e+00,-1.105421900749206543e+00,-9.376577734947204590e-01,-1.007083535194396973e+00,-7.746945023536682129e-01,1.300143361091613770e+00,-4.913657307624816895e-01,-7.793889641761779785e-01,-5.636344552040100098e-01,-1.247047662734985352e+00,1.242241740226745605e+00,-3.398072421550750732e-01,-1.729773543775081635e-02,-1.416913986206054688e+00,-1.456850767135620117e+00,-2.651453256607055664e+00,-8.394410610198974609e-01,-1.107507109642028809e+00,-2.928003072738647461e-01,-1.939785480499267578e-01,-1.298074841499328613e+00,-1.087217926979064941e+00,-9.682252407073974609e-01,-1.817962050437927246e+00,-1.164859533309936523e+00,-9.162361025810241699e-01,-1.377390384674072266e+00,-8.262088894844055176e-01,-1.745398789644241333e-01,9.180057644844055176e-01,-4.483830928802490234e-01,-1.764235258102416992e+00,-4.370645582675933838e-01,1.917764663696289062e+00,-3.542090058326721191e-01,-3.402881026268005371e-01,-1.363059401512145996e+00,5.997513234615325928e-02,-6.584092974662780762e-01,-1.175362110137939453e+00,-1.517588734626770020e+00,-9.205035567283630371e-01,6.252266168594360352e-01,2.437223494052886963e-01,3.199998736381530762e-01
-1.512957215309143066e+00,-1.225800633430480957e+00,-9.822114706039428711e-01,-1.425099372863769531e+00,-1.480077862739562988e+00,-1.538447499275207520e+00,-1.670476555824279785e+00,-2.297117233276367188e+00,-4.534084796905517578e-01,-7.876549363136291504e-01,-6.997488141059875488e-01,2.697412073612213135e-01,-6.397624611854553223e-01,8.279651403427124023e-01,-3.940365910530090332e-01,-4.502156674861907959e-01,-5.180429667234420776e-02,-1.357836723327636719e+00,2.540474012494087219e-02,1.005036950111389160e+00,-8.936797268688678741e-03,-1.468084216117858887e+00,2.144815027713775635e-01,-1.970050454139709473e+00,-9.216175675392150879e-01,-6.422977447509765625e-01,1.081073522567749023e+00,1.813840866088867188e-01,-1.578719854354858398e+00,-1.627746582031250000e+00,-1.728266239166259766e+00,-1.231506586074829102e+00,-1.478267312049865723e+00,-2.887973487377166748e-01,-6.419699192047119141e-01,-6.577985882759094238e-01,-1.240274429321289062e+00,-9.480091333389282227e-01,8.115917444229125977e-02,7.228990644216537476e-02,-5.638782382011413574e-01,2.600535452365875244e-01,-2.559229433536529541e-01,-1.583897233009338379e+00,4.384645223617553711e-01,-2.099940627813339233e-01,3.676433861255645752e-01,-4.830587804317474365e-01,-2.609053254127502441e-01,-5.693914294242858887e-01,5.809532999992370605e-01,-3.518629670143127441e-01,4.352524131536483765e-02
-7.277144789695739746e-01,-9.891528487205505371e-01,-6.898860335350036621e-01,-5.462056398391723633e-01,-4.317007064819335938e-01,-1.197519063949584961e+00,-6.966211199760437012e-01,-1.546599268913269043e-01,-1.214304327964782715e+00,-8.739913702011108398e-01,-6.924999356269836426e-01,-2.222726494073867798e-01,-1.058743715286254883e+00,7.787474989891052246e-01,-7.153073549270629883e-01,-9.970873594284057617e-01,-1.669396460056304932e-01,-4.967935979366302490e-01,4.127779304981231689e-01,2.711401283740997314e-01,-2.640180587768554688e-01,2.356912195682525635e-01,-1.273707389831542969e+00,-1.418685197830200195e+00,1.358700692653656006e-01,-1.073365569114685059e+00,-1.044493392109870911e-01,4.715876281261444092e-01,-1.003154277801513672e+00,-1.025094985961914062e+00,4.216334223747253418e-02,-9.689686894416809082e-01,-1.019635438919067383e+00,-9.879887104034423828e-01,-1.638465285301208496e+00,-1.669843673706054688e+00,-5.307580828666687012e-01,7.654253840446472168e-01,-1.853205680847167969e+00,-2.951078116893768311e-01,-9.461305737495422363e-01,7.842145562171936035e-01,-3.870044946670532227e-01,-7.931684255599975586e-01,4.683704972267150879e-01,6.028654575347900391e-01,-1.171225428581237793e+00,-8.651391863822937012e-01,-4.900385439395904541e-01,-3.444845378398895264e-01,6.540229916572570801e-01,1.996427893638610840e+00,6.938642263412475586e-01
-9.971218705177307129e-01,-1.071358323097229004e+00,-6.252360939979553223e-01,-8.147656321525573730e-01,-2.740575671195983887e-01,-5.603231191635131836e-01,-6.353132724761962891e-01,-8.070086836814880371e-01,-1.967830896377563477e+00,-1.343136906623840332e+00,-1.317468881607055664e+00,-1.445590376853942871e+00,-5.550846457481384277e-01,3.881671428680419922e-01,8.928609639406204224e-02,-1.065263390541076660e+00,6.763904094696044922e-01,-1.254035383462905884e-01,5.790836811065673828e-01,-1.493248105049133301e+00,2.666560411453247070e-01,3.836463093757629395e-01,-2.130769491195678711e+00,-1.487258076667785645e-01,1.514718055725097656e+00,-3.699946403503417969e-01,-1.011617064476013184e+00,-1.118243813514709473e+00,1.199600338935852051e+00,-9.489850401878356934e-01,-6.488258838653564453e-01,-1.171439766883850098e+00,-1.309769868850708008e+00,-1.289717555046081543e+00,-2.492207765579223633e+00,-1.291701078414916992e+00,-5.312426686286926270e-01,1.330927371978759766e+00,-2.369698286056518555e+00,-1.572069883346557617e+00,-1.039110302925109863e+00,1.417096853256225586e+00,4.905890524387359619e-01,2.972386181354522705e-01,-1.478784322738647461e+00,2.850114405155181885e-01,-2.129548072814941406e+00,-5.948421955108642578e-01,1.892595648765563965e+00,-3.034093976020812988e-01,-8.776062130928039551e-01,-2.792046070098876953e-01,-1.338230520486831665e-01
-9.836061596870422363e-01,-9.183896780014038086e-01,-1.581141352653503418e+00,-8.154294490814208984e-01,4.529351592063903809e-01,-1.465202450752258301e+00,-7.156959176063537598e-01,-1.544734984636306763e-01,-5.913813710212707520e-01,-7.774246931076049805e-01,-9.936128258705139160e-01,-6.114155054092407227e-01,-1.171568512916564941e+00,1.153142690658569336e+00,4.015953838825225830e-01,-1.225196003913879395e+00,2.675343751907348633e-01,-2.662411332130432129e-01,3.241685330867767334e-01,-5.699060559272766113e-01,9.563442468643188477e-01,1.191766038537025452e-01,-6.744996309280395508e-01,-6.573117375373840332e-01,5.930400490760803223e-01,-5.887886881828308105e-01,-6.472260951995849609e-01,-1.365529149770736694e-01,1.451218128204345703e-01,-6.973793506622314453e-01,-2.238079309463500977e-01,-5.281086564064025879e-01,-4.518881738185882568e-01,-1.068612575531005859e+00,-1.387112617492675781e+00,-1.194054841995239258e+00,-2.348093837499618530e-01,8.076013922691345215e-01,-1.535520911216735840e+00,-7.308866381645202637e-01,-9.790534973144531250e-01,3.370516300201416016e-01,-4.673484563827514648e-01,6.255378723144531250e-01,-1.250110745429992676e+00,3.637209236621856689e-01,-9.239359498023986816e-01,-7.806047201156616211e-01,-9.643310680985450745e-03,-4.326998591423034668e-01,1.463499292731285095e-02,1.246498107910156250e+00,4.310163557529449463e-01
-1.374788045883178711e+00,-1.288097620010375977e+00,-1.479776978492736816e+00,-1.198679208755493164e+00,8.619676232337951660e-01,-6.998398303985595703e-01,-6.518341898918151855e-01,-4.056468009948730469e-01,-7.852032184600830078e-01,-8.797979950904846191e-01,-7.951338291168212891e-01,-1.447123289108276367e+00,-1.834230422973632812e+00,1.889485716819763184e-01,-1.136250615119934082e+00,-1.847264289855957031e+00,-9.981349110603332520e-01,-1.631968617439270020e+00,-1.287591457366943359e-01,-1.134286999702453613e+00,1.287019401788711548e-01,-6.493166089057922363e-01,-6.871451139450073242e-01,-1.042349338531494141e+00,-1.313508898019790649e-01,-9.609102606773376465e-01,-1.192048788070678711e+00,-3.675643205642700195e-01,-1.131757140159606934e+00,-1.468642234802246094e+00,-5.670085549354553223e-01,-1.358339667320251465e+00,-9.197344183921813965e-01,-1.111795186996459961e+00,-1.877602458000183105e+00,-1.421213150024414062e+00,-7.874610424041748047e-01,-4.528709053993225098e-01,-1.323994517326354980e+00,-1.244656324386596680e+00,-1.659322977066040039e+00,-7.741634547710418701e-02,-1.561138629913330078e+00,-5.490722656250000000e-01,2.197936326265335083e-01,4.180809855461120605e-01,-1.006438255310058594e+00,-8.831628561019897461e-01,-1.044772624969482422e+00,-9.223230928182601929e-02,1.201555967330932617e+00,1.543897867202758789e+00,1.173091173171997070e+00
-1.115430831909179688e+00,-8.117970824241638184e-01,-4.869081676006317139e-01,-1.394175052642822266e+00,-5.280845761299133301e-01,-4.255623519420623779e-01,-1.357862830162048340e+00,-1.564544916152954102e+00,-5.199063420295715332e-01,-5.008022785186767578e-01,-6.766819357872009277e-01,-8.857036828994750977e-01,-9.225929379463195801e-01,3.592185378074645996e-01,6.554270386695861816e-01,-1.233364939689636230e+00,-6.805675625801086426e-01,-2.634627223014831543e-01,9.428635835647583008e-01,7.886443734169006348e-01,2.229043990373611450e-01,-6.100205779075622559e-01,-4.118640720844268799e-01,-1.416485786437988281e+00,2.641451954841613770e-01,-2.455108165740966797e-01,-3.921876847743988037e-01,-1.434716343879699707e+00,-7.642212510108947754e-01,-1.472603440284729004e+00,-1.836387395858764648e+00,-1.021883726119995117e+00,-5.270593166351318359e-01,-8.837116360664367676e-01,-1.003284215927124023e+00,-5.121662616729736328e-01,-1.450108736753463745e-01,6.027678251266479492e-01,-9.150590300559997559e-01,-5.746421813964843750e-01,-1.517542362213134766e+00,8.678339719772338867e-01,-1.627721548080444336e+00,-3.012602031230926514e-01,-1.130098998546600342e-01,6.931848526000976562e-01,-1.847060024738311768e-01,-9.970414042472839355e-01,-1.620373487472534180e+00,-3.149856626987457275e-01,2.361199855804443359e-01,-8.114474415779113770e-01,7.762319445610046387e-01
-6.570969820022583008e-01,-8.023484945297241211e-01,-9.958989620208740234e-01,-9.186272025108337402e-01,6.992427110671997070e-01,-7.987026572227478027e-01,7.355931997299194336e-01,-1.506464183330535889e-01,1.220574155449867249e-01,1.014885585755109787e-02,-4.634071588516235352e-01,-7.790935784578323364e-02,-5.879509449005126953e-01,1.039445400238037109e+00,-4.969318509101867676e-01,-4.698321521282196045e-01,7.877452373504638672e-01,9.716377258300781250e-01,-2.887691259384155273e-01,1.530702948570251465e+00,4.317057132720947266e-01,8.452479243278503418e-01,5.655906796455383301e-01,1.242347359657287598e+00,1.662596464157104492e+00,-1.350626707077026367e+00,8.803234100341796875e-01,-4.687685072422027588e-01,4.591309651732444763e-02,-6.402285099029541016e-01,-1.825437098741531372e-01,9.535106271505355835e-02,-1.152152642607688904e-01,-7.377533316612243652e-01,-4.175941944122314453e-01,-5.310982465744018555e-01,2.462718337774276733e-01,7.547715306282043457e-01,3.015383780002593994e-01,1.805934458971023560e-01,-4.287199378013610840e-01,3.729767799377441406e-01,3.616796433925628662e-01,-1.562855720520019531e+00,-5.692138671875000000e-01,1.680936574935913086e+00,8.309088349342346191e-01,-1.489320158958435059e+00,8.429511785507202148e-01,1.190177321434020996e+00,4.936169087886810303e-01,1.271800279617309570e+00,1.358547687530517578e+00
-4.356210231781005859e-01,-1.225540518760681152e+00,5.822641775012016296e-02,9.890614449977874756e-02,-3.548150509595870972e-02,-1.488058090209960938e+00,-2.797883152961730957e-01,-6.479103565216064453e-01,-4.142852723598480225e-01,-6.148904561996459961e-01,-4.188577830791473389e-01,-1.600756645202636719e-01,-4.714698493480682373e-01,2.964246571063995361e-01,-1.962969303131103516e+00,5.506134778261184692e-02,4.978314936161041260e-01,4.219571352005004883e-01,-5.067330598831176758e-01,1.357988238334655762e+00,-1.444174408912658691e+00,9.945036768913269043e-01,5.520664453506469727e-01,-4.549022316932678223e-01,1.105823159217834473e+00,-1.530801773071289062e+00,1.841973423957824707e+00,4.741504490375518799e-01,9.815640449523925781e-01,-6.698147058486938477e-01,-2.606824636459350586e-01,2.299922853708267212e-01,-7.609905004501342773e-01,-4.273963868618011475e-01,-1.222212076187133789e+00,-6.444899439811706543e-01,-9.010356068611145020e-01,1.339902639389038086e+00,1.045821428298950195e+00,6.598945260047912598e-01,-6.850696206092834473e-01,1.073501110076904297e+00,2.949335053563117981e-02,-1.956834077835083008e+00,6.495211124420166016e-01,1.635423541069030762e+00,1.344609260559082031e+00,-1.587897062301635742e+00,8.118844777345657349e-02,6.477269530296325684e-01,6.302781701087951660e-01,8.325150012969970703e-01,1.077131867408752441e+00
-1.051104664802551270e+00,-7.466105818748474121e-01,-2.406366765499114990e-01,-4.216187894344329834e-01,-8.550467491149902344e-01,-1.487581491470336914e+00,-1.060659050941467285e+00,-1.528738498687744141e+00,-1.008367463946342468e-01,-1.587980628013610840e+00,-1.063043355941772461e+00,9.425354748964309692e-02,-3.050121665000915527e-01,8.606815338134765625e-02,-8.342719674110412598e-01,-1.877828091382980347e-01,-5.407131314277648926e-01,-3.707927167415618896e-01,5.503980517387390137e-01,1.548538565635681152e+00,-1.141118526458740234e+00,1.174454092979431152e-01,2.182796150445938110e-01,-1.637196183204650879e+00,6.215078830718994141e-01,-1.611949563026428223e+00,1.933529734611511230e+00,2.170714437961578369e-01,-9.306477308273315430e-01,-1.345926403999328613e+00,-1.317935228347778320e+00,-5.335630774497985840e-01,-1.379887342453002930e+00,-9.297809004783630371e-01,-2.400799989700317383e-01,-3.746716082096099854e-01,-2.775901257991790771e-01,-1.179174900054931641e+00,3.561392799019813538e-02,-1.667349189519882202e-01,-9.614086747169494629e-01,8.498424291610717773e-01,-1.271152138710021973e+00,-1.277874708175659180e+00,6.709963083267211914e-02,7.592453360557556152e-01,2.888667881488800049e-01,-1.443130135536193848e+00,-8.656850457191467285e-02,1.889386624097824097e-01,5.561692118644714355e-01,-9.798398017883300781e-01,-2.397100627422332764e-02
-1.078695774078369141e+00,-1.516568183898925781e+00,-8.751395940780639648e-01,-6.308101415634155273e-01,1.071825772523880005e-01,-1.776953339576721191e+00,-5.081380605697631836e-01,-6.450701951980590820e-01,-9.497791528701782227e-01,-8.819945454597473145e-01,-7.945716381072998047e-01,-3.229582011699676514e-01,-9.547889232635498047e-01,1.085743188858032227e+00,-2.072210013866424561e-01,-6.282921433448791504e-01,4.418368637561798096e-01,-8.518605232238769531e-01,4.784021079540252686e-01,5.305514335632324219e-01,1.475572437047958374e-01,-2.799109816551208496e-01,5.035251379013061523e-01,-7.526718378067016602e-01,-6.466127634048461914e-01,-1.100674748420715332e+00,8.716810345649719238e-01,4.445863962173461914e-01,-4.436996877193450928e-01,-6.407202482223510742e-01,-3.410434126853942871e-01,-4.929602444171905518e-01,-9.641241431236267090e-01,-9.357655644416809082e-01,-5.865910053253173828e-01,-8.638207912445068359e-01,-3.712529242038726807e-01,8.520326614379882812e-01,-1.466097831726074219e-01,-1.034105658531188965e+00,-3.540517389774322510e-01,7.042693495750427246e-01,9.534049034118652344e-01,-9.619767069816589355e-01,1.702905595302581787e-01,6.017841696739196777e-01,3.429985046386718750e-02,-7.867625951766967773e-01,5.201302096247673035e-02,6.116883829236030579e-02,8.709629178047180176e-01,8.909245729446411133e-01,4.852823615074157715e-01
-7.927070856094360352e-01,-9.992082118988037109e-01,-1.372580647468566895e+00,-1.021251082420349121e+00,-1.575947366654872894e-02,-2.139580100774765015e-01,-1.836782693862915039e-02,-5.452423691749572754e-01,-2.738430500030517578e-01,-5.329674482345581055e-01,-9.808357357978820801e-01,-8.795512914657592773e-01,-9.976627230644226074e-01,4.340835213661193848e-01,-2.198727726936340332e-01,-1.201254248619079590e+00,7.478510141372680664e-01,-7.500178813934326172e-01,-1.402232646942138672e-01,3.543083965778350830e-01,7.988383173942565918e-01,-9.750027060508728027e-01,3.291695192456245422e-02,-7.569712996482849121e-01,-2.437559962272644043e-01,-8.322044610977172852e-01,-4.334594607353210449e-01,-2.519808150827884674e-02,4.394849836826324463e-01,-4.500080645084381104e-01,-1.179978698492050171e-01,-6.749035418033599854e-02,-7.278511524200439453e-01,-8.693420886993408203e-01,-6.180520057678222656e-01,-8.378822207450866699e-01,-2.294043302536010742e-01,1.318235158920288086e+00,-7.302510142326354980e-01,-3.881468772888183594e-01,-3.901635706424713135e-01,9.986071586608886719e-01,1.133654564619064331e-01,-7.008442282676696777e-02,2.668062448501586914e-01,3.106566071510314941e-01,-7.824599146842956543e-01,-7.968432307243347168e-01,-5.776996538043022156e-02,-4.555711746215820312e-01,9.208534955978393555e-01,6.018103957176208496e-01,7.141387462615966797e-01
-5.494779944419860840e-01,-8.779370784759521484e-01,-5.428827404975891113e-01,-1.112085580825805664e+00,-2.774998359382152557e-02,-1.090360164642333984e+00,-9.218975305557250977e-01,-1.173630714416503906e+00,-6.586123257875442505e-02,-3.664062321186065674e-01,-7.812238931655883789e-01,-1.533743441104888916e-01,-2.989927828311920166e-01,8.029097914695739746e-01,-3.143075406551361084e-01,-5.245785713195800781e-01,1.054235339164733887e+00,9.297949075698852539e-02,4.395887851715087891e-01,8.837159872055053711e-01,1.537710428237915039e-01,-5.712430477142333984e-01,-1.786898970603942871e-01,2.261294722557067871e-01,4.160364270210266113e-01,-5.911391973495483398e-01,6.162546277046203613e-01,-4.740040004253387451e-01,-3.272106945514678955e-01,-8.986638784408569336e-01,-1.535490274429321289e+00,-1.698575168848037720e-01,-7.093098163604736328e-01,-3.227386772632598877e-01,-7.047138214111328125e-01,-1.319940835237503052e-01,3.683516010642051697e-02,1.050551533699035645e+00,2.509527141228318214e-03,-1.158739672973752022e-03,-4.062416851520538330e-01,1.168703079223632812e+00,6.196868419647216797e-01,3.873960971832275391e-01,8.086045980453491211e-01,3.597017824649810791e-01,1.530301123857498169e-01,-5.316751003265380859e-01,-5.171186327934265137e-01,1.029911339282989502e-01,6.309424638748168945e-01,2.855868823826313019e-02,4.029598236083984375e-01
-2.334455102682113647e-01,-1.122097492218017578e+00,-2.130437269806861877e-02,-2.891285121440887451e-01,1.211023330688476562e+00,-1.316086292266845703e+00,2.341645359992980957e-01,3.452906608581542969e-01,-1.174313068389892578e+00,-1.969772949814796448e-02,-6.372092962265014648e-01,-4.767261445522308350e-01,-7.548487782478332520e-01,3.981812298297882080e-01,2.944031059741973877e-01,-1.218536853790283203e+00,-4.013081490993499756e-01,-6.920324563980102539e-01,2.097363620996475220e-01,-6.116452813148498535e-01,7.794949412345886230e-01,-2.984660267829895020e-01,-5.845514535903930664e-01,-4.066541194915771484e-01,2.503685057163238525e-01,-7.401039600372314453e-01,-2.504173815250396729e-01,5.987953543663024902e-01,7.477702945470809937e-02,-5.757836103439331055e-01,-5.973567441105842590e-02,-3.172408938407897949e-01,-2.821916937828063965e-01,-1.087349057197570801e+00,-6.119756102561950684e-01,-5.342331528663635254e-01,-6.105602979660034180e-01,8.058999776840209961e-01,-7.257445454597473145e-01,1.758657842874526978e-01,-1.338849782943725586e+00,5.204674601554870605e-01,-1.031137228012084961e+00,-7.916315793991088867e-01,6.974319219589233398e-01,9.117924571037292480e-01,1.594667583703994751e-01,-1.136360645294189453e+00,-1.612873911857604980e+00,-7.079377025365829468e-02,1.449877262115478516e+00,1.757402658462524414e+00,1.138155937194824219e+00
-8.977935314178466797e-01,-1.050120711326599121e+00,-6.979594826698303223e-01,-1.078492283821105957e+00,-2.192835509777069092e-01,-1.039591431617736816e+00,-2.692408859729766846e-02,-1.084275245666503906e+00,-7.732617855072021484e-01,-7.434087395668029785e-01,-7.847077846527099609e-01,-1.214482784271240234e+00,-1.228810310363769531e+00,3.502981364727020264e-01,3.377687036991119385e-01,-1.232170224189758301e+00,5.274943709373474121e-01,-1.446857005357742310e-01,-9.356874227523803711e-02,2.134457975625991821e-02,9.163357019424438477e-01,-3.694086670875549316e-01,-8.832467719912528992e-03,5.605207085609436035e-01,6.788439750671386719e-01,-1.090757131576538086e+00,-4.858604967594146729e-01,-6.116918846964836121e-02,7.422232031822204590e-01,-6.615371704101562500e-01,-8.714338541030883789e-01,-3.828301131725311279e-01,-9.401427507400512695e-01,-1.312101960182189941e+00,-1.124927163124084473e+00,-1.182930946350097656e+00,-5.197802186012268066e-01,9.211631417274475098e-01,-1.084873914718627930e+00,-8.158608675003051758e-01,-1.500775337219238281e+00,7.153049111366271973e-01,-1.274517059326171875e+00,-5.119320154190063477e-01,1.595325767993927002e-01,9.992830157279968262e-01,-4.261821806430816650e-01,-1.505971312522888184e+00,2.770973742008209229e-01,3.684721514582633972e-02,8.862819671630859375e-01,2.402474582195281982e-01,1.246276497840881348e+00
-9.029385447502136230e-01,-4.220073521137237549e-01,-7.713677287101745605e-01,-8.692893981933593750e-01,-1.499721221625804901e-02,-1.173749208450317383e+00,-1.875018924474716187e-01,-1.121312499046325684e+00,-2.965298593044281006e-01,-7.516559958457946777e-01,-8.184477686882019043e-01,-1.132699698209762573e-01,-9.966538548469543457e-01,5.705583691596984863e-01,-3.000137507915496826e-01,-1.008238554000854492e+00,8.852996230125427246e-01,-9.147914499044418335e-02,-1.710623800754547119e-01,4.131659269332885742e-01,1.008884668350219727e+00,-3.417792618274688721e-01,-5.642055273056030273e-01,-2.150727510452270508e-01,3.436917960643768311e-01,-6.731247305870056152e-01,-2.265714555978775024e-01,-1.144979596138000488e+00,-2.999510467052459717e-01,-1.705782562494277954e-01,-1.049242615699768066e+00,-3.231932520866394043e-01,-5.779594182968139648e-01,-6.216338276863098145e-01,-1.578183472156524658e-01,-6.961215734481811523e-01,2.524410486221313477e-01,1.031584620475769043e+00,-4.660245180130004883e-01,2.285189181566238403e-01,-9.622086882591247559e-01,6.307266950607299805e-01,3.685727119445800781e-01,-4.322368502616882324e-01,5.100142955780029297e-01,7.585350275039672852e-01,1.845900267362594604e-01,-1.048071622848510742e+00,-4.657072573900222778e-02,-1.734420955181121826e-01,4.895388484001159668e-01,-1.647655606269836426e+00,4.796811044216156006e-01
-7.840698361396789551e-01,-1.423902750015258789e+00,-3.946030437946319580e-01,-7.015785574913024902e-01,-6.518977880477905273e-01,-1.605749964714050293e+00,-6.510983109474182129e-01,-1.337279915809631348e+00,-1.306903600692749023e+00,-8.350840210914611816e-01,-4.955798089504241943e-01,-2.010397017002105713e-01,-1.039629220962524414e+00,6.076647639274597168e-01,-3.775776028633117676e-01,-7.413600683212280273e-01,8.949096314609050751e-03,-1.240212798118591309e+00,-4.754188954830169678e-01,-3.441498279571533203e-01,1.002434968948364258e+00,-5.898132324218750000e-01,-1.023970484733581543e+00,-4.155975282192230225e-01,-4.171170890331268311e-01,-1.557782739400863647e-01,-1.842943429946899414e-01,-5.195674300193786621e-01,-1.610969156026840210e-01,-9.195353984832763672e-01,-1.228856444358825684e+00,-8.317700028419494629e-01,-1.036856889724731445e+00,-9.737777709960937500e-01,-4.758436679840087891e-01,-9.936366677284240723e-01,-7.973144054412841797e-01,5.107993483543395996e-01,-5.105980038642883301e-01,-7.206279039382934570e-01,-1.275548458099365234e+00,1.269187927246093750e-01,-2.425134330987930298e-01,-4.924970865249633789e-01,5.385934114456176758e-01,5.571642518043518066e-01,-4.156573712825775146e-01,-8.621355295181274414e-01,-4.830299317836761475e-01,-4.545339643955230713e-01,7.417672276496887207e-01,6.153432726860046387e-01,8.925635814666748047e-01
-6.686666607856750488e-01,-8.419631719589233398e-01,-6.503385305404663086e-02,-5.826454758644104004e-01,-1.870991438627243042e-01,-6.404248476028442383e-01,-9.898714423179626465e-01,-6.073831915855407715e-01,-1.727285027503967285e+00,-1.458740353584289551e+00,-9.068309664726257324e-01,-6.186035871505737305e-01,-1.407855272293090820e+00,-5.475901365280151367e-01,6.435879468917846680e-01,-1.386027097702026367e+00,2.317908555269241333e-01,-8.924114108085632324e-01,1.255859375000000000e+00,-1.357406616210937500e+00,-6.436221599578857422e-01,-1.533763527870178223e+00,-1.572551608085632324e+00,-6.736020445823669434e-01,-4.287551045417785645e-01,-2.463325560092926025e-01,-1.200673580169677734e+00,-8.268228769302368164e-01,4.059440791606903076e-01,-7.860833406448364258e-01,-5.696341395378112793e-01,-1.569094181060791016e+00,-1.294117689132690430e+00,-1.338916659355163574e+00,-1.462627410888671875e+00,-1.356751203536987305e+00,-1.341572642326354980e+00,9.215171337127685547e-01,-1.639169692993164062e+00,-1.114846587181091309e+00,-1.377806067466735840e+00,5.318376421928405762e-01,1.849831938743591309e-01,-7.752436399459838867e-02,-3.594841659069061279e-01,-2.892608642578125000e-01,-1.564020991325378418e+00,-3.195544481277465820e-01,-4.700811207294464111e-01,-4.894298017024993896e-01,1.527959015220403671e-02,-1.428065419197082520e+00,1.061806157231330872e-01
-4.930160343647003174e-01,-5.047618150711059570e-01,-1.715245842933654785e-01,-4.243316054344177246e-01,7.737750411033630371e-01,-1.264267206192016602e+00,-1.492714166641235352e+00,-2.616758644580841064e-01,-1.108991980552673340e+00,-3.053808808326721191e-01,-1.149186372756958008e+00,3.402449190616607666e-02,-7.943167686462402344e-01,1.882316350936889648e+00,6.360847949981689453e-01,-8.039141893386840820e-01,-3.089090585708618164e-01,-1.415085911750793457e+00,8.531457781791687012e-01,-1.049781084060668945e+00,8.812548518180847168e-01,-1.679656982421875000e+00,-3.261459469795227051e-01,-2.119332790374755859e+00,-1.244617819786071777e+00,-7.523633241653442383e-01,-5.450519919395446777e-01,7.804723083972930908e-02,-1.272569000720977783e-01,-1.454709649085998535e+00,-4.801451861858367920e-01,-1.565224051475524902e+00,-6.484469771385192871e-01,-1.693851947784423828e+00,-1.286789417266845703e+00,-1.185503482818603516e+00,9.711273908615112305e-01,5.875920057296752930e-01,-1.674420595169067383e+00,-1.020834207534790039e+00,-1.877338647842407227e+00,8.330541849136352539e-01,-1.230647444725036621e+00,-1.584014110267162323e-02,4.319117367267608643e-01,-2.434981316328048706e-01,-1.235693454742431641e+00,-6.536720395088195801e-01,-1.778314232826232910e+00,-1.272248506546020508e+00,7.529029250144958496e-01,-6.323597431182861328e-01,2.432660609483718872e-01
-4.579339027404785156e-01,-6.023103594779968262e-01,-8.976684808731079102e-01,-4.464490413665771484e-01,1.154458642005920410e+00,-5.155260562896728516e-01,5.737456679344177246e-01,4.682126045227050781e-01,-1.167136617004871368e-02,-6.311001628637313843e-02,-9.700348228216171265e-02,-9.834476560354232788e-02,-8.860431909561157227e-01,1.179301857948303223e+00,1.939847618341445923e-01,-5.440375804901123047e-01,3.575012087821960449e-01,-2.039075046777725220e-01,4.587990939617156982e-01,6.984776258468627930e-01,3.528238832950592041e-01,-8.877243995666503906e-01,-4.727380871772766113e-01,-1.264772176742553711e+00,-3.065483868122100830e-01,-9.236777424812316895e-01,2.819003462791442871e-01,6.985717415809631348e-01,7.938057184219360352e-01,2.300101965665817261e-01,3.940544128417968750e-01,5.658824443817138672e-01,2.483521848917007446e-01,-4.532806277275085449e-01,-1.463779807090759277e-01,-8.684875369071960449e-01,5.730790495872497559e-01,9.317941665649414062e-01,-4.464822411537170410e-01,-4.913210570812225342e-01,-7.427597045898437500e-01,5.681746006011962891e-01,-1.168936118483543396e-01,-6.952632218599319458e-02,1.043667674064636230e+00,1.871944516897201538e-01,-1.543928217142820358e-02,-5.972879528999328613e-01,-6.240628957748413086e-01,-1.244208812713623047e-01,1.091106176376342773e+00,1.168287038803100586e+00,1.051050305366516113e+00
-7.906810194253921509e-02,-8.063937425613403320e-01,4.264817833900451660e-01,-7.164494991302490234e-01,8.369763195514678955e-02,-7.237263917922973633e-01,-8.559724688529968262e-01,-1.211830377578735352e+00,6.892858445644378662e-02,-1.146841049194335938e+00,-1.698583215475082397e-01,-2.335830628871917725e-01,-5.898739099502563477e-01,-7.480328679084777832e-01,-9.058355689048767090e-01,-5.145851373672485352e-01,1.600923389196395874e-01,3.602069616317749023e-01,-2.627816796302795410e-01,8.103185296058654785e-01,-6.425856351852416992e-01,-8.619201779365539551e-01,3.334889411926269531e-01,-6.357150673866271973e-01,3.893823325634002686e-01,-4.238245785236358643e-01,8.187156319618225098e-01,1.750319302082061768e-01,-5.771698951721191406e-01,-6.543386578559875488e-01,-1.243960499763488770e+00,-1.216433286666870117e+00,-9.681317210197448730e-01,-3.528312146663665771e-01,-1.364305257797241211e+00,-4.343956708908081055e-01,-7.635545134544372559e-01,3.735204339027404785e-01,-4.828116595745086670e-01,-6.530502438545227051e-01,-1.466574668884277344e+00,1.016109660267829895e-01,-5.829990506172180176e-01,-6.199014782905578613e-01,1.886628419160842896e-01,3.210314214229583740e-01,-2.111195027828216553e-01,-7.115844488143920898e-01,-9.866707324981689453e-01,7.838822901248931885e-02,4.252369701862335205e-01,-2.295259535312652588e-01,8.946364521980285645e-01
-1.686395257711410522e-01,-6.451901197433471680e-01,3.687742352485656738e-01,2.853992581367492676e-01,1.637454748153686523e+00,-7.769362926483154297e-01,-9.056939929723739624e-02,7.404129505157470703e-01,-4.824229180812835693e-01,3.962324857711791992e-01,-3.460114598274230957e-01,-9.925623238086700439e-02,-9.063358306884765625e-01,9.068237543106079102e-01,1.962390393018722534e-01,-1.258501410484313965e+00,-5.537468194961547852e-01,-9.296420812606811523e-01,6.235404014587402344e-01,-1.570018887519836426e+00,4.452630877494812012e-01,-1.421963453292846680e+00,-4.239137470722198486e-01,-8.481611013412475586e-01,-8.011943101882934570e-01,-3.871757388114929199e-01,-5.327410101890563965e-01,1.164878129959106445e+00,-6.797775626182556152e-01,-1.560037136077880859e-01,7.349098324775695801e-01,-1.578373551368713379e+00,-1.132194995880126953e-01,-9.314832687377929688e-01,-5.840556621551513672e-01,-4.971964359283447266e-01,6.616412401199340820e-01,-6.350721120834350586e-01,-1.584483385086059570e+00,-1.347923278808593750e+00,-9.034074544906616211e-01,-3.977891504764556885e-01,-1.276099085807800293e+00,2.859617471694946289e-01,-1.748428046703338623e-01,-1.982061415910720825e-01,-1.363382816314697266e+00,-1.889397650957107544e-01,-1.859084367752075195e+00,-3.709245324134826660e-01,3.604878187179565430e-01,1.271232724189758301e+00,9.359834194183349609e-01
-7.069211006164550781e-01,-4.488505423069000244e-01,-5.527306795120239258e-01,-1.057700160890817642e-02,1.151554822921752930e+00,1.029573827981948853e-01,8.234500139951705933e-02,8.298149704933166504e-02,-5.206779837608337402e-01,-9.303795546293258667e-02,-4.465243816375732422e-01,-6.060709953308105469e-01,-1.922205686569213867e+00,4.653349891304969788e-02,1.165161013603210449e+00,-1.861268043518066406e+00,-6.033171415328979492e-01,-1.388176918029785156e+00,3.173977434635162354e-01,-1.434526324272155762e+00,1.169914245605468750e+00,-1.566483497619628906e+00,2.491262257099151611e-01,-9.992718100547790527e-01,-1.750289678573608398e+00,-2.381122261285781860e-01,-2.337499380111694336e+00,-6.727420724928379059e-03,-2.167854011058807373e-01,-7.887741923332214355e-01,-2.744394838809967041e-01,-8.576843142509460449e-01,3.771032765507698059e-02,-1.229733467102050781e+00,-5.605149269104003906e-01,-1.409992337226867676e+00,4.267945587635040283e-01,8.094969391822814941e-01,-1.582742691040039062e+00,-1.197101712226867676e+00,-9.320969581604003906e-01,-5.014592409133911133e-02,-9.847062826156616211e-01,3.662950694561004639e-01,1.783335447311401367e+00,-2.730182409286499023e-01,-1.643044114112854004e+00,6.247990205883979797e-02,-1.907902479171752930e+00,-9.350420236587524414e-01,2.134012132883071899e-01,1.614836215972900391e+00,1.298063039779663086e+00
-3.422374725341796875e-01,5.133724212646484375e-01,3.267050981521606445e-01,-1.675886511802673340e-01,1.607345342636108398e-01,5.890337228775024414e-01,2.904511801898479462e-02,-8.555052876472473145e-01,1.311302065849304199e+00,1.076409146189689636e-01,-1.020972728729248047e-01,3.938865959644317627e-01,-5.315554738044738770e-01,9.667930193245410919e-03,1.653999686241149902e+00,-4.369342625141143799e-01,1.568656325340270996e+00,-5.433319807052612305e-01,1.527495622634887695e+00,9.070961177349090576e-02,1.543644547462463379e+00,-1.666216731071472168e+00,-4.483259096741676331e-02,-4.428782761096954346e-01,-8.508977293968200684e-01,2.874414622783660889e-01,2.241903990507125854e-01,-9.840614795684814453e-01,2.909642159938812256e-01,-6.131556630134582520e-01,-5.834185481071472168e-01,4.010266959667205811e-01,4.209055006504058838e-01,-6.787630915641784668e-01,-8.427629470825195312e-01,-4.313900768756866455e-01,3.038823008537292480e-01,2.236469268798828125e+00,-7.751768827438354492e-01,8.084912598133087158e-02,-1.091889142990112305e+00,1.861512184143066406e+00,-3.685727119445800781e-01,2.319062352180480957e-01,8.526776432991027832e-01,-3.328241705894470215e-01,-1.094666868448257446e-01,-4.989359974861145020e-01,-8.956315517425537109e-01,-2.537553012371063232e-01,-5.593264102935791016e-01,-8.405910730361938477e-01,6.042540669441223145e-01
4.758481681346893311e-02,-1.900983452796936035e-01,3.503858447074890137e-01,3.235285580158233643e-01,8.018214702606201172e-01,-7.209351062774658203e-01,3.530720472335815430e-01,4.727360010147094727e-01,1.238129436969757080e-01,1.071344971656799316e+00,5.619268417358398438e-01,6.143155694007873535e-01,-2.369096875190734863e-01,1.212354421615600586e+00,-1.527342665940523148e-02,4.716937541961669922e-01,6.551346778869628906e-01,1.046293616294860840e+00,-6.378293633460998535e-01,7.663886547088623047e-01,8.818416595458984375e-01,6.122035384178161621e-01,7.660415172576904297e-01,1.232661962509155273e+00,8.445043563842773438e-01,-3.403509259223937988e-01,1.418514370918273926e+00,-5.195674300193786621e-01,-1.784587800502777100e-01,2.933623790740966797e-01,5.989874601364135742e-01,4.852651655673980713e-01,5.563359260559082031e-01,-2.481734901666641235e-01,2.147163450717926025e-01,-2.836053073406219482e-01,6.762846112251281738e-01,-1.067103352397680283e-02,5.963063836097717285e-01,6.029309034347534180e-01,6.484577804803848267e-02,-2.570485174655914307e-01,1.583902239799499512e-01,-4.161792099475860596e-01,1.362732768058776855e+00,1.184221267700195312e+00,1.280561566352844238e+00,-1.051959037780761719e+00,7.626513838768005371e-01,1.882759094238281250e+00,2.978171706199645996e-01,1.532731175422668457e+00,1.442104935646057129e+00
-2.558916807174682617e-01,-1.001115322113037109e+00,-8.817499130964279175e-02,1.725003123283386230e-01,4.524995684623718262e-01,-6.108195185661315918e-01,5.149917006492614746e-01,-4.709321260452270508e-01,-6.610237360000610352e-01,-5.840778350830078125e-01,-2.592552006244659424e-01,-5.503889322280883789e-01,-5.832113027572631836e-01,-4.282335937023162842e-01,-3.628496527671813965e-01,-6.557810902595520020e-01,4.965625107288360596e-01,8.671556711196899414e-01,-5.794066786766052246e-01,1.206618174910545349e-01,-2.365742176771163940e-01,9.574087858200073242e-01,-2.722574472427368164e-01,-2.666166722774505615e-01,1.336444854736328125e+00,-1.130007743835449219e+00,4.287326037883758545e-01,-8.955524563789367676e-01,4.712312519550323486e-01,-4.420309960842132568e-01,4.047140479087829590e-01,-7.043485641479492188e-01,-6.846685409545898438e-01,-2.988528609275817871e-01,-9.215987920761108398e-01,-5.300834774971008301e-01,-7.858147025108337402e-01,-1.506391316652297974e-01,7.735003232955932617e-01,-6.345258653163909912e-02,-2.599831223487854004e-01,-1.237464696168899536e-01,-1.031940817832946777e+00,-9.897524118423461914e-01,1.888057291507720947e-01,1.493179082870483398e+00,6.482903957366943359e-01,-1.292747259140014648e+00,4.354633986949920654e-01,1.890151381492614746e+00,1.547231078147888184e-01,5.131222009658813477e-01,1.409521222114562988e+00
-8.093150854110717773e-01,-8.978166580200195312e-01,-6.671495735645294189e-02,-5.198288559913635254e-01,-8.162561058998107910e-01,-1.219470143318176270e+00,-1.165152192115783691e+00,-1.812812209129333496e+00,-9.216135144233703613e-01,-1.278298139572143555e+00,-5.757260918617248535e-01,-5.975260138511657715e-01,-2.752401828765869141e-01,1.076215654611587524e-01,4.566999524831771851e-02,-9.748961031436920166e-02,-3.193518817424774170e-01,-3.140714764595031738e-01,3.762701153755187988e-01,1.180853486061096191e+00,8.363569974899291992e-01,-4.208533838391304016e-02,3.213796913623809814e-01,-1.664450407028198242e+00,5.462537407875061035e-01,-7.000374794006347656e-01,5.466746687889099121e-01,-1.482531309127807617e+00,2.471176832914352417e-01,-1.205330491065979004e+00,-1.697777867317199707e+00,-1.167207479476928711e+00,-1.122336864471435547e+00,-6.751152276992797852e-01,-8.706724047660827637e-01,-2.024284154176712036e-01,-3.535032272338867188e-02,-4.376322627067565918e-01,-4.291825369000434875e-02,-3.249106183648109436e-02,-1.241569995880126953e+00,1.841879785060882568e-01,-2.026679039001464844e+00,-1.187325358390808105e+00,-2.580692172050476074e-01,7.845951318740844727e-01,1.731084287166595459e-01,-9.455524682998657227e-01,-1.857538819313049316e-01,4.826616048812866211e-01,5.932269617915153503e-02,-1.696234226226806641e+00,3.892226815223693848e-01
-6.271865367889404297e-01,-6.306272149085998535e-01,-1.088971972465515137e+00,-4.443262517452239990e-01,6.015763282775878906e-01,-8.981198072433471680e-01,-9.471045434474945068e-02,9.069599211215972900e-02,-5.342206358909606934e-01,-3.519049584865570068e-01,-1.870477348566055298e-01,-3.914318680763244629e-01,-9.700371623039245605e-01,8.241721987724304199e-01,8.331308960914611816e-01,-7.642830014228820801e-01,1.274671196937561035e+00,-5.404979586601257324e-01,8.257648944854736328e-01,-3.212931156158447266e-01,5.482076406478881836e-01,-2.960678040981292725e-01,-4.685229361057281494e-01,-6.918764114379882812e-01,-7.991690039634704590e-01,-1.167696118354797363e+00,2.904016077518463135e-01,6.066486239433288574e-01,8.350147008895874023e-01,-9.131291508674621582e-02,3.371939063072204590e-01,-7.071323394775390625e-01,-5.085904598236083984e-01,-1.092783883213996887e-01,-5.440353751182556152e-01,-8.134625554084777832e-01,4.913011491298675537e-01,1.217063069343566895e+00,-4.402031004428863525e-01,-1.529381871223449707e-01,-6.100680828094482422e-01,5.800338387489318848e-01,5.235603451728820801e-01,-3.029283583164215088e-01,-5.976296663284301758e-01,5.643269419670104980e-01,8.161799050867557526e-03,-6.395002603530883789e-01,-7.657908797264099121e-01,5.619376152753829956e-02,1.298127174377441406e+00,1.537602901458740234e+00,1.171695828437805176e+00
-5.402276515960693359e-01,-4.641358554363250732e-01,-3.867682814598083496e-01,-8.121080994606018066e-01,4.036300778388977051e-01,-3.998376131057739258e-01,-1.706779450178146362e-01,-7.739685177803039551e-01,-7.691527009010314941e-01,-1.080904006958007812e+00,-1.000955328345298767e-01,-3.880345821380615234e-01,-4.946942925453186035e-01,-9.320496320724487305e-01,-5.796999931335449219e-01,-3.758434951305389404e-02,1.428550779819488525e-01,-8.543610572814941406e-03,-5.088485479354858398e-01,6.287054419517517090e-01,3.722276091575622559e-01,-3.752055764198303223e-01,-4.683739840984344482e-01,-8.452560901641845703e-01,9.287741780281066895e-02,-6.158320903778076172e-01,6.583200693130493164e-01,-6.256958842277526855e-02,-1.267130672931671143e-01,-3.937587738037109375e-01,-1.189116954803466797e+00,-4.278689324855804443e-01,-4.642168581485748291e-01,-2.048110589385032654e-02,7.669862359762191772e-02,-2.659401893615722656e-01,-7.775269150733947754e-01,1.174470305442810059e+00,4.017806351184844971e-01,3.602135479450225830e-01,-7.417374849319458008e-01,1.568274646997451782e-01,-3.723519742488861084e-01,-8.310801386833190918e-01,2.233660221099853516e-01,7.162551879882812500e-01,9.284300208091735840e-01,-7.588495016098022461e-01,-7.334690093994140625e-01,5.851868391036987305e-01,1.402433514595031738e+00,7.761747110635042191e-03,1.210882067680358887e+00
-7.058014869689941406e-01,-1.238687634468078613e+00,-6.071798205375671387e-01,-3.726405203342437744e-01,1.150175452232360840e+00,-7.034772634506225586e-01,-3.701989948749542236e-01,1.572369039058685303e-01,-8.591861724853515625e-01,1.192541345953941345e-01,-3.094179630279541016e-01,-1.186589956283569336e+00,-1.101725935935974121e+00,2.853368818759918213e-01,-5.373975038528442383e-01,-1.670790076255798340e+00,-8.611357212066650391e-01,-8.836315870285034180e-01,-7.437552809715270996e-01,-1.440923929214477539e+00,1.647880673408508301e+00,-1.154222369194030762e+00,-8.933899402618408203e-01,-8.599597960710525513e-02,-7.442662715911865234e-01,-3.708134889602661133e-01,-2.015844106674194336e+00,-4.295480996370315552e-02,-1.054492115974426270e+00,-7.269518971443176270e-01,-3.009005486965179443e-01,-9.410853385925292969e-01,-2.630146443843841553e-01,-6.864289641380310059e-01,-3.248455524444580078e-01,-3.711295127868652344e-01,-7.949162721633911133e-01,5.978462100028991699e-01,-7.655339241027832031e-01,-6.071950197219848633e-01,-1.492119550704956055e+00,-5.168575644493103027e-01,-1.640340089797973633e+00,-1.136530190706253052e-01,-8.521468639373779297e-01,3.363272845745086670e-01,-8.593373894691467285e-01,-4.065506160259246826e-01,-1.463684439659118652e+00,-3.043235540390014648e-01,7.189431786537170410e-01,3.798192143440246582e-01,1.244268894195556641e+00
-1.182236075401306152e+00,-6.449012160301208496e-01,-9.212870150804519653e-02,-9.662848114967346191e-01,-4.444292783737182617e-01,-5.167904496192932129e-01,-1.421104192733764648e+00,-1.842156887054443359e+00,-2.832958996295928955e-01,-8.723642826080322266e-01,-3.050737380981445312e-01,-4.743853509426116943e-01,-8.666307926177978516e-01,-5.614072084426879883e-01,2.410128898918628693e-02,-1.138477921485900879e+00,-5.707990527153015137e-01,-9.324482679367065430e-01,-6.029682755470275879e-01,5.098271965980529785e-01,-3.127412796020507812e-01,-1.205412507057189941e+00,1.096387743949890137e+00,-1.014541864395141602e+00,-6.520236730575561523e-01,2.507650256156921387e-01,-9.169741868972778320e-01,-1.160905718803405762e+00,-9.240944981575012207e-01,-1.943114280700683594e+00,-2.061620950698852539e+00,-1.490989208221435547e+00,-6.090386509895324707e-01,-1.051303505897521973e+00,-1.301163196563720703e+00,-5.023803114891052246e-01,-9.689094424247741699e-01,1.105528175830841064e-01,-1.105740308761596680e+00,-4.367367029190063477e-01,-9.340747594833374023e-01,-6.056312322616577148e-01,-1.662011265754699707e+00,-8.616688251495361328e-01,1.198647975921630859e+00,8.298572152853012085e-02,-1.158699989318847656e+00,-1.670446097850799561e-01,-1.112749576568603516e+00,-1.836823076009750366e-01,-2.768940627574920654e-01,-6.302817910909652710e-02,8.250372409820556641e-01
-1.209374189376831055e+00,-6.938488483428955078e-01,-1.148755010217428207e-02,-9.411963820457458496e-01,-3.130418360233306885e-01,-3.660987913608551025e-01,-5.882321596145629883e-01,-1.040165066719055176e+00,-2.630012333393096924e-01,-7.275753021240234375e-01,-2.547832131385803223e-01,-1.099213838577270508e+00,-9.915959239006042480e-01,-7.070633172988891602e-01,9.038206338882446289e-01,-9.145926237106323242e-01,5.210700631141662598e-01,-5.562376976013183594e-01,2.189773321151733398e-01,5.062212944030761719e-01,-2.631186246871948242e-01,-8.267838954925537109e-01,1.825475841760635376e-01,7.818538546562194824e-01,1.807142198085784912e-01,-3.985886573791503906e-01,2.767854630947113037e-01,-2.727763056755065918e-01,-4.064335525035858154e-01,-8.241110444068908691e-01,-9.767994284629821777e-01,-1.368456363677978516e+00,-4.524595439434051514e-01,-6.897596716880798340e-01,-7.226181626319885254e-01,-3.150961995124816895e-01,2.573428750038146973e-01,1.482126116752624512e-01,-5.825733542442321777e-01,-2.774022817611694336e-01,-1.259959220886230469e+00,-5.210530161857604980e-01,-1.287863731384277344e+00,-6.747018098831176758e-01,-8.841758966445922852e-01,3.477218151092529297e-01,-4.726015031337738037e-02,-8.021226525306701660e-01,4.594800472259521484e-01,8.307060599327087402e-01,-1.899128705263137817e-01,-9.869990944862365723e-01,7.741916775703430176e-01
-1.156777620315551758e+00,-1.502525340765714645e-02,-8.310365676879882812e-01,-2.664026021957397461e-01,4.913749694824218750e-01,-3.433695733547210693e-01,-3.156293928623199463e-01,4.559856355190277100e-01,-1.096163153648376465e+00,5.417028069496154785e-01,1.506586372852325439e-01,2.422730326652526855e-01,-1.138201132416725159e-01,2.341475337743759155e-02,-4.067718684673309326e-01,-3.229493796825408936e-01,-4.930991828441619873e-01,-8.442337512969970703e-01,-1.540562152862548828e+00,-1.652140259742736816e+00,-2.380275726318359375e-01,-7.476794719696044922e-01,3.199647068977355957e-01,8.651005625724792480e-01,-8.675990104675292969e-01,-1.778636872768402100e-01,-1.545680880546569824e+00,4.460600316524505615e-01,-1.373069405555725098e+00,-6.103281378746032715e-01,1.530126184225082397e-01,-1.099513411521911621e+00,1.226832941174507141e-01,-6.427493691444396973e-01,-2.589796483516693115e-01,1.115883514285087585e-01,1.948740929365158081e-01,-1.465899705886840820e+00,-1.605670154094696045e-01,2.985377013683319092e-01,-4.652651250362396240e-01,-1.596954226493835449e+00,-4.576680064201354980e-01,3.144165575504302979e-01,9.500302672386169434e-01,-7.967293858528137207e-01,-4.571332335472106934e-01,3.422908186912536621e-01,-1.888934075832366943e-01,-1.064728021621704102e+00,4.352611303329467773e-01,9.558735489845275879e-01,4.534440040588378906e-01
-1.060381650924682617e+00,4.031390845775604248e-01,-4.495710432529449463e-01,-8.665673732757568359e-01,-3.396363258361816406e-01,9.443174004554748535e-01,2.934812195599079132e-02,-6.879686713218688965e-01,1.327352643013000488e+00,1.843166351318359375e-01,1.296786963939666748e-01,1.969070434570312500e-01,-2.740010917186737061e-01,-1.288684368133544922e+00,1.366454005241394043e+00,5.854378268122673035e-02,2.068272352218627930e+00,3.603319823741912842e-01,1.354526758193969727e+00,1.028688549995422363e+00,2.009268522262573242e+00,-1.367326259613037109e+00,6.907495856285095215e-01,1.585702002048492432e-01,-6.730400919914245605e-01,8.006312847137451172e-01,-5.730603337287902832e-01,-2.345590829849243164e+00,2.818414196372032166e-02,-2.474395632743835449e-01,-5.804032087326049805e-01,-3.270181715488433838e-01,2.052661776542663574e-01,7.201693952083587646e-02,-3.231378793716430664e-01,-2.098098956048488617e-02,-3.623314797878265381e-01,4.449917972087860107e-01,3.045177757740020752e-01,1.281056284904479980e+00,1.935928761959075928e-01,1.241100311279296875e+00,7.954164743423461914e-01,4.620171189308166504e-01,9.314742684364318848e-01,-3.693192899227142334e-01,2.268342226743698120e-01,1.791743487119674683e-01,-5.447726845741271973e-01,4.024362862110137939e-01,-1.972533911466598511e-01,-3.119253158569335938e+00,3.533916473388671875e-01
-8.125407248735427856e-02,5.207694768905639648e-01,3.059092164039611816e-01,3.420734703540802002e-01,1.139648914337158203e+00,1.644439250230789185e-01,9.024475216865539551e-01,5.240782499313354492e-01,5.394100546836853027e-01,1.165420174598693848e+00,9.789958596229553223e-01,8.091511130332946777e-01,6.558435559272766113e-01,1.128960371017456055e+00,8.606553673744201660e-01,5.899575948715209961e-01,1.561835527420043945e+00,1.122977733612060547e+00,1.954093873500823975e-01,1.231335997581481934e+00,1.238617062568664551e+00,-4.583545327186584473e-01,3.938416540622711182e-01,6.204019188880920410e-01,-3.660382926464080811e-01,1.293591130524873734e-02,6.162369847297668457e-01,-8.481950759887695312e-01,8.825592994689941406e-01,4.293141141533851624e-02,-5.225546658039093018e-02,8.336258530616760254e-01,9.299546480178833008e-01,7.597570419311523438e-01,-3.830216825008392334e-02,5.014624595642089844e-01,8.740351796150207520e-01,-1.007798910140991211e+00,2.842066287994384766e-01,1.511629939079284668e+00,6.590691208839416504e-01,-4.232642650604248047e-01,4.443589448928833008e-01,6.007373929023742676e-01,2.824022769927978516e-01,1.492519378662109375e-01,1.116412281990051270e+00,-2.782116830348968506e-01,9.078438878059387207e-01,1.517029404640197754e+00,-3.325728178024291992e-01,1.263095587491989136e-01,7.598522901535034180e-01
6.389961391687393188e-02,1.045353055000305176e+00,1.592027068138122559e+00,9.794109463691711426e-01,3.030840456485748291e-01,4.721392393112182617e-01,1.449889540672302246e+00,3.092458248138427734e-01,4.171597063541412354e-01,9.753375649452209473e-01,7.214527726173400879e-01,1.909462809562683105e+00,6.129764914512634277e-01,-7.211914658546447754e-01,-9.516558051109313965e-01,1.256195306777954102e+00,1.147771239280700684e+00,1.385079026222229004e+00,-2.208191871643066406e+00,6.408414244651794434e-01,-7.998419553041458130e-02,1.410208940505981445e+00,-1.102792397141456604e-01,1.501574158668518066e+00,1.247021079063415527e+00,-9.139489382505416870e-02,1.351721167564392090e+00,-6.017609238624572754e-01,1.495132684707641602e+00,7.475092411041259766e-01,4.647540152072906494e-01,7.896054983139038086e-01,3.933671414852142334e-01,5.662703514099121094e-01,1.597983986139297485e-01,1.908326297998428345e-01,-6.348706483840942383e-01,-7.652712464332580566e-01,9.196509122848510742e-01,1.689056158065795898e+00,-2.982505857944488525e-01,-1.443163990974426270e+00,3.691251575946807861e-01,-8.058487176895141602e-01,1.203138947486877441e+00,1.276978373527526855e+00,2.107947587966918945e+00,-7.118749022483825684e-01,2.573854446411132812e+00,2.174609661102294922e+00,1.517763882875442505e-01,1.848326064646244049e-02,8.326662182807922363e-01
-3.740140050649642944e-02,-9.870435297489166260e-02,9.825227856636047363e-01,7.005828619003295898e-01,1.719930395483970642e-02,-7.321586459875106812e-02,7.186249494552612305e-01,-1.937093883752822876e-01,2.700233161449432373e-01,4.336144402623176575e-02,4.930073618888854980e-01,1.273883223533630371e+00,4.803872406482696533e-01,-1.881558746099472046e-01,-4.359104931354522705e-01,4.643861949443817139e-01,-8.168793320655822754e-01,9.567871689796447754e-01,-1.114933043718338013e-01,9.071930646896362305e-01,-4.196153879165649414e-01,1.264655113220214844e+00,1.176907658576965332e+00,1.714950948953628540e-01,6.531420946121215820e-01,-6.377432942390441895e-01,8.081154823303222656e-01,4.694275259971618652e-01,-1.466173529624938965e-01,1.450488865375518799e-01,2.025433480739593506e-01,-1.352432489395141602e+00,-2.715851664543151855e-01,5.713985487818717957e-02,-4.096215665340423584e-01,3.887364864349365234e-01,4.372319281101226807e-01,-1.195384144783020020e+00,-2.692135237157344818e-02,4.872423112392425537e-01,-1.556476503610610962e-01,-3.480872213840484619e-01,-1.194687843322753906e+00,-8.339444994926452637e-01,-2.033198252320289612e-02,5.080610513687133789e-01,4.131639003753662109e-02,-1.297415643930435181e-01,2.626790702342987061e-01,9.853993058204650879e-01,-1.921492367982864380e-01,1.668601036071777344e+00,6.832364201545715332e-01
-6.716523766517639160e-01,1.967441290616989136e-01,-2.735219895839691162e-01,8.031284064054489136e-02,8.568375110626220703e-01,4.919410049915313721e-01,2.641619443893432617e-01,5.773723721504211426e-01,2.248040139675140381e-01,3.413188159465789795e-01,2.547832131385803223e-01,1.974249184131622314e-01,-6.997804343700408936e-02,-2.729045450687408447e-01,9.526967257261276245e-02,4.836229383945465088e-01,2.227227836847305298e-01,4.309452772140502930e-01,-6.789355278015136719e-01,2.855637110769748688e-02,7.724502682685852051e-01,-1.515144854784011841e-01,-1.118580624461174011e-01,9.729781001806259155e-02,5.335350334644317627e-02,-3.369884788990020752e-01,2.810537219047546387e-01,2.903408408164978027e-01,4.581792652606964111e-02,1.023496910929679871e-01,9.285541772842407227e-01,-2.656386196613311768e-01,-2.596347033977508545e-01,-9.893738478422164917e-02,-4.856497049331665039e-01,-3.865711688995361328e-01,-2.546652257442474365e-01,8.547332286834716797e-01,-6.175145506858825684e-01,1.067415475845336914e+00,-3.893524408340454102e-01,-1.155100017786026001e-01,-2.178917080163955688e-01,1.643866151571273804e-01,3.898596465587615967e-01,7.825104147195816040e-02,4.214271530508995056e-02,-2.194332331418991089e-01,-2.976183593273162842e-01,-5.933175329118967056e-03,3.060916960239410400e-01,9.747496843338012695e-01,7.829675078392028809e-01
-1.514476776123046875e+00,9.564151056110858917e-03,-4.504427015781402588e-01,-1.201050877571105957e+00,8.217492103576660156e-01,1.231296777725219727e+00,-1.471475005149841309e+00,-1.305901050567626953e+00,2.363403439521789551e-01,-8.229928612709045410e-01,-1.346106529235839844e-01,-2.128151893615722656e+00,-1.827066779136657715e+00,-1.734342336654663086e+00,1.516026735305786133e+00,-6.553273200988769531e-01,-9.838057756423950195e-01,-1.753079414367675781e+00,-1.127372503280639648e+00,-6.106371879577636719e-01,1.234111666679382324e+00,-1.234215140342712402e+00,6.185706257820129395e-01,-1.472623944282531738e+00,-1.618349313735961914e+00,-4.209905862808227539e-01,-2.633280307054519653e-02,-6.986449658870697021e-02,6.945562362670898438e-01,-2.024879217147827148e+00,-1.448996067047119141e+00,-1.253369688987731934e+00,-5.306243896484375000e-01,-2.757389247417449951e-01,-1.656757354736328125e+00,-1.041687369346618652e+00,-1.257073640823364258e+00,1.742998242378234863e+00,1.417615860700607300e-01,2.170705609023571014e-02,-1.189957857131958008e+00,-3.773459792137145996e-01,-1.795428156852722168e+00,2.650966644287109375e-01,-6.488270759582519531e-01,3.236554563045501709e-01,5.572638660669326782e-02,-6.066779494285583496e-01,-1.970744848251342773e+00,-5.627990365028381348e-01,6.882787942886352539e-01,8.231293559074401855e-01,1.276290416717529297e+00
-1.388890203088521957e-02,7.097698450088500977e-01,2.037924528121948242e+00,-1.572444438934326172e-01,-3.456981480121612549e-01,-1.003508642315864563e-01,-4.734224379062652588e-01,-1.913761258125305176e+00,5.425352454185485840e-01,-8.628560900688171387e-01,4.142069220542907715e-01,1.537534236907958984e+00,5.890749692916870117e-01,-2.015700578689575195e+00,1.592989444732666016e+00,5.936622619628906250e-01,4.868863821029663086e-01,3.260047435760498047e-01,1.037147998809814453e+00,-2.171292342245578766e-02,3.128482401371002197e-01,-4.488132297992706299e-01,1.335743218660354614e-01,-1.386826783418655396e-01,-7.755906879901885986e-02,4.585163295269012451e-01,8.404979109764099121e-01,-2.485942095518112183e-02,1.228600144386291504e+00,7.268153131008148193e-02,-1.799758911132812500e+00,2.437528967857360840e-02,-6.956935524940490723e-01,7.162889242172241211e-01,-6.192672625184059143e-02,7.880474925041198730e-01,-1.315218329429626465e+00,7.487365603446960449e-01,8.480920195579528809e-01,8.585488796234130859e-02,-2.253268510103225708e-01,8.129842877388000488e-01,-3.936087787151336670e-01,-4.879461228847503662e-02,-9.653201103210449219e-01,1.775668561458587646e-01,7.144110798835754395e-01,-6.299526989459991455e-02,4.305881559848785400e-01,6.662999391555786133e-01,-3.467605412006378174e-01,-1.009734272956848145e+00,4.239746034145355225e-01
-1.783430948853492737e-02,3.071219623088836670e-01,1.236961111426353455e-01,4.487907588481903076e-01,1.081777453422546387e+00,7.342010736465454102e-02,6.718180179595947266e-01,1.261560559272766113e+00,4.714653193950653076e-01,9.398064017295837402e-01,8.551860451698303223e-01,1.473048210144042969e+00,6.392884850502014160e-01,4.720929861068725586e-01,1.324179321527481079e-01,8.400722146034240723e-01,5.145928859710693359e-01,5.758532285690307617e-01,-9.487413167953491211e-01,-4.104711711406707764e-01,-7.451462745666503906e-01,-2.788862287998199463e-01,4.014080762863159180e-02,8.850411176681518555e-01,-1.604005843400955200e-01,-7.163823395967483521e-02,1.078604340553283691e+00,7.372612357139587402e-01,4.678458869457244873e-01,3.958486765623092651e-02,4.998234510421752930e-01,6.068926453590393066e-01,6.120644807815551758e-01,8.241081237792968750e-01,6.945829987525939941e-01,7.529111504554748535e-01,4.712651371955871582e-01,-1.145437508821487427e-01,1.869117140769958496e+00,1.014824151992797852e+00,2.807724475860595703e-01,-9.503144621849060059e-01,5.556024909019470215e-01,-7.194584012031555176e-01,1.005718708038330078e+00,6.059044003486633301e-01,1.768544435501098633e+00,-1.455550342798233032e-01,9.573501348495483398e-01,1.424867391586303711e+00,8.940171599388122559e-01,1.678746223449707031e+00,1.487150907516479492e+00
2.396568655967712402e-02,1.269056051969528198e-01,1.219319924712181091e-02,6.341983079910278320e-01,-3.655895590782165527e-01,-3.011109530925750732e-01,2.072548717260360718e-01,4.921757802367210388e-02,-7.177793979644775391e-01,-6.391033530235290527e-01,1.248830407857894897e-01,-4.326341301202774048e-02,3.400858342647552490e-01,-2.107222318649291992e+00,-1.230946898460388184e+00,-1.489018201828002930e-01,-8.698601126670837402e-01,2.406797707080841064e-01,-2.200496435165405273e+00,5.503838509321212769e-02,-6.268700957298278809e-01,8.769552111625671387e-01,-6.170066595077514648e-01,4.770289063453674316e-01,7.987608909606933594e-01,1.826838105916976929e-01,2.807891741394996643e-02,-3.453592360019683838e-01,4.105938598513603210e-03,1.242046877741813660e-01,3.567080795764923096e-01,-1.335480690002441406e+00,-6.122657060623168945e-01,1.403542608022689819e-01,-8.751249313354492188e-01,2.063389122486114502e-01,-1.513024806976318359e+00,-8.350126445293426514e-02,-7.726139575242996216e-02,-3.520251214504241943e-01,-1.224025189876556396e-01,-8.714889287948608398e-01,-5.956301093101501465e-01,-6.972391605377197266e-01,-9.006088972091674805e-01,7.002499103546142578e-01,-3.013196885585784912e-01,3.321074545383453369e-01,1.123737812042236328e+00,1.508459210395812988e+00,-5.739482045173645020e-01,-6.031287834048271179e-02,7.787640690803527832e-01
-8.220043778419494629e-01,2.112781703472137451e-01,-1.930364966392517090e-01,5.914546847343444824e-01,7.019045948982238770e-01,5.812141671776771545e-02,-4.616485536098480225e-01,9.060387611389160156e-01,-1.138565897941589355e+00,-1.763338223099708557e-02,1.243804767727851868e-01,-5.621343255043029785e-01,-8.171823620796203613e-01,5.206232890486717224e-02,2.854305207729339600e-01,-1.248461604118347168e+00,-6.248108744621276855e-01,-4.975437521934509277e-01,-3.023613691329956055e-01,-1.707895874977111816e+00,1.574571013450622559e+00,-4.750328063964843750e-01,-1.155757427215576172e+00,-2.101836800575256348e-01,-1.239108681678771973e+00,6.881890296936035156e-01,-2.453959703445434570e+00,-4.333831965923309326e-01,-7.915080189704895020e-01,6.400645971298217773e-01,6.238622665405273438e-01,-1.757170915603637695e+00,-1.034659966826438904e-01,-2.285805642604827881e-01,-6.235207319259643555e-01,-3.475824594497680664e-01,8.812294602394104004e-01,-1.625302910804748535e+00,-1.507691860198974609e+00,-3.989926874637603760e-01,-4.801098704338073730e-01,-1.273544311523437500e+00,-1.570706129074096680e+00,6.579608917236328125e-01,-1.263318419456481934e+00,-4.383589625358581543e-01,-1.730489850044250488e+00,3.888545632362365723e-01,-1.559647321701049805e+00,-6.618171334266662598e-01,-3.922967314720153809e-01,6.417105197906494141e-01,5.011450648307800293e-01
-7.967591285705566406e-01,-5.778943654149770737e-03,-6.693080663681030273e-01,-1.162156343460083008e+00,4.594083428382873535e-01,4.009171724319458008e-01,-1.240427017211914062e+00,2.543972730636596680e-01,-4.539486169815063477e-01,6.600722074508666992e-01,3.146480321884155273e-01,-1.379571557044982910e+00,-1.163138628005981445e+00,-4.557673931121826172e-01,7.191034555435180664e-01,-8.801665306091308594e-01,4.910370707511901855e-01,-6.772374510765075684e-01,-9.857621788978576660e-01,-1.191457867622375488e+00,8.677742481231689453e-01,-1.944669365882873535e+00,1.158795878291130066e-02,-4.053755402565002441e-01,-1.117393136024475098e+00,5.750005245208740234e-01,-1.461073756217956543e+00,-8.019726276397705078e-01,-3.513976633548736572e-01,-1.200891137123107910e+00,-8.590374588966369629e-01,-4.540095925331115723e-01,4.209859669208526611e-01,9.933917969465255737e-02,-3.536769449710845947e-01,-5.274980068206787109e-01,-6.111257076263427734e-01,6.099389195442199707e-01,-5.229427292943000793e-02,-9.625264257192611694e-02,-6.429910063743591309e-01,-6.842444539070129395e-01,3.244394063949584961e-02,3.788071274757385254e-01,1.156391739845275879e+00,-8.578939437866210938e-01,-2.177591174840927124e-01,2.134684324264526367e-01,-1.163517832756042480e+00,-8.457455635070800781e-01,1.665823906660079956e-01,-1.326193571090698242e+00,5.210055112838745117e-01
-6.816491484642028809e-02,4.330451190471649170e-01,8.476192951202392578e-01,8.009387850761413574e-01,2.399614453315734863e-01,5.465319156646728516e-01,-8.193810582160949707e-01,-4.151158332824707031e-01,1.780510306358337402e+00,7.410291433334350586e-01,5.106056332588195801e-01,1.082237839698791504e+00,2.137597277760505676e-02,3.818506374955177307e-02,3.869286775588989258e-01,3.998129963874816895e-01,-7.981086969375610352e-01,2.245927751064300537e-01,2.035609483718872070e-01,1.180019855499267578e+00,6.212157011032104492e-01,-7.089170217514038086e-01,7.382780909538269043e-01,-1.307422399520874023e+00,-9.096016883850097656e-01,1.722740978002548218e-01,8.323141336441040039e-01,-7.784495353698730469e-01,-4.585599303245544434e-01,-4.713303744792938232e-01,-7.289817333221435547e-01,-3.831922411918640137e-01,6.242241859436035156e-01,5.654456019401550293e-01,9.984126687049865723e-02,4.962204396724700928e-01,9.983390569686889648e-01,-1.273415684700012207e+00,9.691900610923767090e-01,1.238939881324768066e+00,2.321603298187255859e-01,-2.769962251186370850e-01,-1.532536745071411133e+00,2.132940739393234253e-01,4.372601211071014404e-01,-2.395471371710300446e-02,1.343232035636901855e+00,-8.461414277553558350e-02,-1.582557559013366699e+00,2.944349050521850586e-01,7.417474687099456787e-02,-8.517928123474121094e-01,7.373769283294677734e-01
1.858073845505714417e-02,7.829312682151794434e-01,-8.208357729017734528e-03,3.934902548789978027e-01,1.809024333953857422e+00,9.742339849472045898e-01,1.205538272857666016e+00,1.688662022352218628e-01,9.520941376686096191e-01,7.003726959228515625e-01,7.579781413078308105e-01,6.602616310119628906e-01,-6.315357089042663574e-01,-1.322650074958801270e+00,-1.199904680252075195e+00,-3.227734193205833435e-02,-9.220213294029235840e-01,8.451228737831115723e-01,-3.518584966659545898e+00,7.082290053367614746e-01,1.029747202992439270e-01,2.630538046360015869e-01,9.472784399986267090e-01,1.074502587318420410e+00,4.876706898212432861e-01,-6.667003035545349121e-02,8.413621783256530762e-01,4.886304140090942383e-01,1.313737273216247559e+00,1.862455606460571289e-01,4.423954188823699951e-01,6.046972870826721191e-01,5.908675193786621094e-01,-2.067143097519874573e-02,1.790228188037872314e-01,-2.623593211174011230e-01,-8.792414069175720215e-01,-2.686656713485717773e-01,2.322006672620773315e-01,7.627442479133605957e-01,3.385291993618011475e-01,-2.612561941146850586e+00,-1.513150811195373535e+00,-5.569348931312561035e-01,5.482286810874938965e-01,7.184818983078002930e-01,7.928542494773864746e-01,-1.422839518636465073e-02,4.545356631278991699e-01,1.157355904579162598e+00,5.995479822158813477e-01,1.210876226425170898e+00,1.241796970367431641e+00
8.403185606002807617e-01,7.408894300460815430e-01,9.650890827178955078e-01,8.287284374237060547e-01,4.263527691364288330e-01,3.217004835605621338e-01,1.030098915100097656e+00,-3.904809951782226562e-01,7.039280533790588379e-01,-1.593716144561767578e-01,4.942509829998016357e-01,1.368602871894836426e+00,2.398550659418106079e-01,-8.029900789260864258e-01,-8.578667640686035156e-01,3.301365375518798828e-01,3.045997619628906250e-01,1.143440723419189453e+00,6.685227751731872559e-01,7.435706853866577148e-01,-1.242332696914672852e+00,1.142094969749450684e+00,1.029660180211067200e-01,1.010745882987976074e+00,1.101780056953430176e+00,-3.644602298736572266e-01,5.798860788345336914e-01,2.794396691024303436e-02,4.404502809047698975e-01,7.758934497833251953e-01,5.569437742233276367e-01,-2.569929659366607666e-01,4.998267814517021179e-02,3.890881538391113281e-01,-5.053036808967590332e-01,5.609150603413581848e-02,4.367100596427917480e-01,-1.134874969720840454e-01,-1.992778033018112183e-01,6.257194280624389648e-01,-1.953817903995513916e-01,3.479713797569274902e-01,-1.730552762746810913e-01,-5.359590053558349609e-02,-4.686971306800842285e-01,7.009373903274536133e-01,5.995950102806091309e-01,-4.038923084735870361e-01,4.593210220336914062e-01,1.119928598403930664e+00,1.282946169376373291e-01,1.476827412843704224e-01,8.800059556961059570e-01
1.275779604911804199e+00,6.489464640617370605e-01,1.093070983886718750e+00,1.114079356193542480e+00,1.411534667015075684e+00,8.565517067909240723e-01,1.085173487663269043e+00,1.084554910659790039e+00,1.410132527351379395e+00,1.378627419471740723e+00,1.242297053337097168e+00,8.236827850341796875e-01,8.949064016342163086e-01,4.154601097106933594e-01,3.372622132301330566e-01,5.011091828346252441e-01,5.300323963165283203e-01,1.248548030853271484e+00,-2.716806232929229736e-01,5.855510234832763672e-01,1.018054485321044922e+00,-2.317285686731338501e-01,1.458101868629455566e+00,1.143320560455322266e+00,7.893446832895278931e-02,5.448341369628906250e-01,1.971344500780105591e-01,5.519688725471496582e-01,5.845932364463806152e-01,1.093446493148803711e+00,1.007910013198852539e+00,1.268556118011474609e+00,8.786683082580566406e-01,7.951363921165466309e-01,3.474643528461456299e-01,8.274498581886291504e-01,9.906104803085327148e-01,2.249081581830978394e-01,3.694023787975311279e-01,7.560853362083435059e-01,6.102681159973144531e-01,-1.015208810567855835e-01,3.947890400886535645e-01,1.077673435211181641e+00,1.990125536918640137e+00,-3.134072124958038330e-01,6.938108801841735840e-01,5.452659726142883301e-01,4.844648540019989014e-01,4.855446815490722656e-01,3.384465277194976807e-01,1.950555801391601562e+00,8.337252140045166016e-01
6.180961132049560547e-01,1.000103950500488281e+00,1.357492208480834961e+00,5.198795795440673828e-01,-5.649151206016540527e-01,8.718990683555603027e-01,1.242692351341247559e+00,-2.758108675479888916e-01,1.626814842224121094e+00,6.879968047142028809e-01,5.719781517982482910e-01,1.392331957817077637e+00,4.834544956684112549e-01,-8.768616914749145508e-01,-3.881253898143768311e-01,7.138247489929199219e-01,-1.783210039138793945e-02,5.920374989509582520e-01,-1.065307974815368652e+00,-6.342499852180480957e-01,4.160560369491577148e-01,6.843892335891723633e-01,-2.448812723159790039e-01,7.414230108261108398e-01,2.426904290914535522e-01,3.600364625453948975e-01,7.918713092803955078e-01,-1.865115642547607422e+00,3.253208696842193604e-01,1.157536387443542480e+00,8.721654415130615234e-01,1.613069295883178711e+00,1.169784665107727051e+00,8.268043994903564453e-01,1.093665242195129395e+00,4.409368932247161865e-01,-1.341013610363006592e-01,-6.401706337928771973e-01,8.304185271263122559e-01,4.888181984424591064e-01,3.499294221401214600e-01,-9.221302866935729980e-01,6.107974052429199219e-01,8.319624066352844238e-01,-3.642609417438507080e-01,-6.939482688903808594e-02,1.272356271743774414e+00,1.457480639219284058e-01,1.550042033195495605e+00,1.289432764053344727e+00,-1.237962484359741211e+00,-1.612330555915832520e+00,-3.355313539505004883e-01
1.157150745391845703e+00,-6.952068954706192017e-02,5.913026928901672363e-01,8.245474696159362793e-01,1.372066378593444824e+00,-2.508090734481811523e-01,9.790354371070861816e-01,1.679766058921813965e+00,9.053314924240112305e-01,1.259536027908325195e+00,9.442507624626159668e-01,1.246052622795104980e+00,4.462073445320129395e-01,7.416210174560546875e-01,2.100207507610321045e-01,4.910879433155059814e-01,8.329269289970397949e-01,2.807027697563171387e-01,3.367474079132080078e-01,-1.725789606571197510e-01,-7.227206230163574219e-01,-3.396569490432739258e-01,7.668309807777404785e-01,5.494905114173889160e-01,-8.575479984283447266e-01,2.867039144039154053e-01,9.260398745536804199e-01,1.712307095527648926e+00,2.764302790164947510e-01,1.334288597106933594e+00,1.899975895881652832e+00,2.302412539720535278e-01,9.378572702407836914e-01,7.550200819969177246e-01,2.303892225027084351e-01,3.693972826004028320e-01,2.235587835311889648e+00,2.837158739566802979e-01,3.351553678512573242e-01,6.137921214103698730e-01,1.305026859045028687e-01,5.414447188377380371e-01,8.724331259727478027e-01,5.565204024314880371e-01,1.144960165023803711e+00,-4.068956673145294189e-01,5.524653792381286621e-01,4.797593653202056885e-01,-7.297900915145874023e-01,4.202446043491363525e-01,3.055523335933685303e-01,2.025484085083007812e+00,7.443684935569763184e-01
5.419604182243347168e-01,2.067417055368423462e-01,1.136063694953918457e+00,6.271868944168090820e-01,4.295591115951538086e-01,3.752993941307067871e-01,6.290223002433776855e-01,1.688936203718185425e-01,1.310086727142333984e+00,1.723780035972595215e-01,5.086209177970886230e-01,7.414750456809997559e-01,2.776032686233520508e-01,-1.015614271163940430e+00,-3.510494828224182129e-01,2.130860239267349243e-01,-2.589421868324279785e-01,-5.444294214248657227e-02,-1.907755970954895020e+00,1.261675953865051270e-01,3.122476935386657715e-01,-5.020043253898620605e-01,1.123644828796386719e+00,4.492314159870147705e-01,-4.744078814983367920e-01,3.928727507591247559e-01,3.401393890380859375e-01,-6.449445486068725586e-01,-4.538285732269287109e-02,4.443940818309783936e-01,3.829435110092163086e-01,9.232961535453796387e-01,1.759734749794006348e-01,3.275073766708374023e-01,7.980700731277465820e-01,5.723944902420043945e-01,-2.608903348445892334e-01,-2.036060541868209839e-01,8.013400435447692871e-01,2.074298560619354248e-01,-4.327866807579994202e-02,-1.713834881782531738e+00,-3.738712370395660400e-01,2.715620100498199463e-01,2.829126119613647461e-01,-4.792081415653228760e-01,6.126278042793273926e-01,4.835635423660278320e-01,-2.976667694747447968e-02,-1.611274629831314087e-01,-8.373715281486511230e-01,-7.409019470214843750e-01,1.243721786886453629e-02
-1.647474318742752075e-01,3.615018129348754883e-01,1.057736635208129883e+00,6.955421566963195801e-01,-5.677645653486251831e-02,5.830036997795104980e-01,-4.363404810428619385e-01,2.875306606292724609e-01,3.047287762165069580e-01,7.404190301895141602e-02,3.576726615428924561e-01,2.141626924276351929e-01,-2.248912155628204346e-01,-2.216599881649017334e-01,1.245029211044311523e+00,-6.433054804801940918e-01,1.004757508635520935e-01,-3.330480158329010010e-01,4.116378724575042725e-01,-1.461124658584594727e+00,4.979186356067657471e-01,-1.285590171813964844e+00,-5.837918519973754883e-01,-1.344163250178098679e-02,-1.357710719108581543e+00,7.724858522415161133e-01,-1.240516662597656250e+00,-2.373553037643432617e+00,1.641559749841690063e-01,6.452005505561828613e-01,1.085857272148132324e+00,1.465459614992141724e-01,4.247280359268188477e-01,2.871478497982025146e-01,9.534683823585510254e-02,-1.257178839296102524e-02,1.061478853225708008e+00,4.638901948928833008e-01,-8.747891187667846680e-01,-5.557315424084663391e-02,4.983435943722724915e-02,3.353078365325927734e-01,4.575424492359161377e-01,1.738449454307556152e+00,-6.091429591178894043e-01,-1.115018129348754883e+00,-1.035548210144042969e+00,7.770361304283142090e-01,2.047846317291259766e-01,-8.475738167762756348e-01,-1.331027865409851074e+00,-2.458902359008789062e+00,-6.391615867614746094e-01
1.413415670394897461e-01,6.550432741641998291e-02,8.849979639053344727e-01,1.609253138303756714e-01,1.123974174261093140e-01,2.558276057243347168e-01,-5.191472172737121582e-01,3.678529262542724609e-01,2.390218712389469147e-02,2.006890475749969482e-01,2.451578229665756226e-01,-1.297488063573837280e-01,-8.178324103355407715e-01,-4.913235083222389221e-02,9.222723245620727539e-01,-6.780650019645690918e-01,5.150951743125915527e-01,-6.350889801979064941e-01,-3.805327415466308594e-02,-1.216660380363464355e+00,6.922384351491928101e-02,-1.526447653770446777e+00,-1.108154468238353729e-02,-3.968395292758941650e-01,-2.087701559066772461e+00,2.611021399497985840e-01,-1.345212936401367188e+00,-4.192876517772674561e-01,5.209375619888305664e-01,7.063262164592742920e-02,8.523914217948913574e-01,-4.410411119461059570e-01,6.127405166625976562e-01,-4.658420681953430176e-01,-3.741061687469482422e-01,-4.794666767120361328e-01,1.187422871589660645e+00,-1.748188138008117676e-01,-6.582435965538024902e-01,-9.114955067634582520e-01,-2.109265625476837158e-01,-2.594293951988220215e-01,-7.092718034982681274e-02,9.621962904930114746e-01,-4.380970895290374756e-01,-1.045578956604003906e+00,-6.622944474220275879e-01,2.204905301332473755e-01,-4.987932443618774414e-01,-1.000324487686157227e+00,-5.880635976791381836e-01,-9.727939963340759277e-01,-8.727885037660598755e-02
1.672799587249755859e-01,3.322603404521942139e-01,2.644834518432617188e-01,3.532428145408630371e-01,1.070494800806045532e-01,1.055814027786254883e+00,-9.593690186738967896e-02,3.275588452816009521e-01,2.064191969111561775e-03,-2.802019715309143066e-01,3.012746870517730713e-01,9.890407323837280273e-02,-6.230313777923583984e-01,-5.483126044273376465e-01,1.602680087089538574e+00,-9.065533876419067383e-01,3.715791925787925720e-02,-8.311474323272705078e-01,4.624409973621368408e-01,-1.457208514213562012e+00,4.820770118385553360e-03,-1.738908767700195312e+00,3.622801005840301514e-01,-5.075325965881347656e-01,-2.098538398742675781e+00,9.393010139465332031e-01,-2.254549980163574219e+00,-8.397560119628906250e-01,-3.969980403780937195e-02,7.894298434257507324e-01,4.604190289974212646e-01,-7.994506359100341797e-01,-8.630884438753128052e-02,-2.969813346862792969e-01,-1.843553781509399414e-01,-5.926321744918823242e-01,2.641023099422454834e-01,9.020991325378417969e-01,-1.322969317436218262e+00,-3.923801481723785400e-01,-2.887948155403137207e-01,2.865132093429565430e-01,3.308804929256439209e-01,5.795542597770690918e-01,6.372729539871215820e-01,-1.239972114562988281e+00,-1.040868520736694336e+00,5.544416308403015137e-01,-1.330199480056762695e+00,-1.446859717369079590e+00,-6.133015751838684082e-01,-1.213347077369689941e+00,-2.146072536706924438e-01
1.590425819158554077e-01,5.513111948966979980e-01,4.690386354923248291e-01,1.773658692836761475e-01,5.004374384880065918e-01,8.082242012023925781e-01,-7.204574346542358398e-01,2.459837049245834351e-01,2.584098279476165771e-01,3.224956393241882324e-01,3.195970058441162109e-01,9.219239652156829834e-02,-3.482990264892578125e-01,1.363594532012939453e-01,1.542961239814758301e+00,-5.906336903572082520e-01,2.000129669904708862e-01,-3.296166658401489258e-01,8.249351978302001953e-01,-1.822741746902465820e+00,1.374692797660827637e+00,-1.527649760246276855e+00,-5.972565412521362305e-01,-6.964607834815979004e-01,-1.847028851509094238e+00,7.282888889312744141e-01,-1.777085065841674805e+00,-2.054682493209838867e+00,2.992984652519226074e-01,-4.112564325332641602e-01,-3.029039204120635986e-01,-5.236726403236389160e-01,1.550179272890090942e-01,-3.120487332344055176e-01,-5.349417328834533691e-01,-2.582290470600128174e-01,1.080322027206420898e+00,-7.141485214233398438e-01,-1.516822218894958496e+00,-7.738835811614990234e-01,-4.963435605168342590e-02,7.526071369647979736e-02,-3.158387541770935059e-01,1.351457476615905762e+00,-8.565154075622558594e-01,-1.566985607147216797e+00,-1.657149672508239746e+00,5.871187448501586914e-01,-1.432012557983398438e+00,-1.358943223953247070e+00,-1.429519772529602051e+00,-1.349408984184265137e+00,-6.706360578536987305e-01
1.474196277558803558e-02,5.735601484775543213e-02,4.160942137241363525e-01,3.743622303009033203e-01,9.337654709815979004e-01,8.461062312126159668e-01,-4.797855019569396973e-01,7.082527875900268555e-01,2.647760510444641113e-01,5.448349118232727051e-01,2.436842024326324463e-01,-6.087432503700256348e-01,-4.497350156307220459e-01,-4.901645481586456299e-01,1.253751277923583984e+00,-1.448451578617095947e-01,-3.719625174999237061e-01,-6.646095514297485352e-01,-1.591276645660400391e+00,-5.443739891052246094e-02,8.229559063911437988e-01,-4.770914614200592041e-01,8.393524885177612305e-01,-3.025526702404022217e-01,-1.734910845756530762e+00,4.015620350837707520e-01,-9.466052055358886719e-01,3.447093963623046875e-01,1.889819502830505371e-01,-3.765889257192611694e-02,9.437060356140136719e-01,-7.905786633491516113e-01,3.527275621891021729e-01,-3.055565357208251953e-01,-6.289685368537902832e-01,-4.631136357784271240e-01,3.784224092960357666e-01,-7.527389377355575562e-02,-1.251143455505371094e+00,-1.090204119682312012e+00,-5.739006996154785156e-01,-1.848102092742919922e+00,-6.263413429260253906e-01,9.572821259498596191e-01,-5.709694325923919678e-02,-9.378684163093566895e-01,-1.817268729209899902e+00,6.859949231147766113e-01,-7.143760323524475098e-01,-1.167903780937194824e+00,-9.385404586791992188e-01,1.603119373321533203e+00,-5.977694410830736160e-03
-3.094745874404907227e-01,4.554096460342407227e-01,-3.853984773159027100e-01,1.698197573423385620e-01,1.608434319496154785e-01,8.033223748207092285e-01,-7.572219520807266235e-02,-6.738473773002624512e-01,5.313847661018371582e-01,-2.097701281309127808e-01,1.886491179466247559e-01,-8.738339543342590332e-01,-1.625711470842361450e-01,-1.068925857543945312e+00,-5.660185217857360840e-02,-3.511886000633239746e-01,1.158095076680183411e-01,1.528125430922955275e-04,2.553901672363281250e-01,-5.929566621780395508e-01,1.820375442504882812e+00,-8.983662724494934082e-01,1.044256836175918579e-01,5.406398177146911621e-01,-5.167506337165832520e-01,1.032766222953796387e+00,-1.382957220077514648e+00,-1.650835871696472168e+00,-3.619344234466552734e-01,1.501028686761856079e-01,-3.531867861747741699e-01,1.885067671537399292e-01,3.464424982666969299e-02,4.193604290485382080e-01,-5.778954625129699707e-01,-3.507173433899879456e-02,-2.353436797857284546e-01,3.415587246417999268e-01,-9.587141275405883789e-01,-4.589844942092895508e-01,-1.373028308153152466e-01,3.364081680774688721e-02,2.085628211498260498e-01,1.484050989151000977e+00,3.738145232200622559e-01,-9.328242540359497070e-01,-1.190129518508911133e+00,5.698441863059997559e-01,3.272467255592346191e-01,-4.661014378070831299e-01,-1.293943881988525391e+00,-1.871288180351257324e+00,-1.397907137870788574e-01
5.546230673789978027e-01,-3.372013568878173828e-02,-5.914998473599553108e-04,-2.846640050411224365e-01,6.437669396400451660e-01,-2.743358016014099121e-01,-1.929126866161823273e-02,8.839617371559143066e-01,2.741131186485290527e-01,1.062792658805847168e+00,6.731043457984924316e-01,3.655069470405578613e-01,3.612925410270690918e-01,8.477525115013122559e-01,1.856795668601989746e+00,9.640598297119140625e-02,9.573153853416442871e-01,2.147849798202514648e-01,8.034827113151550293e-01,1.998558342456817627e-01,7.092784047126770020e-01,-1.352706551551818848e+00,1.293532013893127441e+00,3.490783572196960449e-01,-1.196750879287719727e+00,7.252196669578552246e-01,-1.099487185478210449e+00,-1.400127261877059937e-01,8.184685371816158295e-03,3.876393735408782959e-01,3.326743245124816895e-01,3.305941224098205566e-01,9.938674569129943848e-01,2.219509035348892212e-01,1.788656711578369141e-01,4.151857197284698486e-01,1.506675481796264648e+00,9.619060158729553223e-01,-4.190376400947570801e-01,5.892422795295715332e-01,6.735472083091735840e-01,-6.176706030964851379e-02,8.196489810943603516e-01,9.415035843849182129e-01,1.526041865348815918e+00,-1.184316277503967285e+00,-7.376642823219299316e-01,7.798821330070495605e-01,-4.929014444351196289e-01,-7.514652013778686523e-01,-6.882656216621398926e-01,3.147916495800018311e-01,4.853927716612815857e-02
1.391156077384948730e+00,4.504686295986175537e-01,1.487103343009948730e+00,2.663657367229461670e-01,1.027209162712097168e+00,8.665207028388977051e-01,1.362018346786499023e+00,-3.964957892894744873e-01,1.652086734771728516e+00,7.329853177070617676e-01,1.071740269660949707e+00,9.608786106109619141e-01,5.609889626502990723e-01,-1.397013306617736816e+00,-3.971090912818908691e-01,8.229101300239562988e-01,9.873087704181671143e-02,9.497299790382385254e-01,-1.112399578094482422e+00,1.562554948031902313e-02,4.481314420700073242e-01,1.243095546960830688e-01,7.253794074058532715e-01,7.517443299293518066e-01,1.100699454545974731e-01,6.881555914878845215e-01,7.555733323097229004e-01,-8.538790047168731689e-02,1.093376159667968750e+00,8.689410686492919922e-01,-4.689453840255737305e-01,7.182449698448181152e-01,3.382501900196075439e-01,6.462069153785705566e-01,2.898749113082885742e-01,6.813909411430358887e-01,-1.318579435348510742e+00,-6.117488145828247070e-01,5.916396975517272949e-01,8.897575736045837402e-01,8.014053702354431152e-01,-6.594706773757934570e-01,1.352626085281372070e-01,-9.026008099317550659e-02,3.998215198516845703e-01,1.091715246438980103e-01,9.002333879470825195e-01,1.767161637544631958e-01,-1.361992210149765015e-01,1.021657586097717285e+00,-2.589637339115142822e-01,-5.228658318519592285e-01,1.701685488224029541e-01
1.182929277420043945e+00,7.093653082847595215e-02,1.821269631385803223e+00,1.046463966369628906e+00,9.178305864334106445e-01,4.468618929386138916e-01,3.945691883563995361e-01,-2.810882031917572021e-01,2.702162563800811768e-01,4.031068384647369385e-01,7.247918248176574707e-01,4.041198492050170898e-01,8.544971942901611328e-01,-6.733183860778808594e-01,7.600533366203308105e-01,8.289858698844909668e-01,-1.336812674999237061e-01,-2.903855144977569580e-01,9.554488062858581543e-01,4.226265475153923035e-02,2.970751523971557617e-01,-3.929632306098937988e-01,9.802251458168029785e-01,-2.481501698493957520e-01,-9.061178565025329590e-01,1.515127718448638916e-01,6.832066178321838379e-01,3.290761411190032959e-01,-2.442081719636917114e-01,8.232095241546630859e-01,-2.970544621348381042e-02,-7.358078360557556152e-01,4.383443295955657959e-02,8.219193816184997559e-01,1.395787149667739868e-01,1.198999524116516113e+00,2.010246664285659790e-01,-1.136473640799522400e-01,5.963490605354309082e-01,-2.130845040082931519e-01,8.760958313941955566e-01,2.793706357479095459e-01,1.070624962449073792e-01,3.160231411457061768e-01,-6.093879342079162598e-01,-4.197274744510650635e-01,-3.036971986293792725e-01,9.008004665374755859e-01,-1.792023777961730957e+00,4.009068384766578674e-02,-2.614895105361938477e-01,4.027464985847473145e-01,5.237885564565658569e-02
7.135323286056518555e-01,6.342390179634094238e-01,-2.453894317150115967e-01,1.310243606567382812e-01,1.762018084526062012e+00,1.029077768325805664e+00,7.612619996070861816e-01,6.337369680404663086e-01,8.363064527511596680e-01,1.355156898498535156e+00,7.862495183944702148e-01,5.604150295257568359e-01,5.877749323844909668e-01,-3.803705871105194092e-01,9.626377820968627930e-01,6.285977363586425781e-01,3.311694562435150146e-01,4.790951311588287354e-01,-1.392960071563720703e+00,2.558441460132598877e-01,5.801596641540527344e-01,-7.149534821510314941e-01,6.651756763458251953e-01,5.770627260208129883e-01,-8.045874834060668945e-01,1.255822896957397461e+00,-4.427015036344528198e-02,6.749662756919860840e-01,-1.249442577362060547e+00,5.294100046157836914e-01,2.678754925727844238e-01,4.241119325160980225e-01,7.682573795318603516e-01,4.963786900043487549e-01,6.280151605606079102e-01,6.856957077980041504e-01,4.410030245780944824e-01,-6.999261677265167236e-02,2.717657685279846191e-01,7.479277998208999634e-02,6.617358326911926270e-01,-1.204332232475280762e+00,1.159770488739013672e-01,6.146610975265502930e-01,1.751408457756042480e+00,-8.511329889297485352e-01,-5.034075975418090820e-01,8.757777214050292969e-01,-3.828591406345367432e-01,-6.405191868543624878e-02,-4.745355248451232910e-01,5.631064772605895996e-01,8.644568920135498047e-02
8.887297511100769043e-01,4.643958806991577148e-01,1.066785573959350586e+00,2.964280173182487488e-02,1.344425380229949951e-01,7.392585277557373047e-01,-8.143598586320877075e-02,-1.056262969970703125e+00,8.211047649383544922e-01,3.438000977039337158e-01,4.887312948703765869e-01,1.015545725822448730e+00,7.257132232189178467e-02,-5.956037044525146484e-01,8.135103583335876465e-01,1.510320305824279785e-01,9.364826679229736328e-01,-5.987473297864198685e-03,9.219051599502563477e-01,-4.336574971675872803e-01,1.363170146942138672e-01,-1.023985624313354492e+00,1.836944669485092163e-01,3.556103706359863281e-01,-1.123680710792541504e+00,1.187687993049621582e+00,-1.095395207405090332e+00,-1.218468666076660156e+00,-6.298537254333496094e-01,1.261443197727203369e-01,-4.715231060981750488e-01,7.287464737892150879e-01,6.631657481193542480e-01,4.101190865039825439e-01,1.201541900634765625e+00,5.088439583778381348e-01,4.418293237686157227e-01,3.503741621971130371e-01,7.627894729375839233e-02,2.724274098873138428e-01,1.441585272550582886e-01,9.868444800376892090e-01,6.987751722335815430e-01,8.230738639831542969e-01,7.592239975929260254e-01,-1.030482172966003418e+00,-1.469558775424957275e-01,4.584964811801910400e-01,-8.653150796890258789e-01,-8.140755891799926758e-01,-6.720388531684875488e-01,-1.645621299743652344e+00,-3.507440984249114990e-01
8.333340883255004883e-01,2.448538392782211304e-01,1.016975045204162598e+00,4.131507277488708496e-01,1.290661573410034180e+00,7.184258103370666504e-01,-7.732378691434860229e-02,4.885625243186950684e-01,-5.248063802719116211e-01,7.083758711814880371e-01,7.121851444244384766e-01,-2.614966034889221191e-01,-2.304298728704452515e-01,-7.647548615932464600e-02,3.467580080032348633e-01,-8.756097555160522461e-01,-2.162984758615493774e-01,-4.981828033924102783e-01,-3.559893965721130371e-01,-1.339144587516784668e+00,1.111829161643981934e+00,-9.141531586647033691e-01,-5.866069197654724121e-01,1.839165240526199341e-01,-1.531253099441528320e+00,8.833949565887451172e-01,-1.709939002990722656e+00,-2.913385070860385895e-02,-2.562404870986938477e-01,5.852904915809631348e-01,-4.398895055055618286e-02,-7.134242057800292969e-01,3.879592716693878174e-01,1.237642467021942139e-01,4.354985952377319336e-01,5.972407385706901550e-02,5.592743754386901855e-01,4.437985271215438843e-02,-1.375103354454040527e+00,-4.783740937709808350e-01,1.037688031792640686e-01,-1.169423818588256836e+00,-3.527902066707611084e-01,6.656327247619628906e-01,3.719568848609924316e-01,-8.279857039451599121e-01,-1.617007493972778320e+00,9.908109307289123535e-01,-1.519255399703979492e+00,-4.167550206184387207e-01,-4.593282938003540039e-01,6.073981523513793945e-01,-1.381620317697525024e-01
7.425097823143005371e-01,3.616462945938110352e-01,-5.937828496098518372e-02,-5.480518341064453125e-01,4.924155175685882568e-01,8.820041418075561523e-01,3.221223354339599609e-01,-7.274485379457473755e-02,4.817091301083564758e-02,4.028933048248291016e-01,8.143079876899719238e-01,-5.800735950469970703e-01,-2.828236855566501617e-02,-1.325740575790405273e+00,1.591074764728546143e-01,-1.469753682613372803e-01,-6.716316938400268555e-01,4.625219106674194336e-01,1.835145652294158936e-01,-1.341858625411987305e+00,1.216120123863220215e+00,-1.377034306526184082e+00,-2.840837240219116211e-01,3.925102651119232178e-01,-4.305083751678466797e-01,7.362290024757385254e-01,-1.720803737640380859e+00,-1.150883197784423828e+00,-8.425603508949279785e-01,-4.923111498355865479e-01,-3.752718567848205566e-01,-1.108770146965980530e-01,5.135959982872009277e-01,1.916046142578125000e-01,-8.814213275909423828e-01,-7.672992348670959473e-02,1.766025125980377197e-01,3.900722265243530273e-01,-1.037684082984924316e+00,-4.537470042705535889e-01,-2.983728051185607910e-01,-3.613685071468353271e-01,-1.375979632139205933e-01,1.218383908271789551e+00,6.641373038291931152e-01,-1.345973610877990723e+00,-1.500988125801086426e+00,9.826890230178833008e-01,-9.287175536155700684e-02,-7.301057577133178711e-01,-1.046826243400573730e+00,-9.606318473815917969e-01,-4.076551496982574463e-01
1.143901705741882324e+00,4.842754602432250977e-01,1.239731788635253906e+00,4.233312904834747314e-01,8.584346175193786621e-01,6.064331531524658203e-01,4.040344655513763428e-01,-4.031027257442474365e-01,8.224551677703857422e-01,6.652483344078063965e-01,6.738283634185791016e-01,-1.378069669008255005e-01,6.458225250244140625e-01,-8.392837047576904297e-01,1.580593705177307129e+00,1.842633336782455444e-01,-4.332711100578308105e-01,8.474150672554969788e-03,1.154145359992980957e+00,-8.946112394332885742e-01,1.616049408912658691e+00,-1.390256285667419434e+00,5.227242112159729004e-01,-1.999716162681579590e-01,-1.215923309326171875e+00,1.186764597892761230e+00,-6.275779008865356445e-01,-8.841112256050109863e-01,5.166412796825170517e-03,5.533002614974975586e-01,-4.158523082733154297e-01,-1.752667129039764404e-01,7.283259630203247070e-01,7.807139754295349121e-01,4.992586970329284668e-01,1.141996622085571289e+00,5.210289359092712402e-01,7.480856776237487793e-01,4.239285290241241455e-01,-1.275185227394104004e+00,3.373513817787170410e-01,3.289245665073394775e-01,-3.525641933083534241e-02,1.024325728416442871e+00,-7.358095645904541016e-01,-8.566930890083312988e-01,-7.741531729698181152e-01,1.231602668762207031e+00,-1.296090006828308105e+00,1.721324026584625244e-01,-9.923840761184692383e-01,-1.297242045402526855e+00,-1.880740225315093994e-01
1.070671677589416504e+00,6.037551164627075195e-01,1.120746970176696777e+00,8.607982993125915527e-01,1.342168807983398438e+00,1.309900760650634766e+00,3.922461569309234619e-01,4.832906723022460938e-01,-2.228748649358749390e-01,4.966024160385131836e-01,4.965167939662933350e-01,-2.540806233882904053e-01,4.835154116153717041e-02,-7.723356485366821289e-01,1.254057407379150391e+00,1.502447724342346191e-01,3.845203518867492676e-01,-6.170987486839294434e-01,6.724117398262023926e-01,-2.504120349884033203e+00,6.756043434143066406e-01,-5.916475057601928711e-01,-6.926560997962951660e-01,9.207750111818313599e-02,-1.198284983634948730e+00,1.140757203102111816e+00,-1.529842376708984375e+00,-6.504546403884887695e-01,-3.213101029396057129e-01,4.480684399604797363e-01,3.906425237655639648e-01,-1.261540055274963379e-01,9.256170988082885742e-01,7.873964905738830566e-01,-2.168640308082103729e-02,7.382774353027343750e-02,4.766018688678741455e-01,1.215944051742553711e+00,-5.220029950141906738e-01,-1.005322560667991638e-01,4.396312534809112549e-01,4.914789497852325439e-01,8.357203006744384766e-01,1.442645072937011719e+00,3.771215379238128662e-01,-1.254861831665039062e+00,-9.267338514328002930e-01,1.069570064544677734e+00,-6.352102756500244141e-01,-1.020541310310363770e+00,-1.191288352012634277e+00,-3.382515311241149902e-01,-4.486006200313568115e-01
5.420137047767639160e-01,9.621940851211547852e-01,2.132211685180664062e+00,1.206909894943237305e+00,-3.496062457561492920e-01,8.719671368598937988e-01,4.869277477264404297e-01,-5.347096323966979980e-01,1.069039225578308105e+00,6.101821660995483398e-01,6.074984073638916016e-01,1.287638068199157715e+00,6.480839848518371582e-01,-1.064731597900390625e+00,8.375337123870849609e-01,1.232068300247192383e+00,9.501243829727172852e-01,4.066203162074089050e-02,1.559031486511230469e+00,-7.911646366119384766e-01,-2.208285629749298096e-01,-1.217439889907836914e+00,1.164962291717529297e+00,-2.788625359535217285e-01,-1.089749097824096680e+00,1.507312417030334473e+00,-1.814194321632385254e-01,4.116906821727752686e-01,4.925494790077209473e-01,8.238924741744995117e-01,2.560056447982788086e-01,4.661858975887298584e-01,4.530631005764007568e-01,7.274546623229980469e-01,4.975405633449554443e-01,3.390698432922363281e-01,3.360765576362609863e-01,-3.310818076133728027e-01,-9.718811511993408203e-02,5.932129025459289551e-01,4.854877591133117676e-01,1.930421777069568634e-02,8.662180602550506592e-02,8.578913807868957520e-01,9.913678765296936035e-01,-1.290014982223510742e+00,-4.582349956035614014e-01,1.122224330902099609e+00,-1.390894532203674316e+00,-6.946122050285339355e-01,4.607161581516265869e-01,-9.238137602806091309e-01,-4.766671657562255859e-01
2.675679624080657959e-01,5.734734535217285156e-01,-1.039400219917297363e+00,-1.903606802225112915e-01,3.528851866722106934e-01,7.060059905052185059e-01,-4.399188160896301270e-01,1.243590235710144043e+00,8.300752639770507812e-01,1.112235307693481445e+00,1.116877436637878418e+00,-7.671099305152893066e-01,6.398911476135253906e-01,-4.641659855842590332e-01,1.192640900611877441e+00,6.872434020042419434e-01,8.774212598800659180e-01,3.402857482433319092e-01,3.692142963409423828e-01,1.756905078887939453e+00,8.476712703704833984e-01,-8.853322863578796387e-01,1.219729542732238770e+00,1.458241641521453857e-01,-1.295515298843383789e+00,1.316040873527526855e+00,3.572654128074645996e-01,2.365644931793212891e+00,-1.796293735504150391e+00,1.887315660715103149e-01,-9.014879912137985229e-02,-7.167738676071166992e-02,1.472030520439147949e+00,1.046238780021667480e+00,7.438226342201232910e-01,6.764591336250305176e-01,1.089641094207763672e+00,-4.650264084339141846e-01,-3.627494871616363525e-01,1.217619061470031738e+00,1.205147027969360352e+00,-8.299140334129333496e-01,1.320433259010314941e+00,1.470607399940490723e+00,1.680328130722045898e+00,-1.779031395912170410e+00,-5.108880400657653809e-01,1.383751273155212402e+00,-5.991680026054382324e-01,-6.220780611038208008e-01,-1.643328815698623657e-01,1.860977053642272949e+00,-7.365613579750061035e-01
1.404538512229919434e+00,1.115018248558044434e+00,-4.074811339378356934e-01,-1.499910503625869751e-01,5.409099459648132324e-01,6.749904155731201172e-01,1.701368570327758789e+00,7.079923748970031738e-01,1.147169947624206543e+00,1.960427403450012207e+00,1.069210410118103027e+00,1.301216840744018555e+00,1.107068181037902832e+00,-6.346617359668016434e-03,2.086904495954513550e-01,1.267985463142395020e+00,2.929923772811889648e+00,1.651806354522705078e+00,-1.334809780120849609e+00,5.329747200012207031e-01,1.514451265335083008e+00,2.715036273002624512e-01,-5.530495047569274902e-01,1.134198188781738281e+00,6.035521030426025391e-01,5.429931879043579102e-01,3.535615503787994385e-01,-2.993482589721679688e+00,1.965412259101867676e+00,3.632847070693969727e-01,5.436722636222839355e-01,2.382328033447265625e+00,1.793767333030700684e+00,8.948668241500854492e-01,1.713403940200805664e+00,5.768544077873229980e-01,-3.040065467357635498e-01,1.626981496810913086e+00,1.266424894332885742e+00,1.296923279762268066e+00,1.201291322708129883e+00,3.894368410110473633e-01,3.617172956466674805e+00,4.429063796997070312e-01,1.143612861633300781e+00,-2.903267443180084229e-01,1.262440443038940430e+00,3.474622070789337158e-01,2.910616636276245117e+00,1.325427412986755371e+00,-5.541630387306213379e-01,-1.747126460075378418e+00,-3.022775948047637939e-01
1.051984310150146484e+00,1.091989159584045410e+00,1.574624538421630859e+00,1.111396431922912598e+00,-3.773199394345283508e-02,5.876429080963134766e-01,8.007246851921081543e-01,-1.066156942397356033e-02,1.196382522583007812e+00,7.588354349136352539e-01,8.730143308639526367e-01,1.797290802001953125e+00,4.953036904335021973e-01,-7.219239473342895508e-01,1.589627563953399658e-01,1.098865151405334473e+00,6.031585335731506348e-01,1.726823449134826660e+00,-1.610106974840164185e-01,1.649212837219238281e+00,-1.190384700894355774e-01,1.406212925910949707e+00,8.402908444404602051e-01,-1.380400657653808594e-01,9.097226262092590332e-01,-8.792310953140258789e-01,1.779342651367187500e+00,-2.026006281375885010e-01,6.272296905517578125e-01,7.209554314613342285e-01,1.005277633666992188e+00,7.559508681297302246e-01,6.301873326301574707e-01,1.057457447052001953e+00,1.435671329498291016e+00,4.017413556575775146e-01,2.960294485092163086e-01,5.806720852851867676e-01,1.738109111785888672e+00,1.627859234809875488e+00,1.049554944038391113e+00,2.524798512458801270e-01,1.006929874420166016e+00,-1.606471419334411621e+00,-7.063118368387222290e-02,6.748456358909606934e-01,2.259368658065795898e+00,-8.463539183139801025e-02,1.822762012481689453e+00,1.624661564826965332e+00,4.327813982963562012e-01,-9.145328402519226074e-01,2.910474538803100586e-01
1.013516664505004883e+00,4.802590906620025635e-01,-4.279034435749053955e-01,3.994690775871276855e-01,5.381270647048950195e-01,-1.570134162902832031e-01,1.734367251396179199e+00,1.129860401153564453e+00,1.108316779136657715e+00,1.924174189567565918e+00,1.194195747375488281e+00,2.322448730468750000e+00,1.376945734024047852e+00,6.782150864601135254e-01,-4.184941351413726807e-01,1.772891998291015625e+00,1.131723642349243164e+00,1.909253835678100586e+00,-1.011736989021301270e+00,1.465467214584350586e+00,2.474826425313949585e-01,1.486557364463806152e+00,1.863039970397949219e+00,-3.075112998485565186e-01,6.101872324943542480e-01,-6.964557766914367676e-01,1.862538695335388184e+00,1.469936847686767578e+00,-1.201734840869903564e-01,1.008840441703796387e+00,1.709251165390014648e+00,7.874780297279357910e-01,7.803204655647277832e-01,9.478724002838134766e-01,1.654903054237365723e+00,5.780954360961914062e-01,1.015175461769104004e+00,-7.392074167728424072e-02,1.320235490798950195e+00,1.440467953681945801e+00,1.450229883193969727e+00,3.521153628826141357e-01,9.624324440956115723e-01,-1.291189074516296387e+00,6.323328614234924316e-01,6.816839575767517090e-01,2.072386503219604492e+00,-8.339904546737670898e-01,3.224751949310302734e-01,1.524544715881347656e+00,1.468873143196105957e+00,2.890347003936767578e+00,9.757996201515197754e-01
1.213879346847534180e+00,2.305798381567001343e-01,8.407080769538879395e-01,2.821378782391548157e-02,5.203772187232971191e-01,4.854636192321777344e-01,2.211757659912109375e+00,1.638575457036495209e-02,1.116110563278198242e+00,8.060713410377502441e-01,1.268907427787780762e+00,8.756361603736877441e-01,2.571549117565155029e-01,-9.373978376388549805e-01,7.134482860565185547e-01,1.438448786735534668e+00,2.598000764846801758e+00,2.323348045349121094e+00,1.495168089866638184e+00,2.346759796142578125e+00,-7.216758728027343750e-01,1.837159395217895508e-01,8.523256778717041016e-01,1.507264822721481323e-01,1.092938184738159180e+00,-4.091943800449371338e-01,2.884473800659179688e+00,1.096404790878295898e+00,2.152925729751586914e+00,1.006791472434997559e+00,5.595557093620300293e-01,2.127530574798583984e+00,7.718143463134765625e-01,9.552527666091918945e-01,1.541557550430297852e+00,4.812506437301635742e-01,-4.899529814720153809e-01,2.198455572128295898e+00,2.592117309570312500e+00,1.331067442893981934e+00,9.521529078483581543e-01,1.875398278236389160e+00,1.474202990531921387e+00,-1.108237504959106445e+00,9.780173897743225098e-01,1.105294704437255859e+00,2.418328046798706055e+00,-8.388554453849792480e-01,1.101197600364685059e+00,1.988228917121887207e+00,2.006533145904541016e+00,6.739012598991394043e-01,1.557048797607421875e+00
4.768878519535064697e-01,-4.484460130333900452e-02,-2.403876185417175293e-01,-6.089209318161010742e-01,2.369607836008071899e-01,1.731096208095550537e-01,6.321100592613220215e-01,-1.618110418319702148e+00,4.475438594818115234e-01,1.355960369110107422e-01,5.702149271965026855e-01,-5.981474742293357849e-02,-7.955152392387390137e-01,-1.266829967498779297e+00,1.277218103408813477e+00,4.425746798515319824e-01,-5.277323126792907715e-01,6.804742813110351562e-01,-1.231220960617065430e+00,1.837979555130004883e+00,-5.356593728065490723e-01,2.193919122219085693e-01,1.786243677139282227e+00,-1.336329460144042969e+00,4.515021443367004395e-01,-1.046796798706054688e+00,2.622609615325927734e+00,3.429337143898010254e-01,4.476968646049499512e-01,-8.426604270935058594e-01,-1.148488640785217285e+00,1.367664217948913574e+00,1.080208495259284973e-01,8.959981799125671387e-01,9.348201751708984375e-01,-1.010784655809402466e-01,-1.162205576896667480e+00,1.699018120765686035e+00,2.075998306274414062e+00,1.807633876800537109e+00,-2.065042555332183838e-01,-3.557960391044616699e-01,-2.002346038818359375e+00,-6.740041971206665039e-01,1.243905067443847656e+00,1.641336202621459961e+00,2.854266643524169922e+00,-1.418277382850646973e+00,-1.360993027687072754e+00,6.109939813613891602e-01,2.553802967071533203e+00,3.414644896984100342e-01,1.999879956245422363e+00
1.508238792419433594e+00,5.397244095802307129e-01,1.615282416343688965e+00,3.736408054828643799e-02,1.500507593154907227e-01,2.740245759487152100e-01,1.722160458564758301e+00,-7.068957686424255371e-01,1.693119764328002930e+00,9.941302537918090820e-01,5.362704992294311523e-01,1.949691534042358398e+00,7.960501313209533691e-01,-7.761988043785095215e-01,1.070531383156776428e-01,1.344589829444885254e+00,1.967889189720153809e+00,1.529848098754882812e+00,3.026210665702819824e-01,1.771561264991760254e+00,2.387323230504989624e-01,7.789683341979980469e-01,1.208781957626342773e+00,1.377008795738220215e+00,1.215288519859313965e+00,-1.012934088706970215e+00,2.912570238113403320e+00,9.371251463890075684e-01,2.035485029220581055e+00,1.384254574775695801e+00,-3.046816885471343994e-01,2.382803440093994141e+00,5.640453845262527466e-02,9.091306328773498535e-01,1.735980868339538574e+00,1.087870121002197266e+00,1.890589892864227295e-01,5.704863667488098145e-01,2.058260679244995117e+00,2.003769874572753906e+00,4.603761434555053711e-01,1.046829104423522949e+00,6.106718182563781738e-01,-5.233402252197265625e-01,1.073451161384582520e+00,1.800980925559997559e+00,2.862181901931762695e+00,-1.151685357093811035e+00,6.265835165977478027e-01,1.938803434371948242e+00,2.232760429382324219e+00,-1.414139717817306519e-01,1.457297563552856445e+00
9.829130768775939941e-01,1.802452504634857178e-01,1.009244084358215332e+00,6.412903666496276855e-01,7.831763029098510742e-01,7.274902611970901489e-02,1.497028350830078125e+00,3.471164703369140625e-01,6.420409083366394043e-01,1.424134612083435059e+00,6.562812328338623047e-01,1.584671378135681152e+00,3.421848416328430176e-01,8.291290998458862305e-01,1.168884709477424622e-02,9.540293216705322266e-01,6.462252140045166016e-01,9.918923377990722656e-01,-3.000305593013763428e-02,1.238373279571533203e+00,-6.786371767520904541e-02,-3.818241655826568604e-01,8.147764801979064941e-01,-1.531113982200622559e-01,-1.108634471893310547e-02,-5.169733166694641113e-01,1.936034202575683594e+00,3.669327497482299805e-01,1.420981049537658691e+00,6.948933601379394531e-01,1.141415312886238098e-01,1.674856305122375488e+00,6.440772414207458496e-01,1.062067508697509766e+00,1.287124633789062500e+00,6.179502606391906738e-01,1.279774904251098633e+00,7.791852951049804688e-01,1.382567882537841797e+00,2.091648817062377930e+00,2.747278809547424316e-01,8.551446795463562012e-01,1.235230267047882080e-01,-5.849711298942565918e-01,1.500769853591918945e+00,8.603140115737915039e-01,1.996436953544616699e+00,-6.508861780166625977e-01,-1.174679040908813477e+00,7.640435099601745605e-01,2.083463907241821289e+00,8.644350767135620117e-01,1.273572564125061035e+00
1.304810404777526855e+00,1.993157565593719482e-01,1.705875277519226074e+00,2.166637331247329712e-01,1.354570746421813965e+00,4.932247996330261230e-01,1.374383807182312012e+00,-1.296961158514022827e-01,3.971929848194122314e-01,6.357068419456481934e-01,6.882409453392028809e-01,1.050740599632263184e+00,4.541023075580596924e-01,-1.855685591697692871e+00,-1.269019097089767456e-01,7.590037584304809570e-01,8.971700668334960938e-01,1.405694842338562012e+00,1.661663800477981567e-01,6.501082181930541992e-01,-3.724332749843597412e-01,7.129888534545898438e-01,6.138192415237426758e-01,9.001786708831787109e-01,1.349246621131896973e+00,-3.238870501518249512e-01,1.511111378669738770e+00,7.126672863960266113e-01,2.384897708892822266e+00,8.019281625747680664e-01,-1.070438742637634277e+00,1.123934030532836914e+00,3.738923370838165283e-01,8.574890494346618652e-01,1.088751673698425293e+00,7.861859798431396484e-01,-1.432439804077148438e+00,2.883462905883789062e-01,1.619328379631042480e+00,1.931433677673339844e+00,2.393271476030349731e-01,7.440102696418762207e-01,-2.908780276775360107e-01,-5.907737016677856445e-01,1.223511815071105957e+00,1.537538886070251465e+00,1.772806525230407715e+00,-9.073567986488342285e-01,-3.026250004768371582e-01,1.731528997421264648e+00,1.869661450386047363e+00,5.051072835922241211e-01,1.585599660873413086e+00
8.064093589782714844e-01,8.330346643924713135e-02,5.211943984031677246e-01,4.992303252220153809e-01,6.351159214973449707e-01,-1.767859756946563721e-01,7.777107954025268555e-01,-1.045538306236267090e+00,-8.883356451988220215e-01,-4.176487773656845093e-02,-1.262033432722091675e-01,-4.825470745563507080e-01,5.342300236225128174e-02,-1.382915377616882324e+00,-9.434903264045715332e-01,-4.558190405368804932e-01,-7.538259029388427734e-01,5.470689535140991211e-01,-9.097506403923034668e-01,4.449598491191864014e-01,4.868264794349670410e-01,1.259437296539545059e-02,1.009478092193603516e+00,-2.023300379514694214e-01,5.953828096389770508e-01,-2.809676826000213623e-01,-1.108870282769203186e-01,7.963069365359842777e-04,1.141056656837463379e+00,3.063387870788574219e-01,-9.452034235000610352e-01,-2.980710938572883606e-02,-3.774653971195220947e-01,6.076660752296447754e-02,3.200577795505523682e-01,4.633010923862457275e-01,-8.302044868469238281e-01,1.609105020761489868e-01,1.781550645828247070e-01,6.507327556610107422e-01,-4.065861403942108154e-01,-3.538977801799774170e-01,-1.611687898635864258e+00,-7.498070597648620605e-01,-1.849679648876190186e-01,9.517480731010437012e-01,7.070176601409912109e-01,-7.858434319496154785e-01,-1.166999578475952148e+00,3.528349399566650391e-01,1.584282398223876953e+00,4.365437198430299759e-03,1.566010355949401855e+00
9.336754083633422852e-01,3.759780526161193848e-01,-4.104697704315185547e-01,-6.194034218788146973e-01,-2.266158014535903931e-01,-2.950712144374847412e-01,5.162470340728759766e-01,-3.010049760341644287e-01,1.228869520127773285e-02,5.611259341239929199e-01,8.403731584548950195e-01,1.072522521018981934e+00,9.580931663513183594e-01,1.025528073310852051e+00,9.562200307846069336e-01,4.462886750698089600e-01,2.663856506347656250e+00,1.244991660118103027e+00,1.454004883766174316e+00,1.204369306564331055e+00,1.350649237632751465e+00,-5.224785208702087402e-01,6.728463768959045410e-01,-5.019909888505935669e-02,9.915741533041000366e-02,3.469538986682891846e-01,-3.068926744163036346e-03,-1.179358065128326416e-01,1.214460492134094238e+00,1.226639151573181152e+00,-2.822000384330749512e-01,1.542433023452758789e+00,6.647913455963134766e-01,9.366960525512695312e-01,1.416415452957153320e+00,8.722170591354370117e-01,1.533700704574584961e+00,6.916131377220153809e-01,3.416801393032073975e-01,1.589064717292785645e+00,5.133216977119445801e-01,1.385618090629577637e+00,1.838544368743896484e+00,1.641855388879776001e-01,1.316046833992004395e+00,-3.356736898422241211e-02,9.010742306709289551e-01,-1.594221293926239014e-01,7.929090261459350586e-01,4.301156401634216309e-01,1.030724406242370605e+00,5.535985231399536133e-01,9.981820583343505859e-01
9.274907112121582031e-01,1.052403450012207031e+00,9.060221314430236816e-01,-3.304177820682525635e-01,2.839125320315361023e-02,7.942385077476501465e-01,9.648519754409790039e-01,-1.015563130378723145e+00,1.116727948188781738e+00,8.452532291412353516e-01,7.921525239944458008e-01,1.171447277069091797e+00,3.704536557197570801e-01,-7.459758520126342773e-01,1.246576547622680664e+00,1.107108235359191895e+00,1.730982661247253418e+00,7.203861474990844727e-01,1.631103396415710449e+00,1.165208578109741211e+00,1.186172723770141602e+00,-1.011691331863403320e+00,2.155643463134765625e+00,-3.198101818561553955e-01,3.152768909931182861e-01,2.755058705806732178e-01,8.170576691627502441e-01,-9.065817594528198242e-01,1.474004745483398438e+00,5.124314427375793457e-01,-7.543761134147644043e-01,2.182708740234375000e+00,3.298325836658477783e-01,1.037610650062561035e+00,6.392145752906799316e-01,4.513562917709350586e-01,-3.716256916522979736e-01,3.199654221534729004e-01,1.548826694488525391e+00,1.874856233596801758e+00,7.609267830848693848e-01,1.554259777069091797e+00,9.609508514404296875e-01,3.972756862640380859e-01,4.578370749950408936e-01,-6.753471214324235916e-03,2.122705698013305664e+00,9.325318783521652222e-02,-5.404264852404594421e-02,8.237972259521484375e-01,1.079306006431579590e+00,-1.527850508689880371e+00,7.155114412307739258e-01
9.168007969856262207e-01,1.708544641733169556e-01,1.030423879623413086e+00,6.712051033973693848e-01,2.909301780164241791e-02,-7.781617641448974609e-01,3.978589475154876709e-01,6.229136586189270020e-01,7.078635692596435547e-01,1.126848340034484863e+00,6.898849010467529297e-01,1.612605690956115723e+00,4.551111757755279541e-01,6.289171576499938965e-01,4.878924787044525146e-01,8.130926489830017090e-01,1.227215886116027832e+00,5.436931848526000977e-01,-4.905756115913391113e-01,3.417459130287170410e-01,-2.357597798109054565e-01,1.698481887578964233e-01,1.279694914817810059e+00,5.280064344406127930e-01,2.230947315692901611e-01,-1.753461956977844238e-01,1.777790546417236328e+00,8.514168858528137207e-01,1.126196384429931641e+00,4.206267595291137695e-01,4.571780562400817871e-01,1.792070388793945312e+00,6.012487411499023438e-01,8.902038335800170898e-01,5.743963122367858887e-01,2.768831253051757812e-01,2.138290703296661377e-01,1.031481862068176270e+00,9.423114061355590820e-01,1.106024742126464844e+00,7.090479135513305664e-01,3.501849472522735596e-01,1.577410817146301270e+00,1.196710392832756042e-01,5.644166469573974609e-01,3.490711748600006104e-01,1.513716578483581543e+00,9.668012149631977081e-03,1.045021653175354004e+00,9.098765850067138672e-01,8.656614422798156738e-01,9.471863508224487305e-01,9.959937930107116699e-01
8.008644580841064453e-01,6.158331036567687988e-01,-1.204895600676536560e-01,1.606786847114562988e-01,6.878693103790283203e-01,6.001697778701782227e-01,1.041093587875366211e+00,4.781476855278015137e-01,9.614697694778442383e-01,8.317078351974487305e-01,5.456147789955139160e-01,1.008834004402160645e+00,6.852431297302246094e-01,-2.154488414525985718e-01,1.633839249610900879e+00,1.111146330833435059e+00,1.617882966995239258e+00,4.208040833473205566e-01,1.622027158737182617e+00,4.630862474441528320e-01,8.452800512313842773e-01,-3.004549145698547363e-01,2.203052788972854614e-01,-5.541013479232788086e-01,-9.222750365734100342e-02,-3.090463280677795410e-01,1.432836055755615234e+00,1.461268961429595947e-01,1.734459996223449707e+00,1.059926390647888184e+00,1.321531653404235840e+00,1.190473794937133789e+00,9.302604794502258301e-01,8.311184644699096680e-01,5.825994610786437988e-01,5.730214715003967285e-01,5.806709527969360352e-01,1.996579527854919434e+00,1.645000338554382324e+00,1.448470950126647949e+00,1.758591681718826294e-01,1.812518000602722168e+00,8.356449604034423828e-01,4.665803909301757812e-01,2.424323558807373047e-01,2.994871139526367188e-01,1.716819167137145996e+00,-7.159889489412307739e-02,-7.298004627227783203e-01,7.794961333274841309e-01,6.657441854476928711e-01,-3.099722266197204590e-01,8.031240701675415039e-01
5.940771102905273438e-01,5.293512344360351562e-01,4.062566459178924561e-01,1.941844373941421509e-01,6.464046239852905273e-01,-1.061863526701927185e-01,1.062130689620971680e+00,1.825571060180664062e-01,6.873759627342224121e-01,4.494478702545166016e-01,6.272602677345275879e-01,1.351026177406311035e+00,8.582009673118591309e-01,-6.575044989585876465e-01,1.038565158843994141e+00,7.324317097663879395e-01,2.240063428878784180e+00,1.394108891487121582e+00,2.210586071014404297e+00,3.829422891139984131e-01,2.108524739742279053e-01,3.279933631420135498e-01,9.742524474859237671e-02,5.817663073539733887e-01,8.479201793670654297e-01,-3.022081553936004639e-01,1.356377482414245605e+00,2.056943178176879883e-01,8.654285669326782227e-01,7.703750133514404297e-01,1.271669417619705200e-01,1.212268948554992676e+00,5.918815135955810547e-01,8.147715926170349121e-01,1.072230219841003418e+00,7.647654414176940918e-01,1.161894917488098145e+00,-1.247294768691062927e-01,7.288734316825866699e-01,1.393067717552185059e+00,4.513314962387084961e-01,1.962022781372070312e+00,9.612019658088684082e-01,-7.695600390434265137e-02,-4.844972789287567139e-01,9.262716770172119141e-01,1.258352279663085938e+00,-3.966913223266601562e-01,1.018750548362731934e+00,1.581142783164978027e+00,6.104469299316406250e-01,-2.177392691373825073e-01,1.019247055053710938e+00
1.116710379719734192e-01,-4.750291407108306885e-01,-2.181596755981445312e-01,-3.260177969932556152e-01,1.071238875389099121e+00,-5.856491327285766602e-01,9.262694120407104492e-01,1.053820364177227020e-02,-3.197954297065734863e-01,2.602703571319580078e-01,5.170537829399108887e-01,-1.551454812288284302e-01,-5.853373408317565918e-01,-1.151446938514709473e+00,3.000582754611968994e-01,-2.876249253749847412e-01,2.153202891349792480e-01,-6.714027374982833862e-02,-3.894443511962890625e-01,-4.241774603724479675e-02,6.249999627470970154e-02,-8.270810246467590332e-01,3.169411122798919678e-01,-2.836422920227050781e-01,-9.764598309993743896e-02,-9.785849601030349731e-02,-9.748251736164093018e-02,4.847678840160369873e-01,-1.965140253305435181e-01,1.863684952259063721e-01,-1.672414243221282959e-01,6.677064299583435059e-01,1.184825301170349121e-01,-1.084219217300415039e-01,6.867989301681518555e-01,-6.282791495323181152e-01,-3.674507439136505127e-01,6.641790270805358887e-01,-2.156271189451217651e-01,6.068705916404724121e-01,-4.569427371025085449e-01,-1.991616189479827881e-01,-8.001123070716857910e-01,-6.803915500640869141e-01,1.032930091023445129e-01,1.865817308425903320e-01,6.020449995994567871e-01,-4.021708667278289795e-01,-1.048354744911193848e+00,-1.138202771544456482e-01,1.470510959625244141e+00,2.872457541525363922e-02,8.900490403175354004e-01
-1.708788052201271057e-02,-2.904208004474639893e-01,-2.918584942817687988e-01,-3.624484241008758545e-01,-2.564529180526733398e-01,1.549515426158905029e-01,1.111015398055315018e-02,-7.230485081672668457e-01,2.489762902259826660e-01,1.994890719652175903e-01,3.977841436862945557e-01,-1.612564176321029663e-01,-1.046203851699829102e+00,-1.432082772254943848e+00,2.074714750051498413e-01,-1.921266019344329834e-01,-4.583074152469635010e-01,-7.851092219352722168e-01,-1.208292722702026367e+00,-3.183657526969909668e-01,-2.958822995424270630e-03,-1.528309226036071777e+00,5.788915157318115234e-01,-5.510705113410949707e-01,-1.338334083557128906e+00,5.300587415695190430e-01,-5.567985773086547852e-01,-4.989549517631530762e-01,-2.844246327877044678e-01,-5.655663609504699707e-01,-1.050008416175842285e+00,-2.838804721832275391e-01,2.596266567707061768e-01,-2.345863878726959229e-01,-2.439877390861511230e-01,-5.899432897567749023e-01,1.359651684761047363e-01,-3.061827123165130615e-01,-4.597560465335845947e-01,-1.908984929323196411e-01,-4.530870914459228516e-01,-1.117875099182128906e+00,-1.345130324363708496e+00,-3.531592488288879395e-01,1.198484674096107483e-01,-7.143111228942871094e-01,-5.813288502395153046e-03,1.478183865547180176e-01,-1.638370394706726074e+00,-6.907534599304199219e-01,7.340977787971496582e-01,-6.158234477043151855e-01,4.507136344909667969e-01
1.526979506015777588e-01,1.233457684516906738e+00,3.024639785289764404e-01,1.650279574096202850e-02,-1.182172298431396484e-01,8.794171214103698730e-01,-2.275705933570861816e-01,-6.252274513244628906e-01,9.701702743768692017e-02,8.712456822395324707e-01,1.213565766811370850e-01,4.545610249042510986e-01,-2.359414398670196533e-01,-6.813758015632629395e-01,1.616762399673461914e+00,-3.333040773868560791e-01,4.918830692768096924e-01,-5.368860363960266113e-01,1.148046016693115234e+00,-1.056333780288696289e+00,1.498486161231994629e+00,-1.453406929969787598e+00,-4.278756976127624512e-01,-8.042720556259155273e-01,-1.428883910179138184e+00,6.092915534973144531e-01,-1.493738412857055664e+00,-1.115333199501037598e+00,1.301147460937500000e+00,3.779548779129981995e-02,-1.214644759893417358e-01,8.530219644308090210e-02,6.884750127792358398e-01,3.626858294010162354e-01,-6.689364910125732422e-01,-2.469241321086883545e-01,4.022295176982879639e-01,1.040502786636352539e+00,-1.395040750503540039e+00,2.888351678848266602e-01,-3.086174726486206055e-01,1.551177501678466797e+00,-6.464806795120239258e-01,1.513100862503051758e+00,-1.845392882823944092e-01,-7.330371141433715820e-01,-1.005089998245239258e+00,3.979753255844116211e-01,-9.956121444702148438e-01,-9.415904879570007324e-01,-7.986891269683837891e-01,-1.301520109176635742e+00,7.354421168565750122e-02
3.167789280414581299e-01,2.425422519445419312e-01,2.024589851498603821e-02,5.030840635299682617e-01,8.295775055885314941e-01,-6.873226910829544067e-02,3.475602567195892334e-01,6.417420506477355957e-01,4.649447798728942871e-01,1.368946433067321777e+00,9.187221527099609375e-01,8.109636902809143066e-01,-5.294023156166076660e-01,9.007178992033004761e-02,-4.461632966995239258e-01,-2.571814060211181641e-01,8.577781915664672852e-01,1.014828085899353027e+00,-9.526872634887695312e-01,1.090822339057922363e+00,1.405750751495361328e+00,1.491011232137680054e-01,9.749673604965209961e-01,7.430924177169799805e-01,-3.451352193951606750e-02,-3.299310803413391113e-02,-1.863932162523269653e-01,-1.340587377548217773e+00,1.352213382720947266e+00,1.747307181358337402e-01,6.540976166725158691e-01,9.311949014663696289e-01,8.917132019996643066e-01,3.670104444026947021e-01,5.988066196441650391e-01,-7.983635067939758301e-01,3.150030672550201416e-01,3.442193269729614258e-01,-6.436777114868164062e-01,9.875088334083557129e-01,3.747076988220214844e-01,-6.009595990180969238e-01,7.102009057998657227e-01,5.363529324531555176e-01,4.072520732879638672e-01,-6.802348047494888306e-02,1.448827981948852539e-01,1.778159737586975098e-01,1.456948995590209961e+00,6.373900175094604492e-01,-1.764223724603652954e-01,-7.916370630264282227e-01,1.916977763175964355e-01
4.774210155010223389e-01,3.562718629837036133e-02,1.189537346363067627e-01,7.917815446853637695e-01,4.030614197254180908e-01,8.148280531167984009e-02,2.889505922794342041e-01,4.449539780616760254e-01,-4.461934268474578857e-01,3.372003138065338135e-01,2.288031876087188721e-01,2.066638469696044922e-01,-5.542721226811408997e-02,-3.230754137039184570e-01,1.076309084892272949e+00,1.128271371126174927e-01,8.540769219398498535e-01,-9.934204816818237305e-02,-2.243103682994842529e-01,-1.052514553070068359e+00,5.563272833824157715e-01,1.065913215279579163e-01,3.328335881233215332e-01,1.446184515953063965e-02,-2.717854678630828857e-01,2.508652210235595703e-01,-3.868611454963684082e-01,-6.298055648803710938e-01,1.525437831878662109e+00,5.776412487030029297e-01,1.183496594429016113e+00,1.762172728776931763e-01,2.429201602935791016e-01,1.115517169237136841e-01,-3.800987303256988525e-01,-8.288977295160293579e-02,2.998875267803668976e-02,1.115913748741149902e+00,-3.841925859451293945e-01,1.977118849754333496e-01,-3.852745890617370605e-01,2.289994955062866211e-01,2.320419847965240479e-01,4.171168804168701172e-02,-1.150369763374328613e+00,8.722285181283950806e-02,2.300235629081726074e-01,-5.425527319312095642e-02,5.639279484748840332e-01,9.950154460966587067e-03,-4.295189380645751953e-01,-1.245197281241416931e-01,4.997573196887969971e-01
4.305293038487434387e-02,4.133967161178588867e-01,1.249413751065731049e-02,-2.169817984104156494e-01,-1.297721564769744873e-01,4.774495363235473633e-01,-3.307074606418609619e-01,-6.286761760711669922e-01,2.341218143701553345e-01,-1.435890197753906250e-01,7.431652545928955078e-01,6.146884560585021973e-01,6.766033768653869629e-01,-1.430999159812927246e+00,-4.312349557876586914e-01,5.960703492164611816e-01,-5.748836323618888855e-02,6.569967269897460938e-01,-3.765044510364532471e-01,2.826363444328308105e-01,2.691843509674072266e-01,-1.269897222518920898e-01,6.021866202354431152e-01,-2.418036572635173798e-02,8.062727004289627075e-02,4.178183078765869141e-01,1.879100352525711060e-01,1.296149790287017822e-01,-9.708641767501831055e-01,2.052594125270843506e-01,-7.424994111061096191e-01,-8.957749009132385254e-01,6.849180161952972412e-02,4.113350510597229004e-01,-4.099254012107849121e-01,9.809485077857971191e-01,1.545660197734832764e-01,-5.652393102645874023e-01,3.003530204296112061e-01,4.499463438987731934e-01,-2.012263610959053040e-02,-7.308898568153381348e-01,-6.265296600759029388e-03,4.662931561470031738e-01,2.717871665954589844e-01,-4.482757747173309326e-01,2.591044902801513672e-01,3.495449423789978027e-01,-6.273441910743713379e-01,1.415172219276428223e-01,-5.891028642654418945e-01,-9.864141792058944702e-02,-9.134679567068815231e-04
2.623696327209472656e-01,2.845840752124786377e-01,-1.745754778385162354e-01,1.272697448730468750e-01,1.371086359024047852e+00,8.082144707441329956e-02,5.494765043258666992e-01,1.765889286994934082e+00,-7.689405083656311035e-01,1.030424118041992188e+00,3.793340623378753662e-01,-6.479879617691040039e-01,-5.131181478500366211e-01,-3.017728626728057861e-01,5.580144524574279785e-01,-6.490663290023803711e-01,-4.384264349937438965e-01,-4.873608946800231934e-01,-7.195096015930175781e-01,-1.207897663116455078e+00,4.138568043708801270e-01,-1.353970885276794434e+00,-5.118511915206909180e-01,-5.092716217041015625e-01,-1.342142939567565918e+00,1.599320024251937866e-01,-1.277943491935729980e+00,5.836380720138549805e-01,-6.455160975456237793e-01,-6.790074706077575684e-02,1.011568069458007812e+00,-5.917741060256958008e-01,7.407673001289367676e-01,1.207507681101560593e-02,-3.444471359252929688e-01,-5.871444940567016602e-01,3.588275015354156494e-01,-1.386777609586715698e-01,-1.335196614265441895e+00,-1.653598695993423462e-01,3.500516414642333984e-01,-3.424117863178253174e-01,-1.581139862537384033e-01,5.395702272653579712e-02,6.973298639059066772e-02,-8.510072827339172363e-01,-5.788208842277526855e-01,3.367634713649749756e-01,-1.709127306938171387e+00,-6.722770929336547852e-01,7.025651335716247559e-01,1.090433835983276367e+00,5.812115669250488281e-01
3.260559737682342529e-01,9.571663737297058105e-01,5.786010026931762695e-01,6.713365018367767334e-02,4.402428865432739258e-01,5.974951386451721191e-01,-2.174415811896324158e-02,-6.586678624153137207e-01,2.519664764404296875e-01,7.689130902290344238e-01,3.790018558502197266e-01,-3.770038187503814697e-01,-9.490200132131576538e-02,-6.261075735092163086e-01,5.077579617500305176e-01,3.206246793270111084e-01,7.668860554695129395e-01,2.246761173009872437e-01,-1.947126686573028564e-01,-5.280117392539978027e-01,1.105993747711181641e+00,-8.034779429435729980e-01,-2.672081999480724335e-02,5.146575570106506348e-01,-6.167015433311462402e-01,6.122867465019226074e-01,-5.402898788452148438e-01,-8.508859872817993164e-01,9.818359613418579102e-01,1.370445042848587036e-01,-3.711830377578735352e-01,6.834586858749389648e-01,4.606759846210479736e-01,3.420884013175964355e-01,-6.383345723152160645e-01,-1.337715834379196167e-01,3.696003556251525879e-01,-2.855315059423446655e-02,-4.628742635250091553e-01,-3.161041811108589172e-02,3.061396181583404541e-01,-5.927681922912597656e-02,7.654585242271423340e-01,9.321615695953369141e-01,-1.778640300035476685e-01,-3.329437077045440674e-01,-1.693971902132034302e-01,5.048353075981140137e-01,-8.737275004386901855e-01,8.111310005187988281e-02,1.355627831071615219e-02,-1.423743665218353271e-01,5.636273026466369629e-01
4.207190871238708496e-01,8.639809489250183105e-01,3.555536866188049316e-01,4.831101298332214355e-01,4.972431659698486328e-01,6.261668205261230469e-01,1.421796679496765137e+00,-2.695137262344360352e-02,9.396318197250366211e-01,1.348292708396911621e+00,8.246403336524963379e-01,1.947226405143737793e+00,1.133007764816284180e+00,-1.081533804535865784e-01,5.518805608153343201e-02,1.153324484825134277e+00,1.131062746047973633e+00,7.212057709693908691e-01,2.554978430271148682e-01,1.608501076698303223e-01,1.283586263656616211e+00,1.877149790525436401e-01,1.958633214235305786e-01,1.430179119110107422e+00,3.348877131938934326e-01,4.178255796432495117e-01,2.375243604183197021e-01,-1.490558534860610962e-01,6.537279486656188965e-01,1.322842121124267578e+00,2.105842381715774536e-01,1.062599658966064453e+00,1.073722243309020996e+00,7.242085337638854980e-01,8.605730533599853516e-01,1.146947860717773438e+00,1.132210612297058105e+00,-5.087096691131591797e-01,7.761700153350830078e-01,1.459981083869934082e+00,8.074610829353332520e-01,-3.017442226409912109e-01,1.021594882011413574e+00,6.203364729881286621e-01,4.361986219882965088e-01,-8.739295415580272675e-03,8.992910981178283691e-01,3.926374614238739014e-01,5.629113912582397461e-01,1.263871788978576660e+00,-2.101124525070190430e-01,7.805401459336280823e-03,2.895718514919281006e-01
3.369858264923095703e-01,1.083551868796348572e-01,8.020842075347900391e-01,9.660474061965942383e-01,1.843767762184143066e-01,-1.178475916385650635e-01,4.559347629547119141e-01,2.876101434230804443e-01,1.410209760069847107e-02,9.979233145713806152e-01,3.630645871162414551e-01,1.026255369186401367e+00,3.170374333858489990e-01,-3.663829267024993896e-01,1.550163794308900833e-02,6.019515991210937500e-01,4.708123803138732910e-01,1.528820097446441650e-01,-1.978073477745056152e+00,-8.819324374198913574e-01,9.526368379592895508e-01,4.181186258792877197e-01,6.214750409126281738e-01,1.220638036727905273e+00,-1.043718457221984863e-01,-4.098157584667205811e-01,-1.891622990369796753e-01,-3.260190486907958984e-01,1.096068143844604492e+00,7.938145399093627930e-01,5.734357833862304688e-01,7.141258120536804199e-01,7.954255342483520508e-01,5.855460762977600098e-01,4.454827010631561279e-01,2.645957469940185547e-01,7.638154625892639160e-01,9.029270410537719727e-01,4.632800519466400146e-01,1.179581522941589355e+00,5.121660828590393066e-01,-8.384658098220825195e-01,6.897225379943847656e-01,-1.631924510002136230e-01,1.597571253776550293e+00,3.063860833644866943e-01,5.330538749694824219e-01,2.226316928863525391e-01,4.279845654964447021e-01,7.885761260986328125e-01,1.161262020468711853e-01,6.952133178710937500e-01,5.871365666389465332e-01
5.858397483825683594e-01,5.761606693267822266e-01,8.218942284584045410e-01,8.510763645172119141e-01,-1.451384127140045166e-01,1.153286099433898926e-01,3.650190532207489014e-01,4.822379350662231445e-01,1.896355897188186646e-01,3.870090246200561523e-01,4.245478212833404541e-01,1.273085713386535645e+00,5.508460402488708496e-01,-9.158244132995605469e-01,1.321897208690643311e-01,7.190021276473999023e-01,2.871774435043334961e-01,3.834761381149291992e-01,3.507703542709350586e-01,-6.516396999359130859e-01,-1.089329481124877930e+00,1.823667623102664948e-02,1.702893823385238647e-01,3.121254444122314453e-01,2.493860721588134766e-01,1.655041575431823730e-01,1.173952668905258179e-01,-8.003525733947753906e-01,-5.443767830729484558e-02,7.818762063980102539e-01,6.643469929695129395e-01,1.034082621335983276e-01,3.814327716827392578e-01,7.051125764846801758e-01,7.829105854034423828e-01,6.001235246658325195e-01,1.053489297628402710e-01,1.780275553464889526e-01,8.427633047103881836e-01,7.853010296821594238e-01,2.792168557643890381e-01,7.499560117721557617e-01,6.023222804069519043e-01,-3.904041051864624023e-01,-9.591552019119262695e-01,6.784238852560520172e-03,1.074603080749511719e+00,1.025333479046821594e-01,6.837968230247497559e-01,8.912947773933410645e-01,-2.926011979579925537e-01,-1.134297728538513184e+00,2.577159106731414795e-01
5.108236670494079590e-01,7.394158244132995605e-01,1.086595654487609863e-01,4.336178898811340332e-01,1.209692358970642090e+00,2.683544456958770752e-01,1.453684329986572266e+00,5.540479421615600586e-01,8.396245837211608887e-01,1.411534905433654785e+00,6.134610176086425781e-01,2.221183061599731445e+00,9.947580099105834961e-01,7.276283949613571167e-02,2.523566484451293945e-01,1.106747031211853027e+00,7.721735239028930664e-01,1.132896661758422852e+00,-4.086609780788421631e-01,-2.575501799583435059e-01,1.564891099929809570e+00,-4.221873730421066284e-02,4.133833050727844238e-01,4.293571710586547852e-01,-2.036577314138412476e-01,-6.159438937902450562e-02,-5.857417359948158264e-02,5.702290218323469162e-03,6.637480854988098145e-01,1.280170202255249023e+00,9.619415998458862305e-01,1.068959474563598633e+00,1.072088599205017090e+00,6.568122506141662598e-01,1.380030512809753418e+00,7.577394843101501465e-01,9.319376349449157715e-01,3.358263969421386719e-01,6.466571092605590820e-01,1.196267366409301758e+00,6.340352892875671387e-01,4.483276009559631348e-01,1.647936254739761353e-01,1.464330852031707764e-01,5.647024512290954590e-01,2.730353921651840210e-02,3.845468461513519287e-01,-5.482731387019157410e-02,5.174782276153564453e-01,6.863585114479064941e-01,1.402722895145416260e-01,6.900708079338073730e-01,5.808702707290649414e-01
9.355947971343994141e-01,5.596618056297302246e-01,3.850249052047729492e-01,1.938433200120925903e-01,7.030056715011596680e-01,6.531948447227478027e-01,9.350421428680419922e-01,1.061592340469360352e+00,6.183123588562011719e-01,8.439922332763671875e-01,7.321258783340454102e-01,9.981864690780639648e-01,5.033814907073974609e-01,-9.369262456893920898e-01,1.024772405624389648e+00,1.019908428192138672e+00,7.039383053779602051e-01,8.452062010765075684e-01,-8.988945484161376953e-01,3.335453867912292480e-01,-8.233453035354614258e-01,-1.292818188667297363e-01,7.347778677940368652e-01,8.453852683305740356e-02,1.880370974540710449e-01,2.246463894844055176e-01,1.193971276283264160e+00,9.007512927055358887e-01,9.315586090087890625e-01,7.692822813987731934e-01,1.185582041740417480e+00,-3.142760097980499268e-01,7.313437461853027344e-01,6.220356225967407227e-01,-2.486078999936580658e-02,3.125689029693603516e-01,1.298456490039825439e-01,-3.853276371955871582e-01,6.800818443298339844e-01,5.915907025337219238e-01,5.620226860046386719e-01,-4.564611017704010010e-01,4.729482829570770264e-01,-1.066911518573760986e-01,-9.784665107727050781e-01,9.338338673114776611e-02,7.928252816200256348e-01,1.150172874331474304e-01,1.359156966209411621e-01,9.147725701332092285e-01,5.602801442146301270e-01,6.069790720939636230e-01,8.157017827033996582e-01
-1.625348031520843506e-01,1.198755145072937012e+00,6.189994141459465027e-02,-1.831556856632232666e-01,5.063298344612121582e-01,8.077573776245117188e-01,4.722969830036163330e-01,-7.091163396835327148e-01,1.128978013992309570e+00,3.289632499217987061e-01,7.080538868904113770e-01,1.110120296478271484e+00,6.340951919555664062e-01,-2.720616757869720459e-01,1.096419453620910645e+00,5.291909575462341309e-01,4.971705675125122070e-01,1.960862874984741211e-01,-1.010489240288734436e-01,-3.517881333827972412e-01,1.074510693550109863e+00,-3.984387814998626709e-01,2.996932268142700195e-01,5.556184053421020508e-01,1.396033018827438354e-01,-3.203953802585601807e-01,3.251475095748901367e-01,-8.127548098564147949e-01,1.691864252090454102e+00,1.723813079297542572e-02,-4.782716929912567139e-01,1.443573951721191406e+00,6.466684937477111816e-01,1.019392371177673340e+00,3.084288239479064941e-01,1.038546085357666016e+00,5.267632603645324707e-01,1.566021323204040527e+00,1.350477933883666992e+00,1.423102259635925293e+00,4.635650813579559326e-01,7.539262175559997559e-01,4.034022390842437744e-01,3.875151276588439941e-01,-4.336060881614685059e-01,4.168080687522888184e-01,1.717152595520019531e+00,7.571829855442047119e-02,1.616857171058654785e+00,1.180367827415466309e+00,1.168563067913055420e-01,-6.711685061454772949e-01,9.052141308784484863e-01
7.987851500511169434e-01,9.278960824012756348e-01,1.360605359077453613e+00,3.649653196334838867e-01,1.276789605617523193e-01,3.527549803256988525e-01,1.373907685279846191e+00,8.797727227210998535e-01,7.312062978744506836e-01,1.415775537490844727e+00,8.652544021606445312e-01,2.093858003616333008e+00,1.001779556274414062e+00,4.483721852302551270e-01,-1.419360004365444183e-02,8.979954719543457031e-01,7.444670200347900391e-01,1.509329557418823242e+00,-3.880699276924133301e-01,-8.979650735855102539e-01,-2.238806188106536865e-01,5.665830373764038086e-01,-3.392829298973083496e-01,7.179713249206542969e-01,7.622976303100585938e-01,9.249974787235260010e-02,9.370104074478149414e-01,-5.282718539237976074e-01,1.963236927986145020e+00,8.046054244041442871e-01,1.420476913452148438e+00,1.154284238815307617e+00,4.295001626014709473e-01,8.682741522789001465e-01,6.827968955039978027e-01,6.524661183357238770e-01,7.752158045768737793e-01,1.602556228637695312e+00,1.477278470993041992e+00,1.064758181571960449e+00,3.890191018581390381e-01,1.202253818511962891e+00,9.783781766891479492e-01,-4.289826452732086182e-01,1.198688820004463196e-01,5.979004502296447754e-01,1.663586258888244629e+00,-3.340998589992523193e-01,1.550726652145385742e+00,1.610703229904174805e+00,-2.513272166252136230e-01,-5.503942966461181641e-01,7.336979508399963379e-01
1.049185276031494141e+00,4.160550236701965332e-01,1.002415895462036133e+00,8.562669157981872559e-01,4.649982750415802002e-01,9.959225356578826904e-02,7.565582394599914551e-01,6.112185120582580566e-01,6.524389982223510742e-01,9.228644967079162598e-01,7.844011187553405762e-01,1.924336314201354980e+00,1.235337615013122559e+00,4.251832067966461182e-01,-4.063822627067565918e-01,1.004515290260314941e+00,1.797354072332382202e-01,7.886238694190979004e-01,-1.890249401330947876e-01,-4.526756703853607178e-01,2.297955332323908806e-03,4.800202250480651855e-01,4.408339560031890869e-01,6.216010078787803650e-02,4.678633809089660645e-02,4.031183943152427673e-02,1.014950513839721680e+00,4.277998805046081543e-01,3.304872810840606689e-01,1.022854924201965332e+00,8.728013634681701660e-01,2.861663699150085449e-01,2.675131559371948242e-01,6.083956360816955566e-01,6.198120713233947754e-01,1.051990389823913574e+00,9.657906889915466309e-01,-3.238079249858856201e-01,8.413429856300354004e-01,1.215363383293151855e+00,6.832140684127807617e-01,-1.293189525604248047e-01,6.626524329185485840e-01,-6.560875773429870605e-01,-4.105182364583015442e-02,3.296252191066741943e-01,1.281634330749511719e+00,3.436137735843658447e-02,5.201648175716400146e-02,7.948081493377685547e-01,6.108152866363525391e-01,1.308836579322814941e+00,8.299358487129211426e-01
1.138223528861999512e+00,3.203846216201782227e-01,7.304193377494812012e-01,1.437257528305053711e+00,8.045196533203125000e-01,4.778385758399963379e-01,1.739272952079772949e+00,1.522504448890686035e+00,7.987265586853027344e-01,5.511702895164489746e-01,7.173811197280883789e-01,1.017990112304687500e+00,7.316716909408569336e-01,-2.959731221199035645e-01,-1.094053864479064941e+00,1.035653501749038696e-01,-4.596821665763854980e-01,9.113184809684753418e-01,-2.057574987411499023e+00,7.356804013252258301e-01,-8.256021142005920410e-01,3.671650886535644531e-01,9.629623889923095703e-01,7.649607211351394653e-02,2.606084346771240234e-01,3.539648652076721191e-01,-4.092608094215393066e-01,6.063282489776611328e-01,1.091731071472167969e+00,8.258457779884338379e-01,2.165126800537109375e+00,-2.993837893009185791e-01,6.329234838485717773e-01,4.372615814208984375e-01,-3.756881058216094971e-01,1.183040812611579895e-01,2.653634846210479736e-01,-1.300335973501205444e-01,-2.315706163644790649e-01,1.777815669775009155e-01,5.833453498780727386e-03,-9.562537074089050293e-01,-6.301331520080566406e-01,5.811690688133239746e-01,2.171806842088699341e-01,-9.735723724588751793e-04,-4.811112284660339355e-01,2.222704142332077026e-01,8.044160157442092896e-02,4.064181149005889893e-01,4.925908148288726807e-02,1.042230606079101562e+00,8.581178188323974609e-01
4.421522617340087891e-01,1.161596536636352539e+00,1.553465425968170166e-02,6.469095945358276367e-01,1.650782227516174316e-01,1.310260534286499023e+00,-4.608549550175666809e-02,6.106894463300704956e-02,2.434010356664657593e-01,-3.869378268718719482e-01,5.104011893272399902e-01,-2.732006311416625977e-01,2.794720530509948730e-01,-1.290199518203735352e+00,1.324624717235565186e-01,-4.564673602581024170e-01,-1.053521513938903809e+00,4.004105627536773682e-01,3.770174980163574219e-01,-4.883469268679618835e-02,1.203039884567260742e+00,-2.417883127927780151e-01,7.965753674507141113e-01,-8.275978565216064453e-01,-3.198263049125671387e-01,7.016475796699523926e-01,-1.661312341690063477e+00,3.732482790946960449e-01,-1.114952683448791504e+00,4.303385913372039795e-01,-3.457544445991516113e-01,-1.561738610267639160e+00,2.279116809368133545e-01,5.410416722297668457e-01,7.880440354347229004e-02,4.123675823211669922e-01,1.694516688585281372e-01,-1.971257925033569336e-01,-1.117230772972106934e+00,-8.789426833391189575e-02,5.018658638000488281e-01,1.826758086681365967e-01,-8.051847815513610840e-01,1.224937438964843750e+00,-1.293428540229797363e+00,-1.376953005790710449e+00,-1.254916429519653320e+00,1.009073734283447266e+00,-7.541214227676391602e-01,-2.829816937446594238e-01,-1.026817440986633301e+00,-5.621809884905815125e-02,-5.898895263671875000e-01
1.525646597146987915e-01,7.789726853370666504e-01,-5.920290946960449219e-01,3.761070221662521362e-02,3.315418362617492676e-01,6.833059787750244141e-01,-9.465706944465637207e-01,7.578267455101013184e-01,2.697146534919738770e-01,3.631317317485809326e-01,1.166733503341674805e+00,-6.146677732467651367e-01,3.356169760227203369e-01,-3.456723988056182861e-01,1.633232474327087402e+00,4.384902417659759521e-01,1.337010860443115234e+00,5.521534085273742676e-01,-1.651086360216140747e-01,-7.615032196044921875e-01,1.535958170890808105e+00,-8.493894934654235840e-01,4.455555379390716553e-01,6.608262062072753906e-01,-1.044776439666748047e+00,1.102165699005126953e+00,-4.586458206176757812e-01,-1.142828583717346191e+00,5.830704569816589355e-01,-7.011356949806213379e-02,5.513849258422851562e-01,6.446664333343505859e-01,9.647196531295776367e-01,7.675181031227111816e-01,9.051715582609176636e-02,4.030017554759979248e-01,4.787141978740692139e-01,2.075341939926147461e-01,1.704342663288116455e-02,7.574294805526733398e-01,1.472974777221679688e+00,-3.989860117435455322e-01,1.755262374877929688e+00,9.083028435707092285e-01,8.631294369697570801e-01,-1.510064721107482910e+00,-5.488846302032470703e-01,1.396532654762268066e+00,4.603513777256011963e-01,-5.214162468910217285e-01,-8.112521767616271973e-01,-2.627294659614562988e-01,-3.942768573760986328e-01
5.708311796188354492e-01,1.120045900344848633e+00,6.658731698989868164e-01,5.517373085021972656e-01,5.975472331047058105e-01,1.628547310829162598e+00,3.955359160900115967e-01,7.819790840148925781e-01,1.716346740722656250e+00,1.246122837066650391e+00,9.236881732940673828e-01,8.848543167114257812e-01,7.405484318733215332e-01,-5.167049169540405273e-01,1.131780982017517090e+00,1.286212682723999023e+00,4.263709187507629395e-01,9.372965991497039795e-02,-2.852665483951568604e-01,5.177369117736816406e-01,-1.986332684755325317e-01,-6.795473694801330566e-01,1.025266289710998535e+00,9.288572520017623901e-02,-9.130477309226989746e-01,9.797580838203430176e-01,6.729768514633178711e-01,2.535459697246551514e-01,5.914183259010314941e-01,7.599666118621826172e-01,7.699724435806274414e-01,9.166421890258789062e-01,1.019957304000854492e+00,9.711660742759704590e-01,4.218895733356475830e-01,6.386662125587463379e-01,1.069300651550292969e+00,4.365132153034210205e-01,8.485084772109985352e-01,7.263134717941284180e-01,9.353192448616027832e-01,-6.838647723197937012e-01,6.530849933624267578e-01,6.583240628242492676e-01,7.031885981559753418e-01,-7.644476890563964844e-01,7.626425623893737793e-01,9.384772181510925293e-01,-3.532999157905578613e-01,2.098673880100250244e-01,-1.508357971906661987e-01,-3.232256770133972168e-01,-2.455823495984077454e-02
6.613889932632446289e-01,1.471261262893676758e+00,4.198922514915466309e-01,5.816198587417602539e-01,1.058032438158988953e-01,1.175431728363037109e+00,-4.386346787214279175e-03,-2.135932594537734985e-01,1.048300862312316895e+00,3.748568296432495117e-01,9.446936845779418945e-01,1.310414314270019531e+00,1.085550069808959961e+00,-1.394399404525756836e-01,1.722941637039184570e+00,1.317026734352111816e+00,9.462381005287170410e-01,5.235496759414672852e-01,1.046319365501403809e+00,-1.769215464591979980e-01,2.533207833766937256e-01,-8.188101053237915039e-01,4.577839672565460205e-01,2.452286481857299805e-01,-5.049236416816711426e-01,5.798816084861755371e-01,1.828833520412445068e-01,-6.313890218734741211e-01,1.367780566215515137e+00,6.552674770355224609e-01,-7.278159260749816895e-02,5.128769278526306152e-01,9.009999632835388184e-01,8.729370832443237305e-01,3.634096384048461914e-01,1.231750845909118652e+00,1.432980298995971680e+00,-8.002419024705886841e-02,7.154288291931152344e-01,1.326695084571838379e+00,9.197633862495422363e-01,8.152814581990242004e-03,9.144696593284606934e-01,1.079195857048034668e+00,7.321555018424987793e-01,-1.157032012939453125e+00,5.745297670364379883e-01,9.952738881111145020e-01,-1.535910665988922119e-01,-6.007010117173194885e-02,-8.713904619216918945e-01,-1.298586487770080566e+00,-5.290936827659606934e-01
1.347996592521667480e+00,1.073669910430908203e+00,-4.214695990085601807e-01,1.171744614839553833e-01,1.210091710090637207e+00,6.622398495674133301e-01,2.045336008071899414e+00,1.379081845283508301e+00,9.147843122482299805e-01,1.658961653709411621e+00,1.451031804084777832e+00,9.724169373512268066e-01,9.683241248130798340e-01,-2.762258648872375488e-01,-5.431696176528930664e-01,1.161243319511413574e+00,7.406071424484252930e-01,1.766360282897949219e+00,-6.009478569030761719e-01,1.538864612579345703e+00,-1.236782521009445190e-01,1.124206900596618652e+00,1.278071403503417969e+00,1.521587491035461426e+00,8.513813614845275879e-01,2.203213572502136230e-01,1.026908755302429199e+00,5.481795668601989746e-01,-3.392429947853088379e-01,1.732596039772033691e+00,1.727144837379455566e+00,1.003302335739135742e+00,1.464329123497009277e+00,1.150188088417053223e+00,6.763852834701538086e-01,5.780178308486938477e-01,7.602617740631103516e-01,-6.075637936592102051e-01,1.112841814756393433e-01,1.287189841270446777e+00,1.129345417022705078e+00,-4.320670068264007568e-01,3.548744320869445801e-01,5.672309398651123047e-01,1.002085089683532715e+00,2.484358847141265869e-01,1.000479936599731445e+00,3.569017648696899414e-01,4.943640232086181641e-01,1.427240610122680664e+00,-6.198659166693687439e-02,2.422057867050170898e+00,8.049083352088928223e-01
5.373485684394836426e-01,1.004033684730529785e+00,2.749436795711517334e-01,2.589555978775024414e-01,9.419810175895690918e-01,8.574173450469970703e-01,1.634419083595275879e+00,-3.956843018531799316e-01,4.350429475307464600e-01,-2.939202189445495605e-01,5.049581527709960938e-01,6.360042691230773926e-01,1.012721419334411621e+00,-2.360274314880371094e+00,-2.944754660129547119e-01,5.167801380157470703e-01,-5.271506905555725098e-01,3.811839520931243896e-01,-1.577741466462612152e-02,-4.355767667293548584e-01,1.594912558794021606e-01,8.928270339965820312e-01,5.263137817382812500e-01,7.249074578285217285e-01,1.090701341629028320e+00,5.327838659286499023e-01,-8.659488558769226074e-01,-4.457488358020782471e-01,4.721149802207946777e-01,1.062221169471740723e+00,-4.152061790227890015e-02,3.642487525939941406e-01,5.142076015472412109e-01,4.816285073757171631e-01,-2.438829839229583740e-01,8.016599416732788086e-01,-3.009747564792633057e-01,-1.798945516347885132e-01,-4.542671144008636475e-01,1.252381324768066406e+00,-9.132409840822219849e-02,6.151610519737005234e-03,-4.926733076572418213e-01,-1.885592490434646606e-01,5.128518342971801758e-01,1.777233183383941650e-01,-6.722249090671539307e-02,8.001834154129028320e-02,6.708376407623291016e-01,9.107291698455810547e-01,-5.611549615859985352e-01,3.362958133220672607e-01,5.751786828041076660e-01
1.336640268564224243e-01,5.551831126213073730e-01,3.642705082893371582e-01,4.680709168314933777e-02,-2.844267487525939941e-01,4.623648226261138916e-01,3.015324771404266357e-01,-8.989630341529846191e-01,-2.987869679927825928e-01,-3.251803219318389893e-01,6.639474630355834961e-01,-1.643222570419311523e-01,5.038080215454101562e-01,-7.509829401969909668e-01,-3.669463098049163818e-01,3.945522904396057129e-01,2.631986141204833984e-01,3.068059086799621582e-01,7.343432903289794922e-01,2.324639856815338135e-01,-9.002061188220977783e-02,4.715310037136077881e-01,4.963161647319793701e-01,6.407266855239868164e-01,3.263027667999267578e-01,1.704505831003189087e-01,-1.922488659620285034e-01,-6.136414408683776855e-01,-5.966255068778991699e-01,1.173613429069519043e+00,-5.534771680831909180e-01,-4.962872266769409180e-01,8.313010446727275848e-03,6.460165977478027344e-01,1.022257208824157715e+00,4.369100332260131836e-01,4.279749691486358643e-01,-7.668699026107788086e-01,-7.135493159294128418e-01,8.478884696960449219e-01,2.747278809547424316e-01,-5.664500966668128967e-02,5.376227498054504395e-01,1.035785228013992310e-01,-5.155872702598571777e-01,-4.549936652183532715e-01,-1.878228485584259033e-01,3.014634549617767334e-01,3.254695236682891846e-01,1.653993427753448486e-01,-4.676225483417510986e-01,2.052803039550781250e-01,-1.021879538893699646e-02
2.892677187919616699e-01,4.406444430351257324e-01,3.059507012367248535e-01,4.333435893058776855e-01,9.848310053348541260e-02,6.447431445121765137e-01,3.007821738719940186e-01,6.974925398826599121e-01,2.532397210597991943e-01,7.769772410392761230e-01,7.461125254631042480e-01,4.855196774005889893e-01,5.317654013633728027e-01,-3.066394329071044922e-01,-7.094128131866455078e-01,6.901053190231323242e-01,-8.953987360000610352e-01,-4.348906278610229492e-01,-1.487168550491333008e+00,-1.489002466201782227e+00,-2.776906192302703857e-01,1.178516745567321777e-01,-5.573540180921554565e-02,3.838583230972290039e-01,-7.171890139579772949e-01,1.049739718437194824e-01,-1.461973190307617188e-01,-1.126820072531700134e-01,1.299352794885635376e-01,2.937448322772979736e-01,4.594481289386749268e-01,2.118862271308898926e-01,3.458872139453887939e-01,3.502829670906066895e-01,3.982650339603424072e-01,1.338620763272047043e-02,3.924134373664855957e-01,-1.412338972091674805e+00,-4.707872867584228516e-01,1.902959495782852173e-01,-1.426140516996383667e-01,-2.080325365066528320e+00,-4.501471221446990967e-01,8.515163660049438477e-01,-1.977673172950744629e-01,-5.375191569328308105e-01,-5.333293676376342773e-01,4.922433197498321533e-01,1.030924841761589050e-01,-3.673206865787506104e-01,-1.259332895278930664e-01,7.122210264205932617e-01,-3.602426499128341675e-02
2.457082718610763550e-01,7.170513272285461426e-01,7.186308503150939941e-01,6.767137646675109863e-01,-1.265349626541137695e+00,7.159943580627441406e-01,-3.191355764865875244e-01,-8.685382008552551270e-01,1.084241032600402832e+00,-2.405014336109161377e-01,7.302263379096984863e-01,1.343175172805786133e+00,1.387840270996093750e+00,-1.010928273200988770e+00,7.506299018859863281e-01,1.180933952331542969e+00,-2.752805650234222412e-01,8.973847627639770508e-01,1.589857935905456543e+00,-6.651521474123001099e-02,-8.906633257865905762e-01,5.202379450201988220e-02,9.008372426033020020e-01,-2.360897958278656006e-01,-6.597395241260528564e-02,1.032581925392150879e+00,7.206686586141586304e-02,2.853616178035736084e-01,-1.264819502830505371e+00,2.461282610893249512e-01,-3.080115318298339844e-01,-6.135692819952964783e-02,2.046465128660202026e-02,3.207719922065734863e-01,1.237675428390502930e+00,1.279607653617858887e+00,3.403012156486511230e-01,-1.627815008163452148e+00,8.475367426872253418e-01,-3.400360047817230225e-01,1.122700929641723633e+00,-4.139789342880249023e-01,-5.034837871789932251e-03,2.652177214622497559e-01,-1.404335737228393555e+00,-8.218989968299865723e-01,7.990734279155731201e-02,8.623728156089782715e-01,1.067057028412818909e-01,4.539626240730285645e-01,-5.987915396690368652e-01,-1.093742728233337402e+00,-8.414545655250549316e-01
3.293882310390472412e-01,3.610106110572814941e-01,-5.299838781356811523e-01,1.392388790845870972e-01,5.228334069252014160e-01,5.966781973838806152e-01,-1.772141754627227783e-01,1.776775598526000977e+00,6.182930245995521545e-02,8.171862363815307617e-01,1.100999832153320312e+00,-1.877509951591491699e-01,8.285034298896789551e-01,4.706681370735168457e-01,6.874099373817443848e-01,6.640241146087646484e-01,4.328216612339019775e-01,4.059395790100097656e-01,-1.159294724464416504e+00,5.394304394721984863e-01,3.094561398029327393e-02,-7.019953131675720215e-01,8.920345306396484375e-01,-2.592930011451244354e-02,-1.466254115104675293e+00,1.087185621261596680e+00,-5.371856689453125000e-01,9.070760011672973633e-01,-2.898357510566711426e-01,6.861103326082229614e-02,8.308807015419006348e-01,-1.102070927619934082e+00,6.971179246902465820e-01,5.781656503677368164e-01,-3.030019998550415039e-01,5.760399699211120605e-01,8.994140625000000000e-01,1.673279702663421631e-01,-2.569328621029853821e-02,2.189090996980667114e-01,8.328282237052917480e-01,-1.393217563629150391e+00,1.204845428466796875e+00,9.618351459503173828e-01,-1.661057770252227783e-01,-1.399728059768676758e+00,-6.949126720428466797e-01,1.555361509323120117e+00,-4.611570239067077637e-01,-4.360224604606628418e-01,-3.675257861614227295e-01,1.535874247550964355e+00,-2.526441514492034912e-01
2.280072569847106934e-01,4.742490053176879883e-01,-3.259371817111968994e-01,4.535964131355285645e-02,2.945600077509880066e-02,6.687074899673461914e-01,4.072809517383575439e-01,1.267161369323730469e-01,6.170390844345092773e-01,1.745542138814926147e-01,9.675561189651489258e-01,-1.600549519062042236e-01,9.617900848388671875e-01,-9.574361443519592285e-01,-4.800219833850860596e-01,8.130926489830017090e-01,5.864235758781433105e-01,9.227516055107116699e-01,-1.427631080150604248e-01,8.759613633155822754e-01,-2.312817871570587158e-01,-3.157901167869567871e-01,4.444235563278198242e-01,1.265918254852294922e+00,-3.759684041142463684e-02,1.350011110305786133e+00,-2.798014581203460693e-01,-9.157530069351196289e-01,-9.412660598754882812e-01,1.880486011505126953e-01,-2.011245675384998322e-02,5.854369997978210449e-01,5.536642074584960938e-01,7.883798480033874512e-01,9.217245131731033325e-02,7.804462909698486328e-01,-8.335593342781066895e-02,-8.169192671775817871e-01,3.809355497360229492e-01,8.255633711814880371e-01,1.049988269805908203e+00,-1.887373328208923340e-01,8.001499772071838379e-01,1.032434582710266113e+00,4.793938696384429932e-01,-7.658739686012268066e-01,-2.978114187717437744e-01,9.564017653465270996e-01,1.436275839805603027e+00,8.126428127288818359e-01,-1.040380239486694336e+00,-7.965525388717651367e-01,-3.346755802631378174e-01
9.614265561103820801e-01,7.930443882942199707e-01,-3.887088000774383545e-01,2.402816265821456909e-01,5.997130274772644043e-01,1.050834417343139648e+00,3.602864146232604980e-01,9.783477336168289185e-02,1.244765639305114746e+00,3.343325853347778320e-01,1.053571343421936035e+00,2.161824107170104980e-01,1.642070055007934570e+00,-1.024343967437744141e+00,1.477581560611724854e-01,1.438161611557006836e+00,6.588359475135803223e-01,1.093318223953247070e+00,3.465774059295654297e-01,1.212608575820922852e+00,-1.562993526458740234e-01,-6.478158235549926758e-01,1.332898259162902832e+00,7.462391853332519531e-01,1.154884248971939087e-01,9.511016011238098145e-01,2.332208007574081421e-01,-9.221600741147994995e-02,-1.047653317451477051e+00,3.892511725425720215e-01,-7.189374566078186035e-01,6.072548031806945801e-01,8.201714158058166504e-01,9.185834527015686035e-01,9.404774755239486694e-02,1.777017354965209961e+00,2.670471370220184326e-01,6.351063251495361328e-01,1.267193675041198730e+00,1.443897724151611328e+00,1.194846749305725098e+00,-1.768266409635543823e-02,1.294581055641174316e+00,1.326236367225646973e+00,9.614823460578918457e-01,-8.733625411987304688e-01,5.815172791481018066e-01,1.285163760185241699e+00,2.412694692611694336e-01,8.325607180595397949e-01,-1.955827027559280396e-01,-5.001917853951454163e-02,-9.051614254713058472e-02
1.094264149665832520e+00,7.604800462722778320e-01,3.392407298088073730e-01,2.320763282477855682e-02,4.392507374286651611e-01,8.563766479492187500e-01,4.222724437713623047e-01,1.586953699588775635e-01,3.184257447719573975e-01,7.752688527107238770e-01,8.123914003372192383e-01,3.295249044895172119e-01,1.590834140777587891e+00,-5.913290977478027344e-01,-4.544957578182220459e-01,1.287518620491027832e+00,-3.860537111759185791e-01,4.108017981052398682e-01,-3.056612610816955566e-01,2.293427586555480957e-01,-1.180298924446105957e+00,-3.293304145336151123e-01,5.675269961357116699e-01,6.642379164695739746e-01,5.159949064254760742e-01,1.290678739547729492e+00,1.643815934658050537e-01,3.893574774265289307e-01,-3.063954710960388184e-01,8.249579071998596191e-01,-1.646363437175750732e-01,1.138509392738342285e+00,9.772092700004577637e-01,1.241459608078002930e+00,8.341093063354492188e-01,1.395138859748840332e+00,2.089023888111114502e-01,-7.368094474077224731e-02,1.101927995681762695e+00,3.594410419464111328e-01,9.041185975074768066e-01,-4.489839375019073486e-01,-2.971935272216796875e-02,7.433745861053466797e-01,-1.367917805910110474e-01,-4.932517409324645996e-01,1.055452585220336914e+00,1.075435757637023926e+00,4.465347230434417725e-01,6.258049607276916504e-01,-5.340292453765869141e-01,-5.041643381118774414e-01,3.289488330483436584e-02
1.396167874336242676e+00,8.337570428848266602e-01,9.285406470298767090e-01,6.624397635459899902e-01,1.206752300262451172e+00,7.858353853225708008e-01,1.007618784904479980e+00,5.989148020744323730e-01,8.155487775802612305e-01,1.042047500610351562e+00,9.675731658935546875e-01,6.061642169952392578e-01,1.293825268745422363e+00,-8.546058535575866699e-01,7.130864858627319336e-01,1.085287451744079590e+00,-5.135485902428627014e-02,1.336956977844238281e+00,1.071040034294128418e-01,-2.867269217967987061e-01,-6.561951041221618652e-01,-3.325350955128669739e-02,1.296272575855255127e-01,1.112435936927795410e+00,2.942453324794769287e-01,7.797639369964599609e-01,-2.370481491088867188e-01,-5.343677401542663574e-01,2.504758536815643311e-01,7.548306584358215332e-01,3.659762814640998840e-02,1.437327384948730469e+00,9.978268146514892578e-01,8.814066052436828613e-01,7.330737709999084473e-01,1.413670063018798828e+00,1.408856362104415894e-01,-3.395032882690429688e-01,9.849199652671813965e-01,1.043839097023010254e+00,1.440285205841064453e+00,-7.954881787300109863e-01,1.330025792121887207e-01,2.586252093315124512e-01,7.128850817680358887e-01,-3.952457606792449951e-01,9.664700627326965332e-01,8.829804658889770508e-01,-1.988790184259414673e-01,9.663603901863098145e-01,-2.968568503856658936e-01,3.738036453723907471e-01,1.856799274682998657e-01
1.170106649398803711e+00,1.413789629936218262e+00,1.108149051666259766e+00,7.325028777122497559e-01,8.206481337547302246e-01,9.179604649543762207e-01,1.630653262138366699e+00,1.304116379469633102e-02,1.555860638618469238e+00,9.622396230697631836e-01,1.146801352500915527e+00,9.039950370788574219e-01,1.596230626106262207e+00,-1.110116124153137207e+00,6.628800630569458008e-01,1.747412919998168945e+00,9.209902882575988770e-01,1.930814385414123535e+00,7.462127804756164551e-01,5.460606217384338379e-01,4.779746830463409424e-01,7.319774031639099121e-01,1.079318642616271973e+00,1.298498868942260742e+00,1.235995173454284668e+00,1.274043440818786621e+00,4.037226140499114990e-01,-2.240826040506362915e-01,2.315640598535537720e-01,1.556431055068969727e+00,4.616429507732391357e-01,1.160960912704467773e+00,8.650600910186767578e-01,1.196828365325927734e+00,8.453192114830017090e-01,1.451275587081909180e+00,-7.952269166707992554e-02,-4.946472346782684326e-01,1.334854841232299805e+00,8.582862019538879395e-01,1.289604306221008301e+00,1.476129144430160522e-02,4.217461347579956055e-01,1.941299587488174438e-01,-8.334888517856597900e-02,1.427441686391830444e-01,1.094884276390075684e+00,5.322418808937072754e-01,7.469675540924072266e-01,1.407981991767883301e+00,-1.273277252912521362e-01,4.466977119445800781e-01,5.780420303344726562e-01
8.399453163146972656e-01,1.346204876899719238e+00,5.505825877189636230e-01,8.847826719284057617e-01,4.241385757923126221e-01,5.316903591156005859e-01,1.448475480079650879e+00,2.455450743436813354e-01,7.724901437759399414e-01,1.314398765563964844e+00,8.415742516517639160e-01,1.610047340393066406e+00,1.942816615104675293e+00,1.306299418210983276e-01,6.618058085441589355e-01,2.054848670959472656e+00,5.921076536178588867e-01,1.475002288818359375e+00,8.066052198410034180e-02,4.962566196918487549e-01,5.224228501319885254e-01,3.856897950172424316e-01,1.401338696479797363e+00,7.566797733306884766e-01,2.305536419153213501e-01,6.534231901168823242e-01,4.808690845966339111e-01,-1.876813173294067383e-01,5.644034147262573242e-01,1.556540369987487793e+00,2.847914397716522217e-01,6.423579454421997070e-01,1.123302578926086426e+00,1.463674783706665039e+00,1.363833785057067871e+00,1.635457158088684082e+00,9.769052267074584961e-01,-6.183318495750427246e-01,1.153987407684326172e+00,1.231122255325317383e+00,1.375250458717346191e+00,1.912661939859390259e-01,5.585280060768127441e-01,3.987181186676025391e-01,-2.027686685323715210e-01,-1.580962836742401123e-01,5.953329205513000488e-01,5.372184514999389648e-01,6.290419101715087891e-01,1.109679579734802246e+00,-3.005599975585937500e-01,4.126647710800170898e-01,3.382366001605987549e-01
8.616983890533447266e-01,7.029795646667480469e-01,6.270832419395446777e-01,5.944717526435852051e-01,-4.025532305240631104e-01,2.648726105690002441e-01,1.115950107574462891e+00,3.869582340121269226e-02,5.512936115264892578e-01,4.876128584146499634e-02,7.933024764060974121e-01,7.096463441848754883e-01,1.414903879165649414e+00,-1.383386969566345215e+00,-2.358920685946941376e-02,1.648024559020996094e+00,5.111031532287597656e-01,7.750791311264038086e-01,-3.174864053726196289e-01,-9.810364246368408203e-01,-1.220504879951477051e+00,3.464089334011077881e-01,9.569747745990753174e-02,1.428463339805603027e+00,5.564256906509399414e-01,1.092204689979553223e+00,4.440596103668212891e-01,-2.288970649242401123e-01,4.787089303135871887e-02,8.475641608238220215e-01,3.412759006023406982e-01,8.652435988187789917e-02,3.609037399291992188e-01,1.148961544036865234e+00,2.489117085933685303e-01,8.453929424285888672e-01,-2.810567915439605713e-01,-4.664708971977233887e-01,6.380606293678283691e-01,4.958324432373046875e-01,1.105289459228515625e+00,-4.556889235973358154e-01,1.078334212303161621e+00,2.791127264499664307e-01,-8.704375475645065308e-02,-3.286586701869964600e-01,1.758773475885391235e-01,9.035579562187194824e-01,1.404607534408569336e+00,8.598884940147399902e-01,-4.876774251461029053e-01,4.494915902614593506e-01,1.559570878744125366e-01
6.423283815383911133e-01,5.722309947013854980e-01,5.823990702629089355e-01,9.545277357101440430e-01,1.344546377658843994e-01,4.285384714603424072e-01,-1.149540245532989502e-01,6.746670603752136230e-01,-4.413127005100250244e-01,-4.019272327423095703e-01,7.672798633575439453e-01,2.059388160705566406e-01,7.986705303192138672e-01,-1.328374594449996948e-01,-2.516386210918426514e-01,6.207993626594543457e-01,1.339059788733720779e-02,6.765844821929931641e-01,-4.389300569891929626e-02,-7.890902757644653320e-01,-6.659819483757019043e-01,-6.208049505949020386e-02,-6.161874905228614807e-02,3.955510258674621582e-01,-4.810355007648468018e-01,7.150640487670898438e-01,1.602191478013992310e-01,-1.148604154586791992e-01,-4.294920563697814941e-01,5.156823396682739258e-01,4.948457777500152588e-01,4.700786992907524109e-02,5.652284026145935059e-01,4.732859134674072266e-01,7.488828301429748535e-01,8.768903017044067383e-01,1.240814924240112305e+00,-1.265844941139221191e+00,-3.296557441353797913e-02,-1.664722710847854614e-01,1.019354343414306641e+00,-1.055323004722595215e+00,-5.118960887193679810e-02,1.216925024986267090e+00,-3.516249060630798340e-01,-7.792952060699462891e-01,-4.729494452476501465e-01,8.833010196685791016e-01,5.255517959594726562e-01,3.215692937374114990e-01,-1.246934294700622559e+00,-2.652002871036529541e-01,-3.819776773452758789e-01
8.136870265007019043e-01,8.425121903419494629e-01,2.732210457324981689e-01,7.756544351577758789e-01,7.066233754158020020e-01,5.957444906234741211e-01,2.010216414928436279e-01,1.054933309555053711e+00,5.430561304092407227e-01,1.646392494440078735e-01,7.888815999031066895e-01,-2.157473936676979065e-02,6.502710580825805664e-01,-4.940979480743408203e-01,-6.949854642152786255e-02,5.236061215400695801e-01,-1.627360880374908447e-01,6.301016807556152344e-01,-8.294954895973205566e-01,-3.791037499904632568e-01,-5.590118765830993652e-01,6.838677823543548584e-02,2.907118201255798340e-01,1.929791830480098724e-02,-3.717892765998840332e-01,1.040791988372802734e+00,-3.986430168151855469e-01,3.160514831542968750e-01,1.782684326171875000e-01,5.930353999137878418e-01,1.427328109741210938e+00,-4.722061753273010254e-01,6.464753746986389160e-01,3.808512985706329346e-01,-2.298549190163612366e-02,4.146363139152526855e-01,2.568645179271697998e-01,-7.471836209297180176e-01,-1.426265686750411987e-01,-5.419657230377197266e-01,7.725269794464111328e-01,-1.772275209426879883e+00,2.322805346921086311e-03,1.093349337577819824e+00,-7.636537551879882812e-01,-8.663066625595092773e-01,-8.846346139907836914e-01,1.425276398658752441e+00,7.143622040748596191e-01,1.463692337274551392e-01,-1.389660000801086426e+00,9.507922083139419556e-02,-4.033387601375579834e-01
8.738278746604919434e-01,1.346031546592712402e+00,-3.545885905623435974e-02,6.867951750755310059e-01,5.191431045532226562e-01,8.668416142463684082e-01,1.139656543731689453e+00,1.976625919342041016e-01,7.004362940788269043e-01,8.059188127517700195e-01,1.103018522262573242e+00,9.705111384391784668e-01,1.767759799957275391e+00,-4.412679970264434814e-01,1.419321060180664062e+00,1.211599707603454590e+00,3.458158373832702637e-01,8.036412000656127930e-01,1.372679352760314941e+00,-3.442080020904541016e-01,1.083255529403686523e+00,1.297032460570335388e-02,-2.152262255549430847e-02,8.934081792831420898e-01,1.336407065391540527e-01,1.230057001113891602e+00,-4.319426417350769043e-01,-7.880967259407043457e-01,-8.932455629110336304e-02,1.186371326446533203e+00,2.067689150571823120e-01,1.298499107360839844e+00,7.386347055435180664e-01,1.169759869575500488e+00,7.959223985671997070e-01,1.527430295944213867e+00,4.302923083305358887e-01,-9.772131443023681641e-01,6.582543253898620605e-01,6.992762088775634766e-01,1.440062999725341797e+00,-1.394665390253067017e-01,9.435486793518066406e-01,1.181455016136169434e+00,-4.454663991928100586e-01,-8.586657643318176270e-01,3.861270248889923096e-01,1.220700263977050781e+00,1.874968647956848145e+00,1.144381999969482422e+00,-1.183513760566711426e+00,-8.172447085380554199e-01,-4.996017217636108398e-01
1.138490080833435059e+00,7.894614934921264648e-01,4.039528965950012207e-01,8.174692392349243164e-01,1.223703503608703613e+00,5.550225973129272461e-01,7.080487012863159180e-01,1.247847676277160645e+00,4.429138898849487305e-01,1.161393165588378906e+00,8.616597652435302734e-01,7.770738601684570312e-01,1.481225609779357910e+00,-4.318158030509948730e-01,-1.003916144371032715e+00,1.137773990631103516e+00,7.048636078834533691e-01,1.274276018142700195e+00,-1.141389131546020508e+00,5.475921630859375000e-01,2.773396074771881104e-01,9.566084146499633789e-01,3.457322716712951660e-01,1.601800084114074707e+00,2.797129154205322266e-01,9.248247146606445312e-01,1.980339735746383667e-01,2.007883340120315552e-01,7.746220231056213379e-01,1.434247970581054688e+00,1.185000777244567871e+00,1.551440834999084473e+00,1.019128441810607910e+00,1.095501303672790527e+00,3.434099555015563965e-01,1.123601198196411133e+00,8.751534223556518555e-01,-4.395506680011749268e-01,3.854953944683074951e-01,1.069485783576965332e+00,1.530109286308288574e+00,-1.018123745918273926e+00,1.497217535972595215e+00,1.239985585212707520e+00,-1.383636295795440674e-01,-4.745059609413146973e-01,2.568284869194030762e-01,1.068385243415832520e+00,1.306576967239379883e+00,8.299500942230224609e-01,-4.906636178493499756e-01,1.286206126213073730e+00,-8.311805874109268188e-02
8.461300134658813477e-01,4.756648242473602295e-01,2.038287818431854248e-01,4.463130608201026917e-02,2.783528566360473633e-01,1.084660768508911133e+00,1.132745146751403809e+00,8.643026649951934814e-02,7.760011553764343262e-01,5.893556475639343262e-01,8.553138375282287598e-01,2.795808613300323486e-01,1.126731038093566895e+00,-1.113036155700683594e+00,-1.700393259525299072e-01,1.100217461585998535e+00,3.617312014102935791e-01,1.260564565658569336e+00,5.751060843467712402e-01,-6.360335350036621094e-01,-2.796430587768554688e-01,-3.835371434688568115e-01,-4.164515808224678040e-02,1.406058430671691895e+00,1.041149049997329712e-01,9.098910689353942871e-01,-1.590550690889358521e-01,-1.125904843211174011e-01,-3.909206986427307129e-01,1.789377927780151367e-01,-4.802990332245826721e-02,4.842467010021209717e-01,7.720396518707275391e-01,7.355117201805114746e-01,2.422067373991012573e-01,1.124893903732299805e+00,3.473588526248931885e-01,3.800121247768402100e-01,7.688977718353271484e-01,6.666924357414245605e-01,6.137126088142395020e-01,3.795209154486656189e-02,4.298696815967559814e-01,4.858553111553192139e-01,3.919622600078582764e-01,-6.622252464294433594e-01,3.018415868282318115e-01,7.687353491783142090e-01,7.476487159729003906e-01,5.621573328971862793e-01,-4.484688043594360352e-01,-6.209746599197387695e-01,-4.802733659744262695e-02
7.013761997222900391e-01,9.173206090927124023e-01,9.975697398185729980e-01,8.970076441764831543e-01,5.395668745040893555e-01,7.405034303665161133e-01,4.898712337017059326e-01,6.817948818206787109e-01,1.345004439353942871e-01,1.204469799995422363e+00,8.714044094085693359e-01,7.698028683662414551e-01,1.281366705894470215e+00,-3.532582223415374756e-01,4.588930010795593262e-01,6.721096634864807129e-01,-3.649830222129821777e-01,-1.979339271783828735e-01,3.925795555114746094e-01,-1.024772405624389648e+00,9.898099303245544434e-01,-6.108725666999816895e-01,-2.316400259733200073e-01,9.163165688514709473e-01,-7.917554378509521484e-01,1.216174483299255371e+00,-1.292829513549804688e+00,-4.347744584083557129e-01,-5.640363097190856934e-01,5.422088503837585449e-01,3.648378551006317139e-01,-9.063895940780639648e-01,6.262038350105285645e-01,9.301721453666687012e-01,3.302933275699615479e-01,1.295378923416137695e+00,6.980539560317993164e-01,-4.447691142559051514e-03,1.207242757081985474e-01,-7.300060242414474487e-02,9.524307250976562500e-01,3.940055072307586670e-01,5.708827972412109375e-01,9.024921059608459473e-01,-8.297939300537109375e-01,-9.877904653549194336e-01,-7.638893127441406250e-01,1.183671712875366211e+00,-6.286408305168151855e-01,3.985599279403686523e-01,-7.016705870628356934e-01,-3.773745596408843994e-01,-2.156788259744644165e-01
8.888363838195800781e-01,1.066590666770935059e+00,1.809885799884796143e-01,7.607097625732421875e-01,9.372622370719909668e-01,9.598786830902099609e-01,1.526506304740905762e+00,1.030339598655700684e+00,1.120470404624938965e+00,1.316422462463378906e+00,8.644877672195434570e-01,1.203752398490905762e+00,5.001584887504577637e-01,-5.278528928756713867e-01,-1.138944506645202637e+00,6.802878379821777344e-01,7.832508683204650879e-01,1.272247791290283203e+00,-1.113691568374633789e+00,9.423796534538269043e-01,3.431466817855834961e-01,3.772793710231781006e-01,1.316454648971557617e+00,1.557884573936462402e+00,1.057019084692001343e-01,6.765916943550109863e-01,-4.268277436494827271e-02,3.819527477025985718e-02,6.673101782798767090e-01,1.121175050735473633e+00,1.436668038368225098e+00,6.122792363166809082e-01,1.558934926986694336e+00,9.677084684371948242e-01,4.209047853946685791e-01,5.238395929336547852e-01,4.079514145851135254e-01,-7.594133019447326660e-01,9.588636159896850586e-01,2.733544111251831055e-01,1.373506069183349609e+00,-9.491047263145446777e-01,1.375364422798156738e+00,8.446345329284667969e-01,-2.895878553390502930e-01,-4.138754904270172119e-01,7.958986163139343262e-01,5.261707901954650879e-01,1.109340310096740723e+00,1.006363153457641602e+00,-5.410803556442260742e-01,3.717518746852874756e-01,1.446140259504318237e-01
1.200683593750000000e+00,1.299973368644714355e+00,1.610830545425415039e+00,1.617930889129638672e+00,1.369713097810745239e-01,5.679481625556945801e-01,1.132759571075439453e+00,-5.102694407105445862e-02,1.346837043762207031e+00,7.852753400802612305e-01,9.191906452178955078e-01,1.303153634071350098e+00,2.001568317413330078e+00,-3.280122280120849609e-01,4.092988967895507812e-01,1.696741580963134766e+00,1.032080650329589844e+00,1.456484198570251465e+00,9.652724266052246094e-01,-4.581232964992523193e-01,-9.823265075683593750e-01,8.442140817642211914e-01,4.410871863365173340e-01,1.056483149528503418e+00,8.681885004043579102e-01,8.090054988861083984e-01,3.371233642101287842e-01,-9.811966419219970703e-01,4.900614619255065918e-01,1.283147931098937988e+00,1.104120254516601562e+00,1.470710396766662598e+00,1.068081021308898926e+00,1.347745656967163086e+00,6.768462657928466797e-01,1.915345907211303711e+00,1.193840622901916504e+00,-1.166105866432189941e+00,2.512816190719604492e+00,1.178530931472778320e+00,1.494130730628967285e+00,-9.017000347375869751e-02,1.033774018287658691e+00,3.038947582244873047e-01,-2.535169720649719238e-01,1.549896448850631714e-01,1.769805669784545898e+00,7.450178265571594238e-01,1.660153508186340332e+00,1.925143957138061523e+00,-8.151658177375793457e-01,-1.124781012535095215e+00,1.866837404668331146e-02
1.212093234062194824e+00,1.278157830238342285e+00,1.261575818061828613e+00,1.324218034744262695e+00,6.546685099601745605e-01,7.221605181694030762e-01,1.414495825767517090e+00,1.052232980728149414e+00,1.227191090583801270e+00,9.158782958984375000e-01,1.034933805465698242e+00,1.443270325660705566e+00,1.786034584045410156e+00,-6.945908665657043457e-01,8.830590248107910156e-01,1.703873157501220703e+00,1.285986542701721191e+00,1.421504020690917969e+00,-1.400459259748458862e-01,1.295990049839019775e-01,-9.093924760818481445e-01,5.911805629730224609e-01,1.005382061004638672e+00,2.602198123931884766e+00,8.492426872253417969e-01,8.735268115997314453e-01,8.520857691764831543e-01,1.444061547517776489e-01,2.275397032499313354e-01,1.442580103874206543e+00,1.295289397239685059e+00,1.279713988304138184e+00,9.690813422203063965e-01,1.669490337371826172e+00,1.097866296768188477e+00,1.863765954971313477e+00,1.074395060539245605e+00,-1.114646196365356445e+00,2.049600124359130859e+00,9.308078289031982422e-01,2.067675828933715820e+00,-1.245360136032104492e+00,1.044421195983886719e+00,5.192180871963500977e-01,1.117442548274993896e-01,-6.776151061058044434e-02,1.541115760803222656e+00,6.338808536529541016e-01,1.800996303558349609e+00,2.187706708908081055e+00,-2.975672110915184021e-02,1.086592197418212891e+00,5.058605074882507324e-01
1.193299293518066406e+00,5.611643195152282715e-01,6.941821575164794922e-01,1.476357221603393555e+00,5.727434754371643066e-01,3.404907286167144775e-01,1.588362455368041992e+00,1.683582186698913574e+00,4.394414126873016357e-01,7.454019188880920410e-01,1.030964374542236328e+00,1.156832814216613770e+00,1.657155871391296387e+00,-9.867961406707763672e-01,-6.273905038833618164e-01,1.204236626625061035e+00,-7.239515185356140137e-01,8.350094556808471680e-01,-1.436986088752746582e+00,9.733980894088745117e-01,-1.329929232597351074e+00,8.342574238777160645e-01,8.748611211776733398e-01,1.482256412506103516e+00,7.434576749801635742e-01,8.573474884033203125e-01,4.736200571060180664e-01,-2.422329187393188477e-01,3.826680481433868408e-01,1.391248226165771484e+00,1.728895306587219238e+00,2.091250568628311157e-02,4.179601371288299561e-01,7.601694464683532715e-01,9.789682030677795410e-01,1.371824502944946289e+00,-6.976873613893985748e-03,-8.975429534912109375e-01,1.027208209037780762e+00,-2.348379045724868774e-01,1.082444548606872559e+00,-1.809661030769348145e+00,2.119026333093643188e-01,-1.590990424156188965e-01,-4.095996320247650146e-01,1.182066276669502258e-01,1.647291630506515503e-01,7.086994647979736328e-01,1.318197965621948242e+00,1.647480130195617676e+00,-4.407665133476257324e-01,3.829972445964813232e-01,4.075020849704742432e-01
1.146140933036804199e+00,1.348140835762023926e+00,1.687767028808593750e+00,1.461108207702636719e+00,2.807122468948364258e-01,7.643316388130187988e-01,3.303755819797515869e-01,5.613018870353698730e-01,1.029375910758972168e+00,6.239207386970520020e-01,7.399369478225708008e-01,1.178096771240234375e+00,1.582167267799377441e+00,-1.019818544387817383e+00,3.261967599391937256e-01,1.197771906852722168e+00,-5.207528471946716309e-01,1.209316849708557129e+00,6.559882760047912598e-01,-1.711831428110599518e-02,4.775578677654266357e-01,5.099538564682006836e-01,9.543831348419189453e-01,6.612700223922729492e-01,8.819954097270965576e-02,1.015797138214111328e+00,-4.578697681427001953e-02,-9.976627826690673828e-01,3.829399645328521729e-01,1.029192805290222168e+00,7.921600341796875000e-01,3.661725223064422607e-01,6.456062793731689453e-01,7.183824777603149414e-01,1.511154651641845703e+00,1.762920141220092773e+00,7.577580809593200684e-01,-4.953038096427917480e-01,9.328286051750183105e-01,1.489212214946746826e-01,1.071844220161437988e+00,-2.058151364326477051e-01,-3.312320411205291748e-01,5.058709383010864258e-01,-9.079986214637756348e-01,-3.564268052577972412e-01,1.372283995151519775e-01,7.699095010757446289e-01,7.243547439575195312e-01,1.173705101013183594e+00,-7.669459581375122070e-01,-8.512165546417236328e-01,-3.050255179405212402e-01
9.009392261505126953e-01,8.709156513214111328e-01,-2.620759606361389160e-01,1.076445579528808594e+00,1.208470344543457031e+00,3.232079744338989258e-01,1.116296291351318359e+00,1.731398820877075195e+00,2.744217813014984131e-01,1.395243883132934570e+00,1.237935900688171387e+00,5.059861540794372559e-01,1.418208122253417969e+00,1.695023477077484131e-01,7.904833555221557617e-01,1.332151174545288086e+00,1.124876379966735840e+00,1.165279030799865723e+00,-6.816020011901855469e-01,4.898396730422973633e-01,4.468124508857727051e-01,8.959074020385742188e-01,1.107275605201721191e+00,5.608056187629699707e-01,1.440166831016540527e-01,9.693585038185119629e-01,5.673987269401550293e-01,1.691200375556945801e+00,-5.666739344596862793e-01,1.363410472869873047e+00,2.042243480682373047e+00,5.937883853912353516e-01,1.207092523574829102e+00,8.472960591316223145e-01,9.446261525154113770e-01,9.357547163963317871e-01,1.503084540367126465e+00,-5.434576272964477539e-01,8.340280055999755859e-01,5.510193109512329102e-01,1.075311064720153809e+00,-1.059190273284912109e+00,1.220590353012084961e+00,9.905895590782165527e-01,5.317752361297607422e-01,-4.041573405265808105e-01,7.030019760131835938e-01,7.095477581024169922e-01,4.820410609245300293e-01,7.168330550193786621e-01,-1.790862679481506348e-01,2.435625791549682617e+00,1.949400901794433594e-01
1.102661490440368652e+00,6.963337659835815430e-01,3.843607604503631592e-01,4.629748761653900146e-01,6.339543461799621582e-01,1.011318445205688477e+00,1.213026881217956543e+00,4.769661128520965576e-01,7.008028626441955566e-01,1.853233873844146729e-01,8.207476139068603516e-01,1.353211551904678345e-01,8.541654348373413086e-01,-1.835396528244018555e+00,-1.696942329406738281e+00,5.595974326133728027e-01,-1.042840719223022461e+00,5.845913290977478027e-01,-1.357484698295593262e+00,1.214295268058776855e+00,-9.268136024475097656e-01,-2.808478474617004395e-01,5.164833664894104004e-01,1.697991639375686646e-01,-2.805517613887786865e-01,1.189120888710021973e+00,1.343978345394134521e-01,6.580516099929809570e-01,-3.256063759326934814e-01,1.352551221847534180e+00,4.197086691856384277e-01,5.780587792396545410e-01,8.380609154701232910e-01,1.141803145408630371e+00,1.007694840431213379e+00,1.404569268226623535e+00,-1.931655853986740112e-01,-6.856067776679992676e-01,1.222908616065979004e+00,2.842002213001251221e-01,1.099189281463623047e+00,-1.065084457397460938e+00,-1.752650886774063110e-01,7.339546084403991699e-01,-3.027342557907104492e-01,-6.199317574501037598e-01,-3.712676092982292175e-02,1.246936202049255371e+00,-2.012924402952194214e-01,5.988990664482116699e-01,-7.809034585952758789e-01,-5.462995171546936035e-01,-7.674134522676467896e-02
1.024953007698059082e+00,3.228984773159027100e-01,6.640779376029968262e-01,1.161061525344848633e+00,1.017844200134277344e+00,2.915602028369903564e-01,7.598191499710083008e-02,8.569089174270629883e-01,1.571486741304397583e-01,5.377469658851623535e-01,8.197084069252014160e-01,6.084635853767395020e-01,1.518330454826354980e+00,-5.343952178955078125e-01,-4.973326250910758972e-02,1.208441495895385742e+00,2.366157015785574913e-03,6.616505384445190430e-01,-8.856506645679473877e-02,-3.765835165977478027e-01,3.178116083145141602e-01,4.828853532671928406e-02,2.748640179634094238e-01,5.766387581825256348e-01,-2.989383339881896973e-01,1.378098487854003906e+00,-6.792381405830383301e-01,2.017036378383636475e-01,-1.058747529983520508e+00,8.749102354049682617e-01,2.968185842037200928e-01,5.191913843154907227e-01,8.490617275238037109e-01,7.716735005378723145e-01,1.182233691215515137e+00,1.731422901153564453e+00,7.151761651039123535e-01,-1.192061185836791992e+00,5.358534455299377441e-01,6.867309212684631348e-01,1.193568944931030273e+00,-8.515412211418151855e-01,4.528214931488037109e-01,7.489001750946044922e-01,5.028287172317504883e-01,-7.967417240142822266e-01,5.997399985790252686e-02,1.081650257110595703e+00,-3.769120275974273682e-01,9.378284215927124023e-01,-8.849796652793884277e-01,2.228555530309677124e-01,-3.260227441787719727e-01
1.360499262809753418e+00,1.041770100593566895e+00,6.507743597030639648e-01,9.304188489913940430e-01,1.911070704460144043e+00,1.334400057792663574e+00,8.909766674041748047e-01,1.184163451194763184e+00,1.006611943244934082e+00,1.581411361694335938e+00,8.749819993972778320e-01,1.931576132774353027e-01,1.160206794738769531e+00,-3.632923960685729980e-01,3.342342376708984375e-01,1.438643217086791992e+00,-9.005936980247497559e-02,7.255401015281677246e-01,-8.999649882316589355e-01,-4.173921644687652588e-01,1.283591687679290771e-01,-1.999697834253311157e-01,-5.585455801337957382e-03,1.177020668983459473e+00,7.710564136505126953e-02,1.233868122100830078e+00,-5.703970789909362793e-02,-7.418194413185119629e-01,4.024363756179809570e-01,8.389177918434143066e-01,9.784404635429382324e-01,1.122078061103820801e+00,1.612506747245788574e+00,1.341369748115539551e+00,8.863452672958374023e-01,1.133134961128234863e+00,9.438846707344055176e-01,7.383110523223876953e-01,9.071780443191528320e-01,7.089014649391174316e-01,1.082311153411865234e+00,-3.758338093757629395e-01,6.208921670913696289e-01,1.209413290023803711e+00,1.062897324562072754e+00,-6.771048307418823242e-01,1.030735149979591370e-01,1.107209563255310059e+00,3.751382529735565186e-01,4.885332584381103516e-01,-8.628331422805786133e-01,3.423375636339187622e-02,6.730803102254867554e-02
1.288042426109313965e+00,1.009754776954650879e+00,1.894646763801574707e+00,1.793496608734130859e+00,9.860591292381286621e-01,8.648770451545715332e-01,8.851474523544311523e-01,-7.438151538372039795e-02,9.122764468193054199e-01,7.179247736930847168e-01,7.223045825958251953e-01,5.517871975898742676e-01,1.240808486938476562e+00,-1.989842534065246582e+00,6.242790818214416504e-01,1.120417356491088867e+00,-9.019288420677185059e-01,7.537409663200378418e-01,6.990895271301269531e-01,-9.182821512222290039e-01,1.973279938101768494e-02,-1.333930194377899170e-01,2.550840377807617188e-01,8.426294326782226562e-01,-3.498962149024009705e-03,1.206110358238220215e+00,1.684029549360275269e-01,-3.965974599123001099e-02,1.526267081499099731e-01,4.852219521999359131e-01,-1.124321594834327698e-01,-1.046077907085418701e-01,3.089011609554290771e-01,7.708488106727600098e-01,2.069532424211502075e-01,1.541857123374938965e+00,-7.338764071464538574e-01,-1.128897190093994141e+00,1.464666843414306641e+00,4.706028103828430176e-02,1.007642984390258789e+00,-3.240470290184020996e-01,-9.561294913291931152e-01,2.064840495586395264e-01,2.319193333387374878e-01,-2.093189358711242676e-01,6.961014270782470703e-01,6.359068751335144043e-01,-1.054049491882324219e+00,1.502227187156677246e+00,-5.526370406150817871e-01,-8.427912741899490356e-02,1.411985605955123901e-01
1.275113105773925781e+00,1.395470380783081055e+00,1.073541164398193359e+00,1.807971239089965820e+00,1.472878694534301758e+00,1.105639338493347168e+00,1.028324127197265625e+00,1.033695220947265625e+00,1.166345715522766113e+00,1.265383362770080566e+00,1.198352456092834473e+00,7.293670773506164551e-01,1.768050909042358398e+00,-1.022733524441719055e-01,1.515119433403015137e+00,1.585359334945678711e+00,1.553772091865539551e+00,1.487852454185485840e+00,5.725725367665290833e-02,2.063309252262115479e-01,1.744060218334197998e-01,5.602585673332214355e-01,5.272372364997863770e-01,1.891288757324218750e+00,2.364935725927352905e-01,1.446605086326599121e+00,7.982560992240905762e-01,7.818361520767211914e-01,8.129350543022155762e-01,1.828034043312072754e+00,1.678154349327087402e+00,1.046032667160034180e+00,1.625350475311279297e+00,1.584140062332153320e+00,1.084047794342041016e+00,1.674452304840087891e+00,1.276842474937438965e+00,3.217867389321327209e-02,8.812284469604492188e-01,1.063213229179382324e+00,1.741735816001892090e+00,-5.740624070167541504e-01,1.659587979316711426e+00,1.010931372642517090e+00,1.309473633766174316e+00,-3.635697066783905029e-01,4.286321699619293213e-01,9.787148833274841309e-01,5.633746981620788574e-01,1.456827402114868164e+00,-6.701905727386474609e-01,1.136576414108276367e+00,4.487536847591400146e-02
2.025966882705688477e+00,1.207394599914550781e+00,6.631128787994384766e-01,1.417850613594055176e+00,1.406186699867248535e+00,1.687582969665527344e+00,1.936139106750488281e+00,1.140283465385437012e+00,1.799145936965942383e+00,1.546581864356994629e+00,1.113368034362792969e+00,6.764090061187744141e-01,7.430402040481567383e-01,-4.098108410835266113e-01,6.472281366586685181e-02,1.054112195968627930e+00,5.458949208259582520e-01,1.758386254310607910e+00,-6.132100224494934082e-01,4.908865392208099365e-01,6.545881927013397217e-02,-4.238549154251813889e-03,7.756634354591369629e-01,1.617692947387695312e+00,7.822410017251968384e-02,1.347336888313293457e+00,5.007818341255187988e-01,9.895623922348022461e-01,1.008810043334960938e+00,2.122557401657104492e+00,1.590135335922241211e+00,1.855464220046997070e+00,1.342885136604309082e+00,1.647359728813171387e+00,7.148131728172302246e-01,7.150471210479736328e-01,1.304880380630493164e+00,-3.446132838726043701e-01,7.172976136207580566e-01,4.764583110809326172e-01,1.310415863990783691e+00,-6.619608998298645020e-01,1.508906960487365723e+00,1.299730777740478516e+00,1.574524283409118652e+00,-6.809613108634948730e-01,4.747760593891143799e-01,1.274247169494628906e+00,4.115643203258514404e-01,7.295783758163452148e-01,-1.321319460868835449e+00,6.776293516159057617e-01,-1.336222887039184570e-01
1.579602718353271484e+00,1.210255265235900879e+00,9.360537528991699219e-01,1.886456251144409180e+00,5.000381469726562500e-01,1.218448996543884277e+00,1.890298962593078613e+00,6.856713294982910156e-01,1.341686248779296875e+00,1.423066854476928711e+00,1.045393943786621094e+00,5.391198992729187012e-01,1.412100672721862793e+00,-4.169853031635284424e-01,1.614302158355712891e+00,1.195669412612915039e+00,1.561756134033203125e+00,1.211025595664978027e+00,2.035748720169067383e+00,3.141200840473175049e-01,6.029115915298461914e-01,-3.374770283699035645e-01,1.416694998741149902e+00,1.587245464324951172e+00,-2.348385453224182129e-01,1.642638564109802246e+00,3.596817553043365479e-01,-1.952599585056304932e-01,-1.040882587432861328e+00,1.970760822296142578e+00,1.227030873298645020e+00,1.023671627044677734e+00,1.481236815452575684e+00,1.537658452987670898e+00,1.661974668502807617e+00,1.460531473159790039e+00,1.241318225860595703e+00,-4.206865131855010986e-01,8.357365727424621582e-01,6.907479166984558105e-01,1.783658862113952637e+00,5.026239156723022461e-01,1.831061244010925293e+00,1.270830750465393066e+00,5.342656970024108887e-01,-1.057888984680175781e+00,2.585391104221343994e-01,1.208324432373046875e+00,8.746264576911926270e-01,6.736658811569213867e-01,-1.372439980506896973e+00,-9.317064881324768066e-01,-8.260762095451354980e-01
1.403738737106323242e+00,1.529021739959716797e+00,1.028639078140258789e+00,1.927994489669799805e+00,5.011996626853942871e-01,1.576008558273315430e+00,5.588407516479492188e-01,1.376186847686767578e+00,8.143913149833679199e-01,1.319747805595397949e+00,9.807420372962951660e-01,-6.287022028118371964e-03,7.736856341361999512e-01,1.549527794122695923e-01,4.528593420982360840e-01,7.229476571083068848e-01,5.161791443824768066e-01,1.041097998619079590e+00,-4.430533349514007568e-01,6.876211166381835938e-01,1.284768104553222656e+00,-1.240033376961946487e-02,6.930731534957885742e-01,1.111919164657592773e+00,-7.006161808967590332e-01,1.072087883949279785e+00,-6.624648720026016235e-02,-2.329335063695907593e-01,4.844191968441009521e-01,1.691112518310546875e+00,1.506068587303161621e+00,1.335480690002441406e+00,1.362343907356262207e+00,1.283606052398681641e+00,1.415357351303100586e+00,7.587801218032836914e-01,2.096839427947998047e+00,-9.002606868743896484e-01,-7.121717929840087891e-02,9.408965706825256348e-03,1.541053891181945801e+00,-9.522062540054321289e-01,1.264020442962646484e+00,1.784242153167724609e+00,1.111236810684204102e+00,-1.425249695777893066e+00,-4.771245718002319336e-01,1.604797840118408203e+00,2.702132426202297211e-02,-2.721085846424102783e-01,-1.506930708885192871e+00,-1.074508652091026306e-01,-1.136848568916320801e+00
1.403205633163452148e+00,1.036511301994323730e+00,4.412381350994110107e-01,6.538172364234924316e-01,6.412987112998962402e-01,1.770223140716552734e+00,1.141936302185058594e+00,1.448035240173339844e+00,7.240491509437561035e-01,1.098120450973510742e+00,9.520617723464965820e-01,-8.833628296852111816e-01,6.964355707168579102e-01,-5.117881894111633301e-01,-3.552852943539619446e-02,3.962101638317108154e-01,8.709440827369689941e-01,8.510686755180358887e-01,6.277523040771484375e-01,6.494296789169311523e-01,2.246676236391067505e-01,-1.032229185104370117e+00,1.416605710983276367e+00,1.953886151313781738e+00,-3.899642527103424072e-01,1.857699871063232422e+00,-6.936303973197937012e-01,7.142690420150756836e-01,-5.802833437919616699e-01,9.572762250900268555e-01,1.392928719520568848e+00,6.841376423835754395e-01,1.117975115776062012e+00,9.340738058090209961e-01,-1.448379307985305786e-01,7.342247366905212402e-01,7.040429711341857910e-01,-1.110050082206726074e+00,-6.339278817176818848e-01,1.053062602877616882e-01,1.566398859024047852e+00,-2.642683088779449463e-01,1.954747438430786133e+00,1.906420588493347168e+00,1.787254810333251953e+00,-1.971331000328063965e+00,-1.100393176078796387e+00,1.867504239082336426e+00,4.460783004760742188e-01,2.261638455092906952e-02,-1.940560579299926758e+00,-5.679084062576293945e-01,-1.485544800758361816e+00
1.149766445159912109e+00,1.556789517402648926e+00,9.075579643249511719e-01,1.580744266510009766e+00,8.340724557638168335e-02,1.401819348335266113e+00,3.841949105262756348e-01,4.301390945911407471e-01,7.930163145065307617e-01,4.627085030078887939e-01,1.194425702095031738e+00,-6.793505698442459106e-02,9.339140057563781738e-01,-1.189857721328735352e+00,1.266959667205810547e+00,1.074960470199584961e+00,1.934300363063812256e-01,8.763660788536071777e-01,7.357050776481628418e-01,9.568808078765869141e-01,1.045010209083557129e+00,-1.622503250837326050e-01,8.688586354255676270e-01,1.100100636482238770e+00,-2.923409342765808105e-01,1.647775173187255859e+00,1.733767241239547729e-02,1.012408211827278137e-01,-4.818631708621978760e-01,1.241978645324707031e+00,9.816061854362487793e-01,8.884872198104858398e-01,8.926467299461364746e-01,1.125382304191589355e+00,1.595448732376098633e+00,1.241620779037475586e+00,2.223715484142303467e-01,-7.512145042419433594e-01,5.812598466873168945e-01,-9.413600713014602661e-02,1.734302401542663574e+00,-6.658603549003601074e-01,5.908840298652648926e-01,1.632878541946411133e+00,3.149620294570922852e-01,-1.537423729896545410e+00,-4.909981787204742432e-01,1.710954785346984863e+00,9.569767117500305176e-01,4.672704935073852539e-01,-2.114088773727416992e+00,-1.369114518165588379e+00,-1.615811944007873535e+00
1.348609685897827148e+00,1.022728562355041504e+00,6.159589290618896484e-01,1.642334699630737305e+00,-6.485886126756668091e-02,1.109053134918212891e+00,3.985370993614196777e-01,1.673918485641479492e+00,1.543514132499694824e-01,9.017024040222167969e-01,8.321873545646667480e-01,-2.469339221715927124e-01,4.742459654808044434e-01,1.831789314746856689e-01,-9.083737134933471680e-01,8.269668221473693848e-01,7.730988264083862305e-01,9.176949262619018555e-01,-1.674077957868576050e-01,1.826211959123611450e-01,1.419796347618103027e-01,9.434258192777633667e-02,6.502513289451599121e-01,1.164102435111999512e+00,-6.190744638442993164e-01,9.902011752128601074e-01,5.024221539497375488e-01,1.210084557533264160e+00,-8.772705197334289551e-01,1.086439251899719238e+00,1.904160499572753906e+00,3.152265846729278564e-01,1.021164417266845703e+00,9.644941091537475586e-01,1.358595490455627441e+00,2.890477180480957031e-01,2.096870422363281250e+00,-1.171244382858276367e+00,-2.889373302459716797e-01,-3.842380642890930176e-01,1.358261227607727051e+00,-1.285886168479919434e+00,1.865187644958496094e+00,8.731406331062316895e-01,9.772008657455444336e-01,-1.467478513717651367e+00,-8.794156908988952637e-01,1.711941242218017578e+00,5.458687543869018555e-01,-3.683491051197052002e-01,-1.451390027999877930e+00,-4.320123791694641113e-01,-1.510923743247985840e+00
1.163095593452453613e+00,1.076241493225097656e+00,1.802715182304382324e+00,1.909855246543884277e+00,-8.086092472076416016e-01,1.338796138763427734e+00,3.063083887100219727e-01,1.239371061325073242e+00,-1.497600227594375610e-01,3.971883654594421387e-01,9.201446771621704102e-01,-2.180364131927490234e-01,1.016723036766052246e+00,-3.482511639595031738e-01,5.841417908668518066e-01,7.655704021453857422e-01,-4.525704979896545410e-01,4.836517274379730225e-01,6.763513088226318359e-01,-4.672155901789665222e-02,-3.735849857330322266e-01,2.893431186676025391e-01,5.234838128089904785e-01,9.674265980720520020e-01,-6.289516687393188477e-01,2.122084617614746094e+00,-1.848234683275222778e-01,1.488316059112548828e+00,-1.233005166053771973e+00,9.456521272659301758e-01,8.589144349098205566e-01,4.049647748470306396e-01,8.972015380859375000e-01,1.499117612838745117e+00,1.310487270355224609e+00,1.327916979789733887e+00,9.728048443794250488e-01,-2.690510749816894531e+00,4.314784705638885498e-01,-3.655900955200195312e-01,1.489130616188049316e+00,-1.369981765747070312e+00,3.382255733013153076e-01,1.141485333442687988e+00,1.157739043235778809e+00,-1.788343787193298340e+00,-7.995808720588684082e-01,1.970758438110351562e+00,2.035710066556930542e-01,-5.598719716072082520e-01,-2.029534816741943359e+00,1.946111768484115601e-02,-2.168610572814941406e+00
5.594215393066406250e-01,9.662104249000549316e-01,1.272907733917236328e+00,1.395115494728088379e+00,-1.059671878814697266e+00,1.514833211898803711e+00,-5.954176783561706543e-01,1.621953964233398438e+00,1.894619613885879517e-01,2.149055749177932739e-01,5.965441465377807617e-01,-7.994046807289123535e-01,7.843634486198425293e-01,-5.819873213768005371e-01,4.228023067116737366e-02,-4.165027290582656860e-02,-7.047578692436218262e-01,-6.894624233245849609e-02,-4.622826576232910156e-01,-3.849197328090667725e-01,-2.391189709305763245e-02,-3.380227833986282349e-02,1.886096745729446411e-01,1.145910859107971191e+00,-1.315866708755493164e+00,1.812120795249938965e+00,-9.722677469253540039e-01,1.319407343864440918e+00,-1.414523005485534668e+00,4.131550788879394531e-01,1.413974523544311523e+00,2.754385210573673248e-02,8.918339014053344727e-01,7.751839756965637207e-01,1.399757742881774902e+00,7.500154376029968262e-01,8.621937632560729980e-01,-2.085693120956420898e+00,-1.030967116355895996e+00,-1.710222482681274414e+00,9.914759397506713867e-01,-1.513560056686401367e+00,-5.283691883087158203e-01,2.555018901824951172e+00,-3.383764624595642090e-01,-1.983386635780334473e+00,-1.659976482391357422e+00,1.634223461151123047e+00,-1.412957608699798584e-01,-1.184156298637390137e+00,-2.411471843719482422e+00,-4.172484576702117920e-02,-2.117258071899414062e+00
-3.033698722720146179e-02,1.043012619018554688e+00,4.579765498638153076e-01,1.591793775558471680e+00,-1.171119570732116699e+00,1.663385152816772461e+00,-1.321502327919006348e+00,2.457633018493652344e+00,-9.520362317562103271e-02,5.602514147758483887e-01,3.319737315177917480e-01,-1.727833151817321777e+00,-9.767810255289077759e-02,1.788592152297496796e-02,-3.851586282253265381e-01,-4.197906851768493652e-01,-1.457037210464477539e+00,-5.950937271118164062e-01,-1.237200021743774414e+00,1.517966017127037048e-02,-2.890323102474212646e-01,-1.350605487823486328e-01,5.600350443273782730e-03,5.219579935073852539e-01,-1.965562701225280762e+00,1.511842131614685059e+00,-1.330115199089050293e+00,1.214056849479675293e+00,-1.987994909286499023e+00,-5.367177724838256836e-01,1.877884030342102051e+00,7.111156731843948364e-02,1.155202627182006836e+00,2.728205919265747070e-01,1.094660401344299316e+00,-3.296006023883819580e-01,1.130781650543212891e+00,-2.028912305831909180e+00,-1.473797202110290527e+00,-2.102679967880249023e+00,3.371847271919250488e-01,-2.562100887298583984e+00,-4.931755363941192627e-01,1.743137836456298828e+00,7.977037429809570312e-01,-2.502692699432373047e+00,-2.189536571502685547e+00,2.067636966705322266e+00,4.293676093220710754e-02,-2.438992023468017578e+00,-2.938101291656494141e+00,9.017246961593627930e-02,-3.037687540054321289e+00
4.089628458023071289e-01,1.439592599868774414e+00,9.350159764289855957e-01,1.510948538780212402e+00,-7.769209146499633789e-01,1.367584466934204102e+00,-7.151043415069580078e-01,2.006014347076416016e+00,-2.255178056657314301e-02,2.790324985980987549e-01,4.199565947055816650e-01,-1.164507746696472168e+00,1.102518066763877869e-01,-6.844814121723175049e-02,1.656643629074096680e+00,1.453360319137573242e-01,-5.071904063224792480e-01,-4.078011214733123779e-01,1.422893404960632324e+00,-5.477860569953918457e-01,-1.059494495391845703e+00,-9.155433177947998047e-01,-9.081206470727920532e-02,6.908760666847229004e-01,-2.056052207946777344e+00,1.585203647613525391e+00,-1.055640339851379395e+00,9.530970454216003418e-01,-6.911708712577819824e-01,5.425230264663696289e-01,1.768757820129394531e+00,1.597407609224319458e-01,9.809593558311462402e-01,7.742640972137451172e-01,5.697028636932373047e-01,1.549529433250427246e-01,1.418852567672729492e+00,-1.529514789581298828e-01,-6.536944508552551270e-01,-1.951024055480957031e+00,9.719310998916625977e-01,-7.943685352802276611e-02,1.083519697189331055e+00,1.604284167289733887e+00,-8.804810047149658203e-01,-2.789560317993164062e+00,-1.573255658149719238e+00,2.422013282775878906e+00,-6.271782517433166504e-02,-2.134114742279052734e+00,-3.058134555816650391e+00,-1.929383516311645508e+00,-3.284617424011230469e+00
2.810036838054656982e-01,1.645929813385009766e+00,1.691430211067199707e+00,1.396899461746215820e+00,-9.105346202850341797e-01,2.159712553024291992e+00,-2.234540700912475586e+00,5.723856091499328613e-01,1.506956696510314941e+00,5.688850283622741699e-01,5.585451722145080566e-01,-7.750437855720520020e-01,7.621816992759704590e-01,-1.153980568051338196e-01,1.641359090805053711e+00,1.440486311912536621e+00,-9.903887510299682617e-01,-7.689249515533447266e-02,4.586280882358551025e-01,-4.798168241977691650e-01,1.092022299766540527e+00,-5.609437823295593262e-01,5.758828520774841309e-01,6.359104812145233154e-02,-2.199577569961547852e+00,1.465621232986450195e+00,-4.476400092244148254e-02,7.297924160957336426e-01,-2.151770114898681641e+00,-6.637362837791442871e-01,4.024303555488586426e-01,1.796800643205642700e-01,1.287567019462585449e+00,1.059741258621215820e+00,2.100165605545043945e+00,1.263946294784545898e+00,8.611375689506530762e-01,-4.020221829414367676e-01,8.558021187782287598e-01,-1.218607902526855469e+00,1.258681416511535645e+00,-8.001019358634948730e-01,5.106279850006103516e-01,1.275164246559143066e+00,-3.601782321929931641e-01,-2.415322303771972656e+00,-1.715137511491775513e-01,1.827137351036071777e+00,-4.382295012474060059e-01,-1.831716179847717285e+00,-2.496006250381469727e+00,-9.610335230827331543e-01,-3.026449918746948242e+00
6.759709715843200684e-01,1.243888735771179199e+00,7.442625164985656738e-01,1.668236732482910156e+00,-7.682456374168395996e-01,1.258159399032592773e+00,-3.838486075401306152e-01,2.814125299453735352e+00,7.958135604858398438e-01,7.957190871238708496e-01,5.308018922805786133e-01,-9.657052159309387207e-01,4.629926085472106934e-01,1.557153761386871338e-01,1.310097128152847290e-01,5.093707442283630371e-01,-8.418363928794860840e-01,-1.873898655176162720e-01,-1.291049718856811523e+00,4.518032968044281006e-01,-1.389687061309814453e+00,3.678775727748870850e-01,1.149650692939758301e+00,-5.389803051948547363e-01,-2.145067930221557617e+00,1.440382480621337891e+00,3.967205286026000977e-01,3.339976787567138672e+00,-1.532086133956909180e+00,8.107521533966064453e-01,2.430202245712280273e+00,2.423496842384338379e-01,1.691009521484375000e+00,1.209294557571411133e+00,1.719972729682922363e+00,4.856588542461395264e-01,1.983960747718811035e+00,-1.886397719383239746e+00,5.576382875442504883e-01,-1.332566022872924805e+00,1.135812282562255859e+00,-2.435240030288696289e+00,2.265425771474838257e-01,1.230038285255432129e+00,9.633808135986328125e-01,-1.871504545211791992e+00,-1.644102334976196289e-01,1.813048839569091797e+00,-1.303001761436462402e+00,-2.354354143142700195e+00,-1.154651641845703125e+00,5.951138138771057129e-01,-2.190280437469482422e+00
6.118581295013427734e-01,1.207192420959472656e+00,6.210644841194152832e-01,1.818232417106628418e+00,-8.066612482070922852e-01,8.486348986625671387e-01,-8.906303644180297852e-01,1.719517350196838379e+00,4.471001327037811279e-01,-2.614804804325103760e-01,2.945028543472290039e-01,-1.408738374710083008e+00,7.438052892684936523e-01,-6.664550304412841797e-01,1.447747182101011276e-02,2.351105660200119019e-01,-1.220104217529296875e+00,1.219444125890731812e-01,3.232437968254089355e-01,-7.665437459945678711e-02,-1.760409235954284668e+00,4.713187813758850098e-01,4.206965267658233643e-01,9.503413438796997070e-01,-6.151447296142578125e-01,1.784585118293762207e+00,-1.352620720863342285e-01,2.950335502624511719e+00,-3.186126708984375000e+00,9.190436601638793945e-01,1.073262691497802734e+00,-2.935445904731750488e-01,8.607788085937500000e-01,1.140523791313171387e+00,1.295390605926513672e+00,1.058783769607543945e+00,1.108962535858154297e+00,-2.459150791168212891e+00,-4.749947413802146912e-02,-1.564113140106201172e+00,8.277614712715148926e-01,-2.317741632461547852e+00,-3.818441033363342285e-01,1.819488525390625000e+00,3.517065644264221191e-01,-1.625079512596130371e+00,-7.833587527275085449e-01,2.359650135040283203e+00,2.063820660114288330e-01,-8.973422050476074219e-01,-1.620300889015197754e+00,-6.154131293296813965e-01,-2.664033889770507812e+00
4.998138546943664551e-01,1.452595233917236328e+00,8.126066923141479492e-01,1.101338028907775879e+00,-8.711873888969421387e-01,1.176910042762756348e+00,-1.452097177505493164e+00,2.096079826354980469e+00,8.768957853317260742e-01,5.326521992683410645e-01,7.084457278251647949e-01,-1.200096249580383301e+00,6.255908012390136719e-01,2.327878922224044800e-01,1.613984823226928711e+00,4.508084058761596680e-01,-3.117907643318176270e-01,4.521862268447875977e-01,1.472284197807312012e-01,1.380534768104553223e+00,1.393800377845764160e-01,-1.089592128992080688e-01,1.118535995483398438e+00,6.067151427268981934e-01,-1.898069858551025391e+00,1.536019682884216309e+00,-2.425334006547927856e-01,1.240856766700744629e+00,-2.852376461029052734e+00,1.472207307815551758e-01,1.051314353942871094e+00,4.325086176395416260e-01,1.386759757995605469e+00,1.555527925491333008e+00,2.022890806198120117e+00,9.934492111206054688e-01,1.826723217964172363e+00,-1.843513846397399902e+00,4.002642333507537842e-01,-1.455407977104187012e+00,2.280402421951293945e+00,-1.096241474151611328e+00,1.184090852737426758e+00,1.377798914909362793e+00,-2.769722342491149902e-01,-2.401771306991577148e+00,-1.022196412086486816e+00,2.464078426361083984e+00,-6.225450038909912109e-01,-1.544779062271118164e+00,-2.400020360946655273e+00,-3.983723223209381104e-01,-3.155449628829956055e+00
8.458368182182312012e-01,1.648414731025695801e+00,1.126018524169921875e+00,1.874853610992431641e+00,-1.104475975036621094e+00,1.387872457504272461e+00,-1.245145320892333984e+00,1.954255461692810059e+00,1.797872662544250488e+00,3.372613191604614258e-01,9.566785693168640137e-01,-1.115143656730651855e+00,4.425510168075561523e-01,-1.928217709064483643e-01,-1.397078871726989746e+00,1.131661176681518555e+00,-1.309410095214843750e+00,2.950810194015502930e-01,-1.392947435379028320e+00,3.460477828979492188e+00,-1.891145825386047363e+00,1.821545325219631195e-02,3.281730890274047852e+00,-2.145427763462066650e-01,-1.250807166099548340e+00,1.403273344039916992e+00,1.348281860351562500e+00,4.820265769958496094e+00,-2.502868652343750000e+00,-3.448855280876159668e-01,4.302930831909179688e-01,2.681508362293243408e-01,1.195222616195678711e+00,1.105049252510070801e+00,1.354059219360351562e+00,7.151764035224914551e-01,1.383868813514709473e+00,-2.421068429946899414e+00,1.732993960380554199e+00,3.807000517845153809e-01,1.560709834098815918e+00,-2.785527944564819336e+00,-1.374724060297012329e-01,2.763920128345489502e-01,3.619542121887207031e+00,-1.846422314643859863e+00,9.012336730957031250e-01,2.046666145324707031e+00,-1.277498364448547363e+00,-1.678271055221557617e+00,-2.390075176954269409e-01,1.291715383529663086e+00,-2.393848180770874023e+00
1.216065287590026855e+00,1.190289020538330078e+00,1.128156304359436035e+00,1.486111402511596680e+00,-9.229365587234497070e-01,5.881875753402709961e-01,-5.428103804588317871e-01,1.573970079421997070e+00,1.643579125404357910e+00,4.557629227638244629e-01,9.051870107650756836e-01,-2.128576487302780151e-01,2.032173156738281250e+00,-1.134980797767639160e+00,4.274945259094238281e-01,1.607235670089721680e+00,-1.423408627510070801e+00,1.106348991394042969e+00,2.156787157058715820e+00,2.041441202163696289e+00,-1.094246268272399902e+00,9.615260958671569824e-01,1.244052290916442871e+00,4.994470775127410889e-01,-1.019384488463401794e-01,1.345497369766235352e+00,8.920876383781433105e-01,1.767243146896362305e+00,-4.085545063018798828e+00,8.987594842910766602e-01,4.450688958168029785e-01,1.148490309715270996e+00,7.315770983695983887e-01,1.396289110183715820e+00,2.228115558624267578e+00,2.300669431686401367e+00,-5.410897731781005859e-01,-2.494709491729736328e+00,1.942886590957641602e+00,1.061096563935279846e-01,1.411784648895263672e+00,-1.907835900783538818e-01,-6.114754080772399902e-01,1.100227117538452148e+00,1.553171634674072266e+00,-1.270970344543457031e+00,5.191367864608764648e-01,1.666721701622009277e+00,-6.811310052871704102e-01,-1.877608150243759155e-01,-2.018602848052978516e+00,-5.529000759124755859e-01,-2.642703056335449219e+00
1.474489569664001465e+00,1.719033360481262207e+00,2.152052879333496094e+00,2.389450311660766602e+00,-6.596776843070983887e-01,2.104683876037597656e+00,-1.425028800964355469e+00,1.367630720138549805e+00,1.141440391540527344e+00,5.404418110847473145e-01,1.022565603256225586e+00,-1.005312442779541016e+00,1.065934538841247559e+00,-9.775345921516418457e-01,3.232634067535400391e-01,1.274950385093688965e+00,-9.787562489509582520e-01,5.617806315422058105e-01,-1.365902185440063477e+00,2.995801866054534912e-01,-3.608091473579406738e-01,1.823989033699035645e+00,1.335564374923706055e+00,9.956347942352294922e-01,-5.869187712669372559e-01,1.278229117393493652e+00,1.140970587730407715e-01,1.364641308784484863e+00,-1.328094363212585449e+00,3.116522729396820068e-01,6.406003832817077637e-01,5.574178695678710938e-01,1.480778098106384277e+00,1.363521456718444824e+00,2.690968275070190430e+00,1.553265452384948730e+00,5.673757791519165039e-01,-3.248578786849975586e+00,1.246177792549133301e+00,-1.121428251266479492e+00,1.511753320693969727e+00,-2.777793169021606445e+00,-7.427327036857604980e-01,8.551932573318481445e-01,1.374654322862625122e-01,-1.157917261123657227e+00,2.109310403466224670e-02,1.550988912582397461e+00,-9.067616611719131470e-02,-9.627301692962646484e-01,-2.008072376251220703e+00,9.159734249114990234e-01,-2.691535949707031250e+00
