-1.131795406341552734e+00,-1.356697797775268555e+00,-6.741233468055725098e-01,-1.235486984252929688e+00,-3.077783286571502686e-01
-1.533985853195190430e+00,-1.762986421585083008e+00,-1.412760496139526367e+00,-1.814515829086303711e+00,-1.369749665260314941e+00
-2.150848388671875000e+00,-1.162157297134399414e+00,-3.749912083148956299e-01,-8.388280868530273438e-01,-1.630006313323974609e+00
-1.756612420082092285e+00,-1.666145563125610352e+00,-9.329499006271362305e-01,-6.423918008804321289e-01,-2.194340229034423828e+00
-1.586418151855468750e+00,-1.131311774253845215e+00,-4.619343578815460205e-01,-1.440063238143920898e+00,-1.892448544502258301e+00
-1.405794620513916016e+00,-1.746285796165466309e+00,-3.117214143276214600e-01,-1.019478440284729004e+00,-1.034308433532714844e+00
-1.575333595275878906e+00,-1.139744877815246582e+00,-1.447667121887207031e+00,-2.158402681350708008e+00,-1.187922716140747070e+00
-1.704500794410705566e+00,-2.215775966644287109e+00,-1.121565103530883789e+00,-1.629219293594360352e+00,-1.587378859519958496e+00
-1.955591797828674316e+00,-1.415812134742736816e+00,-5.250797867774963379e-01,-1.145253300666809082e+00,-2.180984973907470703e+00
-9.869633913040161133e-01,-7.983341217041015625e-01,-6.815127134323120117e-01,-1.980935215950012207e+00,-9.658954143524169922e-01
-1.324479579925537109e+00,-1.758267998695373535e+00,-1.737344861030578613e+00,-2.601321935653686523e+00,-1.636093974113464355e+00
-1.434551954269409180e+00,-1.820331335067749023e+00,-8.951820731163024902e-01,-1.898274302482604980e+00,-8.937948346138000488e-01
-1.694650053977966309e+00,-1.134819507598876953e+00,-2.485013455152511597e-01,-1.311288475990295410e+00,-1.491611361503601074e+00
-1.247319459915161133e+00,-1.608076214790344238e+00,-3.186380267143249512e-01,-1.089005827903747559e+00,-1.228592395782470703e+00
-1.203873395919799805e+00,-1.518116354942321777e+00,-3.850676119327545166e-01,-1.493768095970153809e+00,-1.357011079788208008e+00
-1.615001201629638672e+00,-1.587153911590576172e+00,-8.756015300750732422e-01,-1.193305969238281250e+00,-1.326009273529052734e+00
-1.957153439521789551e+00,-2.121946334838867188e+00,-1.370638728141784668e+00,-1.622945189476013184e+00,-2.007860422134399414e+00
-1.397505640983581543e+00,-1.748510479927062988e+00,-4.118011593818664551e-01,-1.014978647232055664e+00,-1.302838444709777832e+00
-1.548632860183715820e+00,-1.465106964111328125e+00,-6.830552816390991211e-01,-4.823746085166931152e-01,-2.109568119049072266e+00
-1.519464254379272461e+00,-1.974713802337646484e+00,-8.671671748161315918e-01,-6.673418879508972168e-01,-7.085619568824768066e-01
-1.457090616226196289e+00,-1.372198104858398438e+00,-1.588064908981323242e+00,-2.023262500762939453e+00,-1.807086467742919922e+00
-1.703754782676696777e+00,-1.780483722686767578e+00,-8.951073884963989258e-01,-2.017793178558349609e+00,-2.454556703567504883e+00
-1.038147807121276855e+00,-1.065482020378112793e+00,-1.247980296611785889e-01,-8.194752931594848633e-01,-7.207239866256713867e-01
-1.189860701560974121e+00,-1.497618317604064941e+00,-1.572539806365966797e+00,-2.090411901473999023e+00,-1.714335918426513672e+00
-1.032563686370849609e+00,-1.389302253723144531e+00,-1.684002161026000977e+00,-1.584056735038757324e+00,-7.334492206573486328e-01
-1.694315433502197266e+00,-1.981367230415344238e+00,-5.356537699699401855e-01,4.919961392879486084e-01,-1.243355870246887207e+00
-1.016543269157409668e+00,-1.592420697212219238e+00,-6.107540130615234375e-01,-6.567509174346923828e-01,-9.345047473907470703e-01
-6.802958846092224121e-01,-1.213252425193786621e+00,-8.268243074417114258e-01,-5.345612764358520508e-01,-1.051954746246337891e+00
-9.587080478668212891e-01,-1.733072161674499512e+00,-6.061263084411621094e-01,-7.585268020629882812e-01,-5.284647941589355469e-01
-8.847408890724182129e-01,-1.854467272758483887e+00,-2.242483377456665039e+00,-2.916179656982421875e+00,-8.316304087638854980e-01
-1.758571386337280273e+00,-1.772826671600341797e+00,-8.835631012916564941e-01,-2.186791747808456421e-01,-1.955270051956176758e+00
-6.893517971038818359e-01,-1.076005220413208008e+00,-7.351788282394409180e-01,-1.108193993568420410e+00,-1.006390810012817383e+00
-1.008881688117980957e+00,-8.036319613456726074e-01,-5.315858721733093262e-01,3.922140300273895264e-01,-1.596577525138854980e+00
-1.023194074630737305e+00,-1.588457703590393066e+00,-7.926267385482788086e-01,-8.189997076988220215e-01,-4.643023908138275146e-01
-1.074789762496948242e+00,-1.635951995849609375e+00,-1.559863448143005371e+00,-1.608860492706298828e+00,-1.128855824470520020e+00
-1.406610369682312012e+00,-1.777648568153381348e+00,-4.963806867599487305e-01,-3.847143650054931641e-01,-1.000839471817016602e+00
-1.026833176612854004e+00,-1.415263772010803223e+00,-1.012192606925964355e+00,-1.221475481986999512e+00,-1.584107041358947754e+00
-9.230141639709472656e-01,-1.137778878211975098e+00,-3.014459609985351562e-01,-5.829798579216003418e-01,-6.727329492568969727e-01
-1.217146992683410645e+00,-1.557022452354431152e+00,-1.724369883537292480e+00,-2.224857091903686523e+00,-2.113202095031738281e+00
-1.720946431159973145e+00,-2.357513904571533203e+00,-1.590279221534729004e+00,-2.321401596069335938e+00,-2.114972114562988281e+00
-1.055771708488464355e+00,-1.345460534095764160e+00,-1.049773931503295898e+00,-2.090009450912475586e+00,-9.493754506111145020e-01
-1.018690466880798340e+00,-1.257197618484497070e+00,-2.135424613952636719e+00,-3.916744232177734375e+00,-6.274371147155761719e-01
-1.301341295242309570e+00,-2.015782356262207031e+00,-1.138010740280151367e+00,-1.371907711029052734e+00,-1.506347894668579102e+00
-1.558399915695190430e+00,-1.293123602867126465e+00,-7.264335155487060547e-01,-1.108669519424438477e+00,-1.196169376373291016e+00
-1.206257581710815430e+00,-1.556991338729858398e+00,-1.434455871582031250e+00,-2.798124074935913086e+00,-1.907989740371704102e+00
-9.223518967628479004e-01,-1.305540442466735840e+00,3.622277677059173584e-01,-4.449860453605651855e-01,-6.616838574409484863e-01
-1.388247489929199219e+00,-1.511038780212402344e+00,-1.365687608718872070e+00,-1.542899966239929199e+00,-1.313619375228881836e+00
-9.402894377708435059e-01,-1.377371788024902344e+00,-5.748521685600280762e-01,-1.232761502265930176e+00,-1.126536011695861816e+00
-1.299654245376586914e+00,-1.238406896591186523e+00,-7.993567585945129395e-01,-1.150045752525329590e+00,-1.789171934127807617e+00
-8.167970180511474609e-01,-1.248247146606445312e+00,-9.952867031097412109e-01,-2.178231239318847656e+00,-1.074079751968383789e+00
-1.234491944313049316e+00,-1.412211298942565918e+00,-3.040583729743957520e-01,-3.030595183372497559e-01,-1.897262454032897949e+00
-1.641639113426208496e+00,-1.797867298126220703e+00,-1.069018602371215820e+00,-4.277002513408660889e-01,-1.658500552177429199e+00
-9.106258749961853027e-01,-1.211421012878417969e+00,-7.998419404029846191e-01,-1.287179827690124512e+00,-1.126469016075134277e+00
-1.354429006576538086e+00,-1.642636418342590332e+00,-7.944056391716003418e-01,-5.410183072090148926e-01,-8.295788168907165527e-01
-1.084124565124511719e+00,-1.613498210906982422e+00,-7.314965724945068359e-01,-1.849563002586364746e+00,-1.328422904014587402e+00
-8.893420100212097168e-01,-1.087521791458129883e+00,-9.172008633613586426e-01,-1.003564596176147461e+00,-6.917067766189575195e-01
-1.155066132545471191e+00,-1.150040507316589355e+00,-7.720012068748474121e-01,-1.109675645828247070e+00,-1.278433918952941895e+00
-1.035073399543762207e+00,-1.609918117523193359e+00,-1.242991924285888672e+00,-2.048926115036010742e+00,-9.222354888916015625e-01
-1.492380142211914062e+00,-1.283873081207275391e+00,2.816414833068847656e-02,-1.321166157722473145e+00,-1.598374366760253906e+00
-1.062673449516296387e+00,-1.350758433341979980e+00,-6.542940139770507812e-01,-5.304273366928100586e-01,-9.898841977119445801e-01
-8.076156377792358398e-01,-1.363371849060058594e+00,-4.409978389739990234e-01,-1.137095093727111816e+00,-2.088435411453247070e+00
-1.076037645339965820e+00,-1.070293545722961426e+00,-5.938231945037841797e-01,-1.045215129852294922e+00,-1.592997312545776367e-01
-1.613941550254821777e+00,-1.600326061248779297e+00,-2.120123624801635742e+00,-2.112270832061767578e+00,-2.765271663665771484e+00
-1.690467238426208496e+00,-1.177005648612976074e+00,-7.275655865669250488e-01,-1.319702744483947754e+00,-2.085016250610351562e+00
-1.232414484024047852e+00,-1.713960647583007812e+00,-8.812243938446044922e-01,-5.904794931411743164e-01,-1.033182144165039062e+00
-1.088418960571289062e+00,-9.051394462585449219e-01,-2.105916976928710938e+00,-3.616026163101196289e+00,-7.225610613822937012e-01
-1.634695529937744141e+00,-2.526568889617919922e+00,-1.609946846961975098e+00,-1.710471749305725098e+00,-1.949852824211120605e+00
-1.854268670082092285e+00,-1.344570636749267578e+00,-9.566107392311096191e-01,-1.354914546012878418e+00,-1.922632455825805664e+00
-7.286638617515563965e-01,-1.251806735992431641e+00,-8.541051745414733887e-01,-1.859221100807189941e+00,-1.296120524406433105e+00
-1.031455278396606445e+00,-1.247957468032836914e+00,-4.336831271648406982e-01,-9.060689210891723633e-01,-1.013685345649719238e+00
-1.505793333053588867e+00,-6.926876902580261230e-01,-1.277736783027648926e+00,-1.784645199775695801e+00,-1.412618517875671387e+00
-1.497873663902282715e+00,-1.480938315391540527e+00,-1.090017318725585938e+00,-1.513779401779174805e+00,-1.963878750801086426e+00
-1.226412057876586914e+00,-1.435834288597106934e+00,-8.190492987632751465e-01,-2.271483093500137329e-01,-8.516232967376708984e-01
-9.674642086029052734e-01,-9.528821110725402832e-01,-1.071183085441589355e+00,-2.376917362213134766e+00,-1.035180091857910156e+00
-1.397533535957336426e+00,-2.213116645812988281e+00,-1.636419177055358887e+00,-1.749049305915832520e+00,-1.703863501548767090e+00
-1.377727627754211426e+00,-1.479417324066162109e+00,-5.363628268241882324e-01,4.671374857425689697e-01,-1.193380236625671387e+00
-8.966202139854431152e-01,-9.752220511436462402e-01,-1.767001748085021973e+00,-2.734413385391235352e+00,-1.232092261314392090e+00
-6.923356056213378906e-01,-1.710711598396301270e+00,-1.125197529792785645e+00,-1.053153753280639648e+00,-7.709811925888061523e-01
-1.144818067550659180e+00,-6.898214817047119141e-01,-7.122643589973449707e-01,-4.863439500331878662e-01,-1.401864409446716309e+00
-1.560819029808044434e+00,-1.170393705368041992e+00,-6.476759314537048340e-01,-6.647261381149291992e-01,-1.486475586891174316e+00
-1.142099261283874512e+00,-1.238013625144958496e+00,-1.478505849838256836e+00,-2.133471012115478516e+00,-1.302463054656982422e+00
-8.407509922981262207e-01,-1.248681783676147461e+00,-6.841997504234313965e-01,-1.345128417015075684e+00,-6.605306863784790039e-01
-1.529593825340270996e+00,-1.338796854019165039e+00,-2.924891710281372070e-01,3.179307878017425537e-01,-1.271970748901367188e+00
-1.145243406295776367e+00,-1.269531726837158203e+00,-8.989016413688659668e-01,-1.470482587814331055e+00,-1.175170779228210449e+00
-1.121547341346740723e+00,-1.554466605186462402e+00,-7.539880871772766113e-01,-8.223837018013000488e-01,-5.680617690086364746e-01
-7.095271944999694824e-01,-7.919808626174926758e-01,4.457250237464904785e-01,-4.707410037517547607e-01,-9.130234718322753906e-01
-9.173045754432678223e-01,-1.372218728065490723e+00,-3.056531667709350586e+00,-1.996099114418029785e+00,-7.103856205940246582e-01
-1.570307135581970215e+00,-1.082203269004821777e+00,-8.550008386373519897e-02,1.224146127700805664e+00,-1.324239373207092285e+00
-7.464271187782287598e-01,-1.194937705993652344e+00,-6.495792269706726074e-01,-1.177446991205215454e-01,-8.561958074569702148e-01
-7.978695034980773926e-01,-1.431860923767089844e+00,-1.038229584693908691e+00,-7.872816324234008789e-01,-3.560509979724884033e-01
-1.276704192161560059e+00,-9.777261018753051758e-01,-1.316201210021972656e+00,-6.979990601539611816e-01,-1.429822325706481934e+00
-1.264232277870178223e+00,-1.552552342414855957e+00,-1.085414409637451172e+00,-3.975552618503570557e-01,-5.389775037765502930e-01
-1.063558816909790039e+00,-1.212579846382141113e+00,-1.472994923591613770e+00,-1.279771685600280762e+00,-1.172824144363403320e+00
-1.027460575103759766e+00,-8.644226789474487305e-01,-7.701974511146545410e-01,-5.771813392639160156e-01,-5.529229044914245605e-01
-9.853668808937072754e-01,-7.396750450134277344e-01,-7.661170959472656250e-01,3.668798208236694336e-01,-9.054338932037353516e-01
-1.334692716598510742e+00,-1.384211301803588867e+00,-1.719704985618591309e+00,-3.757330775260925293e-01,-1.865496397018432617e+00
-6.930257678031921387e-01,-8.359260559082031250e-01,-1.349988281726837158e-01,1.057726740837097168e+00,5.892480611801147461e-01
-1.092915654182434082e+00,-1.679452300071716309e+00,-2.314548254013061523e+00,-3.023442983627319336e+00,-1.770144462585449219e+00
-1.049615859985351562e+00,-6.262991428375244141e-01,-3.428960144519805908e-01,-1.291039437055587769e-01,-1.336227059364318848e+00
-1.364907026290893555e+00,-1.435316920280456543e+00,-7.308994531631469727e-01,9.034715294837951660e-01,-6.679190993309020996e-01
-7.897547483444213867e-01,-1.115366578102111816e+00,-5.026504397392272949e-01,-3.078519999980926514e-01,-7.425137162208557129e-01
-9.491919875144958496e-01,-6.179177761077880859e-01,-3.499992787837982178e-01,9.972721338272094727e-02,-6.435682177543640137e-01
-9.760878682136535645e-01,-1.287132501602172852e+00,-1.877643108367919922e+00,-1.272656083106994629e+00,-1.050949096679687500e+00
-1.495615005493164062e+00,-1.872792482376098633e+00,-1.992862343788146973e+00,-1.043111562728881836e+00,-1.104585409164428711e+00
-1.640851378440856934e+00,-1.016063094139099121e+00,-7.423194050788879395e-01,9.570849537849426270e-01,-1.144986867904663086e+00
-1.035826325416564941e+00,-9.028320312500000000e-01,-1.117036938667297363e+00,-1.094182372093200684e+00,-1.158328890800476074e+00
-1.087784647941589355e+00,-1.213335275650024414e+00,-6.591704487800598145e-01,1.691814064979553223e-01,-2.318293750286102295e-01
-1.094261050224304199e+00,-9.997142553329467773e-01,-2.085080146789550781e+00,-1.919383049011230469e+00,-1.308724999427795410e+00
-1.431191682815551758e+00,-1.591272115707397461e+00,-8.611088991165161133e-01,-1.522797197103500366e-01,-1.598615646362304688e+00
-9.115530848503112793e-01,-7.340874671936035156e-01,-9.553667306900024414e-01,-7.455944418907165527e-01,-8.079365491867065430e-01
-7.934914231300354004e-01,-1.078892111778259277e+00,-1.311449170112609863e+00,-3.482953011989593506e-01,-1.567372560501098633e+00
-1.550968289375305176e+00,-7.875314950942993164e-01,-6.205318570137023926e-01,1.067110419273376465e+00,-1.027228474617004395e+00
-1.479469060897827148e+00,-1.384180307388305664e+00,-1.137264370918273926e+00,-5.203667879104614258e-01,-1.239400148391723633e+00
-1.113090991973876953e+00,-1.532623410224914551e+00,-1.465966343879699707e+00,-3.242597877979278564e-01,-1.179287314414978027e+00
-1.173387169837951660e+00,-9.542480111122131348e-01,-4.002692997455596924e-01,1.186775803565979004e+00,-1.579360246658325195e+00
-1.006002426147460938e+00,-3.614173531532287598e-01,-5.904270410537719727e-01,1.164276823401451111e-01,-2.943692803382873535e-01
-9.435939192771911621e-01,-1.289253711700439453e+00,-1.284802675247192383e+00,1.038977596908807755e-02,-1.073825001716613770e+00
-8.812272548675537109e-01,-9.999936223030090332e-01,-2.064790427684783936e-01,1.346463710069656372e-01,-6.130089759826660156e-01
-7.423139810562133789e-01,-9.930091500282287598e-01,-1.306311488151550293e+00,-2.497936338186264038e-01,-5.437377095222473145e-01
-9.704131484031677246e-01,-1.139889717102050781e+00,-5.284012556076049805e-01,1.664559170603752136e-02,-1.959735304117202759e-01
-1.201266050338745117e+00,-1.115356206893920898e+00,-1.305826306343078613e+00,-1.335452079772949219e+00,-1.665352582931518555e+00
-1.677667617797851562e+00,-1.592503428459167480e+00,-1.565685391426086426e+00,-1.046312570571899414e+00,-1.196638584136962891e+00
-1.143842101097106934e+00,-5.918838381767272949e-01,-5.783602595329284668e-01,-3.755318745970726013e-02,-1.296630024909973145e+00
-1.098339438438415527e+00,-6.624941229820251465e-01,-1.041675448417663574e+00,6.050764322280883789e-01,-8.793935179710388184e-01
-8.379205465316772461e-01,-1.260974407196044922e+00,-1.630398273468017578e+00,-1.572679162025451660e+00,-1.133052825927734375e+00
-9.625353813171386719e-01,-8.019039630889892578e-01,-7.651094794273376465e-01,-9.612554907798767090e-01,-1.158168077468872070e+00
-1.285383582115173340e+00,-1.068741440773010254e+00,-1.673415660858154297e+00,2.459706217050552368e-01,-1.723749160766601562e+00
-2.526679754257202148e+00,-1.951753020286560059e+00,-2.176825046539306641e+00,-3.607154637575149536e-02,-2.681652784347534180e+00
-9.527544379234313965e-01,-7.288516759872436523e-01,-1.728786081075668335e-01,4.442726671695709229e-01,-1.497927010059356689e-01
-4.615105688571929932e-01,-1.351296424865722656e+00,-1.741524696350097656e+00,-1.444745898246765137e+00,-1.185656666755676270e+00
-1.350692272186279297e+00,-2.208853721618652344e+00,-1.769788384437561035e+00,-2.520435333251953125e+00,-9.850167036056518555e-01
-1.582256197929382324e+00,-1.369807839393615723e+00,-7.306631207466125488e-01,1.080664753913879395e+00,-1.467582225799560547e+00
-1.656683564186096191e+00,-1.631937265396118164e+00,-1.682770609855651855e+00,-4.097376484423875809e-03,-1.988779306411743164e+00
-6.508066058158874512e-01,-1.398397564888000488e+00,-1.001942038536071777e+00,2.506533563137054443e-01,-1.850049048662185669e-01
-9.185873270034790039e-01,-1.090832948684692383e+00,-2.200100183486938477e+00,-2.155750513076782227e+00,-8.047317862510681152e-01
-1.248699784278869629e+00,-1.579134702682495117e+00,-1.711631417274475098e+00,-2.754388153553009033e-01,-1.901539921760559082e+00
-1.082486271858215332e+00,-7.932742834091186523e-01,-6.470788121223449707e-01,2.091674059629440308e-01,-8.441008329391479492e-01
-1.216645002365112305e+00,-1.315929174423217773e+00,-1.427887558937072754e+00,-7.933179289102554321e-02,-1.137236475944519043e+00
-8.254625797271728516e-01,-1.381603837013244629e+00,-1.535170078277587891e+00,-1.239913702011108398e+00,-9.044818878173828125e-01
-7.958338856697082520e-01,-7.190837860107421875e-01,-6.138888597488403320e-01,3.661481440067291260e-01,-1.006565093994140625e+00
-1.584522008895874023e+00,-1.368400573730468750e+00,-1.117509603500366211e+00,9.466951489448547363e-01,-1.593171596527099609e+00
-8.989835381507873535e-01,-1.189370751380920410e+00,-9.859442710876464844e-01,-6.287826299667358398e-01,-6.214432716369628906e-01
-8.168807029724121094e-01,-7.812506556510925293e-01,-3.475485742092132568e-01,1.293819785118103027e+00,-1.150283455848693848e+00
-1.253301024436950684e+00,-1.267638087272644043e+00,-8.698542118072509766e-01,-7.827269434928894043e-01,-1.597247958183288574e+00
-1.290619254112243652e+00,-5.272232890129089355e-01,-1.152963638305664062e+00,-6.840789318084716797e-01,-7.197049260139465332e-01
-1.464027285575866699e+00,-1.724773645401000977e+00,-1.437715172767639160e+00,-1.479463815689086914e+00,-2.308987855911254883e+00
-9.086320400238037109e-01,-4.554851055145263672e-01,-3.315507471561431885e-01,-5.158121585845947266e-01,-7.820570468902587891e-01
-8.262224197387695312e-01,-1.026441454887390137e+00,-2.106812715530395508e+00,-2.341321468353271484e+00,-7.341598868370056152e-01
-1.041668415069580078e+00,-1.521758675575256348e+00,-1.526063919067382812e+00,-9.962112307548522949e-01,-1.627632856369018555e+00
-1.596024870872497559e+00,-7.329803109169006348e-01,-7.511518001556396484e-01,8.102744817733764648e-01,-1.000490784645080566e+00
-1.406401157379150391e+00,-1.040834546089172363e+00,-1.467471599578857422e+00,-6.859264373779296875e-01,-1.637984752655029297e+00
-1.093152642250061035e+00,-1.147960662841796875e+00,-1.181625366210937500e+00,1.003491356968879700e-01,-1.128520607948303223e+00
-1.372073769569396973e+00,-7.212671041488647461e-01,-5.060341358184814453e-01,3.591789305210113525e-01,-1.343950629234313965e+00
-1.338108777999877930e+00,-1.105277895927429199e+00,-1.594496369361877441e+00,-1.088310718536376953e+00,-1.754147410392761230e+00
-1.170438170433044434e+00,-1.214452743530273438e+00,-4.765886664390563965e-01,4.758444130420684814e-01,-9.071905016899108887e-01
-1.206215739250183105e+00,-1.095303058624267578e+00,-1.534087777137756348e+00,-1.110553622245788574e+00,-1.293733716011047363e+00
-1.004440784454345703e+00,-1.517899036407470703e+00,-1.785201549530029297e+00,-9.407868981361389160e-01,-1.465275883674621582e+00
-1.543801665306091309e+00,-6.766389608383178711e-01,-8.648906946182250977e-01,7.578682899475097656e-01,-1.175854563713073730e+00
-1.173666000366210938e+00,-1.113379836082458496e+00,-1.261166691780090332e+00,-9.083737134933471680e-01,-1.804941058158874512e+00
-8.364565372467041016e-01,-8.905393481254577637e-01,-1.147564649581909180e+00,-5.103794336318969727e-01,-4.764644205570220947e-01
-8.726384043693542480e-01,-1.171428442001342773e+00,-2.329463720321655273e+00,-2.589340686798095703e+00,-1.713169336318969727e+00
-1.466983199119567871e+00,-1.250678777694702148e+00,-9.325518012046813965e-01,1.364206820726394653e-01,-8.202997446060180664e-01
-8.906735777854919434e-01,-9.126412868499755859e-01,-1.221271634101867676e+00,1.889000236988067627e-01,-7.359433174133300781e-01
-5.768463611602783203e-01,-7.931604385375976562e-01,-9.487860202789306641e-01,3.927628099918365479e-01,-1.724406182765960693e-01
-7.071429491043090820e-01,-1.397104144096374512e+00,-1.286220908164978027e+00,-7.737456560134887695e-01,-2.420604974031448364e-01
-1.141011714935302734e+00,-7.905426025390625000e-01,-9.963938593864440918e-01,1.620347738265991211e+00,-1.050573706626892090e+00
-1.155233502388000488e+00,-1.318360805511474609e+00,-1.814945578575134277e+00,-1.915157675743103027e+00,-9.295970797538757324e-01
-9.352560639381408691e-01,-7.896216511726379395e-01,-9.742133617401123047e-01,1.479811370372772217e-01,-1.174486875534057617e+00
-1.216902971267700195e+00,-1.084531426429748535e+00,-1.406192183494567871e+00,-6.233682632446289062e-01,-1.527990102767944336e+00
-1.141032576560974121e+00,-1.136868357658386230e+00,-1.145275712013244629e+00,-8.359562754631042480e-01,-1.070472717285156250e+00
-9.862940907478332520e-01,-7.448694109916687012e-01,-1.515552163124084473e+00,-6.011985540390014648e-01,-1.958354115486145020e+00
-1.330363512039184570e+00,-1.360495209693908691e+00,-1.168090701103210449e+00,-2.367881089448928833e-01,-1.302127718925476074e+00
-1.230574011802673340e+00,-6.431963443756103516e-01,-1.732766985893249512e+00,-6.051312685012817383e-01,-1.385384678840637207e+00
-7.018725275993347168e-01,-9.908051490783691406e-01,-7.000731825828552246e-01,-5.322016477584838867e-01,-1.043694853782653809e+00
-1.174802303314208984e+00,-6.934637427330017090e-01,-1.548431038856506348e+00,-1.377267241477966309e+00,-1.319733858108520508e+00
-1.220709443092346191e+00,-1.376792311668395996e+00,-1.208446025848388672e+00,-7.941044569015502930e-01,-8.993059396743774414e-01
-7.387306094169616699e-01,-8.936228752136230469e-01,-8.172827959060668945e-01,2.623235583305358887e-01,-1.152750730514526367e+00
-1.045725822448730469e+00,-7.926534414291381836e-01,-1.166971087455749512e+00,5.867845416069030762e-01,-1.451062321662902832e+00
-1.200910449028015137e+00,-9.121342897415161133e-01,-1.536414027214050293e+00,-1.279826521873474121e+00,-1.395240306854248047e+00
-1.041745066642761230e+00,-1.067654967308044434e+00,-1.527009367942810059e+00,6.661894917488098145e-02,-1.456493020057678223e+00
-1.199697494506835938e+00,-9.487121701240539551e-01,-1.387656569480895996e+00,-6.111859083175659180e-01,-1.332727313041687012e+00
-1.078658938407897949e+00,-7.322352528572082520e-01,-1.197225093841552734e+00,-8.143718838691711426e-01,-1.249322891235351562e+00
-1.110748648643493652e+00,-1.054627656936645508e+00,-1.024707317352294922e+00,-3.020534813404083252e-01,-1.220439791679382324e+00
-1.061481237411499023e+00,-1.147329449653625488e+00,-9.281107187271118164e-01,4.078901708126068115e-01,-1.311527490615844727e+00
-7.752401828765869141e-01,-6.411786079406738281e-01,-1.123418688774108887e+00,-3.137785494327545166e-01,-9.683090448379516602e-01
-9.120619893074035645e-01,-1.791120886802673340e+00,-1.502490162849426270e+00,-5.838944315910339355e-01,-9.777221679687500000e-01
-6.691485047340393066e-01,-8.529474735260009766e-01,-5.455933213233947754e-01,1.019185781478881836e+00,-7.039626836776733398e-01
-4.787161350250244141e-01,-6.708341240882873535e-01,-4.172623157501220703e-01,1.354731678962707520e+00,-2.210619002580642700e-01
-8.692084550857543945e-01,-7.569344043731689453e-01,-1.204664230346679688e+00,-8.471325635910034180e-01,-3.392628431320190430e-01
-1.167098879814147949e+00,-1.209227323532104492e+00,-1.042919397354125977e+00,-1.281289815902709961e+00,-1.208411812782287598e+00
-7.530639767646789551e-01,-5.554198026657104492e-01,-3.264752328395843506e-01,9.987354874610900879e-01,2.689993083477020264e-01
-8.557953834533691406e-01,-1.401563882827758789e+00,-2.154034852981567383e+00,-1.760024428367614746e+00,-1.484316825866699219e+00
-1.151434063911437988e+00,-6.122784614562988281e-01,-7.561900019645690918e-01,9.661576747894287109e-01,-1.271058917045593262e+00
-1.175736546516418457e+00,-7.143343687057495117e-01,-8.691576123237609863e-01,-5.739985406398773193e-02,-8.854544162750244141e-01
-1.122258424758911133e+00,-7.254163622856140137e-01,-1.395170331001281738e+00,-1.337281227111816406e+00,-9.164159297943115234e-01
-9.422414898872375488e-01,-1.239917635917663574e+00,-3.764093816280364990e-01,7.716420888900756836e-01,-4.443228840827941895e-01
-1.274536013603210449e+00,-4.647770226001739502e-01,-7.514005899429321289e-01,2.817495167255401611e-01,-1.134688735008239746e+00
-1.010812759399414062e+00,-1.170538663864135742e+00,-1.358335494995117188e+00,-5.447315573692321777e-01,-1.079631090164184570e+00
-1.302380084991455078e+00,-8.414722084999084473e-01,-4.606778919696807861e-01,-2.165573239326477051e-01,-1.519931316375732422e+00
-8.778600692749023438e-01,-9.895014166831970215e-01,-9.153099656105041504e-01,-7.098887562751770020e-01,-3.818768560886383057e-01
-9.706431627273559570e-01,-8.997485041618347168e-01,-1.432627201080322266e+00,1.655413210391998291e-01,-1.464913845062255859e+00
-1.408729672431945801e+00,-8.105026483535766602e-01,-5.182253122329711914e-01,1.403461217880249023e+00,-1.388428568840026855e+00
-1.494583129882812500e+00,-7.051355838775634766e-01,-1.517356038093566895e+00,-7.601913809776306152e-01,-1.669978737831115723e+00
-1.571792125701904297e+00,-1.726894855499267578e+00,-1.090340733528137207e+00,1.234883368015289307e-01,-1.672714233398437500e+00
-8.290458917617797852e-01,-3.671911656856536865e-01,-6.104305386543273926e-01,-1.683582663536071777e-01,-6.121910214424133301e-01
-5.333026647567749023e-01,-8.842895627021789551e-01,-6.665349602699279785e-01,-6.561290025711059570e-01,-7.306735515594482422e-01
-1.023389220237731934e+00,-4.834953844547271729e-01,-3.873814642429351807e-01,2.655429244041442871e-01,-3.415825963020324707e-01
-1.489668250083923340e+00,-1.320254445075988770e+00,-1.700646877288818359e+00,-8.670524358749389648e-01,-1.421696424484252930e+00
-1.203545689582824707e+00,-7.344392538070678711e-01,-9.886561632156372070e-01,-3.255585134029388428e-01,-1.534225344657897949e+00
-7.695096135139465332e-01,-3.558194339275360107e-01,-2.639020681381225586e-01,2.417635023593902588e-01,-5.513942837715148926e-01
-1.221880674362182617e+00,-1.006408929824829102e+00,-1.629166603088378906e+00,-1.043074965476989746e+00,-1.095882892608642578e+00
-1.402308940887451172e+00,-9.922124147415161133e-01,-1.184561252593994141e+00,-1.489817023277282715e+00,-2.273909807205200195e+00
-9.149830341339111328e-01,-7.908530235290527344e-01,8.297476917505264282e-02,9.193488210439682007e-02,-4.384362995624542236e-01
-6.955494284629821777e-01,-3.542466461658477783e-01,-1.445701599121093750e+00,-1.565801382064819336e+00,-2.287587076425552368e-01
-8.194043636322021484e-01,-8.495224714279174805e-01,-1.981939971446990967e-01,7.125411033630371094e-01,-3.381767123937606812e-02
-8.486147522926330566e-01,-4.247948527336120605e-01,-6.596929430961608887e-01,3.761720955371856689e-01,-5.367918014526367188e-01
-1.317417502403259277e+00,-1.281669139862060547e+00,-1.197374463081359863e+00,3.221745193004608154e-01,-7.007176876068115234e-01
-7.778056859970092773e-01,-6.597624421119689941e-01,-4.191532135009765625e-01,9.226413816213607788e-02,-3.968547880649566650e-01
-9.968488812446594238e-01,-7.826889753341674805e-01,-1.134813666343688965e+00,4.343767762184143066e-01,-9.742492437362670898e-01
-9.010052680969238281e-01,-6.263922452926635742e-01,-2.511635124683380127e-01,-1.278674125671386719e+00,-1.676133461296558380e-02
-1.084842681884765625e+00,-9.939714670181274414e-01,-1.595802545547485352e+00,5.315980315208435059e-01,-1.560989856719970703e+00
-9.289050698280334473e-01,-1.022266298532485962e-01,-4.018118381500244141e-01,-1.902353391051292419e-02,-3.861811459064483643e-01
-1.053171277046203613e+00,-1.104181051254272461e+00,-9.634527564048767090e-01,-6.484646797180175781e-01,-9.650238156318664551e-01
-7.957223057746887207e-01,-5.685402154922485352e-01,-7.463002204895019531e-01,-4.625462293624877930e-01,-3.731877803802490234e-01
-9.261583089828491211e-01,-7.136307358741760254e-01,-8.948835134506225586e-01,1.467190086841583252e-01,-5.912862420082092285e-01
-1.191589593887329102e+00,-1.092064261436462402e+00,-9.386971592903137207e-01,4.082011282444000244e-01,-1.222223162651062012e+00
-1.274159550666809082e+00,-9.694792628288269043e-01,-8.362413644790649414e-01,2.589395642280578613e-01,-1.071102976799011230e+00
-6.414857506752014160e-01,-7.530748248100280762e-01,-4.730183780193328857e-01,-6.550863385200500488e-01,-5.312270522117614746e-01
-8.893629312515258789e-01,-9.253478646278381348e-01,-1.381809830665588379e+00,2.471596002578735352e-01,-4.192881584167480469e-01
-5.885305404663085938e-01,3.046517968177795410e-01,-9.747233986854553223e-01,-5.494874715805053711e-01,-8.635842204093933105e-01
-1.131927847862243652e+00,-4.999372959136962891e-01,-1.027966618537902832e+00,-4.102498292922973633e-01,-4.797764495015144348e-02
-1.237894058227539062e+00,-5.360599160194396973e-01,-6.253088116645812988e-01,2.718535959720611572e-01,-4.402062892913818359e-01
-7.315012216567993164e-01,-1.000552415847778320e+00,-1.205373287200927734e+00,4.218834340572357178e-01,-4.479299187660217285e-01
-3.257204890251159668e-01,-4.197970926761627197e-01,-2.992814183235168457e-01,4.928192794322967529e-01,8.337356448173522949e-01
-5.833716988563537598e-01,-6.374018192291259766e-01,-1.269003868103027344e+00,-1.669461369514465332e+00,-9.658551961183547974e-02
-5.358611941337585449e-01,-9.462805390357971191e-01,-5.396718978881835938e-01,-4.112558662891387939e-01,-7.619971036911010742e-01
-2.096945047378540039e-01,-1.671251952648162842e-01,-3.627751469612121582e-01,3.582277595996856689e-01,4.630955755710601807e-01
-5.841037034988403320e-01,-5.181176066398620605e-01,-8.826301097869873047e-01,-6.879568099975585938e-02,-4.095934033393859863e-01
-5.534152984619140625e-01,-8.115787506103515625e-01,-4.260698258876800537e-01,3.844765722751617432e-01,1.179059371352195740e-01
-5.640119314193725586e-01,-5.344871282577514648e-01,-3.730754554271697998e-01,3.724222481250762939e-01,-4.551439881324768066e-01
-7.242439389228820801e-01,-4.288820624351501465e-01,-5.834109187126159668e-01,8.190180063247680664e-01,-6.667793393135070801e-01
-6.940017342567443848e-01,-6.335836648941040039e-01,-2.875878214836120605e-01,6.881214380264282227e-01,-4.527840018272399902e-01
-7.128456234931945801e-01,-5.045936107635498047e-01,-3.925564885139465332e-01,7.838427424430847168e-01,-5.670694708824157715e-01
-9.485227465629577637e-01,-4.156478047370910645e-01,-6.644077301025390625e-01,-1.114449858665466309e+00,-8.230351805686950684e-01
-4.128009974956512451e-01,-5.825919508934020996e-01,-1.525143384933471680e-01,-1.163362246006727219e-02,3.947763741016387939e-01
-6.493983864784240723e-01,-6.357979774475097656e-01,-1.469337582588195801e+00,-5.919428467750549316e-01,-6.553547978401184082e-01
-9.438936710357666016e-01,-3.014544844627380371e-01,-4.242784678936004639e-01,4.176397323608398438e-01,-1.141540765762329102e+00
-1.025766491889953613e+00,-9.044048190116882324e-01,-1.446224093437194824e+00,-9.167879819869995117e-02,-7.430500984191894531e-01
-8.769328594207763672e-01,-9.763395786285400391e-01,-2.204615920782089233e-01,2.018140852451324463e-01,-7.555339336395263672e-01
-2.415959089994430542e-01,-3.222422897815704346e-01,-9.312207102775573730e-01,-1.799626231193542480e+00,-2.262511998414993286e-01
-9.012283682823181152e-01,-5.160481333732604980e-01,6.998741626739501953e-02,1.178709149360656738e+00,-3.906329572200775146e-01
-8.021639585494995117e-01,2.214849926531314850e-02,-1.665006279945373535e+00,-1.667339563369750977e+00,-5.682628750801086426e-01
-1.018035173416137695e+00,-1.034853816032409668e+00,-3.918349742889404297e-01,1.287801742553710938e+00,1.709119826555252075e-01
-1.187504410743713379e+00,-5.753694772720336914e-01,-1.022269010543823242e+00,-3.318509161472320557e-01,-6.743688583374023438e-01
-8.159674406051635742e-01,-1.061343073844909668e+00,-5.783602595329284668e-01,-1.165612101554870605e+00,-1.081159710884094238e+00
-8.013203740119934082e-01,-1.101423501968383789e-01,-5.402565598487854004e-01,-5.922721028327941895e-01,-2.344843745231628418e-01
-4.528799057006835938e-01,-5.552128553390502930e-01,-1.287216067314147949e+00,-1.018307805061340332e+00,9.374279528856277466e-02
-1.227945804595947266e+00,-7.713999748229980469e-01,-4.974256455898284912e-01,2.744510471820831299e-01,-9.080218672752380371e-01
-8.281884193420410156e-01,-2.944700121879577637e-01,-1.139180183410644531e+00,-1.109767109155654907e-01,-2.329289168119430542e-01
-9.454971551895141602e-01,-5.485181212425231934e-01,-1.920486539602279663e-01,1.087560772895812988e+00,-9.656674265861511230e-01
-7.650688290596008301e-01,-8.141966462135314941e-01,-1.047211289405822754e+00,-3.681785464286804199e-01,-9.731899499893188477e-01
-6.885152459144592285e-01,-4.192073047161102295e-01,-6.085397005081176758e-01,-4.355291724205017090e-01,1.385156661272048950e-01
-9.857572913169860840e-01,-9.503366947174072266e-01,-1.156571269035339355e+00,-4.442726671695709229e-01,-6.028985381126403809e-01
-7.968377470970153809e-01,-9.075141698122024536e-02,-4.157446324825286865e-01,-2.755851447582244873e-01,-4.975836873054504395e-01
-8.337446451187133789e-01,-4.768834114074707031e-01,-5.809477567672729492e-01,6.396663188934326172e-02,-8.647508025169372559e-01
-1.286241173744201660e+00,-9.909811019897460938e-01,-6.535227298736572266e-01,-5.007396340370178223e-01,-3.598055243492126465e-01
-9.845721721649169922e-01,-3.245187103748321533e-01,-8.666198253631591797e-01,-5.626026988029479980e-01,-8.080170154571533203e-01
-9.336386919021606445e-01,-1.758790463209152222e-01,-7.363232970237731934e-01,1.532491892576217651e-01,-1.085665225982666016e+00
-7.038245201110839844e-01,-5.273577570915222168e-01,-1.856047362089157104e-01,7.260587811470031738e-01,1.580929197371006012e-02
-6.474045515060424805e-01,-3.371011018753051758e-01,-6.161280870437622070e-01,-8.326454460620880127e-02,-5.986880660057067871e-01
-1.305977344512939453e+00,-6.270545125007629395e-01,-6.437946557998657227e-01,-2.094783633947372437e-01,-8.125492930412292480e-01
-1.069791316986083984e+00,-2.164199650287628174e-01,-3.480461835861206055e-01,9.976379871368408203e-01,-1.125221967697143555e+00
-8.785920739173889160e-01,-8.316629528999328613e-01,-8.581730723381042480e-01,-1.097621321678161621e+00,-1.071987986564636230e+00
-4.624168574810028076e-01,2.757930457592010498e-01,4.417069256305694580e-01,1.112291336059570312e+00,5.011102557182312012e-01
-1.009613633155822754e+00,-6.993203759193420410e-01,-1.435774445533752441e+00,-1.363493442535400391e+00,-1.560373067855834961e+00
-6.623722314834594727e-01,-1.217106878757476807e-01,-1.930687278509140015e-01,4.163227081298828125e-01,-1.141125082969665527e+00
-9.400314837694168091e-02,-3.992369174957275391e-01,-5.473971366882324219e-01,-6.369225382804870605e-01,1.069480419158935547e+00
-3.524560332298278809e-01,-6.031831502914428711e-01,-1.240964174270629883e+00,-9.558045268058776855e-01,-4.516442418098449707e-01
-1.215815424919128418e+00,-1.220878481864929199e+00,-2.880605161190032959e-01,1.584038376808166504e+00,-5.114084482192993164e-01
-6.966300010681152344e-01,4.977540075778961182e-01,-4.777704477310180664e-01,-3.234000504016876221e-02,-7.335430383682250977e-01
-8.286485075950622559e-01,-5.205285549163818359e-01,2.053345590829849243e-01,1.955582648515701294e-01,-5.778772234916687012e-01
-7.579370141029357910e-01,-4.686365723609924316e-01,-7.632558941841125488e-01,-3.353080749511718750e-01,-1.919642239809036255e-01
-1.156592965126037598e+00,-7.621598243713378906e-01,-9.015637636184692383e-01,-1.836319684982299805e+00,-9.876717329025268555e-01
-7.766623497009277344e-01,-5.326763391494750977e-01,-3.955420851707458496e-01,2.445255666971206665e-01,8.965303003787994385e-02
-8.614910840988159180e-01,-4.138473570346832275e-01,-8.839238882064819336e-01,-3.568558692932128906e-01,-2.604577243328094482e-01
-8.558232784271240234e-01,-9.209088087081909180e-01,-1.176549911499023438e+00,-6.193623542785644531e-01,-4.627335369586944580e-01
-1.030925393104553223e+00,-5.609763264656066895e-01,2.557663023471832275e-01,1.303843706846237183e-01,-9.428854584693908691e-01
-3.966481089591979980e-01,1.670579425990581512e-02,-3.288885951042175293e-01,-6.906639933586120605e-01,-1.656288057565689087e-01
-4.544694125652313232e-01,-1.007764458656311035e+00,-6.150333881378173828e-01,-1.244760975241661072e-01,6.500850319862365723e-01
-9.087157249450683594e-01,-1.239664033055305481e-01,5.527338981628417969e-01,3.358385264873504639e-01,-2.373136878013610840e-01
-7.435409426689147949e-01,-5.973989963531494141e-01,-7.284861207008361816e-01,4.797954559326171875e-01,-9.823885560035705566e-01
-8.419919013977050781e-01,-2.075626403093338013e-01,7.830976694822311401e-02,8.671621680259704590e-01,-1.051056385040283203e+00
-6.612289547920227051e-01,-4.610623121261596680e-01,-4.773474931716918945e-01,-1.746689677238464355e-01,8.808416873216629028e-02
-6.095146536827087402e-01,-4.657496809959411621e-01,-9.274887442588806152e-01,2.108136713504791260e-01,-4.952371120452880859e-01
-8.092051148414611816e-01,-3.310064971446990967e-01,-3.993362784385681152e-01,9.354273676872253418e-01,-2.723783850669860840e-01
-1.490288823843002319e-01,8.461543917655944824e-02,5.044169425964355469e-01,-3.509841859340667725e-01,1.070043630897998810e-02
-3.290249705314636230e-01,-5.761041641235351562e-01,-2.425799146294593811e-02,1.862111240625381470e-01,4.016686379909515381e-01
-5.636633634567260742e-01,-1.621481180191040039e-01,-1.284130930900573730e+00,-1.616360068321228027e+00,-1.822292357683181763e-01
-1.175527334213256836e+00,-6.626493334770202637e-01,-3.588938713073730469e-01,3.812572062015533447e-01,-1.276087403297424316e+00
1.717697679996490479e-01,1.094283834099769592e-01,-2.016025632619857788e-01,-1.006527781486511230e+00,9.081425666809082031e-01
-1.369752287864685059e-01,-1.124285936355590820e+00,-1.093774199485778809e+00,-1.042800545692443848e+00,1.003802865743637085e-01
-2.269140183925628662e-01,9.400566108524799347e-03,1.511708199977874756e-01,-2.020701617002487183e-01,-3.956211507320404053e-01
-9.967792034149169922e-01,-5.232395529747009277e-01,-2.878988087177276611e-01,-1.853331178426742554e-01,-3.839418590068817139e-01
-3.388617038726806641e-01,-1.488466095179319382e-02,-3.292493522167205811e-01,-1.466641277074813843e-01,2.216250747442245483e-01
-6.824360787868499756e-02,-1.002813279628753662e-01,-8.909524232149124146e-02,-1.426765043288469315e-02,6.797056645154953003e-02
-5.130505561828613281e-01,1.996158659458160400e-01,3.169462084770202637e-01,1.308782547712326050e-01,1.331520453095436096e-02
-6.924959421157836914e-01,-8.577279448509216309e-01,-1.160850644111633301e+00,-6.543363928794860840e-01,-9.947382807731628418e-01
-5.623457431793212891e-01,-5.628077983856201172e-01,-1.052174791693687439e-01,-1.041172593832015991e-01,-4.046856760978698730e-01
-3.518007397651672363e-01,-2.522114515304565430e-01,4.406495094299316406e-01,1.467226624488830566e+00,5.918762460350990295e-02
-2.270185798406600952e-01,1.160455122590065002e-02,-1.017666220664978027e+00,-7.004318833351135254e-01,-4.252417683601379395e-01
-5.714225769042968750e-01,-9.509161114692687988e-01,-3.045684099197387695e-01,-3.511488139629364014e-01,2.189566791057586670e-01
-8.224090337753295898e-01,3.354093059897422791e-02,1.822708100080490112e-01,4.388034045696258545e-01,-1.393068134784698486e-01
-5.766512155532836914e-01,-1.318096965551376343e-01,-3.879288136959075928e-01,-3.472709357738494873e-01,-7.892577648162841797e-01
-3.332008719444274902e-01,-1.099664419889450073e-01,2.922403812408447266e-01,6.418064832687377930e-01,3.201683163642883301e-01
-5.238981842994689941e-01,-2.127259671688079834e-01,-1.335060238838195801e+00,-1.133674502372741699e+00,-7.070869803428649902e-01
-9.611132144927978516e-01,-1.919588297605514526e-01,-3.456328213214874268e-01,-5.924184322357177734e-01,-1.286197781562805176e+00
-4.751955568790435791e-01,-4.459034502506256104e-01,9.832572191953659058e-02,7.104558348655700684e-01,3.273689746856689453e-01
-3.074204325675964355e-01,-4.204282760620117188e-01,-2.922154963016510010e-01,-8.811737298965454102e-01,-1.347611378878355026e-02
-5.096973180770874023e-01,1.965478807687759399e-02,-8.235276490449905396e-02,-8.405292034149169922e-01,2.206193953752517700e-01
-5.469318628311157227e-01,-1.164454340934753418e+00,-1.522531032562255859e+00,-1.246571898460388184e+00,-4.040420353412628174e-01
-9.905397295951843262e-01,-1.484896242618560791e-01,2.842538990080356598e-02,1.193013310432434082e+00,-7.271603345870971680e-01
-4.691164493560791016e-01,-2.146609127521514893e-01,-5.089575052261352539e-01,3.670993149280548096e-01,-5.735326409339904785e-01
-4.476373791694641113e-01,-3.997439444065093994e-01,6.166381239891052246e-01,4.932034015655517578e-01,2.315746061503887177e-02
-4.934468269348144531e-01,-3.236288428306579590e-01,-3.436175584793090820e-01,-2.760241553187370300e-02,2.229793965816497803e-01
-4.199118912220001221e-01,-2.107082307338714600e-01,3.005502820014953613e-01,1.015984773635864258e+00,-2.469816207885742188e-01
-7.602375745773315430e-01,-5.141234993934631348e-01,-7.709686756134033203e-01,-6.861093640327453613e-01,8.812439441680908203e-02
-8.694106340408325195e-01,-5.319312810897827148e-01,-4.709782302379608154e-01,-7.735261321067810059e-01,-1.587848186492919922e+00
-6.245172023773193359e-01,-5.346940755844116211e-01,-4.178096950054168701e-01,-2.832677364349365234e-01,-3.199269473552703857e-01
-1.607967019081115723e-01,-1.213174834847450256e-01,-6.504375934600830078e-01,-1.306788682937622070e+00,-4.261938035488128662e-01
-4.362181127071380615e-01,-6.375156641006469727e-01,1.281319558620452881e-01,5.211899280548095703e-01,-5.529899522662162781e-02
-7.376430630683898926e-01,-4.972987473011016846e-01,-7.301282286643981934e-01,4.672838449478149414e-01,-5.813099145889282227e-01
-2.565287649631500244e-01,-3.848230540752410889e-01,4.229847192764282227e-01,1.647785544395446777e+00,2.969438135623931885e-01
-2.109842300415039062e-01,-8.093747496604919434e-01,-1.240653157234191895e+00,-1.403808712959289551e+00,-4.538299143314361572e-01
-2.247668057680130005e-01,2.988831512629985809e-02,2.988211214542388916e-01,-4.509491920471191406e-01,-4.382485747337341309e-01
-5.565315485000610352e-01,-3.750862181186676025e-01,-3.953928053379058838e-01,7.860926389694213867e-01,-2.479873001575469971e-01
-6.341866254806518555e-01,-3.091270290315151215e-02,-1.088823080062866211e+00,-1.151362776756286621e+00,-1.264314174652099609e+00
-2.119532674551010132e-01,-1.622412502765655518e-01,-3.719434142112731934e-01,1.365103125572204590e+00,-3.191358176991343498e-03
-3.270102143287658691e-01,-3.521978557109832764e-01,-4.744240939617156982e-01,-3.658371861092746258e-04,8.247917890548706055e-02
4.713473021984100342e-01,3.928215503692626953e-01,7.976400256156921387e-01,8.341636657714843750e-01,1.336709737777709961e+00
-1.417994797229766846e-01,-2.793266624212265015e-02,-8.032007217407226562e-01,-1.079859852790832520e+00,-6.037164926528930664e-01
-3.895581364631652832e-01,-9.451785683631896973e-02,-4.834804236888885498e-01,-1.422155499458312988e+00,-1.734194755554199219e-01
-3.701983988285064697e-01,-3.213110268115997314e-01,-7.088558077812194824e-01,6.338312029838562012e-01,-3.907268345355987549e-01
-1.058825179934501648e-01,5.033984780311584473e-03,-3.231164216995239258e-01,-2.953403592109680176e-01,-1.057841405272483826e-01
2.206815332174301147e-01,3.913108408451080322e-01,-5.415129661560058594e-01,-5.454815030097961426e-01,6.888506412506103516e-01
2.387724630534648895e-02,-2.748100459575653076e-01,-1.926706433296203613e-01,-6.570436060428619385e-02,2.736656665802001953e-01
-1.231717318296432495e-01,-1.884924769401550293e-01,-1.259437561035156250e+00,-4.319988489151000977e-01,-4.289829134941101074e-01
1.114527136087417603e-01,4.085081517696380615e-01,2.067527174949645996e-02,2.306420505046844482e-01,4.466962814331054688e-01
-5.090489387512207031e-01,-2.513319253921508789e-01,-7.870038747787475586e-01,-3.032424449920654297e-01,-2.009080648422241211e-01
1.129376352764666080e-03,-1.594474613666534424e-01,-5.957513451576232910e-01,-6.679272055625915527e-01,3.460880517959594727e-01
3.529510200023651123e-01,3.092046380043029785e-01,-2.119277566671371460e-01,-1.148893356323242188e+00,3.666709661483764648e-01
-1.795359849929809570e-01,-1.930763423442840576e-01,-3.964626491069793701e-01,-1.115913152694702148e+00,3.946959078311920166e-01
-4.368525147438049316e-01,8.438262157142162323e-03,-8.344250917434692383e-01,-1.580855607986450195e+00,-4.520331025123596191e-01
-6.321509480476379395e-01,-4.731894135475158691e-01,-5.796042680740356445e-01,-5.218301415443420410e-01,-6.590288877487182617e-01
-3.102787137031555176e-01,-2.047274559736251831e-01,-1.662232130765914917e-01,-1.400241851806640625e-01,1.190725266933441162e-01
-4.905397295951843262e-01,-5.755660533905029297e-01,-6.174715757369995117e-01,-1.319300293922424316e+00,-4.253356531262397766e-02
-5.060651898384094238e-01,5.043815076351165771e-02,1.185033917427062988e-01,5.482252836227416992e-01,3.083951473236083984e-01
-7.358514070510864258e-01,-1.012917399406433105e+00,-6.042354702949523926e-01,-8.448460698127746582e-01,-4.956125617027282715e-01
-3.871878385543823242e-01,-3.691416606307029724e-02,-2.740531042218208313e-02,5.622734427452087402e-01,-2.128689587116241455e-01
-9.331994503736495972e-02,-9.978465735912322998e-02,-1.527880191802978516e+00,-1.124565243721008301e+00,-7.380753159523010254e-01
-7.954992055892944336e-01,-2.520769238471984863e-01,4.611133038997650146e-01,9.552191495895385742e-01,-2.615036368370056152e-01
-1.666039228439331055e-01,-4.878205657005310059e-01,-1.156496644020080566e+00,-9.684990644454956055e-01,-2.114744186401367188e-01
-4.199676513671875000e-01,-4.318724572658538818e-01,-3.604115545749664307e-01,5.670476239174604416e-04,-6.954613327980041504e-01
-4.495405852794647217e-01,-8.285639435052871704e-02,-1.060758382081985474e-01,1.136619567871093750e+00,-3.538652881979942322e-02
-1.421898752450942993e-01,-5.227739214897155762e-01,-6.997123956680297852e-01,-1.428210020065307617e+00,-3.422530591487884521e-01
-2.639464139938354492e-01,-7.060512900352478027e-02,3.631234467029571533e-01,5.407439470291137695e-01,6.993499398231506348e-01
-3.213354647159576416e-01,2.946407534182071686e-02,-1.253640532493591309e+00,-8.641074299812316895e-01,-3.236680924892425537e-01
-4.574601650238037109e-01,-6.886729598045349121e-01,1.191875934600830078e-01,5.917965173721313477e-01,4.698403477668762207e-01
-3.509153425693511963e-01,4.827037919312715530e-03,7.750117033720016479e-02,-2.735547423362731934e-01,-3.468389511108398438e-01
-2.549253404140472412e-01,-3.210213184356689453e-01,-5.712445974349975586e-01,-4.142191410064697266e-01,2.108307778835296631e-01
-1.182150244712829590e-01,-2.576334476470947266e-01,-4.742375016212463379e-01,-8.390475809574127197e-02,-6.644863486289978027e-01
-1.117873415350914001e-01,-5.448396131396293640e-02,3.616306483745574951e-01,1.525358110666275024e-01,1.881292276084423065e-02
-7.477796077728271484e-01,-5.363289117813110352e-01,-1.410695463418960571e-01,1.101169884204864502e-01,-6.394650340080261230e-01
-6.922309994697570801e-01,-8.448144197463989258e-01,-4.798355102539062500e-01,-1.544198691844940186e-01,-1.857424080371856689e-01
4.557591080665588379e-01,9.082643985748291016e-01,8.110877126455307007e-03,5.802909135818481445e-01,1.109144449234008789e+00
-3.924234211444854736e-02,4.031792581081390381e-01,-3.877048790454864502e-01,1.354877948760986328e-01,3.966670632362365723e-01
-3.056705892086029053e-01,-1.813838481903076172e-01,-6.431228518486022949e-01,-3.602398633956909180e-01,-2.130700945854187012e-01
-2.095620483160018921e-01,5.037606507539749146e-02,-6.813260912895202637e-01,-9.047701954841613770e-01,-7.668109536170959473e-01
-3.080269396305084229e-01,-8.074501752853393555e-01,-1.125446334481239319e-01,8.431083559989929199e-01,4.630419313907623291e-01
-1.054363399744033813e-01,-4.944946169853210449e-01,-6.598422527313232422e-01,-1.195190101861953735e-01,-3.365139663219451904e-01
-8.736632019281387329e-02,2.723680734634399414e-01,-3.213748335838317871e-01,-1.148545816540718079e-01,3.469596207141876221e-01
-2.344571352005004883e-01,-5.939429402351379395e-01,-6.254082918167114258e-01,4.287428855895996094e-01,1.210302487015724182e-01
-3.609054386615753174e-01,-2.150955051183700562e-01,-3.550623357295989990e-01,4.583025276660919189e-01,-3.729061782360076904e-02
-3.424938321113586426e-01,-4.312722980976104736e-01,-1.069988846778869629e+00,-2.932184934616088867e-01,-5.288134217262268066e-01
-3.870553970336914062e-01,-7.312936782836914062e-01,-7.808212041854858398e-01,-1.236328482627868652e+00,-8.208227157592773438e-01
-4.080743491649627686e-01,-2.808529138565063477e-01,3.707367479801177979e-01,1.127217531204223633e+00,6.986124441027641296e-03
-1.772632896900177002e-01,3.618726432323455811e-01,-3.505093157291412354e-01,-7.882876396179199219e-01,-8.635573983192443848e-01
-2.964891791343688965e-01,-3.051588237285614014e-01,-2.861074507236480713e-01,-4.544246494770050049e-01,1.728428900241851807e-02
-1.803586184978485107e-01,3.657270222902297974e-02,3.375219404697418213e-01,7.016391158103942871e-01,4.689151048660278320e-01
-5.175053477287292480e-01,-4.009235203266143799e-01,-4.981098473072052002e-01,-3.316862881183624268e-01,7.181897014379501343e-02
-4.522315561771392822e-01,8.264944702386856079e-02,-7.811073064804077148e-01,-4.926180541515350342e-01,-2.240387052297592163e-01
-9.160218238830566406e-01,-9.000589251518249512e-01,-7.278890013694763184e-01,-1.867598742246627808e-01,-8.758400678634643555e-01
-7.078818976879119873e-02,2.974293529987335205e-01,7.198278903961181641e-01,-3.383994102478027344e-02,4.797094166278839111e-01
-4.453298151493072510e-01,-1.718435883522033691e-01,1.107159536331892014e-02,-6.937553286552429199e-01,2.166503071784973145e-01
-2.422721385955810547e-01,-3.503353595733642578e-01,-2.666637301445007324e-01,-5.712547302246093750e-01,1.850451342761516571e-03
-5.849054083228111267e-02,1.544290035963058472e-01,8.807516843080520630e-02,-3.120225369930267334e-01,8.530178666114807129e-01
-1.947128474712371826e-01,-7.359499931335449219e-01,-1.726248383522033691e+00,-2.151872634887695312e+00,4.628139734268188477e-01
-5.033044815063476562e-01,-5.625801682472229004e-01,2.591251023113727570e-02,4.794661998748779297e-01,-2.339211851358413696e-01
-5.697912573814392090e-01,-4.458103179931640625e-01,-7.807589769363403320e-01,-2.203803211450576782e-01,-3.550184965133666992e-01
9.917597472667694092e-02,-2.302026301622390747e-01,2.100493162870407104e-01,4.041220545768737793e-01,1.076399564743041992e+00
-2.755190134048461914e-01,8.691255003213882446e-02,-3.876178264617919922e-01,-6.617811918258666992e-01,-1.920714974403381348e-01
-1.942109018564224243e-01,-6.657432317733764648e-01,-1.240043640136718750e+00,-1.546777844429016113e+00,-2.689456641674041748e-01
-5.073757767677307129e-01,6.615576893091201782e-02,5.426077246665954590e-01,1.067640900611877441e+00,2.736656665802001953e-01
-3.044087588787078857e-01,-4.930252730846405029e-01,-6.416051983833312988e-01,-5.564383417367935181e-02,-8.869562149047851562e-01
-5.723567679524421692e-02,-6.433463841676712036e-02,6.478500962257385254e-01,7.836049199104309082e-01,9.010089039802551270e-01
-2.232191413640975952e-01,-7.355412840843200684e-02,-3.485935330390930176e-01,-1.023612394928932190e-01,-6.177021265029907227e-01
-2.756932973861694336e-01,-4.396070912480354309e-02,-7.680453360080718994e-02,5.532189607620239258e-01,3.326655626296997070e-01
-1.232065930962562561e-01,-5.686436891555786133e-01,-2.561643719673156738e-01,2.403367310762405396e-01,3.034338057041168213e-01
4.961587116122245789e-02,3.161373734474182129e-01,4.412466287612915039e-01,1.220158457756042480e+00,1.185884594917297363e+00
1.459474861621856689e-01,-1.768620461225509644e-01,-2.483396232128143311e-01,8.293163180351257324e-01,2.568238675594329834e-01
-4.229862987995147705e-01,-3.589650392532348633e-01,4.619592130184173584e-01,1.294295310974121094e+00,1.970328390598297119e-01
7.102522253990173340e-02,1.679219454526901245e-01,-1.080289185047149658e-01,9.277814030647277832e-01,5.038457512855529785e-01
-1.047113090753555298e-01,-4.010683894157409668e-01,2.713162899017333984e-01,1.167093753814697266e+00,-3.792084455490112305e-01
3.418245613574981689e-01,1.157506108283996582e-01,-4.667735099792480469e-01,-6.711283326148986816e-02,2.373807281255722046e-01
9.427503496408462524e-02,-7.778619229793548584e-02,-7.371941208839416504e-02,5.281774401664733887e-01,2.047028392553329468e-01
-1.099538505077362061e-01,-2.575403153896331787e-01,-3.319488465785980225e-01,2.249166965484619141e-01,-7.388396654278039932e-03
-3.572524189949035645e-01,-2.881995141506195068e-01,6.688985228538513184e-02,1.580581307411193848e+00,-2.956162989139556885e-01
-2.612484395503997803e-01,-2.202381342649459839e-01,-4.456752836704254150e-01,-8.106952160596847534e-02,4.433842301368713379e-01
9.421926736831665039e-02,3.768762946128845215e-01,-9.739272296428680420e-02,4.061707258224487305e-01,4.608562588691711426e-01
-1.474114954471588135e-01,-4.982713758945465088e-01,-1.454048871994018555e+00,-2.510649204254150391e+00,4.709264636039733887e-02
-4.632952809333801270e-01,-1.873956471681594849e-01,-7.102490663528442383e-01,-6.345080137252807617e-01,-9.275052547454833984e-01
-5.483888983726501465e-01,-7.824095487594604492e-01,8.110877126455307007e-02,1.345384478569030762e+00,-5.263729691505432129e-01
4.666694626212120056e-02,5.346423387527465820e-01,4.588367938995361328e-01,3.863972425460815430e-01,9.682688117027282715e-02
2.308459132909774780e-01,-2.629209458827972412e-01,-1.025354146957397461e+00,-1.380065917968750000e+00,8.297531008720397949e-01
-5.065461993217468262e-02,2.204502560198307037e-02,3.104400932788848877e-01,9.329031109809875488e-01,3.101651668548583984e-01
-3.952817060053348541e-03,1.860608458518981934e-01,-1.369892209768295288e-01,-5.002823472023010254e-02,7.685407400131225586e-01
2.051003128290176392e-01,-2.595580518245697021e-01,2.861323356628417969e-01,-2.805788218975067139e-01,-7.318401336669921875e-01
-3.875434026122093201e-02,5.865394324064254761e-02,2.789793312549591064e-01,8.546139597892761230e-01,4.471521973609924316e-01
1.549755316227674484e-02,4.882758557796478271e-01,-4.542588591575622559e-01,-8.535712957382202148e-01,-1.225186511874198914e-01
-2.238535434007644653e-01,-3.275194466114044189e-01,-1.758268922567367554e-01,-1.934364140033721924e-01,4.105320274829864502e-01
-3.079293370246887207e-01,-2.431057691574096680e-01,-1.343519543297588825e-03,8.291333913803100586e-01,-4.646644294261932373e-01
1.604829877614974976e-01,1.613513827323913574e-01,7.687668204307556152e-01,1.088164448738098145e+00,3.494000732898712158e-01
-2.865408957004547119e-01,1.295539736747741699e-01,-8.244979977607727051e-01,-7.172055244445800781e-01,-5.988355875015258789e-01
-5.101992487907409668e-01,-3.307529911398887634e-02,-5.278539061546325684e-01,-7.862755656242370605e-01,-8.216674327850341797e-01
5.624572932720184326e-02,5.342077016830444336e-01,1.029832601547241211e+00,1.002210974693298340e+00,5.884569287300109863e-01
1.874067634344100952e-01,1.775087602436542511e-02,-5.457052588462829590e-01,-5.047272443771362305e-01,3.143621981143951416e-01
1.768659055233001709e-02,-8.180148005485534668e-01,-9.190046191215515137e-01,-7.322962880134582520e-01,5.863785371184349060e-02
-3.310745954513549805e-01,-2.303837053477764130e-02,8.403465747833251953e-01,1.319592952728271484e+00,3.064642548561096191e-01
-3.765493929386138916e-01,-4.438960850238800049e-01,-5.255649089813232422e-01,3.384359776973724365e-01,-2.491807043552398682e-01
2.412752211093902588e-01,-2.909105122089385986e-01,2.316078245639801025e-01,1.500298231840133667e-01,1.138952851295471191e+00
1.299689114093780518e-01,5.519016981124877930e-01,8.624648451805114746e-01,6.418247222900390625e-01,2.334652841091156006e-01
1.230950504541397095e-01,-1.982810646295547485e-01,-3.774792253971099854e-01,-3.788244128227233887e-01,-1.678547114133834839e-01
-6.507159769535064697e-02,-6.641445308923721313e-02,8.085996843874454498e-03,-7.744773477315902710e-02,4.079843163490295410e-01
1.699083894491195679e-01,4.180483818054199219e-01,2.183219231665134430e-02,1.141887545585632324e+00,4.965109825134277344e-01
1.714769750833511353e-01,-1.102732419967651367e+00,-1.469723224639892578e+00,-1.746159195899963379e+00,3.091996908187866211e-01
-1.546687930822372437e-01,2.099011391401290894e-01,-1.654519350267946720e-03,-7.802941203117370605e-01,-1.039605066180229187e-01
-3.175987601280212402e-01,5.212476849555969238e-02,5.836597084999084473e-01,1.356707215309143066e+00,9.456074833869934082e-01
3.876131027936935425e-03,9.951562434434890747e-02,-5.761459469795227051e-01,2.623418569564819336e-01,-1.210168376564979553e-01
1.403215229511260986e-01,-4.338384568691253662e-01,3.506959080696105957e-01,9.963392615318298340e-01,4.380876719951629639e-01
-1.657603830099105835e-01,6.786670684814453125e-01,4.765388965606689453e-01,6.003754138946533203e-01,3.438889682292938232e-01
-4.346843957901000977e-01,-6.196250915527343750e-01,-4.349768757820129395e-01,-1.649633049964904785e+00,-7.770689129829406738e-01
5.630777478218078613e-01,4.182553291320800781e-01,1.440650939941406250e+00,8.100732564926147461e-01,9.188295602798461914e-01
5.221413373947143555e-01,4.999994039535522461e-01,3.548384308815002441e-01,2.547324299812316895e-01,1.127622127532958984e+00
2.343804389238357544e-02,-1.818080842494964600e-01,-7.256249338388442993e-02,2.969683408737182617e-01,-1.026195958256721497e-01
8.059006184339523315e-02,-1.135259345173835754e-01,-3.303813934326171875e-01,-6.017838716506958008e-01,4.056913554668426514e-01
3.258947730064392090e-01,2.222144752740859985e-01,1.017815589904785156e+00,1.743726372718811035e+00,5.107111930847167969e-01
2.156132757663726807e-01,5.132647156715393066e-01,-8.344748616218566895e-02,-1.085987687110900879e-01,8.121872693300247192e-02
3.738096356391906738e-01,9.833602607250213623e-02,3.675521016120910645e-01,-6.239901781082153320e-01,-2.491270750761032104e-01
4.323071241378784180e-01,7.037490010261535645e-01,1.026660323143005371e+00,2.693293392658233643e-01,1.502620220184326172e+00
6.951520442962646484e-01,4.860615134239196777e-01,-2.622226476669311523e-01,-4.869292974472045898e-01,7.684334516525268555e-01
2.579648792743682861e-01,-7.284895181655883789e-01,-2.086187154054641724e-01,1.141229122877120972e-01,-7.515112161636352539e-01
3.894117474555969238e-01,6.095260977745056152e-01,1.135709404945373535e+00,7.633010149002075195e-01,4.332335889339447021e-01
3.480849266052246094e-01,1.818598210811614990e-01,9.281978011131286621e-01,1.097328588366508484e-01,7.317194342613220215e-01
9.617685079574584961e-01,2.929851599037647247e-02,5.548611283302307129e-01,4.045610427856445312e-01,1.747416138648986816e+00
5.614185333251953125e-01,4.564577639102935791e-01,1.292428374290466309e+00,1.825582385063171387e+00,6.391164064407348633e-01
5.287991166114807129e-01,1.785900592803955078e-01,-2.609164714813232422e-01,4.525405913591384888e-02,-4.769739508628845215e-01
-9.624098986387252808e-02,4.939306899905204773e-02,3.936263322830200195e-01,6.198928356170654297e-01,-1.314222812652587891e-01
5.278091430664062500e-01,4.638457596302032471e-01,-2.250643968582153320e-01,5.157389640808105469e-01,4.970741569995880127e-01
1.852107495069503784e-01,2.271812111139297485e-01,9.215548634529113770e-02,7.411861419677734375e-02,8.601246476173400879e-01
-1.191631481051445007e-01,1.564363837242126465e-01,-2.926508784294128418e-01,-6.646347045898437500e-01,-2.797265648841857910e-01
-6.666318178176879883e-01,-6.925842165946960449e-01,5.228529870510101318e-02,4.992580115795135498e-01,-4.042968153953552246e-01
3.631711900234222412e-01,6.040005683898925781e-01,1.175828352570533752e-01,3.237659037113189697e-01,1.397895365953445435e-01
2.529663443565368652e-01,2.313511818647384644e-01,6.506988406181335449e-01,1.070512771606445312e+00,-7.718259841203689575e-02
3.635894656181335449e-01,5.441825985908508301e-01,6.914149224758148193e-02,3.682882785797119141e-01,-5.832944530993700027e-03
4.014514684677124023e-01,7.225915789604187012e-01,4.433241188526153564e-01,1.389888644218444824e+00,4.790791869163513184e-01
3.149774968624114990e-01,2.449062168598175049e-01,8.665701001882553101e-02,-2.599821984767913818e-01,-1.443352103233337402e-01
9.334016442298889160e-01,6.513190269470214844e-01,3.310780227184295654e-01,3.751111626625061035e-01,1.448755979537963867e+00
4.719817042350769043e-01,-4.341178238391876221e-01,1.777675300836563110e-01,-3.064069449901580811e-01,7.246930599212646484e-01
2.578045427799224854e-02,7.804487645626068115e-02,1.212501406669616699e+00,1.324678182601928711e+00,3.588132560253143311e-01
1.037896871566772461e+00,-5.551869794726371765e-02,5.123785138130187988e-01,-4.179689660668373108e-02,1.268551468849182129e+00
6.089639067649841309e-01,6.033073067665100098e-01,1.239620685577392578e+00,1.422484755516052246e+00,7.337307929992675781e-01
8.952538371086120605e-01,7.762632369995117188e-01,-4.005180895328521729e-01,-1.632566690444946289e+00,1.001965761184692383e+00
1.467910408973693848e-01,-4.015443623065948486e-01,-9.133444726467132568e-02,2.985597252845764160e-01,-3.536909818649291992e-01
4.134981334209442139e-01,9.138209223747253418e-01,5.374575257301330566e-01,1.211195468902587891e+00,3.450153172016143799e-01
3.358639776706695557e-01,2.334620505571365356e-01,9.583523273468017578e-01,1.850111842155456543e+00,1.121668517589569092e-01
9.398154020309448242e-01,2.478138208389282227e-01,-3.975449204444885254e-01,-1.401174664497375488e+00,5.737069845199584961e-01
2.742432355880737305e-01,-3.458859920501708984e-01,-1.441546678543090820e-01,-9.030690789222717285e-01,4.550099074840545654e-01
7.575744986534118652e-01,6.181971430778503418e-01,3.740209043025970459e-01,8.866064250469207764e-02,5.528424382209777832e-01
8.730636835098266602e-01,1.057938814163208008e+00,-5.119057893753051758e-01,-4.613206908106803894e-02,5.127493739128112793e-01
9.582549333572387695e-01,6.088742017745971680e-01,9.156707525253295898e-01,1.538345366716384888e-01,7.322960495948791504e-01
9.318609833717346191e-01,5.533192753791809082e-01,-2.381015010178089142e-02,3.332410752773284912e-01,7.955063581466674805e-01
3.761101961135864258e-01,-1.411430090665817261e-01,-5.159861445426940918e-01,2.396416515111923218e-01,6.263509988784790039e-01
4.417186081409454346e-01,9.123826026916503906e-01,4.031304717063903809e-01,3.745075166225433350e-01,5.066884756088256836e-01
5.309951305389404297e-01,6.880728006362915039e-01,9.005810022354125977e-01,1.423307895660400391e+00,4.952102899551391602e-01
1.017805099487304688e+00,3.739376366138458252e-01,2.016523182392120361e-01,9.096541255712509155e-02,7.177472114562988281e-01
6.194489598274230957e-01,7.429965138435363770e-01,1.080040335655212402e+00,1.289374828338623047e+00,8.336417675018310547e-01
-3.767376393079757690e-02,8.252010680735111237e-03,-3.438414633274078369e-01,3.180222511291503906e-01,-4.303640425205230713e-01
1.165871977806091309e+00,6.876382231712341309e-01,1.039224743843078613e+00,1.278930187225341797e+00,1.382153153419494629e+00
6.734707951545715332e-01,4.789735674858093262e-01,1.263679623603820801e+00,2.101313829421997070e+00,1.009568721055984497e-01
8.211402297019958496e-01,1.221095800399780273e+00,2.233601212501525879e-01,-5.486277341842651367e-01,8.615862727165222168e-01
1.806165575981140137e-01,-3.587891161441802979e-01,-1.382083445787429810e-01,-9.980221390724182129e-01,2.911913096904754639e-01
2.576929926872253418e-01,4.342730343341827393e-01,5.507061481475830078e-01,9.753219485282897949e-01,-5.893285572528839111e-02
1.022587537765502930e+00,7.263993620872497559e-01,-6.379229575395584106e-02,-3.616849184036254883e-01,7.472203373908996582e-01
6.505137681961059570e-01,-1.823564916849136353e-01,-2.635786235332489014e-01,7.916716486215591431e-02,8.989841341972351074e-01
2.154599130153656006e-01,7.657814025878906250e-01,6.943507790565490723e-01,6.973222494125366211e-01,-4.528242349624633789e-01
3.997155725955963135e-01,2.358626276254653931e-01,8.631739616394042969e-01,1.841990232467651367e+00,5.567445158958435059e-01
7.074984908103942871e-01,4.247224330902099609e-01,3.406319618225097656e-01,7.190530002117156982e-02,8.344597220420837402e-01
3.800142109394073486e-01,7.565929293632507324e-01,1.488731503486633301e+00,1.331665635108947754e+00,4.097677171230316162e-01
6.881387829780578613e-01,7.364673614501953125e-01,2.778348624706268311e-01,2.036066800355911255e-01,-5.290011167526245117e-01
3.253161609172821045e-01,3.493213057518005371e-01,1.072576403617858887e+00,1.607781291007995605e+00,5.224038958549499512e-01
9.570767283439636230e-01,1.233284950256347656e+00,6.333574652671813965e-01,5.465973615646362305e-01,3.204365074634552002e-01
5.135803818702697754e-01,5.181486606597900391e-01,7.050243020057678223e-01,1.310264110565185547e+00,1.019960761070251465e+00
6.164442896842956543e-01,7.051873207092285156e-01,5.261620283126831055e-01,6.883957982063293457e-01,1.727892458438873291e-01
4.568327367305755615e-01,4.582685232162475586e-01,9.647216200828552246e-01,1.283119082450866699e+00,4.244774580001831055e-01
3.228203654289245605e-01,5.805845260620117188e-01,2.115918844938278198e-01,-1.984483748674392700e-01,6.106757521629333496e-01
1.466306895017623901e-01,2.984951436519622803e-01,5.307648181915283203e-01,3.231622874736785889e-01,-1.019357368350028992e-01
1.080520391464233398e+00,7.029109001159667969e-01,1.599808216094970703e+00,8.930817246437072754e-01,1.412538051605224609e+00
8.841134309768676758e-01,5.899385213851928711e-01,8.698044717311859131e-02,-4.870024621486663818e-01,5.557253956794738770e-01
9.292606115341186523e-01,7.835374474525451660e-01,6.339421868324279785e-01,5.029529333114624023e-01,6.360189318656921387e-01
7.636117935180664062e-01,7.265442609786987305e-01,1.008958220481872559e+00,1.472275137901306152e+00,1.710822820663452148e+00
1.050801038742065430e+00,1.475273221731185913e-01,-2.565873563289642334e-01,-2.468486428260803223e-01,1.757526546716690063e-01
7.984899878501892090e-01,5.796946883201599121e-01,1.730241656303405762e+00,2.230655670166015625e+00,1.457525491714477539e+00
8.458471298217773438e-01,1.228835582733154297e+00,3.761605620384216309e-01,4.596561193466186523e-01,-1.654276698827743530e-01
1.137581706047058105e+00,8.528336286544799805e-01,1.580600857734680176e+00,6.803290843963623047e-01,1.161064386367797852e+00
8.168318867683410645e-01,6.149170398712158203e-01,7.950898408889770508e-01,3.005718290805816650e-01,3.781759440898895264e-01
9.490177035331726074e-01,4.313861131668090820e-01,5.305657982826232910e-01,8.471874594688415527e-01,8.718173503875732422e-01
7.597147226333618164e-01,2.809149920940399170e-01,4.605534970760345459e-01,2.670428454875946045e-01,2.396200448274612427e-01
1.169350624084472656e+00,5.593827962875366211e-01,4.732671678066253662e-01,-9.217633605003356934e-01,-5.681288242340087891e-01
2.690076828002929688e-01,1.058068126440048218e-01,1.125570774078369141e+00,2.298737913370132446e-01,1.172958254814147949e+00
4.174718558788299561e-01,2.467997819185256958e-01,-5.577347278594970703e-01,4.477298259735107422e-01,-5.150423049926757812e-01
1.270590186119079590e+00,2.698122859001159668e-01,1.131890296936035156e+00,6.220878362655639648e-01,1.921090364456176758e+00
6.430961489677429199e-01,6.490943431854248047e-01,5.340241193771362305e-01,3.691845834255218506e-01,-2.920360863208770752e-01
5.283947587013244629e-01,7.362138479948043823e-03,-7.821149230003356934e-01,-7.424482703208923340e-01,-2.571859359741210938e-01
2.086209058761596680e-01,6.088327765464782715e-01,1.219268798828125000e+00,1.725086927413940430e+00,2.437768504023551941e-02
7.852233052253723145e-01,7.489979863166809082e-01,2.125497609376907349e-01,2.153500616550445557e-01,6.251173615455627441e-01
5.441781282424926758e-01,-8.351862430572509766e-02,-3.234398784115910530e-03,2.526105754077434540e-02,3.949640989303588867e-01
3.445225358009338379e-01,1.161298394203186035e+00,8.489550352096557617e-01,1.375675797462463379e+00,7.499289512634277344e-01
7.368832230567932129e-01,5.231567621231079102e-01,1.717341393232345581e-01,-7.958056330680847168e-01,-2.820195257663726807e-01
4.878905713558197021e-01,3.646664321422576904e-01,1.188094139099121094e+00,1.055385351181030273e+00,1.158315539360046387e+00
6.185566186904907227e-01,7.025280594825744629e-01,-1.966763287782669067e-02,7.026268839836120605e-01,1.962953507900238037e-01
7.344710826873779297e-01,9.299317002296447754e-01,8.568792939186096191e-01,1.451952934265136719e+00,5.204863548278808594e-01
7.988594770431518555e-01,3.706057965755462646e-01,-3.846944272518157959e-01,-1.819235086441040039e+00,6.197671219706535339e-02
2.703810632228851318e-01,2.924626171588897705e-01,1.776804476976394653e-01,5.425365567207336426e-01,6.450834274291992188e-01
4.958798587322235107e-01,6.855066418647766113e-01,7.348802685737609863e-01,4.252674281597137451e-01,1.404465734958648682e-01
5.445964336395263672e-01,5.516326427459716797e-01,7.340841293334960938e-01,1.152387142181396484e+00,7.878363728523254395e-01
1.002433061599731445e+00,9.969204664230346680e-01,6.386444568634033203e-01,5.546274781227111816e-01,2.823145091533660889e-01
6.623931527137756348e-01,3.947461545467376709e-01,4.106691181659698486e-01,2.165756076574325562e-01,9.465059041976928711e-01
5.869201421737670898e-01,8.495948910713195801e-01,7.040788531303405762e-01,9.542862772941589355e-01,6.885020136833190918e-01
7.024651169776916504e-01,6.946847438812255859e-01,3.638574182987213135e-01,4.776187241077423096e-01,4.110415577888488770e-01
5.568383336067199707e-01,5.214598178863525391e-01,3.804523646831512451e-01,2.311908006668090820e-01,5.887251496315002441e-01
8.401862978935241699e-01,7.228398919105529785e-01,2.292691171169281006e-01,2.821519374847412109e-01,1.605467647314071655e-01
4.691791832447052002e-01,6.528090238571166992e-01,8.152426481246948242e-01,5.010139942169189453e-01,5.234766006469726562e-01
6.918684840202331543e-01,4.922181963920593262e-01,5.140206217765808105e-02,8.042564392089843750e-01,5.772871971130371094e-01
7.218806147575378418e-01,6.584587097167968750e-01,1.327870011329650879e+00,1.838551282882690430e+00,4.953175783157348633e-01
6.067051291465759277e-01,6.106643080711364746e-01,2.399426251649856567e-01,3.058215975761413574e-01,4.536287859082221985e-02
3.558720648288726807e-01,2.147954255342483521e-01,5.963733792304992676e-01,2.236911505460739136e-01,4.516040086746215820e-01
8.794844150543212891e-01,5.469453334808349609e-01,8.771814107894897461e-01,1.888945460319519043e+00,9.014916419982910156e-01
1.305642724037170410e+00,5.752970576286315918e-01,2.669374048709869385e-01,3.422772586345672607e-01,3.645523190498352051e-01
5.848008394241333008e-01,8.449178934097290039e-01,1.079493045806884766e+00,1.617219805717468262e+00,1.111799478530883789e+00
6.767752766609191895e-01,5.266748666763305664e-01,6.432597041130065918e-01,9.552557468414306641e-01,-2.109246402978897095e-01
7.238116860389709473e-01,7.818818688392639160e-01,1.062263607978820801e+00,6.252340078353881836e-01,8.407753705978393555e-01
8.954839110374450684e-01,9.447284340858459473e-01,8.554735779762268066e-01,7.693189978599548340e-01,3.122301399707794189e-01
7.210301160812377930e-01,8.165040612220764160e-01,1.133159160614013672e+00,1.994306564331054688e+00,8.466217517852783203e-01
5.994060039520263672e-01,7.488738298416137695e-01,5.144186615943908691e-01,-3.180954158306121826e-01,6.517477631568908691e-01
8.920887708663940430e-01,1.032815456390380859e+00,1.091634511947631836e+00,1.296490430831909180e+00,8.798226118087768555e-01
9.000641107559204102e-01,5.148892402648925781e-01,-2.054962813854217529e-01,-1.395504236221313477e+00,-8.859371393918991089e-02
4.914529919624328613e-01,5.888727903366088867e-01,1.332572340965270996e+00,2.316627264022827148e+00,3.150460422039031982e-01
9.742404818534851074e-01,7.670540809631347656e-01,2.727593481540679932e-01,9.888578951358795166e-02,6.257877945899963379e-01
1.280838251113891602e+00,1.000003933906555176e+00,5.683584809303283691e-01,3.902385234832763672e-01,4.071797728538513184e-01
9.218778610229492188e-01,1.081530690193176270e+00,1.081869125366210938e+00,5.805836319923400879e-01,1.162003040313720703e+00
8.339886665344238281e-01,3.565437495708465576e-01,4.189043939113616943e-01,4.272978380322456360e-02,7.675082087516784668e-01
1.193374276161193848e+00,1.069207072257995605e+00,1.152926325798034668e+00,1.444160580635070801e+00,1.090800881385803223e+00
1.173003673553466797e+00,5.080186128616333008e-01,-3.879785835742950439e-01,-4.955813288688659668e-01,1.658969968557357788e-01
7.481281757354736328e-01,9.097647070884704590e-01,1.506060481071472168e+00,2.444121599197387695e+00,8.987830281257629395e-01
1.432920575141906738e+00,8.617323637008666992e-01,8.499253392219543457e-01,1.116224169731140137e+00,1.117511749267578125e+00
1.353278636932373047e+00,4.112088084220886230e-01,1.499318003654479980e+00,1.234407782554626465e+00,1.426215291023254395e+00
6.838373541831970215e-01,8.291795849800109863e-01,5.298815965652465820e-01,9.541582465171813965e-01,5.351156592369079590e-01
4.977203309535980225e-01,7.121717929840087891e-01,-1.434082686901092529e-01,-3.845863342285156250e-01,-5.663856267929077148e-01
8.872506022453308105e-01,8.727005124092102051e-01,8.972346782684326172e-01,9.257326722145080566e-01,8.221769928932189941e-01
9.142649769783020020e-01,8.317043185234069824e-01,7.862823605537414551e-01,1.456763625144958496e+00,8.100820183753967285e-01
8.875991702079772949e-01,7.015967965126037598e-01,3.782256245613098145e-01,8.784482479095458984e-01,5.213579535484313965e-01
6.977872848510742188e-01,7.570068240165710449e-01,7.538388371467590332e-01,7.351498305797576904e-02,6.315268874168395996e-01
4.454692602157592773e-01,6.057803630828857422e-01,2.886576354503631592e-01,5.506398081779479980e-01,1.018955111503601074e-01
8.289134502410888672e-01,9.324150681495666504e-01,8.421877026557922363e-01,1.238084435462951660e+00,9.617385864257812500e-01
6.427894234657287598e-01,8.467079997062683105e-01,5.738818645477294922e-01,7.762150168418884277e-01,2.618120610713958740e-01
8.234826326370239258e-01,3.360559940338134766e-01,3.352330029010772705e-01,-2.939501702785491943e-01,1.508386135101318359e-01
7.464898824691772461e-01,5.160274505615234375e-01,1.097705125808715820e+00,1.410229206085205078e+00,6.832054257392883301e-01
9.211667180061340332e-01,9.393995404243469238e-01,9.502912163734436035e-01,7.833305597305297852e-01,9.942287802696228027e-01
1.092211484909057617e+00,1.037006020545959473e+00,7.152499556541442871e-01,1.032996177673339844e+00,6.774395108222961426e-01
9.142719507217407227e-01,5.232706069946289062e-01,6.247116923332214355e-01,1.217286586761474609e+00,2.942485809326171875e-01
8.933506011962890625e-01,9.310388565063476562e-01,4.554530978202819824e-01,4.910266697406768799e-01,8.258510828018188477e-01
9.740522503852844238e-01,5.516016483306884766e-01,1.305216789245605469e+00,1.323635458946228027e+00,8.621762394905090332e-01
1.078150033950805664e+00,6.525192856788635254e-01,1.045979738235473633e+00,2.359466850757598877e-01,1.161238670349121094e+00
1.162448883056640625e+00,7.823785543441772461e-01,8.352461457252502441e-01,3.470148444175720215e-01,1.364667654037475586e+00
5.762817263603210449e-01,5.050178766250610352e-01,1.119972765445709229e-01,1.281216740608215332e+00,2.280480265617370605e-01
8.477991223335266113e-01,8.442350029945373535e-01,1.275572180747985840e+00,9.614932537078857422e-01,1.265628337860107422e+00
9.368594884872436523e-01,8.630671501159667969e-01,7.444839477539062500e-01,5.846992731094360352e-01,4.357544779777526855e-01
8.594623804092407227e-01,1.543151736259460449e-01,3.354942202568054199e-01,1.478896737098693848e-01,6.203303337097167969e-01
5.148213505744934082e-01,9.210019707679748535e-01,1.071680665016174316e+00,2.010824084281921387e-01,3.769423067569732666e-01
5.318526029586791992e-01,2.807080447673797607e-01,5.025508999824523926e-01,4.362059533596038818e-01,4.662601053714752197e-01
1.048340082168579102e+00,9.686928987503051758e-01,8.330318331718444824e-01,1.947900056838989258e-01,5.533117651939392090e-01
2.604188323020935059e-01,5.744692683219909668e-01,1.008386015892028809e-01,-2.693293392658233643e-01,-1.751760691404342651e-01
1.648506045341491699e+00,1.928316354751586914e+00,1.177968025207519531e+00,7.293146848678588867e-01,7.308880686759948730e-01
4.216477870941162109e-01,1.027320981025695801e+00,6.654028892517089844e-01,9.895346760749816895e-01,3.323705792427062988e-01
1.015330195426940918e+00,1.040037870407104492e+00,2.073971033096313477e+00,2.052876949310302734e+00,9.749196767807006836e-01
1.017895698547363281e+00,3.838297128677368164e-01,-6.103061512112617493e-02,-6.281424313783645630e-02,9.873499274253845215e-01
6.270966529846191406e-01,8.135343790054321289e-01,2.641259729862213135e-01,4.910998344421386719e-01,6.297434568405151367e-01
5.814196467399597168e-01,8.156866431236267090e-01,2.965321540832519531e-01,3.196319341659545898e-01,9.047098457813262939e-02
1.057570338249206543e+00,3.514839112758636475e-01,1.203544616699218750e+00,3.726600408554077148e-01,1.725948214530944824e+00
1.156111836433410645e+00,7.274858355522155762e-01,1.238277107477188110e-01,-4.928009808063507080e-01,4.413192570209503174e-01
1.053770899772644043e+00,8.099128007888793945e-01,7.079352736473083496e-01,3.365702033042907715e-01,1.537255764007568359e+00
8.264664411544799805e-01,6.175245642662048340e-01,3.610708713531494141e-01,2.552263140678405762e-01,6.520427465438842773e-01
1.268638253211975098e+00,9.934540987014770508e-01,1.003857851028442383e+00,1.351603746414184570e+00,1.766966581344604492e+00
9.038147926330566406e-01,9.689515829086303711e-01,4.741877317428588867e-01,-6.619823724031448364e-02,1.599970012903213501e-01
8.863861560821533203e-01,9.557380080223083496e-01,1.649294495582580566e-01,-8.233897686004638672e-01,2.199623584747314453e-01
7.245158553123474121e-01,8.593731522560119629e-01,1.532333731651306152e+00,1.937180995941162109e+00,1.023500800132751465e+00
7.830412387847900391e-01,4.898900389671325684e-01,5.497856140136718750e-01,-2.560128569602966309e-01,2.255941629409790039e-01
1.471953868865966797e+00,1.306626915931701660e+00,6.969880461692810059e-01,-8.383159339427947998e-02,1.523390769958496094e+00
7.679550051689147949e-01,5.697818994522094727e-01,6.419659256935119629e-01,1.124126195907592773e+00,8.943848311901092529e-03
6.673917174339294434e-01,7.328871488571166992e-01,1.163413286209106445e+00,9.982416033744812012e-01,6.010480523109436035e-01
1.816260218620300293e+00,1.625904679298400879e+00,9.745865464210510254e-01,6.608848571777343750e-01,2.350301265716552734e+00
1.603561043739318848e+00,8.803058266639709473e-01,1.284218072891235352e+00,5.094099640846252441e-01,1.290663003921508789e+00
1.412584900856018066e+00,1.069155335426330566e+00,9.367565512657165527e-01,-3.796475231647491455e-01,1.523028731346130371e+00
3.166645765304565430e-01,7.213188409805297852e-01,1.175878167152404785e+00,9.180135130882263184e-01,3.879913687705993652e-01
1.005535364151000977e+00,9.119583964347839355e-01,1.715226471424102783e-01,1.015746966004371643e-01,1.364654302597045898e+00
1.135274171829223633e+00,9.088541865348815918e-01,1.440874934196472168e+00,1.370828509330749512e+00,1.216309785842895508e+00
9.332413077354431152e-01,1.190219283103942871e+00,1.305030107498168945e+00,3.714344799518585205e-01,1.111920118331909180e+00
8.648861646652221680e-01,1.042190074920654297e+00,2.950020432472229004e-01,4.958557188510894775e-01,1.120341062545776367e+00
1.193025708198547363e+00,9.492398500442504883e-01,1.290338516235351562e+00,8.242494463920593262e-01,1.532978296279907227e+00
1.139589548110961914e+00,9.185599684715270996e-01,1.565137982368469238e+00,1.776871204376220703e+00,1.243838548660278320e+00
8.820986747741699219e-01,9.351881742477416992e-01,7.593870759010314941e-01,2.555006742477416992e-01,1.031170725822448730e+00
6.495796442031860352e-01,8.177250623703002930e-01,9.037407636642456055e-01,-2.051431983709335327e-01,-1.936671733856201172e-01
8.251209259033203125e-01,2.366283386945724487e-01,8.931916356086730957e-01,9.009472131729125977e-01,9.533042907714843750e-01
1.295973300933837891e+00,1.609442114830017090e+00,1.545893311500549316e+00,1.105431914329528809e+00,1.380865812301635742e+00
7.941886186599731445e-01,8.760013580322265625e-01,-2.236835509538650513e-01,-1.342988312244415283e-01,5.207277536392211914e-01
7.717962861061096191e-01,9.890151023864746094e-01,7.024367451667785645e-01,6.458672285079956055e-01,5.435901880264282227e-01
7.646365761756896973e-01,7.017416357994079590e-01,7.776116728782653809e-01,9.565178751945495605e-01,9.742090106010437012e-01
1.083176493644714355e+00,8.531026840209960938e-01,2.487750202417373657e-01,-8.178107142448425293e-01,7.416019439697265625e-01
6.492101550102233887e-01,8.668025732040405273e-01,1.185232996940612793e+00,1.034605860710144043e+00,8.382142782211303711e-01
9.527683854103088379e-01,1.137882351875305176e+00,1.195520877838134766e+00,1.007570505142211914e+00,6.723843216896057129e-01
1.105199337005615234e+00,6.416339278221130371e-01,1.032320618629455566e+00,1.517437696456909180e+00,8.617739677429199219e-01
8.474923372268676758e-01,1.046929240226745605e+00,1.217950224876403809e+00,5.382196307182312012e-01,3.949775099754333496e-01
6.890241503715515137e-01,1.352651953697204590e+00,9.986703991889953613e-01,5.404878258705139160e-01,1.102694749832153320e+00
7.637860774993896484e-01,6.294550895690917969e-01,7.529680132865905762e-01,-1.898512095212936401e-01,-4.214604198932647705e-01
1.263883709907531738e+00,1.542298197746276855e+00,1.728064656257629395e+00,9.014959931373596191e-01,1.712807297706604004e+00
1.424073815345764160e+00,1.220888853073120117e+00,3.734984099864959717e-01,-8.421754837036132812e-01,1.340705633163452148e+00
9.045816659927368164e-01,8.164213299751281738e-01,1.348122239112854004e+00,2.019311428070068359e+00,1.141446948051452637e+00
1.048653841018676758e+00,1.939056873321533203e+00,6.874714493751525879e-01,1.777968704700469971e-01,8.848643898963928223e-01
1.046792387962341309e+00,9.894289970397949219e-01,1.541265606880187988e+00,2.303310871124267578e+00,6.973385810852050781e-01
1.463873863220214844e+00,1.382555723190307617e+00,7.248038649559020996e-01,2.927612066268920898e-01,1.430895090103149414e+00
1.410869956016540527e+00,1.005632877349853516e+00,6.989162564277648926e-01,9.003069996833801270e-01,1.397734403610229492e+00
8.387083411216735840e-01,1.141938567161560059e+00,1.034286141395568848e+00,7.737090587615966797e-01,1.146314382553100586e+00
9.643619060516357422e-01,4.517807364463806152e-01,8.917237520217895508e-01,6.242828369140625000e-01,1.526448130607604980e+00
1.192488908767700195e+00,1.038009762763977051e+00,1.321450948715209961e+00,1.453562617301940918e+00,1.125543713569641113e+00
1.628239989280700684e+00,1.160822391510009766e+00,7.197780907154083252e-02,-7.724835276603698730e-01,9.110791087150573730e-01
1.064046740531921387e+00,1.194741010665893555e+00,1.681464433670043945e+00,1.962094545364379883e+00,1.639915585517883301e+00
7.953876852989196777e-01,8.195255398750305176e-01,2.218424379825592041e-01,2.657807059586048126e-02,6.543088555335998535e-01
9.248895049095153809e-01,1.027652025222778320e+00,1.710549116134643555e+00,2.119752168655395508e+00,1.362347960472106934e+00
1.288241982460021973e+00,3.878237903118133545e-01,-2.178491950035095215e-01,-1.367700576782226562e+00,3.747164011001586914e-01
8.012228012084960938e-01,8.052358031272888184e-01,1.065186977386474609e+00,1.914791762828826904e-01,7.139792442321777344e-01
1.237852215766906738e+00,1.229073524475097656e+00,1.094072699546813965e+00,1.591611266136169434e+00,1.115393042564392090e+00
1.314336061477661133e+00,7.382264137268066406e-01,8.147201538085937500e-01,1.378840357065200806e-01,1.448313474655151367e+00
1.183572411537170410e+00,1.508358836174011230e+00,1.523949146270751953e+00,9.496218562126159668e-01,1.417995572090148926e+00
1.189567923545837402e+00,1.225369215011596680e+00,9.802218675613403320e-01,2.194108515977859497e-01,7.976652383804321289e-01
1.299486875534057617e+00,1.180089235305786133e+00,1.073982119560241699e+00,7.196748852729797363e-01,1.038545727729797363e+00
1.359887599945068359e+00,1.170290231704711914e+00,5.752129554748535156e-01,3.257780149579048157e-02,4.315574467182159424e-01
1.116158485412597656e+00,9.833136796951293945e-01,8.748799562454223633e-01,1.004863262176513672e+00,1.149948239326477051e+00
1.315437555313110352e+00,9.352192282676696777e-01,8.730388879776000977e-01,-6.254535317420959473e-01,4.299349486827850342e-01
1.118033766746520996e+00,7.552374601364135742e-01,1.281443983316421509e-01,4.393338561058044434e-01,7.597444057464599609e-01
1.833772540092468262e+00,2.109974384307861328e+00,1.512578964233398438e+00,6.488671302795410156e-01,8.531519770622253418e-01
1.615175485610961914e+00,7.874694466590881348e-01,9.702450037002563477e-01,1.099231004714965820e+00,1.827119588851928711e+00
1.281856060028076172e+00,8.268203735351562500e-01,-6.961421668529510498e-02,-7.499845027923583984e-01,3.299033045768737793e-01
8.838415741920471191e-01,1.110451579093933105e+00,9.112794399261474609e-01,1.268375754356384277e+00,7.098626494407653809e-01
1.583706259727478027e+00,1.201290965080261230e+00,9.864293932914733887e-01,9.236657023429870605e-01,1.515747666358947754e+00
1.414209246635437012e+00,9.704519510269165039e-01,1.204888224601745605e+00,1.872299790382385254e+00,1.837913870811462402e+00
1.288953065872192383e+00,1.467476487159729004e+00,1.336553096771240234e-01,-9.671089053153991699e-01,1.113100171089172363e+00
9.071819782257080078e-01,-2.331774868071079254e-02,-5.958757549524307251e-02,-1.025167226791381836e+00,-1.262731999158859253e-01
1.179103732109069824e+00,1.588002324104309082e+00,2.115744590759277344e+00,1.214469671249389648e+00,2.017461299896240234e+00
1.904895305633544922e+00,1.542577505111694336e+00,1.366396665573120117e+00,-1.598708517849445343e-02,1.806576967239379883e+00
1.379086971282958984e+00,9.282658100128173828e-01,1.504766702651977539e+00,5.106720924377441406e-01,1.407000064849853516e+00
1.076246857643127441e+00,1.720169067382812500e+00,1.388701558113098145e+00,1.044849276542663574e+00,1.294176220893859863e+00
8.324618935585021973e-01,6.086258292198181152e-01,-2.336231060326099396e-02,-2.796825170516967773e-01,-1.347745358943939209e-01
6.788806915283203125e-01,1.258666992187500000e+00,1.516808629035949707e+00,7.826355099678039551e-01,-2.241728007793426514e-01
1.707108139991760254e+00,1.940505504608154297e+00,1.144579052925109863e+00,-6.778780221939086914e-01,2.022650718688964844e+00
1.109605312347412109e+00,4.288820624351501465e-01,-9.852476418018341064e-03,-1.218164682388305664e+00,1.104397654533386230e+00
1.162065505981445312e+00,1.492930889129638672e+00,1.514022111892700195e+00,1.051233112812042236e-01,5.795801281929016113e-01
7.241672873497009277e-01,1.287546396255493164e+00,1.091609597206115723e+00,1.327988952398300171e-01,1.086603879928588867e+00
9.698414802551269531e-01,1.028562664985656738e+00,1.097157835960388184e+00,-1.866318434476852417e-01,8.542515039443969727e-01
1.286805868148803711e+00,1.724763274192810059e+00,1.709690690040588379e+00,9.495487213134765625e-01,1.665473341941833496e+00
9.339105486869812012e-01,3.577750921249389648e-01,9.026460349559783936e-02,-1.027819514274597168e+00,6.632795333862304688e-01
1.255789756774902344e+00,1.691217184066772461e+00,1.179858922958374023e+00,2.676464915275573730e-01,7.170767188072204590e-01
3.401374816894531250e-01,9.408481717109680176e-01,1.105791211128234863e+00,6.037959456443786621e-01,3.164540044963359833e-03
1.141137242317199707e+00,1.522586464881896973e+00,1.532383441925048828e+00,1.157252788543701172e+00,1.796855330467224121e+00
1.092699527740478516e+00,1.478972315788269043e+00,1.849130630493164062e+00,1.107846498489379883e+00,8.125358819961547852e-01
1.005814194679260254e+00,1.891396999359130859e+00,1.769639134407043457e+00,6.248499155044555664e-01,1.357386589050292969e+00
7.129850387573242188e-01,9.648126363754272461e-01,9.378014802932739258e-01,1.125113964080810547e+00,3.391957879066467285e-01
7.299396395683288574e-01,9.749220013618469238e-01,1.374519944190979004e+00,6.398492455482482910e-01,2.682886421680450439e-01
1.651650190353393555e+00,1.771284937858581543e+00,1.572738885879516602e+00,5.118610858917236328e-01,2.404299497604370117e+00
1.338805913925170898e+00,1.026607036590576172e+00,4.267664849758148193e-01,-9.448843002319335938e-01,8.521999120712280273e-01
9.803125858306884766e-01,9.665302634239196777e-01,8.772311210632324219e-01,2.448365390300750732e-01,1.408582329750061035e+00
7.198031544685363770e-01,5.556991696357727051e-01,1.366508603096008301e+00,1.091200828552246094e+00,6.336321234703063965e-01
1.676301240921020508e+00,1.636997103691101074e+00,1.180443644523620605e+00,8.597173728048801422e-04,1.304367065429687500e+00
1.560714483261108398e+00,6.258645653724670410e-01,4.218899905681610107e-01,-9.100382924079895020e-01,1.466791152954101562e+00
1.129961967468261719e+00,1.413794398307800293e+00,1.777264833450317383e+00,7.476431727409362793e-01,1.795460820198059082e+00
6.173436045646667480e-01,7.114371061325073242e-01,8.503732085227966309e-01,7.169494032859802246e-01,3.575930297374725342e-01
1.388393878936767578e+00,1.165540814399719238e+00,1.650712728500366211e+00,1.035630226135253906e+00,1.815145254135131836e+00
1.299068570137023926e+00,1.336944699287414551e+00,1.381063342094421387e+00,4.862707853317260742e-01,6.439704895019531250e-01
1.370818853378295898e+00,7.279101014137268066e-01,6.002795100212097168e-01,-2.685427963733673096e-01,9.709774255752563477e-01
7.515790462493896484e-01,1.442001342773437500e+00,1.767300367355346680e+00,1.433807373046875000e+00,5.818999409675598145e-01
9.719259142875671387e-01,1.019529461860656738e+00,9.600690603256225586e-01,-3.353995382785797119e-01,6.895344853401184082e-01
1.098283648490905762e+00,9.451009035110473633e-01,1.782128810882568359e+00,2.211760044097900391e+00,1.398512125015258789e+00
1.212399482727050781e+00,1.110803365707397461e+00,8.411427140235900879e-01,-1.200604438781738281e+00,5.703949332237243652e-01
9.423041939735412598e-01,5.915423631668090820e-01,7.709811329841613770e-01,-3.917018771171569824e-01,1.295637845993041992e+00
7.890994548797607422e-01,1.156290292739868164e+00,1.318316102027893066e+00,2.016860395669937134e-01,4.808089435100555420e-01
1.092197537422180176e+00,7.039559483528137207e-01,1.327820181846618652e+00,2.931087613105773926e-01,1.594901323318481445e+00
1.206808328628540039e+00,1.502450466156005859e+00,1.590826630592346191e+00,1.058531641960144043e+00,1.146005988121032715e+00
1.138773918151855469e+00,7.970303893089294434e-01,1.873214542865753174e-01,-7.225466966629028320e-01,5.137818455696105957e-01
8.523584604263305664e-01,1.719393014907836914e+00,1.892098426818847656e+00,2.195425510406494141e+00,8.583546876907348633e-01
9.317424297332763672e-01,2.608204483985900879e-01,4.939922094345092773e-01,3.371738493442535400e-01,1.099020600318908691e+00
8.991717696189880371e-01,1.580479860305786133e+00,2.056779146194458008e+00,1.700155138969421387e+00,7.047404050827026367e-01
1.103107929229736328e+00,1.229218363761901855e+00,4.447049498558044434e-01,-9.681881070137023926e-01,3.995902240276336670e-01
8.953304886817932129e-01,1.196965694427490234e+00,1.250978350639343262e+00,5.369392037391662598e-01,1.030835509300231934e+00
8.036836981773376465e-01,5.403437018394470215e-01,1.328367590904235840e+00,8.898806571960449219e-01,5.089277625083923340e-01
1.408659934997558594e+00,1.017625451087951660e+00,1.449806809425354004e+00,7.380764931440353394e-02,1.745069503784179688e+00
1.297402381896972656e+00,1.440024971961975098e+00,1.491381287574768066e+00,1.096231102943420410e+00,1.017587304115295410e+00
1.158572793006896973e+00,7.358982563018798828e-01,1.000449299812316895e+00,1.091658174991607666e-01,7.718125581741333008e-01
1.018321037292480469e+00,1.566810965538024902e+00,1.165465831756591797e+00,1.011338591575622559e+00,4.622105881571769714e-02
8.710977435111999512e-01,1.467362642288208008e+00,1.065137267112731934e+00,8.215239644050598145e-01,8.702485263347625732e-02
1.269084334373474121e+00,1.108837366104125977e+00,1.435762047767639160e+00,1.596696376800537109e-01,1.112322449684143066e+00
9.427155256271362305e-01,9.748185276985168457e-01,1.079729437828063965e+00,4.155544638633728027e-01,9.153432250022888184e-01
5.302631258964538574e-01,7.509433031082153320e-01,9.735042452812194824e-01,-9.522376060485839844e-01,-8.252879381179809570e-01
8.390778303146362305e-01,3.979641795158386230e-01,1.178614854812622070e+00,1.665656685829162598e+00,4.381278753280639648e-01
1.409865975379943848e+00,1.773809671401977539e+00,1.142563819885253906e+00,-2.243313550949096680e+00,1.478188872337341309e+00
7.395184040069580078e-01,1.261600404977798462e-01,3.769567310810089111e-01,-7.108216285705566406e-01,-8.788303285837173462e-02
6.711144447326660156e-01,1.428653240203857422e+00,1.603614926338195801e+00,5.424450635910034180e-01,4.726026058197021484e-01
1.624328970909118652e+00,1.756850361824035645e+00,1.032967448234558105e+00,-1.124364018440246582e+00,1.226460456848144531e+00
1.369292140007019043e+00,5.540953278541564941e-01,2.735430598258972168e-01,-7.462712526321411133e-01,9.085180163383483887e-01
9.086948037147521973e-01,1.261543512344360352e+00,1.288870573043823242e+00,5.318357944488525391e-01,7.489634752273559570e-01
9.987590909004211426e-01,7.788397669792175293e-01,8.732130527496337891e-01,3.074678480625152588e-01,4.145279228687286377e-01
1.688898682594299316e+00,1.874003052711486816e+00,1.844602465629577637e+00,1.027508616447448730e+00,1.719860434532165527e+00
1.416732907295227051e+00,9.858901500701904297e-01,7.471958994865417480e-01,-1.137442708015441895e+00,7.116863131523132324e-01
1.399464607238769531e+00,1.092188477516174316e+00,7.851129770278930664e-01,-5.861260294914245605e-01,5.688126757740974426e-02
8.855077028274536133e-01,1.894956469535827637e+00,1.628893017768859863e+00,8.389561176300048828e-01,1.549806714057922363e+00
1.092329978942871094e+00,1.037171602249145508e+00,1.021410703659057617e+00,-4.819721877574920654e-01,9.785937517881393433e-02
1.250637888908386230e+00,1.298907756805419922e+00,2.370391368865966797e+00,2.495942354202270508e+00,1.149532556533813477e+00
1.377302289009094238e+00,1.864411115646362305e+00,8.944107890129089355e-01,-1.001680493354797363e+00,8.504701256752014160e-01
1.229667782783508301e+00,7.586106657981872559e-01,1.386014461517333984e+00,1.197439908981323242e+00,1.490310668945312500e+00
9.600675106048583984e-01,1.493365526199340820e+00,1.717988252639770508e+00,9.984062314033508301e-01,4.873659908771514893e-01
1.406240820884704590e+00,1.659109354019165039e+00,1.580115795135498047e+00,1.553161740303039551e-01,9.543904066085815430e-01
1.246824502944946289e+00,9.454527497291564941e-01,1.138806939125061035e+00,3.752208948135375977e-01,8.541844487190246582e-01
1.236674070358276367e+00,1.286077141761779785e+00,2.276842594146728516e+00,2.300896406173706055e+00,1.631333827972412109e+00
1.313618063926696777e+00,1.392861723899841309e+00,9.620968103408813477e-01,-9.124528169631958008e-01,6.284829974174499512e-02
1.305280208587646484e+00,8.589592576026916504e-01,7.957864999771118164e-01,-7.155775278806686401e-02,8.658235073089599609e-01
1.297214150428771973e+00,1.484104633331298828e+00,2.353025197982788086e+00,2.117099761962890625e+00,1.128547430038452148e+00
1.898397922515869141e+00,1.551124453544616699e+00,1.795750617980957031e+00,1.127455353736877441e+00,2.035925626754760742e+00
1.423432469367980957e+00,9.106028676033020020e-01,1.599559426307678223e+00,3.810011446475982666e-01,1.269463300704956055e+00
1.321439981460571289e+00,1.872285485267639160e+00,1.726397633552551270e+00,5.751692056655883789e-01,1.518362402915954590e+00
5.684109330177307129e-01,7.728486061096191406e-01,1.034149289131164551e+00,1.157417416572570801e+00,1.945387572050094604e-01
1.303802251815795898e+00,1.112479686737060547e+00,1.709703207015991211e+00,1.779413700103759766e+00,1.486328125000000000e+00
1.699230313301086426e+00,1.669622302055358887e+00,1.126914262771606445e+00,-2.898527979850769043e-01,6.941740512847900391e-01
1.460186004638671875e+00,7.979305982589721680e-01,-5.906509608030319214e-02,-1.791102290153503418e+00,1.285822391510009766e+00
8.197389841079711914e-01,1.365586161613464355e+00,1.553630977869033813e-01,-8.278895169496536255e-02,2.623752355575561523e-01
1.074977993965148926e+00,1.967015385627746582e+00,1.835496425628662109e+00,-4.690947234630584717e-01,1.202605724334716797e+00
1.509237170219421387e+00,1.759944319725036621e+00,1.140934109687805176e+00,8.353160619735717773e-01,6.676241159439086914e-01
1.569212675094604492e+00,1.047767281532287598e+00,1.865526556968688965e+00,5.658037662506103516e-01,1.507179260253906250e+00
1.293707609176635742e+00,2.218766450881958008e+00,1.669658899307250977e+00,1.784188002347946167e-01,9.273577332496643066e-01
5.139986872673034668e-01,3.282747864723205566e-01,5.186482667922973633e-01,1.105889201164245605e+00,2.365493625402450562e-01
1.345644950866699219e+00,1.587836861610412598e+00,1.703333854675292969e+00,4.371754229068756104e-01,1.156719803810119629e+00
1.385458946228027344e+00,1.784136414527893066e+00,1.680170655250549316e+00,1.195062041282653809e+00,8.369135856628417969e-01
1.564346551895141602e+00,1.000542044639587402e+00,5.564409866929054260e-02,-1.561502814292907715e+00,8.036188483238220215e-01
1.509899497032165527e+00,1.319819808006286621e+00,9.987698793411254883e-01,2.546226792037487030e-02,1.221901297569274902e+00
6.210802793502807617e-01,1.198579907417297363e+00,1.236386299133300781e+00,1.466275453567504883e+00,2.226039320230484009e-01
1.134807109832763672e+00,1.014593720436096191e+00,1.239931702613830566e+00,7.302293181419372559e-01,7.931866049766540527e-01
1.586599469184875488e+00,1.589833855628967285e+00,1.704577922821044922e+00,1.112236499786376953e+00,1.777023315429687500e+00
1.411810994148254395e+00,1.014179825782775879e+00,5.955523252487182617e-01,-1.438819289207458496e+00,7.869647741317749023e-01
8.024916052818298340e-01,1.099969744682312012e+00,1.710499376058578491e-01,-1.094420194625854492e+00,-6.988001465797424316e-01
5.515887737274169922e-01,1.002756357192993164e+00,7.024492025375366211e-01,1.357182741165161133e+00,-1.250529736280441284e-01
1.816148638725280762e+00,1.052154541015625000e+00,9.891538023948669434e-01,-1.051599010825157166e-01,1.683883905410766602e+00
1.404191255569458008e+00,1.908635616302490234e+00,1.642178893089294434e+00,7.150836586952209473e-01,3.412607908248901367e-01
1.014542460441589355e+00,9.114410281181335449e-01,8.750417232513427734e-01,-1.155496761202812195e-01,1.126388549804687500e+00
1.134228467941284180e+00,1.655901670455932617e+00,5.974680781364440918e-01,-1.025258675217628479e-01,1.030486822128295898e+00
1.104913473129272461e+00,6.292481422424316406e-01,1.556865453720092773e+00,6.503121852874755859e-01,1.469017028808593750e+00
1.186444640159606934e+00,1.659492254257202148e+00,1.995449900627136230e+00,4.635522961616516113e-01,1.649288535118103027e+00
1.657910466194152832e+00,1.435782551765441895e+00,1.375229001045227051e+00,-7.883790880441665649e-03,1.531811714172363281e+00
1.816225409507751465e+00,1.975003600120544434e+00,2.085216999053955078e+00,2.503972649574279785e-01,1.648497462272644043e+00
1.841713070869445801e+00,1.504706263542175293e+00,3.645167350769042969e-01,-1.844002366065979004e+00,1.104746341705322266e+00
1.431024432182312012e+00,1.664883136749267578e+00,1.903257131576538086e+00,1.112638950347900391e+00,1.664910078048706055e+00
1.585616469383239746e+00,1.909722089767456055e+00,1.822334885597229004e+00,1.020063757896423340e+00,1.799027562141418457e+00
1.526540398597717285e+00,1.632951259613037109e+00,2.161896944046020508e+00,2.052712440490722656e+00,1.365029692649841309e+00
2.276048898696899414e+00,1.617264628410339355e+00,8.733374476432800293e-01,1.978630423545837402e-01,2.227286338806152344e+00
1.755636453628540039e+00,1.638124942779541016e+00,1.532259106636047363e+00,8.880331516265869141e-01,1.651568055152893066e+00
1.533218979835510254e+00,2.002796649932861328e+00,1.306734442710876465e+00,1.141174197196960449e+00,1.332526087760925293e+00
1.311185002326965332e+00,1.308861970901489258e+00,1.370016694068908691e+00,1.155076026916503906e+00,8.873316645622253418e-01
1.789831399917602539e+00,1.545671343803405762e+00,1.880902409553527832e+00,1.375803828239440918e+00,1.581438660621643066e+00
1.822931885719299316e+00,1.797215461730957031e+00,1.532818913459777832e+00,6.436722278594970703e-01,1.129512786865234375e+00
1.743080854415893555e+00,2.066681146621704102e+00,1.782987236976623535e+00,1.681021787226200104e-02,1.710273027420043945e+00
1.406986832618713379e+00,7.817990779876708984e-01,1.366906642913818359e+00,1.077555179595947266e+00,1.458370208740234375e+00
1.547510504722595215e+00,1.678076028823852539e+00,1.789132595062255859e+00,3.285034894943237305e-01,1.102855563163757324e+00
1.593096852302551270e+00,1.332195281982421875e+00,1.972435832023620605e+00,1.357566952705383301e+00,1.119885087013244629e+00
1.662651062011718750e+00,1.605882644653320312e+00,1.552312374114990234e+00,2.132281959056854248e-01,9.125675559043884277e-01
1.556956768035888672e+00,1.726387858390808105e+00,1.797940015792846680e+00,1.425667554140090942e-01,1.016461014747619629e+00
1.137860655784606934e+00,1.026327610015869141e+00,1.007154464721679688e+00,6.346177458763122559e-01,1.387516736984252930e+00
1.473703622817993164e+00,1.248360991477966309e+00,7.856603264808654785e-01,7.224735617637634277e-01,1.251428127288818359e+00
2.204605340957641602e+00,1.757481575012207031e+00,1.248229146003723145e+00,7.209553122520446777e-01,2.905463457107543945e+00
1.691101670265197754e+00,1.135750770568847656e+00,4.767503738403320312e-01,2.954501211643218994e-01,1.176618933677673340e+00
1.296698331832885742e+00,1.340255856513977051e+00,1.179809093475341797e+00,-9.546521306037902832e-02,1.628289937973022461e+00
1.073151469230651855e+00,1.029473185539245605e+00,-3.556594625115394592e-02,8.117561340332031250e-01,1.299271702766418457e+00
9.200583100318908691e-01,8.703516721725463867e-01,6.017101407051086426e-01,7.559842467308044434e-01,6.688041090965270996e-01
1.693534612655639648e+00,1.874054789543151855e+00,8.780148625373840332e-01,-2.591224610805511475e-01,1.552957773208618164e+00
1.309239983558654785e+00,8.234989047050476074e-01,2.178367525339126587e-01,6.404528617858886719e-01,2.398882247507572174e-02
1.459677100181579590e+00,1.856774806976318359e+00,2.523552656173706055e+00,8.323527574539184570e-01,1.839147567749023438e+00
1.363847374916076660e+00,1.191036701202392578e+00,6.224226951599121094e-01,9.888213276863098145e-01,1.643348336219787598e+00
1.674021601676940918e+00,1.409469246864318848e+00,7.908851504325866699e-01,6.456477642059326172e-01,1.630676746368408203e+00
1.256563663482666016e+00,1.155183196067810059e+00,1.119276165962219238e+00,2.843652367591857910e-01,1.200057983398437500e+00
1.660155296325683594e+00,2.138553857803344727e+00,1.253478765487670898e+00,-9.328848100267350674e-04,2.125243425369262695e+00
1.785822868347167969e+00,1.539525032043457031e+00,1.044636130332946777e+00,-2.842372059822082520e-01,1.359840393066406250e+00
1.645306110382080078e+00,1.149212718009948730e+00,6.362311244010925293e-01,-2.393489778041839600e-01,9.961864948272705078e-01
1.548793196678161621e+00,1.768667101860046387e+00,1.026847004890441895e+00,-2.690549492835998535e-01,1.571046590805053711e+00
2.076462984085083008e+00,1.679628133773803711e+00,1.286220908164978027e+00,5.898941755294799805e-01,2.146872282028198242e+00
