2.033644914627075195e+00,7.164716720581054688e-01,5.666547417640686035e-01,8.704455494880676270e-01,7.742745876312255859e-01,6.472916156053543091e-02,5.217518657445907593e-03,9.926134943962097168e-01,7.987937927246093750e-01,4.723595678806304932e-01,7.594740986824035645e-01,3.793054819107055664e-01,-1.258535385131835938e-01,4.016770124435424805e-01,1.036159843206405640e-01,-1.788315176963806152e-01,1.034517765045166016e+00,4.842774868011474609e-01,1.075948476791381836e+00,-4.602098166942596436e-01,1.287434529513120651e-02,-6.906026005744934082e-01,-4.708654582500457764e-01,3.022823631763458252e-01,9.947418235242366791e-03,1.005803227424621582e+00,-1.343752294778823853e-01,1.137843012809753418e+00,4.243062734603881836e-01,3.852752149105072021e-01,1.968909502029418945e+00,-3.397869467735290527e-01,-2.644805014133453369e-01,1.726637929677963257e-01,-5.376099944114685059e-01,4.351454079151153564e-01,5.165548324584960938e-01,-5.601570010185241699e-03,9.266534447669982910e-01,-7.097528576850891113e-01,3.771144449710845947e-01,9.310926198959350586e-01,1.278577446937561035e+00,-3.963570892810821533e-01,-5.710505247116088867e-01,-4.614734649658203125e-01,5.038228034973144531e-01,5.324385166168212891e-01,-4.116403460502624512e-01,3.855331838130950928e-01,1.771499663591384888e-01,1.239016279578208923e-02,1.267703771591186523e-01
1.678150653839111328e+00,2.147501945495605469e+00,1.030972957611083984e+00,4.991621375083923340e-01,1.342487454414367676e+00,2.203529596328735352e+00,-7.965499758720397949e-01,6.855233311653137207e-01,1.431522130966186523e+00,1.960714817047119141e+00,1.487677454948425293e+00,5.166602134704589844e-01,8.302513360977172852e-01,2.249031782150268555e+00,2.917379140853881836e+00,1.532266616821289062e+00,1.835926055908203125e+00,5.820384621620178223e-01,1.907088279724121094e+00,9.637355208396911621e-01,-4.233805835247039795e-01,6.839330196380615234e-01,6.240659356117248535e-01,-1.068971902132034302e-01,-3.184582889080047607e-01,-1.768203526735305786e-01,2.189237833023071289e+00,2.405316114425659180e+00,2.150991678237915039e+00,1.358697563409805298e-02,-8.967704176902770996e-01,2.395103693008422852e+00,1.438778162002563477e+00,1.523995995521545410e+00,9.450296163558959961e-01,6.151381731033325195e-01,1.223392844200134277e+00,2.768921852111816406e+00,2.014030694961547852e+00,1.104987978935241699e+00,2.842796146869659424e-01,1.590772986412048340e+00,1.548624992370605469e+00,-5.559938549995422363e-01,1.905071854591369629e+00,6.335450410842895508e-01,2.368281602859497070e+00,-1.174204707145690918e+00,-3.854106068611145020e-01,-4.147795960307121277e-02,3.498711824417114258e+00,1.957281589508056641e+00,2.114284276962280273e+00
2.817056179046630859e+00,1.810200810432434082e+00,8.451225161552429199e-01,1.323770642280578613e+00,2.239889383316040039e+00,2.834348678588867188e+00,1.720050811767578125e+00,5.795831084251403809e-01,2.259089708328247070e+00,1.908867955207824707e+00,1.802139520645141602e+00,1.690907597541809082e+00,1.493660092353820801e+00,5.924412608146667480e-01,-5.495821684598922729e-02,2.168786764144897461e+00,7.729380726814270020e-01,1.230738997459411621e+00,5.356600880622863770e-01,1.206078529357910156e+00,1.021247386932373047e+00,9.229765534400939941e-01,1.000725150108337402e+00,8.982629776000976562e-01,9.149558544158935547e-01,1.649903357028961182e-01,2.295080900192260742e+00,1.403227090835571289e+00,1.840404152870178223e+00,1.606313228607177734e+00,1.540876477956771851e-01,1.779017329216003418e+00,2.621030092239379883e+00,1.531104922294616699e+00,1.531574130058288574e+00,1.925174474716186523e+00,2.122988224029541016e+00,3.527041375637054443e-01,2.350304841995239258e+00,-5.170737579464912415e-02,9.500290751457214355e-01,6.289759278297424316e-01,1.303574562072753906e+00,1.134198427200317383e+00,1.336580991744995117e+00,7.005393505096435547e-01,1.541856050491333008e+00,8.552916646003723145e-01,7.610630393028259277e-01,1.889638781547546387e+00,5.497541427612304688e-01,3.796068429946899414e-01,-1.936691552400588989e-01
1.375176906585693359e+00,-4.075179994106292725e-01,3.310653269290924072e-01,4.486314654350280762e-01,3.961374759674072266e-01,9.353856444358825684e-01,1.557022929191589355e+00,1.024507761001586914e+00,1.175612136721611023e-01,-3.721532225608825684e-01,1.246792357414960861e-02,-8.668578267097473145e-01,-9.512094259262084961e-01,8.368321061134338379e-01,-7.355235815048217773e-01,-1.327272295951843262e+00,1.109393220394849777e-02,5.014333724975585938e-01,5.676350593566894531e-01,1.831074059009552002e-01,-5.181492567062377930e-01,6.065784692764282227e-01,3.910706043243408203e-01,4.759133756160736084e-01,7.962537407875061035e-01,-4.027890563011169434e-01,-3.786550462245941162e-01,1.325453877449035645e+00,4.591725170612335205e-01,6.144388318061828613e-01,8.047058582305908203e-01,2.694324851036071777e-01,-4.011818468570709229e-01,8.713918924331665039e-02,-1.608378171920776367e+00,-1.081764340400695801e+00,2.727360427379608154e-01,-3.521063625812530518e-01,-1.527586817741394043e+00,-1.434720009565353394e-01,2.333143055438995361e-01,4.307680726051330566e-01,1.506240069866180420e-01,1.405311703681945801e+00,1.050257086753845215e+00,2.134905457496643066e-01,-1.782124638557434082e-01,-1.074889600276947021e-01,1.480810642242431641e-01,3.575281500816345215e-01,2.258917242288589478e-01,1.305536508560180664e+00,8.339498043060302734e-01
1.205749750137329102e+00,1.949112564325332642e-01,3.069654665887355804e-02,-3.325720727443695068e-01,-5.023319721221923828e-01,1.588503956794738770e+00,1.101263523101806641e+00,3.689527809619903564e-01,-3.135748803615570068e-01,-4.762592315673828125e-01,-2.339450567960739136e-01,-1.174738049507141113e+00,-7.592951655387878418e-01,-9.639331102371215820e-01,1.299536228179931641e-01,-9.452472329139709473e-01,2.431429624557495117e-01,-1.212681829929351807e-01,5.819050073623657227e-01,-8.464419245719909668e-01,3.642103374004364014e-01,6.388722062110900879e-01,-6.685068607330322266e-01,1.275313258171081543e+00,3.973613381385803223e-01,1.655182123184204102e+00,-1.073803663253784180e+00,2.949025034904479980e-01,1.263137578964233398e+00,1.311609506607055664e+00,1.049068450927734375e+00,-5.407724380493164062e-01,-5.226081013679504395e-01,-3.554488420486450195e-01,-4.979411959648132324e-01,-3.210828602313995361e-01,-4.648803770542144775e-01,-1.655633330345153809e+00,-7.630995512008666992e-01,-1.108339428901672363e+00,1.311310082674026489e-01,-4.632991552352905273e-02,2.298016846179962158e-02,4.147375524044036865e-01,-1.138783693313598633e-01,7.971771806478500366e-02,-8.279583454132080078e-01,9.239816665649414062e-01,5.908426046371459961e-01,8.910472393035888672e-01,-6.397210955619812012e-01,6.932581067085266113e-01,-2.589222192764282227e-01
-3.195667266845703125e-02,-1.079077005386352539e+00,-1.699832201004028320e+00,-2.019412368535995483e-01,7.395306229591369629e-01,9.872785210609436035e-01,1.188965082168579102e+00,-1.107662439346313477e+00,2.197960168123245239e-01,6.347202658653259277e-01,-8.124324679374694824e-01,-6.044746041297912598e-01,-1.104454994201660156e+00,6.706595420837402344e-01,1.397797465324401855e+00,-2.553071379661560059e-01,1.016001224517822266e+00,6.118333339691162109e-01,1.507582068443298340e+00,-2.862083353102207184e-02,1.440784335136413574e-01,-1.333311319351196289e+00,-5.210093855857849121e-01,4.537123143672943115e-01,-1.101730585098266602e+00,4.828197956085205078e-01,4.920525476336479187e-02,6.017836332321166992e-01,3.797171711921691895e-01,4.810646474361419678e-01,-9.114716202020645142e-02,-5.113017559051513672e-01,-8.543658256530761719e-01,-6.201919913291931152e-01,-1.359543323516845703e+00,-9.287109375000000000e-01,-7.023274302482604980e-01,6.916931271553039551e-01,-3.974997997283935547e-01,-3.348743915557861328e-01,2.717187702655792236e-01,1.189793467521667480e+00,1.266858220100402832e+00,8.914133310317993164e-01,1.542405784130096436e-01,-1.798709630966186523e+00,-5.709629654884338379e-01,6.238423585891723633e-01,-1.513526891358196735e-03,-5.286560654640197754e-01,-4.609819650650024414e-01,5.414885282516479492e-01,5.353353172540664673e-02
2.013648509979248047e+00,2.106024265289306641e+00,1.607478737831115723e+00,9.506950974464416504e-01,1.378057718276977539e+00,1.548177003860473633e+00,3.642562329769134521e-01,-1.164950430393218994e-01,1.764827609062194824e+00,1.166691660881042480e+00,2.123561859130859375e+00,4.189927279949188232e-01,8.811445832252502441e-01,1.725336074829101562e+00,1.930565357208251953e+00,1.848249316215515137e+00,1.632130622863769531e+00,7.397814989089965820e-01,1.052505731582641602e+00,3.506876528263092041e-01,5.565244555473327637e-01,1.539163142442703247e-01,1.042444705963134766e+00,2.917524874210357666e-01,3.969104588031768799e-01,2.791976034641265869e-01,1.937098979949951172e+00,1.210043430328369141e+00,1.397916078567504883e+00,-8.984041213989257812e-02,-1.533777832984924316e+00,1.253123283386230469e+00,7.506431341171264648e-01,1.638679504394531250e+00,-1.585847288370132446e-01,1.226513862609863281e+00,8.455999493598937988e-01,1.639379382133483887e+00,1.699576854705810547e+00,3.824856281280517578e-01,3.695947825908660889e-01,8.177345395088195801e-01,1.720028996467590332e+00,-3.362567424774169922e-01,1.043089747428894043e+00,4.179719090461730957e-02,1.258373260498046875e+00,5.170487165451049805e-01,-4.422830641269683838e-01,6.662667393684387207e-01,6.431313753128051758e-01,8.508071899414062500e-01,6.049180626869201660e-01
1.837555885314941406e+00,1.336118221282958984e+00,-1.156617701053619385e-02,1.399433165788650513e-01,9.131813645362854004e-01,3.019818067550659180e-01,-2.973199263215065002e-02,1.479122161865234375e+00,1.754257678985595703e+00,1.630478858947753906e+00,2.005499839782714844e+00,1.256153821945190430e+00,8.693727850914001465e-01,1.430528879165649414e+00,1.082607507705688477e+00,1.326477885246276855e+00,6.190140247344970703e-01,4.301590323448181152e-01,9.762567877769470215e-01,1.812705159187316895e+00,-1.272117495536804199e+00,2.361648559570312500e+00,3.143543958663940430e+00,6.957685202360153198e-02,1.326876640319824219e+00,-1.886433720588684082e+00,2.901688575744628906e+00,3.250767230987548828e+00,6.757397949695587158e-02,9.887738823890686035e-01,-9.583197534084320068e-02,1.601080656051635742e+00,7.149543762207031250e-01,1.772135496139526367e+00,1.649241328239440918e+00,7.620482444763183594e-01,3.070762157440185547e-01,1.462338924407958984e+00,1.548494458198547363e+00,1.726788640022277832e+00,2.294521927833557129e-01,1.025787949562072754e+00,9.564731121063232422e-01,-1.763201594352722168e+00,3.404186964035034180e+00,1.972148537635803223e+00,2.492917776107788086e+00,-1.937119007110595703e+00,8.489220403134822845e-03,1.066958427429199219e+00,3.325528860092163086e+00,2.761357545852661133e+00,2.582290172576904297e+00
5.768746137619018555e-01,1.136989593505859375e+00,7.017326951026916504e-01,1.135632768273353577e-01,1.762418746948242188e-01,4.229848086833953857e-02,-1.430203199386596680e+00,-4.390525221824645996e-01,1.541449576616287231e-01,8.898831009864807129e-01,2.737899422645568848e-01,5.061790347099304199e-01,-5.137428045272827148e-01,1.059999346733093262e+00,-3.322000801563262939e-01,-2.813992463052272797e-02,-7.661198377609252930e-01,-4.555641710758209229e-01,-1.114797234535217285e+00,-4.925986230373382568e-01,-2.871115505695343018e-01,1.409722805023193359e+00,-4.864363372325897217e-01,5.611836314201354980e-01,2.574775218963623047e-01,-1.717737555503845215e+00,4.927633106708526611e-01,-3.317300975322723389e-01,4.707816243171691895e-01,-5.888781547546386719e-01,-7.548347711563110352e-01,-6.312508583068847656e-01,5.357362031936645508e-01,-3.379294574260711670e-01,-6.133101135492324829e-02,-1.705279648303985596e-01,1.163200855255126953e+00,3.843053281307220459e-01,-4.455233216285705566e-01,-3.400877118110656738e-01,-5.013273358345031738e-01,-1.056653141975402832e+00,-9.745028018951416016e-01,-8.746582865715026855e-01,-1.288682818412780762e-01,1.412294149398803711e+00,5.926185473799705505e-02,-2.055733203887939453e+00,-3.060549795627593994e-01,1.041937232017517090e+00,-1.302641481161117554e-01,7.624519467353820801e-01,4.656347334384918213e-01
2.784390449523925781e-01,-8.224707245826721191e-01,-1.365424513816833496e+00,-1.442955583333969116e-01,1.204837441444396973e+00,-1.181246995925903320e+00,3.371985554695129395e-01,4.769539535045623779e-01,-6.609148383140563965e-01,-8.922881484031677246e-01,-8.401725888252258301e-01,-1.210558652877807617e+00,-1.313857197761535645e+00,1.991469264030456543e-01,-6.034716367721557617e-01,-2.132420301437377930e+00,5.284610986709594727e-01,3.468607068061828613e-01,1.024934053421020508e+00,1.226158626377582550e-02,2.991237640380859375e-01,-2.035126984119415283e-01,2.212580107152462006e-02,1.030297130346298218e-01,6.390676498413085938e-01,5.649999380111694336e-01,-8.061904311180114746e-01,8.730925321578979492e-01,-3.327167928218841553e-01,-7.110349535942077637e-01,8.260169029235839844e-01,-1.622380852699279785e+00,-1.917250394821166992e+00,-1.106518268585205078e+00,-2.505631446838378906e+00,-1.403390884399414062e+00,-5.645069479942321777e-01,-9.660491943359375000e-01,-1.613244056701660156e+00,-5.235815048217773438e-01,-1.354743726551532745e-02,9.422451853752136230e-01,9.615611433982849121e-01,-6.775444149971008301e-01,-5.561834946274757385e-02,-7.098976373672485352e-01,-1.673846691846847534e-01,-5.695068240165710449e-01,-3.984474837779998779e-01,-6.561079621315002441e-02,2.283276468515396118e-01,4.219708144664764404e-01,2.345038950443267822e-01
-4.917356371879577637e-01,7.608626037836074829e-03,2.160192430019378662e-01,1.982183754444122314e-01,-1.041947364807128906e+00,2.012846916913986206e-01,-4.242970347404479980e-01,-1.428659081459045410e+00,2.465731948614120483e-01,3.241201639175415039e-01,-3.326998949050903320e-01,-6.319533586502075195e-01,-8.463102579116821289e-01,1.343747496604919434e+00,1.180309057235717773e+00,-6.395213007926940918e-01,-8.700698614120483398e-02,-4.943504631519317627e-01,-1.781136542558670044e-01,-1.204021796584129333e-01,1.692286729812622070e+00,-2.958191335201263428e-01,1.038753151893615723e+00,-3.413697183132171631e-01,-8.230620026588439941e-01,-6.195012480020523071e-02,-4.842138290405273438e-01,4.085061252117156982e-01,4.355653524398803711e-01,-5.616034269332885742e-01,-4.532091617584228516e-01,-5.267524123191833496e-01,4.700076580047607422e-01,2.811058163642883301e-01,-1.636971592903137207e+00,-1.217416524887084961e+00,1.408946514129638672e+00,5.213960409164428711e-01,-1.456866264343261719e+00,-9.905437827110290527e-01,-2.874920070171356201e-01,-6.832390427589416504e-01,6.751952320337295532e-02,1.557855010032653809e+00,2.367261052131652832e-02,-1.541797518730163574e+00,-1.061435341835021973e+00,1.087042331695556641e+00,1.239709705114364624e-01,-5.872741341590881348e-01,-1.284325599670410156e+00,5.098443031311035156e-01,1.141758561134338379e-01
-2.635007202625274658e-01,-1.044207811355590820e+00,-7.681612372398376465e-01,6.636827588081359863e-01,1.603678017854690552e-01,-7.204979658126831055e-01,-7.665557861328125000e-01,8.549006581306457520e-01,-1.770464926958084106e-01,-1.794540286064147949e-01,-1.888345740735530853e-02,-6.733285784721374512e-01,-9.140546917915344238e-01,-8.568152189254760742e-01,3.879081010818481445e-01,-9.179193973541259766e-01,-4.357646405696868896e-01,-8.459826111793518066e-01,4.083663225173950195e-01,5.775976181030273438e-02,-9.157883375883102417e-02,3.717698156833648682e-01,1.451547294855117798e-01,-1.129658699035644531e+00,-1.049062848091125488e+00,-6.067694425582885742e-01,1.474533081054687500e-01,5.050041079521179199e-01,-1.189710497856140137e+00,-4.666710197925567627e-01,8.948679566383361816e-01,-4.150690734386444092e-01,-4.117934405803680420e-01,-1.072130128741264343e-01,-1.089987233281135559e-01,-1.367824435234069824e+00,1.026117578148841858e-01,-2.457235455513000488e-01,-7.500072121620178223e-01,-3.870428204536437988e-01,-4.549340009689331055e-01,2.199720293283462524e-01,-4.860366880893707275e-01,-3.944068551063537598e-01,4.749880731105804443e-01,-2.296736240386962891e-01,-3.245818912982940674e-01,-2.289307117462158203e-01,-7.744437456130981445e-01,-8.693971633911132812e-01,6.126939058303833008e-01,1.169979691505432129e+00,1.315035223960876465e+00
-8.550300598144531250e-01,-7.396888732910156250e-01,-1.187138319015502930e+00,-1.010324835777282715e+00,-1.051881551742553711e+00,-8.023349046707153320e-01,-1.725425601005554199e+00,-1.850446820259094238e+00,-1.813331842422485352e-01,-7.710029184818267822e-02,2.902927994728088379e-01,-1.738426238298416138e-01,-4.851339161396026611e-01,8.067747354507446289e-01,-9.999575465917587280e-02,4.892710149288177490e-01,-9.143087267875671387e-02,-3.449309468269348145e-01,2.795971632003784180e-01,6.772760152816772461e-01,-6.266759634017944336e-01,2.993120811879634857e-03,9.204806685447692871e-01,3.243046700954437256e-01,-1.397335231304168701e-01,-1.373769164085388184e+00,9.906441569328308105e-01,7.071042805910110474e-02,-2.301210165023803711e-01,-1.083907961845397949e+00,-1.588965535163879395e+00,2.308376580476760864e-01,-2.870059609413146973e-01,1.464690268039703369e-01,2.886122763156890869e-01,-3.345305025577545166e-01,1.207635030150413513e-01,3.690051138401031494e-01,8.914483785629272461e-01,-1.457062661647796631e-01,1.063702404499053955e-01,1.749491393566131592e-01,1.501503437757492065e-01,-6.895230412483215332e-01,5.035139918327331543e-01,-3.632113039493560791e-01,6.453992724418640137e-01,1.956170797348022461e-01,-6.102668121457099915e-02,-2.350645363330841064e-01,8.420886993408203125e-01,2.209700495004653931e-01,4.752188920974731445e-02
1.840770483016967773e+00,1.032642722129821777e+00,8.513673543930053711e-01,1.930821061134338379e+00,2.004773855209350586e+00,1.157830595970153809e+00,5.741367936134338379e-01,1.970246076583862305e+00,1.580616950988769531e+00,2.137025117874145508e+00,8.255661725997924805e-01,8.470337986946105957e-01,1.194979071617126465e+00,1.203181624412536621e+00,-5.468459725379943848e-01,6.477125734090805054e-02,9.489701688289642334e-02,2.245004028081893921e-01,4.166850745677947998e-01,1.143137812614440918e+00,1.765193343162536621e+00,8.151090145111083984e-01,5.237780809402465820e-01,1.130198463797569275e-01,5.390298366546630859e-01,-1.692941069602966309e+00,1.324114799499511719e+00,6.724471449851989746e-01,8.852677941322326660e-01,6.996158361434936523e-01,2.220716714859008789e+00,9.615004062652587891e-01,8.930990099906921387e-01,4.285628795623779297e-01,1.411445736885070801e+00,8.032730221748352051e-01,4.153225123882293701e-01,-9.870315790176391602e-01,-4.959389194846153259e-02,6.634715795516967773e-01,3.678742647171020508e-01,3.797456920146942139e-01,-8.765773475170135498e-02,-3.400360643863677979e-01,7.881791591644287109e-01,1.138849854469299316e+00,4.439399838447570801e-01,-1.862688779830932617e+00,-3.311611115932464600e-01,4.964713454246520996e-01,1.517629504203796387e+00,1.408839702606201172e+00,1.680884003639221191e+00
5.016630291938781738e-01,2.394325882196426392e-01,-5.759780406951904297e-01,-8.746164441108703613e-01,-5.676016211509704590e-01,-2.630128860473632812e-01,-7.561207413673400879e-01,-4.813394248485565186e-01,-1.517079919576644897e-01,-2.714830636978149414e-01,5.949297547340393066e-01,-4.060973227024078369e-02,-2.933186888694763184e-01,-5.441299676895141602e-01,-2.670470178127288818e-01,-2.202646434307098389e-01,-9.063616991043090820e-01,1.872515529394149780e-01,-4.184731245040893555e-01,1.139887928962707520e+00,-1.724274992942810059e+00,2.569093465805053711e+00,1.346999883651733398e+00,5.351425409317016602e-01,1.073832750320434570e+00,-1.812752485275268555e+00,1.302731037139892578e+00,2.316350221633911133e+00,2.267957925796508789e-01,1.419448256492614746e-01,-1.247830986976623535e-01,8.567475676536560059e-01,-3.622022569179534912e-01,1.177439332008361816e+00,5.737317800521850586e-01,-6.991602778434753418e-01,-4.808498322963714600e-01,-1.531498879194259644e-01,2.730220556259155273e-01,1.209076523780822754e+00,7.247036695480346680e-01,-8.405700922012329102e-01,-5.351598262786865234e-01,-1.815171003341674805e+00,1.561122655868530273e+00,2.445220470428466797e+00,1.338301181793212891e+00,-7.558066248893737793e-01,8.677967786788940430e-01,1.431502103805541992e+00,2.386397361755371094e+00,2.281717061996459961e+00,2.530411481857299805e+00
-1.025828067213296890e-02,-2.291239738464355469e+00,-1.780223727226257324e+00,-3.826333582401275635e-02,7.092545181512832642e-02,-3.592851758003234863e-01,4.005691111087799072e-01,-4.327007234096527100e-01,3.298114836215972900e-01,1.022626876831054688e+00,1.629908680915832520e-01,5.762891769409179688e-01,1.570799350738525391e-01,6.816660612821578979e-02,-5.083774924278259277e-01,-5.221244692802429199e-01,-1.368589878082275391e+00,-1.121590137481689453e+00,1.233898103237152100e-01,2.024967223405838013e-01,6.128245592117309570e-02,1.863659977912902832e+00,3.530189394950866699e-01,-3.636945188045501709e-01,-5.114325881004333496e-01,-1.356627464294433594e+00,3.634649813175201416e-01,3.376666307449340820e-01,-6.756231784820556641e-01,5.295895338058471680e-01,1.309793889522552490e-01,-1.370211094617843628e-01,2.253425270318984985e-01,4.500102996826171875e-01,6.204222440719604492e-01,3.595740199089050293e-01,2.108142822980880737e-01,-2.445683032274246216e-01,-5.015994906425476074e-01,4.683631360530853271e-01,-3.311301767826080322e-01,4.529554247856140137e-01,-9.721344709396362305e-01,-9.323151707649230957e-01,7.329089641571044922e-01,1.659474611282348633e+00,7.851128280162811279e-02,-4.864082038402557373e-01,-1.335168242454528809e+00,3.195693343877792358e-02,2.435695976018905640e-01,1.342455267906188965e+00,1.077316999435424805e+00
-8.669428825378417969e-01,-1.382552504539489746e+00,-2.161731719970703125e+00,-2.740218162536621094e+00,-1.725066423416137695e+00,-8.445457816123962402e-01,1.452567696571350098e+00,-1.503759145736694336e+00,1.620724052190780640e-02,-6.946585178375244141e-01,-1.612961888313293457e-01,8.041473031044006348e-01,1.362670511007308960e-01,-2.283787965774536133e+00,-5.512440204620361328e-01,2.725371122360229492e-01,-5.908516645431518555e-01,2.293884605169296265e-01,-1.734136700630187988e+00,9.022392034530639648e-01,-8.536366224288940430e-01,-2.284846603870391846e-01,1.815877556800842285e+00,7.215380072593688965e-01,4.241132140159606934e-01,1.659028053283691406e+00,-2.735430374741554260e-02,9.451404213905334473e-01,-2.044623374938964844e+00,1.307046890258789062e+00,-8.608785867691040039e-01,-1.343188434839248657e-01,-5.606549978256225586e-01,-6.458806991577148438e-01,8.990449309349060059e-01,2.855457961559295654e-01,-1.853273868560791016e+00,-2.564834058284759521e-01,6.989342570304870605e-01,4.127546548843383789e-01,-1.770070046186447144e-01,-1.639492034912109375e+00,-6.955015659332275391e-01,2.879893779754638672e-01,8.235037922859191895e-01,1.016282677650451660e+00,1.345519721508026123e-01,4.012854397296905518e-01,-2.998378276824951172e-01,3.596578538417816162e-01,-8.421351201832294464e-03,-4.312468767166137695e-01,-1.004569828510284424e-01
-7.782583832740783691e-01,-8.752528429031372070e-01,-3.148374855518341064e-01,6.133760809898376465e-01,2.836071252822875977e-01,-1.184116482734680176e+00,-4.525607526302337646e-01,2.060827165842056274e-01,6.168440580368041992e-01,4.593892395496368408e-01,-7.767233997583389282e-03,1.192010402679443359e+00,-1.442894190549850464e-01,1.114994287490844727e+00,5.001522302627563477e-01,-5.665763616561889648e-01,7.302840054035186768e-02,-5.893546342849731445e-01,9.439920783042907715e-01,-1.984775513410568237e-01,-1.899756193161010742e-01,3.694405257701873779e-01,1.325181685388088226e-03,-8.653808236122131348e-01,-3.666267096996307373e-01,-8.922094106674194336e-01,1.000960394740104675e-01,7.349097728729248047e-01,-1.311090826988220215e+00,-9.677254408597946167e-02,-6.718164682388305664e-01,-9.661419391632080078e-01,-7.293671369552612305e-01,-4.105856120586395264e-01,-3.613987192511558533e-02,4.645685479044914246e-02,-6.421208381652832031e-01,9.079446792602539062e-01,7.048321887850761414e-03,-1.388225913047790527e+00,-5.398762226104736328e-01,1.002925634384155273e+00,2.483355700969696045e-01,5.905553102493286133e-01,-7.704247236251831055e-01,3.770087361335754395e-01,-2.629138529300689697e-01,3.881824910640716553e-01,-5.718260407447814941e-01,-4.192895293235778809e-01,-5.997022613883018494e-02,7.206641435623168945e-01,9.322396516799926758e-01
-1.321758180856704712e-01,-1.302379369735717773e+00,-2.237109661102294922e+00,-9.712401628494262695e-01,-8.547640442848205566e-01,-6.829310059547424316e-01,-1.033252239227294922e+00,1.318867206573486328e+00,-8.996193110942840576e-02,-1.831303723156452179e-02,-2.580335550010204315e-02,5.561707615852355957e-01,2.990065217018127441e-01,-1.367391943931579590e+00,-2.317175388336181641e+00,4.677159190177917480e-01,-1.025305151939392090e+00,6.006682291626930237e-02,-1.490445137023925781e+00,-1.461185365915298462e-01,-7.980728745460510254e-01,1.058858036994934082e+00,-1.444542765617370605e+00,1.969634413719177246e+00,8.081549406051635742e-01,-6.728372573852539062e-01,5.988703966140747070e-01,8.402656018733978271e-02,-2.341754436492919922e+00,1.854029744863510132e-01,1.510060548782348633e+00,-1.609855055809020996e+00,1.791653484106063843e-01,-5.367157459259033203e-01,1.047260046005249023e+00,1.115346670150756836e+00,-5.486397072672843933e-02,-1.800945043563842773e+00,1.219067573547363281e+00,7.665671408176422119e-02,-1.502369940280914307e-01,-1.745639920234680176e+00,-1.484573960304260254e+00,-2.575123071670532227e+00,-3.831440806388854980e-01,1.405820846557617188e+00,7.485350370407104492e-01,-6.699653267860412598e-01,5.857526659965515137e-01,1.215445399284362793e+00,2.185607403516769409e-01,1.982426047325134277e-01,4.210959970951080322e-01
2.650134563446044922e-01,-1.874287128448486328e+00,-6.602395772933959961e-01,-4.234568178653717041e-01,8.259083628654479980e-01,-2.304183006286621094e+00,1.036660671234130859e+00,-1.094289898872375488e+00,9.573135375976562500e-01,-8.747653663158416748e-02,1.338526368141174316e+00,1.189458847045898438e+00,1.206184849143028259e-01,7.360970973968505859e-01,-3.894859850406646729e-01,-7.764077186584472656e-02,8.778572678565979004e-01,5.902346968650817871e-01,1.159707903861999512e+00,1.228670597076416016e+00,-7.822960615158081055e-01,9.119158983230590820e-02,5.193765759468078613e-01,1.198059879243373871e-02,4.052892029285430908e-01,-8.275828361511230469e-01,5.759837627410888672e-01,8.721304535865783691e-01,-1.195388674736022949e+00,1.223079919815063477e+00,-2.241268157958984375e-01,4.347797632217407227e-01,-7.011047601699829102e-01,5.916596651077270508e-01,1.376590728759765625e+00,6.395643949508666992e-01,-7.823863625526428223e-01,9.338368177413940430e-01,1.383114457130432129e+00,6.671599149703979492e-01,6.085758805274963379e-01,1.076601386070251465e+00,1.489692568778991699e+00,-1.358227372169494629e+00,6.432561278343200684e-01,7.184898257255554199e-01,9.084683060646057129e-01,1.241604566574096680e+00,1.895807683467864990e-01,1.066867351531982422e+00,9.169064760208129883e-01,9.829601049423217773e-01,1.238516092300415039e+00
4.971720576286315918e-01,2.335152387619018555e+00,1.561741709709167480e+00,1.324197292327880859e+00,1.421117424964904785e+00,1.877780914306640625e+00,-9.336474537849426270e-02,1.738931775093078613e+00,1.078662276268005371e+00,8.595102429389953613e-01,4.273189008235931396e-01,1.659130305051803589e-01,2.570128738880157471e-01,1.098995730280876160e-01,-1.190420031547546387e+00,2.282087951898574829e-01,-2.674743533134460449e-01,-2.852458357810974121e-01,-4.918055236339569092e-02,6.854242086410522461e-01,3.937380015850067139e-01,3.982588350772857666e-01,8.576291799545288086e-01,2.582893371582031250e-01,2.871788740158081055e-01,8.561799526214599609e-01,4.874224364757537842e-01,8.415678739547729492e-01,1.645382761955261230e+00,3.275746703147888184e-01,1.202125787734985352e+00,2.832299470901489258e-01,2.578108608722686768e-01,2.253184318542480469e-01,-1.217752620577812195e-01,2.817393094301223755e-02,3.782307803630828857e-01,-2.006651639938354492e+00,-8.069050312042236328e-02,3.509044051170349121e-01,-7.192413508892059326e-02,-3.308981359004974365e-01,-6.867159008979797363e-01,-8.003342151641845703e-01,1.256368517875671387e+00,-2.107557840645313263e-02,1.982186883687973022e-01,3.717651590704917908e-02,1.120683401823043823e-01,7.167304754257202148e-01,7.008628845214843750e-01,9.701626896858215332e-01,5.534971952438354492e-01
6.161113977432250977e-01,-8.163838386535644531e-01,-3.382337093353271484e-01,-2.075852632522583008e+00,-1.007685542106628418e+00,-1.094963312149047852e+00,1.081835508346557617e+00,-7.044031023979187012e-01,7.337299734354019165e-02,-1.127780795097351074e+00,-7.722849398851394653e-02,-4.652552306652069092e-01,-5.204917788505554199e-01,-1.573177337646484375e+00,-6.012055277824401855e-01,-1.143780276179313660e-01,8.949257433414459229e-02,1.138131022453308105e+00,-7.777656316757202148e-01,1.484499692916870117e+00,-2.282229185104370117e+00,5.374301671981811523e-01,1.280977487564086914e+00,4.826513826847076416e-01,7.358647584915161133e-01,-3.519771695137023926e-01,8.623815178871154785e-01,2.559982538223266602e+00,1.122214272618293762e-01,1.805404067039489746e+00,8.233925104141235352e-01,1.316165775060653687e-01,-1.444990277290344238e+00,1.234070211648941040e-01,1.586209237575531006e-01,-7.001302242279052734e-01,-2.009713172912597656e+00,-1.556652188301086426e+00,-4.872654676437377930e-01,7.858775854110717773e-01,2.045831382274627686e-01,-1.067382574081420898e+00,-6.981295943260192871e-01,-1.779730081558227539e+00,7.601447701454162598e-01,8.828226327896118164e-01,6.370358467102050781e-01,-1.603333801031112671e-01,6.755611300468444824e-01,1.267685770988464355e+00,1.515147209167480469e+00,8.625583052635192871e-01,9.803237318992614746e-01
7.610982283949851990e-03,2.208240628242492676e-01,-5.801559090614318848e-01,7.378839254379272461e-01,6.846428513526916504e-01,-2.371650189161300659e-01,-6.390542984008789062e-01,2.526739835739135742e-01,8.369630575180053711e-01,1.448207348585128784e-01,-5.536121129989624023e-01,5.842188000679016113e-01,2.357330918312072754e-01,2.304898798465728760e-01,2.651893496513366699e-01,-7.622847706079483032e-02,5.219848752021789551e-01,-6.793329715728759766e-01,9.093445539474487305e-01,7.917436212301254272e-02,-5.423964262008666992e-01,6.012150645256042480e-01,7.785679101943969727e-01,-9.559520483016967773e-01,-8.449951410293579102e-01,2.404957711696624756e-01,5.201379656791687012e-01,1.357952237129211426e+00,-5.032754540443420410e-01,1.211484298110008240e-01,-6.568220257759094238e-01,1.275154799222946167e-01,1.102163419127464294e-01,-3.897888362407684326e-01,5.724107101559638977e-02,2.991845011711120605e-01,2.782684266567230225e-01,4.745483696460723877e-01,-7.103101909160614014e-02,-7.923321723937988281e-01,-1.333893179893493652e+00,8.893480300903320312e-01,1.606625467538833618e-01,5.993146300315856934e-01,5.422584414482116699e-01,3.058565258979797363e-01,7.041954249143600464e-02,-4.542689025402069092e-01,-1.344065070152282715e+00,-9.176286458969116211e-01,-7.162788510322570801e-02,1.276941776275634766e+00,1.217407345771789551e+00
-1.109076142311096191e+00,-1.398291468620300293e+00,-7.318795323371887207e-01,-1.202409565448760986e-01,8.459575474262237549e-02,-3.363506793975830078e-01,-2.549242973327636719e-01,7.966801524162292480e-03,-5.813466757535934448e-02,1.116133213043212891e+00,-1.059349775314331055e+00,4.207395911216735840e-01,-8.476402163505554199e-01,-8.575971126556396484e-01,7.833755612373352051e-01,-5.668058991432189941e-01,-1.138239726424217224e-01,-1.089473217725753784e-01,2.729101181030273438e-01,-4.463782608509063721e-01,5.631053447723388672e-01,-9.947958588600158691e-01,-5.284398794174194336e-01,2.764579057693481445e-01,-1.177693605422973633e+00,1.943179130554199219e+00,-6.363378763198852539e-01,-1.027817726135253906e+00,3.017397224903106689e-01,1.899403780698776245e-01,5.378893017768859863e-01,-2.023525238037109375e-01,5.585080385208129883e-01,-7.035959362983703613e-01,2.261592298746109009e-01,-6.742343306541442871e-01,-3.441022634506225586e-01,-9.275770187377929688e-01,-8.510209321975708008e-01,1.140363961458206177e-01,-1.216381788253784180e-01,-3.649826943874359131e-01,-8.830558061599731445e-01,1.208127498626708984e+00,1.525613758713006973e-02,-9.080560803413391113e-01,-1.181783080101013184e+00,2.917182147502899170e-01,-1.065203905105590820e+00,-6.109400391578674316e-01,-9.880819916725158691e-01,-5.128524303436279297e-01,-8.094136118888854980e-01
-6.843738555908203125e-01,-8.193402886390686035e-01,-1.647718429565429688e+00,-2.431700527667999268e-01,-9.467545151710510254e-01,-1.470633387565612793e+00,-2.474519759416580200e-01,5.654807686805725098e-01,-3.104038834571838379e-01,-5.677213668823242188e-01,-5.156434774398803711e-01,5.321268439292907715e-01,-3.996185958385467529e-01,6.064174175262451172e-01,2.285113632678985596e-01,-2.050295472145080566e-01,6.091629266738891602e-01,2.292824238538742065e-01,2.951061725616455078e-01,3.103861212730407715e-02,-9.090422987937927246e-01,1.274682879447937012e-01,-6.546397805213928223e-01,-8.001080155372619629e-01,-4.684492051601409912e-01,-3.144653514027595520e-02,-2.394060045480728149e-01,1.133560776710510254e+00,-1.524449586868286133e+00,-5.383114218711853027e-01,-1.172558069229125977e-01,-6.327450871467590332e-01,-1.822467565536499023e+00,-5.785502195358276367e-01,3.800387203227728605e-04,-8.682773113250732422e-01,-1.111336588859558105e+00,-7.081217169761657715e-01,-7.624239325523376465e-01,-3.459039032459259033e-01,-5.549516081809997559e-01,1.653981804847717285e-01,-3.361155390739440918e-01,-8.388505578041076660e-01,-3.402016460895538330e-01,1.500068157911300659e-01,-1.777079552412033081e-01,-1.061384916305541992e+00,-5.692952275276184082e-01,-2.514757812023162842e-01,4.074263572692871094e-01,1.323654770851135254e+00,1.544991850852966309e+00
-5.281360149383544922e-01,-1.569681286811828613e+00,-8.871653676033020020e-01,-1.207145810127258301e+00,-9.153851270675659180e-01,-7.532020807266235352e-01,-7.116538286209106445e-01,-1.318022489547729492e+00,8.369630575180053711e-01,-2.146542221307754517e-01,1.310160875320434570e+00,1.710554957389831543e+00,-5.496807396411895752e-02,-3.047461509704589844e-01,-7.839798927307128906e-01,1.651587605476379395e+00,-3.442311584949493408e-01,-1.581035107374191284e-01,-5.832203030586242676e-01,3.091144263744354248e-01,-3.298332393169403076e-01,1.270574927330017090e+00,-5.366512537002563477e-01,2.593859732151031494e-01,-3.321911692619323730e-01,-1.937192082405090332e+00,1.627753734588623047e+00,6.959351301193237305e-01,-1.047250866889953613e+00,7.861036062240600586e-01,4.661732316017150879e-01,9.525352120399475098e-01,-2.639525532722473145e-01,1.157968044281005859e+00,1.631506204605102539e+00,-8.294922113418579102e-02,-2.264187932014465332e-01,-7.252756953239440918e-01,1.469191670417785645e+00,2.917494475841522217e-01,-6.318688392639160156e-01,-7.134132385253906250e-01,-1.137319684028625488e+00,-8.071099519729614258e-01,9.014227390289306641e-01,1.275541663169860840e+00,1.266154527664184570e+00,-5.022228956222534180e-01,-1.685119122266769409e-01,4.105087816715240479e-01,6.664234995841979980e-01,1.587589859962463379e+00,1.412835478782653809e+00
-3.397050797939300537e-01,-1.385856866836547852e+00,-7.149920463562011719e-01,1.600659728050231934e+00,2.547057867050170898e+00,-3.825044333934783936e-01,-5.569373369216918945e-01,5.145445466041564941e-01,4.893294870853424072e-01,1.501566052436828613e+00,-1.140431642532348633e+00,9.054851531982421875e-01,-3.268372034654021263e-03,1.209481716156005859e+00,1.220931887626647949e+00,5.188408866524696350e-02,3.836129009723663330e-01,1.575521379709243774e-01,1.503449440002441406e+00,-5.695750117301940918e-01,1.173131585121154785e+00,-5.575522184371948242e-01,-9.277218580245971680e-01,-1.170454621315002441e-01,-2.741316854953765869e-01,-1.192880630493164062e+00,-3.507118299603462219e-02,-5.556875467300415039e-01,3.132126927375793457e-01,-1.477678120136260986e-01,7.427805662155151367e-01,-9.368938207626342773e-01,7.547610402107238770e-01,-1.211923956871032715e+00,2.894447147846221924e-01,-5.110107362270355225e-02,9.816030859947204590e-01,2.682775855064392090e-01,-7.369331121444702148e-01,-7.698476314544677734e-01,-4.428423643112182617e-01,1.252734422683715820e+00,-2.653414905071258545e-01,1.480882018804550171e-01,-1.295850157737731934e+00,-2.931137196719646454e-02,-5.921140313148498535e-01,-1.505154490470886230e+00,-7.129278779029846191e-01,5.727420374751091003e-02,-4.228074848651885986e-01,-2.493793517351150513e-01,-3.715339601039886475e-01
3.267049491405487061e-01,-8.331663012504577637e-01,-1.559586763381958008e+00,-1.047990798950195312e+00,-1.036093592643737793e+00,-1.289654612541198730e+00,-1.904263347387313843e-01,5.921989083290100098e-01,-1.141964554786682129e+00,-2.420894205570220947e-01,1.097318530082702637e+00,-6.844771504402160645e-01,9.181861281394958496e-01,-5.197111368179321289e-01,-1.922250539064407349e-01,1.076466917991638184e+00,-4.488994777202606201e-01,1.427501589059829712e-01,-4.186904132366180420e-01,7.759025096893310547e-01,-1.645703434944152832e+00,1.945692539215087891e+00,-1.786628961563110352e-01,-1.536094993352890015e-01,7.711175084114074707e-01,-1.612173199653625488e+00,8.487957119941711426e-01,1.964616537094116211e+00,-6.631778478622436523e-01,2.241725027561187744e-01,2.730805277824401855e-01,-2.763312160968780518e-01,-6.259436607360839844e-01,2.843590918928384781e-03,4.412249624729156494e-01,7.730855941772460938e-01,-4.815504848957061768e-01,1.227106526494026184e-02,1.416603177785873413e-01,5.833215713500976562e-01,-6.196208000183105469e-01,-2.759546935558319092e-01,-9.015743732452392578e-01,-2.242320775985717773e+00,1.028755187988281250e+00,2.390719413757324219e+00,7.477588653564453125e-01,-1.844818949699401855e+00,-9.353773593902587891e-01,8.783714771270751953e-01,2.466655492782592773e+00,1.909340023994445801e+00,1.808701634407043457e+00
5.493143945932388306e-02,-1.311596632003784180e+00,-7.788478732109069824e-01,-1.732645392417907715e+00,-9.651595354080200195e-01,-2.627499997615814209e-01,2.331365644931793213e-01,-5.889351963996887207e-01,-3.909703195095062256e-01,-2.140014171600341797e-01,8.140666484832763672e-01,-1.973958760499954224e-01,8.349204808473587036e-02,-8.057146668434143066e-01,-1.765131235122680664e+00,-1.303898841142654419e-01,-1.506368994712829590e+00,7.656531780958175659e-02,-8.659055829048156738e-01,3.576897680759429932e-01,-1.732439994812011719e+00,2.667595148086547852e+00,4.894653260707855225e-01,1.460058569908142090e+00,1.639727234840393066e+00,-6.028823852539062500e-01,4.462589621543884277e-01,1.417481899261474609e+00,-1.105704784393310547e+00,7.595598697662353516e-01,4.099027812480926514e-02,-5.897630453109741211e-01,-6.365024447441101074e-01,1.212526440620422363e+00,-2.508074641227722168e-01,6.034541502594947815e-02,-1.158974885940551758e+00,-2.195553541183471680e+00,-1.433402299880981445e-01,8.557960391044616699e-01,2.396187931299209595e-01,-1.097144246101379395e+00,-1.262396693229675293e+00,-1.629558324813842773e+00,8.077766895294189453e-01,2.586678743362426758e+00,5.856328606605529785e-01,-7.528631091117858887e-01,5.422786474227905273e-01,1.506827473640441895e+00,1.740389347076416016e+00,2.158914804458618164e+00,1.675964951515197754e+00
-2.963555753231048584e-01,-2.650627851486206055e+00,-2.525604486465454102e+00,-3.023944795131683350e-01,3.860483169555664062e-01,-3.059903979301452637e-01,-5.571995377540588379e-01,-4.989150464534759521e-01,-1.401750087738037109e+00,1.677034497261047363e-01,-1.054144740104675293e+00,-7.013962268829345703e-01,-3.600727021694183350e-01,-1.064713224768638611e-01,-1.210792958736419678e-01,-7.953500747680664062e-01,1.461822241544723511e-01,-3.386750817298889160e-01,6.007537841796875000e-01,-5.561202168464660645e-01,-2.519800961017608643e-01,-3.554413914680480957e-01,-5.865349173545837402e-01,1.354649960994720459e-01,-3.031661212444305420e-01,7.467244267463684082e-01,-6.671444773674011230e-01,6.410984992980957031e-01,-9.371490478515625000e-01,-5.235145092010498047e-01,1.043684244155883789e+00,-1.150754809379577637e+00,-2.640053629875183105e-01,1.199368759989738464e-01,-6.396594643592834473e-01,-1.517012566328048706e-01,7.503014523535966873e-03,-1.561212658882141113e+00,-8.774247765541076660e-01,1.540759205818176270e-01,-1.135891228914260864e-01,-1.857160590589046478e-02,-2.150571048259735107e-01,9.710702113807201385e-03,-4.275199770927429199e-01,4.979781508445739746e-01,-2.214848846197128296e-01,7.355728000402450562e-02,-8.559721112251281738e-01,5.455228313803672791e-02,2.433608025312423706e-01,-3.140667974948883057e-01,-1.690241545438766479e-01
-2.259421825408935547e+00,-5.473862960934638977e-02,-2.159093022346496582e-01,-3.768303990364074707e-01,-7.743606567382812500e-01,3.584308922290802002e-01,-2.999417856335639954e-02,-3.184288144111633301e-01,-8.313844799995422363e-01,3.258724212646484375e-01,-1.050795793533325195e+00,1.679935753345489502e-01,5.414178371429443359e-01,-1.449512124061584473e+00,1.329169631004333496e+00,-9.642425924539566040e-02,-8.972858786582946777e-01,-1.470285177230834961e+00,-4.951147139072418213e-01,-1.240979313850402832e+00,6.860330104827880859e-01,-5.895901322364807129e-01,-1.909066200256347656e+00,-1.295386314392089844e+00,-2.066846370697021484e+00,9.985231757164001465e-01,-1.184033155441284180e+00,-5.085003376007080078e-01,-7.349715828895568848e-01,-1.151489913463592529e-01,-1.124078154563903809e+00,-9.379111528396606445e-01,-9.292629361152648926e-01,-1.198549389839172363e+00,-4.989908337593078613e-01,2.560344636440277100e-01,-1.939799308776855469e+00,7.977938652038574219e-01,-5.599763989448547363e-01,-1.444384098052978516e+00,-1.325074076652526855e+00,-8.266587853431701660e-01,-1.098372578620910645e+00,8.134819269180297852e-01,-7.797626852989196777e-01,-3.590097427368164062e-01,-1.597916126251220703e+00,2.210094451904296875e+00,-1.734636545181274414e+00,-1.611308217048645020e+00,-1.325411558151245117e+00,-3.574969172477722168e-01,-4.867797493934631348e-01
-1.471235990524291992e+00,-5.197778344154357910e-01,-8.494323492050170898e-01,5.900042057037353516e-01,2.190777808427810669e-01,-1.187884211540222168e+00,-3.239056587219238281e+00,-9.741796851158142090e-01,-3.429534196853637695e+00,-2.299746513366699219e+00,-1.543319106101989746e+00,-3.517952919006347656e+00,-2.466545581817626953e+00,-8.191344738006591797e-01,-5.791260004043579102e-01,-2.148114204406738281e+00,-1.852435827255249023e+00,-1.259929418563842773e+00,-1.025544047355651855e+00,-1.848516464233398438e+00,-9.298697113990783691e-02,5.737068653106689453e-01,-2.496263742446899414e+00,-7.748886346817016602e-01,-7.957183122634887695e-01,-5.497070029377937317e-03,-2.333482503890991211e+00,-1.112384080886840820e+00,-9.389769434928894043e-01,-2.683289051055908203e+00,-3.346449136734008789e-01,-2.636686801910400391e+00,-1.944756150245666504e+00,-6.485797166824340820e-01,-2.919367074966430664e+00,-2.803563356399536133e+00,-6.612725257873535156e-01,-1.389995336532592773e+00,-2.570610761642456055e+00,-9.788227081298828125e-01,-9.259661436080932617e-01,-1.798815727233886719e+00,-2.133442878723144531e+00,-1.098871588706970215e+00,-8.317769169807434082e-01,9.644386358559131622e-03,-1.562308669090270996e+00,5.940903425216674805e-01,-5.607883334159851074e-01,-6.834638118743896484e-01,-1.914175450801849365e-01,7.073766589164733887e-01,6.117502450942993164e-01
-8.141860365867614746e-01,-2.013068437576293945e+00,-1.313618659973144531e+00,5.910709500312805176e-01,1.037953019142150879e+00,5.919377803802490234e-01,-7.234522700309753418e-01,2.261652648448944092e-01,-1.256413459777832031e+00,-3.620003163814544678e-01,-1.036633253097534180e+00,-3.627789616584777832e-01,-1.411639571189880371e+00,7.100318670272827148e-01,-4.581418037414550781e-01,-1.209593057632446289e+00,8.227638602256774902e-01,5.097038149833679199e-01,5.329341888427734375e-01,1.135099492967128754e-02,-1.532190799713134766e+00,-5.862612128257751465e-01,-1.483186006546020508e+00,9.074005484580993652e-01,1.747326552867889404e-01,-1.090025678277015686e-01,-5.155890583992004395e-01,-5.659063458442687988e-01,5.087980628013610840e-01,-7.792218923568725586e-01,1.058024406433105469e+00,-1.507423043251037598e+00,-6.232335567474365234e-01,-1.487294435501098633e+00,-1.604903459548950195e+00,-1.261080980300903320e+00,5.709006190299987793e-01,-1.431066870689392090e+00,-1.452556848526000977e+00,2.108901888132095337e-01,1.043730154633522034e-01,-3.397741541266441345e-02,-3.329679667949676514e-01,-3.992797732353210449e-01,-1.181234598159790039e+00,-4.856499135494232178e-01,-6.472620964050292969e-01,-4.432133138179779053e-01,1.052556931972503662e-01,2.359073162078857422e-01,-8.324493765830993652e-01,-6.460698843002319336e-01,-7.836260795593261719e-01
7.678583264350891113e-01,-6.951675415039062500e-01,-3.631911575794219971e-01,7.848197221755981445e-01,6.827834248542785645e-01,8.293875455856323242e-01,1.606418937444686890e-01,-3.554315268993377686e-01,1.503074765205383301e+00,1.169423222541809082e+00,6.297108530998229980e-01,1.263160943984985352e+00,1.352610826492309570e+00,9.364243745803833008e-01,1.570768713951110840e+00,7.408708930015563965e-01,2.006359815597534180e+00,1.785113811492919922e+00,1.521962642669677734e+00,1.672160029411315918e+00,-3.426573053002357483e-02,-2.125935792922973633e+00,5.552511215209960938e-01,1.064004302024841309e+00,1.238120123744010925e-01,1.471168279647827148e+00,2.376595586538314819e-01,-7.439436018466949463e-02,2.722988426685333252e-01,5.415380597114562988e-01,-3.141986429691314697e-01,1.435733318328857422e+00,5.385695099830627441e-01,1.988344788551330566e-01,1.089607238769531250e+00,1.245296478271484375e+00,3.478026688098907471e-01,6.197928786277770996e-01,1.329028606414794922e+00,1.764416575431823730e+00,1.795793414115905762e+00,1.381257176399230957e+00,1.578572630882263184e+00,7.191747426986694336e-02,9.856488704681396484e-01,-1.442822575569152832e+00,9.408935308456420898e-01,-4.857592582702636719e-01,9.961098432540893555e-01,7.579806447029113770e-01,-1.789711117744445801e-01,-8.854662179946899414e-01,-4.347876608371734619e-01
1.972048044204711914e+00,2.877799570560455322e-01,6.187684535980224609e-01,1.047638773918151855e+00,9.604248404502868652e-01,1.104229092597961426e+00,2.299116611480712891e+00,2.082321882247924805e+00,2.411296844482421875e+00,2.280144929885864258e+00,2.904521703720092773e+00,1.858528256416320801e+00,2.608033418655395508e+00,1.072141051292419434e+00,6.982524394989013672e-01,1.943843841552734375e+00,7.407850623130798340e-01,2.497772455215454102e+00,8.433701992034912109e-01,2.125100851058959961e+00,7.478184252977371216e-02,8.492809534072875977e-02,-4.342099726200103760e-01,1.987311482429504395e+00,1.985087633132934570e+00,1.287689685821533203e+00,1.788569450378417969e+00,-2.788996696472167969e-01,2.804660499095916748e-01,1.969985485076904297e+00,2.586816787719726562e+00,7.394371628761291504e-01,1.734055161476135254e+00,2.454018831253051758e+00,1.327855348587036133e+00,2.530024766921997070e+00,1.117992997169494629e+00,1.748979464173316956e-02,1.695358753204345703e+00,1.620643138885498047e+00,2.614017724990844727e+00,6.018978953361511230e-01,5.364586114883422852e-01,3.421179354190826416e-01,4.692542254924774170e-01,7.215737104415893555e-01,1.603388309478759766e+00,-9.885925054550170898e-02,1.538732290267944336e+00,2.113553762435913086e+00,-2.763966321945190430e-01,1.415183693170547485e-01,7.117946743965148926e-01
1.338303804397583008e+00,2.689975202083587646e-01,9.966702461242675781e-01,-4.978287220001220703e-01,-7.105888724327087402e-01,8.032987713813781738e-01,1.754030138254165649e-01,1.787496209144592285e-01,1.549171447753906250e+00,5.777368322014808655e-02,2.405925989151000977e+00,4.228397607803344727e-01,8.820217847824096680e-01,-1.823815703392028809e-01,2.642772793769836426e-01,9.199142456054687500e-01,7.982728481292724609e-01,2.956358432769775391e+00,-1.107553616166114807e-01,2.529183626174926758e+00,-2.074195623397827148e+00,9.764134287834167480e-01,1.371326446533203125e-01,2.746919155120849609e+00,2.402249813079833984e+00,6.988402009010314941e-01,1.598307728767395020e+00,2.977886199951171875e-01,4.420213699340820312e-01,1.049650549888610840e+00,1.138779282569885254e+00,1.321729183197021484e+00,1.639254689216613770e-01,2.593354940414428711e+00,7.593354582786560059e-01,1.066788196563720703e+00,3.166155517101287842e-02,1.971295922994613647e-01,1.354428172111511230e+00,3.082954645156860352e+00,2.888082504272460938e+00,-4.192404747009277344e-01,7.275882363319396973e-01,-2.451074600219726562e+00,1.036557316780090332e+00,1.733443975448608398e+00,2.824504613876342773e+00,-1.382878303527832031e+00,2.082481861114501953e+00,2.428351163864135742e+00,1.276147842407226562e+00,9.112547636032104492e-01,1.578232765197753906e+00
2.806608974933624268e-01,-1.914025902748107910e+00,-3.788692653179168701e-01,-5.824411511421203613e-01,-8.494009822607040405e-02,4.519650638103485107e-01,-3.556302785873413086e-01,-1.176012039184570312e+00,1.019617438316345215e+00,2.115619778633117676e-01,6.832139492034912109e-01,2.236970067024230957e-01,7.557862401008605957e-01,1.741417288780212402e+00,1.021332025527954102e+00,3.781059682369232178e-01,3.003217458724975586e+00,2.783251523971557617e+00,1.420604944229125977e+00,1.390112161636352539e+00,-8.803264498710632324e-01,-1.985796093940734863e+00,-1.084566593170166016e+00,2.068645477294921875e+00,3.332056403160095215e-01,1.027083277702331543e+00,2.897891104221343994e-01,-2.161319851875305176e-01,-1.091878861188888550e-01,3.531605377793312073e-02,3.238013982772827148e-01,3.906214535236358643e-01,2.331560403108596802e-01,4.969536364078521729e-01,1.259647369384765625e+00,6.161228418350219727e-01,1.095337986946105957e+00,-1.947385221719741821e-01,3.265235424041748047e-01,1.137189865112304688e+00,2.508706331253051758e+00,1.044418454170227051e+00,1.745667815208435059e+00,-6.416330337524414062e-01,-1.530323743820190430e+00,-1.268978714942932129e+00,1.267280101776123047e+00,-8.173812031745910645e-01,1.632280349731445312e+00,8.572453260421752930e-01,-2.109281569719314575e-01,-9.954628348350524902e-01,-5.771583914756774902e-01
5.308305621147155762e-01,-3.659531772136688232e-01,1.134628802537918091e-01,1.124165534973144531e+00,5.506859347224235535e-02,7.623803019523620605e-01,5.547087788581848145e-01,8.783956170082092285e-01,1.148012876510620117e+00,1.498061418533325195e+00,9.110259413719177246e-01,1.359552621841430664e+00,1.771782994270324707e+00,6.035981178283691406e-01,1.435779213905334473e+00,1.578766345977783203e+00,1.876972436904907227e+00,1.380773425102233887e+00,9.621164202690124512e-01,1.702240943908691406e+00,-2.155842185020446777e-01,-1.407403349876403809e+00,-1.962925344705581665e-01,9.522942900657653809e-01,-5.867943540215492249e-02,-9.476371854543685913e-02,9.941979646682739258e-01,-7.357075810432434082e-01,1.877876073122024536e-01,1.057238101959228516e+00,1.149908542633056641e+00,7.695118784904479980e-01,1.027776598930358887e+00,6.590383052825927734e-01,1.011626869440078735e-01,1.467807412147521973e+00,7.243620753288269043e-01,1.011943101882934570e+00,1.699010729789733887e+00,1.851606369018554688e+00,1.686836361885070801e+00,9.902946352958679199e-01,1.540618658065795898e+00,1.130729794502258301e+00,6.156517267227172852e-01,-8.732218742370605469e-01,1.119862794876098633e+00,-5.779897570610046387e-01,5.315386056900024414e-01,1.354468315839767456e-01,-2.951880693435668945e-01,-4.844580292701721191e-01,2.826378345489501953e-01
1.450814008712768555e+00,3.072580397129058838e-01,2.601510286331176758e-01,-2.533785998821258545e-01,-8.503737449645996094e-01,3.051799237728118896e-01,7.312391698360443115e-02,-2.511400878429412842e-01,8.346728682518005371e-01,3.347197175025939941e-01,8.486863374710083008e-01,-3.882164657115936279e-01,-2.094446271657943726e-01,-5.293794274330139160e-01,1.730691432952880859e+00,4.110653400421142578e-01,1.136381268501281738e+00,2.293990612030029297e+00,6.709104180335998535e-01,9.196189641952514648e-01,-2.182172685861587524e-01,-2.617311477661132812e-01,1.455806791782379150e-01,2.430243015289306641e+00,6.353103518486022949e-01,6.631401777267456055e-01,1.480625271797180176e-01,5.019771456718444824e-01,8.229830265045166016e-01,1.697388887405395508e+00,1.805910944938659668e+00,5.961213111877441406e-01,6.976731419563293457e-01,6.246983408927917480e-01,6.684700250625610352e-01,4.120419025421142578e-01,1.853200793266296387e-01,5.711653828620910645e-01,6.850019097328186035e-01,7.918356657028198242e-01,1.814021110534667969e+00,-6.828159093856811523e-02,2.702156305313110352e-01,-2.153381556272506714e-01,-3.616421520709991455e-01,3.109696507453918457e-01,1.353397965431213379e+00,-1.658194780349731445e+00,1.483968853950500488e+00,1.541768312454223633e+00,8.033458590507507324e-01,4.497542977333068848e-01,9.683276414871215820e-01
1.419660925865173340e+00,-9.400348663330078125e-01,3.232812285423278809e-01,-1.867777705192565918e+00,-1.549866199493408203e+00,-6.437211036682128906e-01,2.393110752105712891e+00,-2.447483777999877930e+00,9.336192607879638672e-01,-6.325728893280029297e-01,1.402742266654968262e+00,1.655970215797424316e+00,1.363618493080139160e+00,-5.383034348487854004e-01,-5.997003316879272461e-01,1.653564810752868652e+00,1.739079356193542480e+00,2.167166471481323242e+00,-6.439220905303955078e-02,1.444716334342956543e+00,-1.724221110343933105e+00,2.436669776216149330e-03,9.815337061882019043e-01,2.572528362274169922e+00,1.673383116722106934e+00,-6.264065504074096680e-01,1.324805259704589844e+00,1.498516678810119629e+00,-3.279720246791839600e-01,2.783514976501464844e+00,-8.361234515905380249e-02,3.397233486175537109e-01,-2.845774292945861816e-01,1.844574689865112305e+00,1.854389905929565430e+00,1.120417118072509766e+00,-1.452030420303344727e+00,-2.457101196050643921e-01,1.240340352058410645e+00,2.158286333084106445e+00,2.628563642501831055e+00,-1.041338406503200531e-02,1.858704566955566406e+00,-1.807679086923599243e-01,1.265133172273635864e-01,4.187477231025695801e-01,1.493713140487670898e+00,-1.164817884564399719e-01,2.510565519332885742e+00,2.726646184921264648e+00,1.000632762908935547e+00,5.142215490341186523e-01,6.613894104957580566e-01
-3.964801728725433350e-01,-1.340987682342529297e+00,-1.802652478218078613e-01,7.994871735572814941e-01,8.940532803535461426e-01,-1.886849522590637207e+00,-2.884055674076080322e-02,7.424532175064086914e-01,1.385836489498615265e-02,5.936619639396667480e-01,5.869405865669250488e-01,7.499158978462219238e-01,7.585169672966003418e-01,1.656921386718750000e+00,2.346282720565795898e+00,1.105471849441528320e-01,2.729665994644165039e+00,1.313082933425903320e+00,2.382366895675659180e+00,4.695826396346092224e-02,5.757821202278137207e-01,-1.762276530265808105e+00,-6.712992191314697266e-01,1.945188492536544800e-01,-3.150485455989837646e-02,1.276386618614196777e+00,-4.162443876266479492e-01,-1.031149744987487793e+00,-8.775283694267272949e-01,6.950784325599670410e-01,6.165085434913635254e-01,-1.092036068439483643e-01,4.576362669467926025e-01,4.108506739139556885e-01,2.093832343816757202e-01,9.936123490333557129e-01,8.110408782958984375e-01,6.248369812965393066e-01,7.128300070762634277e-01,-4.034983813762664795e-01,1.070055007934570312e+00,1.876653552055358887e+00,1.645419836044311523e+00,6.641052961349487305e-01,-1.228559374809265137e+00,-7.467999458312988281e-01,2.340202927589416504e-01,-4.016871750354766846e-01,-2.429582923650741577e-01,9.213527664542198181e-03,-1.377807259559631348e+00,-8.042911291122436523e-01,-3.394083976745605469e-01
-5.469979643821716309e-01,-1.023947119712829590e+00,-8.906396031379699707e-01,2.551493644714355469e-01,-5.141858756542205811e-02,-7.280989885330200195e-01,-9.283250570297241211e-01,2.294560521841049194e-01,6.103259325027465820e-01,9.291890859603881836e-01,4.324432611465454102e-01,4.736362695693969727e-01,2.140854299068450928e-01,1.039226889610290527e+00,7.805835008621215820e-01,6.411454081535339355e-01,2.754784226417541504e-01,-2.658208645880222321e-02,1.272041559219360352e+00,1.576830506324768066e+00,1.570569574832916260e-01,-6.428317427635192871e-01,5.262864232063293457e-01,-1.633682727813720703e+00,-1.100575208663940430e+00,2.305928170680999756e-01,1.293491005897521973e+00,1.143803000450134277e+00,-1.561299324035644531e+00,-1.143776297569274902e+00,-3.354570567607879639e-01,9.817833304405212402e-01,6.087679862976074219e-01,1.386322855949401855e+00,2.783512175083160400e-01,1.630619466304779053e-01,9.213964939117431641e-01,9.113230705261230469e-01,1.404277682304382324e+00,7.574704885482788086e-01,-1.752143204212188721e-01,1.298014402389526367e+00,-7.674826681613922119e-02,-1.495609581470489502e-01,1.220552444458007812e+00,-1.184606075286865234e+00,7.666978240013122559e-01,-4.457009956240653992e-02,-1.887070298194885254e+00,-1.353648304939270020e+00,9.046224355697631836e-01,9.846934676170349121e-01,8.881270885467529297e-01
1.732798457145690918e+00,5.809077024459838867e-01,-5.909305214881896973e-01,6.776994466781616211e-01,1.058062434196472168e+00,1.501826047897338867e+00,6.879783868789672852e-01,1.225495487451553345e-01,1.688606500625610352e+00,1.312354207038879395e+00,1.369736552238464355e+00,1.348953604698181152e+00,7.120240330696105957e-01,1.036294773221015930e-01,-3.035235702991485596e-01,9.663434028625488281e-01,-6.533219944685697556e-03,1.307336091995239258e+00,9.358334541320800781e-01,2.554664611816406250e+00,-6.804507970809936523e-01,1.321971535682678223e+00,1.531720757484436035e+00,6.255934834480285645e-01,1.496518254280090332e+00,-1.389675736427307129e+00,2.066437959671020508e+00,6.911601424217224121e-01,7.523366212844848633e-01,1.128475189208984375e+00,4.525549411773681641e-01,2.549546480178833008e+00,1.485324859619140625e+00,1.562866449356079102e+00,2.045277833938598633e+00,6.159758567810058594e-01,4.057320952415466309e-01,-1.171762496232986450e-01,1.432945728302001953e+00,2.670501470565795898e+00,1.261740446090698242e+00,1.151311039924621582e+00,3.345417678356170654e-01,-5.669420957565307617e-01,2.843498468399047852e+00,1.161059975624084473e+00,2.370687723159790039e+00,-1.470944643020629883e+00,2.947762012481689453e-01,1.677408695220947266e+00,2.232064008712768555e+00,1.586652755737304688e+00,1.434170961380004883e+00
9.756712317466735840e-01,1.421291381120681763e-01,1.445772051811218262e-01,1.076269626617431641e+00,5.792403221130371094e-01,-1.602347940206527710e-01,-6.845961809158325195e-01,-1.171099543571472168e+00,2.186803072690963745e-01,1.030477762222290039e+00,6.075187325477600098e-01,-1.017696782946586609e-01,3.354962468147277832e-01,8.402979373931884766e-01,-9.461855515837669373e-03,4.919720292091369629e-01,3.033215701580047607e-01,2.878754138946533203e-01,7.221458554267883301e-01,6.582320928573608398e-01,5.340913534164428711e-01,6.605659723281860352e-01,6.017271280288696289e-01,3.366359174251556396e-01,9.674921035766601562e-01,-8.987606167793273926e-01,1.029878377914428711e+00,6.476920247077941895e-01,-2.244428545236587524e-01,-3.604203760623931885e-01,-1.006017684936523438e+00,1.493339419364929199e+00,1.242049932479858398e+00,-3.682450056076049805e-01,8.701257705688476562e-01,6.260726451873779297e-01,1.430389881134033203e+00,-1.113288521766662598e+00,5.901600047945976257e-02,8.064470887184143066e-01,1.664674431085586548e-01,5.873652100563049316e-01,1.770878769457340240e-02,9.984557032585144043e-01,1.043622255325317383e+00,1.088133096694946289e+00,8.876859545707702637e-01,-1.862951397895812988e+00,-4.125123023986816406e-01,6.975745558738708496e-01,1.372007429599761963e-01,3.948677480220794678e-01,2.704513370990753174e-01
-2.434568852186203003e-02,-5.077779293060302734e-01,-1.259020090103149414e+00,-1.250038743019104004e+00,-1.235690355300903320e+00,-7.448562979698181152e-01,1.669422507286071777e+00,1.079200953245162964e-01,-3.705351054668426514e-01,-6.924939900636672974e-02,-1.075570225715637207e+00,2.247961610555648804e-01,-4.398153424263000488e-01,-1.382781386375427246e+00,-5.712364241480827332e-02,-1.324024081230163574e+00,-1.091138958930969238e+00,-5.458287596702575684e-01,-2.207787334918975830e-01,-3.217528164386749268e-01,-2.071605622768402100e-01,7.912558317184448242e-01,1.108183190226554871e-01,1.494223028421401978e-01,2.106617093086242676e-01,-6.270818710327148438e-01,-8.285896778106689453e-01,5.358482599258422852e-01,-1.715718030929565430e+00,2.313567101955413818e-01,6.077855825424194336e-01,-1.285932064056396484e+00,-1.883867084980010986e-01,-5.398485064506530762e-01,-6.141968369483947754e-01,-1.801691204309463501e-01,1.508047580718994141e-01,4.684766232967376709e-01,-1.283780574798583984e+00,-1.537567377090454102e-01,-4.501454830169677734e-01,-2.078337967395782471e-01,-9.264797568321228027e-01,7.553704082965850830e-02,-2.203846424818038940e-01,9.994377493858337402e-01,-7.274810075759887695e-01,3.935132920742034912e-01,-7.183439731597900391e-01,5.972279235720634460e-02,-9.423677325248718262e-01,4.268315136432647705e-01,2.435213625431060791e-01
-6.551590561866760254e-01,-8.662964105606079102e-01,-1.288199424743652344e+00,-1.914862871170043945e+00,-1.282038450241088867e+00,-1.800784945487976074e+00,-8.857197165489196777e-01,-2.772548437118530273e+00,-6.054813861846923828e-01,-1.814004302024841309e+00,4.287109524011611938e-02,-5.027245283126831055e-01,-1.495315551757812500e+00,-5.954560041427612305e-01,-1.165352582931518555e+00,-1.249084353446960449e+00,1.663519814610481262e-02,-1.347765922546386719e-01,-7.863932102918624878e-02,8.934472799301147461e-01,-1.228249907493591309e+00,-8.379957824945449829e-02,4.135513603687286377e-01,-5.253518223762512207e-01,-6.079009175300598145e-01,-1.103506922721862793e+00,-4.750145077705383301e-01,1.270605444908142090e+00,-1.530808329582214355e+00,-6.419909000396728516e-01,-2.072426795959472656e+00,2.577332258224487305e-01,-1.129739522933959961e+00,8.233400583267211914e-01,-3.712254464626312256e-01,-1.181438565254211426e+00,-8.661018610000610352e-01,-1.464723229408264160e+00,-6.941319108009338379e-01,5.723630189895629883e-01,9.039244800806045532e-02,-2.868501655757427216e-02,-7.254032492637634277e-01,-7.604224085807800293e-01,7.316188216209411621e-01,-4.155765771865844727e-01,-9.948772937059402466e-02,-1.138241171836853027e+00,-4.194879829883575439e-01,-3.288170397281646729e-01,3.146755099296569824e-01,8.137592077255249023e-01,7.512285113334655762e-01
-8.104514479637145996e-01,5.976901650428771973e-01,-1.478095799684524536e-01,1.607380151748657227e+00,1.145714282989501953e+00,1.462922811508178711e+00,-1.019120365381240845e-01,5.215991139411926270e-01,2.363849580287933350e-01,1.383458971977233887e+00,-7.701262831687927246e-01,1.959826797246932983e-01,-5.191193222999572754e-01,2.922059595584869385e-01,8.932304978370666504e-01,-2.471864670515060425e-01,7.590278983116149902e-01,2.501918375492095947e-01,5.109211206436157227e-01,-7.136682868003845215e-01,1.684613823890686035e+00,-2.100142002105712891e+00,-1.583497524261474609e+00,-3.191858232021331787e-01,-1.806174993515014648e+00,1.540904879570007324e+00,-1.480625271797180176e-01,-1.381147027015686035e+00,1.080250382423400879e+00,-4.244228303432464600e-01,1.132868766784667969e+00,3.330153524875640869e-01,2.252615690231323242e+00,-1.212140798568725586e+00,-2.610323131084442139e-01,-1.979670487344264984e-02,1.998349189758300781e+00,7.671598792076110840e-01,2.403368204832077026e-01,-5.934467315673828125e-01,2.607219852507114410e-02,4.104662537574768066e-01,1.137548908591270447e-01,2.651163816452026367e+00,-8.788763880729675293e-01,-1.909782528877258301e+00,-9.818567633628845215e-01,5.367572307586669922e-01,-4.282643198966979980e-01,-1.298799872398376465e+00,-2.117122888565063477e+00,-1.514977216720581055e+00,-1.518188834190368652e+00
-1.029657125473022461e+00,-8.899918198585510254e-02,-5.498111844062805176e-01,-1.031851291656494141e+00,-1.101294398307800293e+00,-1.038273215293884277e+00,-1.732268631458282471e-01,-6.560549736022949219e-01,-6.371911764144897461e-01,-4.918923079967498779e-01,7.384924888610839844e-01,3.269780278205871582e-01,3.926149606704711914e-01,-7.714847922325134277e-01,-8.474767208099365234e-01,5.970642566680908203e-01,5.806812644004821777e-01,9.068976640701293945e-01,1.652390211820602417e-01,5.835164785385131836e-01,-8.957799673080444336e-01,-3.693058192729949951e-01,-3.490433990955352783e-01,5.520701035857200623e-02,5.983480215072631836e-01,1.038785576820373535e+00,-3.279673308134078979e-02,-5.850299596786499023e-01,-1.311654806137084961e+00,5.974236130714416504e-02,-5.285647884011268616e-02,8.385310769081115723e-01,-1.999133974313735962e-01,7.860359549522399902e-01,9.514902830123901367e-01,3.390424549579620361e-01,-7.811601758003234863e-01,-5.602644681930541992e-01,1.048027038574218750e+00,3.028321564197540283e-01,1.999149322509765625e-01,-5.420959368348121643e-02,5.371003150939941406e-01,2.383089065551757812e-02,3.136825859546661377e-01,-1.510541737079620361e-01,4.508092403411865234e-01,-3.622624278068542480e-02,6.489557027816772461e-01,-4.381265863776206970e-02,-9.676781892776489258e-01,-3.772907257080078125e-01,-2.012494504451751709e-01
9.928313493728637695e-01,1.010816812515258789e+00,1.311067938804626465e+00,6.692403554916381836e-01,6.417208313941955566e-01,-1.799492537975311279e-01,7.417266815900802612e-02,6.803675889968872070e-01,1.341912508010864258e+00,5.907758474349975586e-01,1.062658429145812988e+00,1.274643063545227051e+00,1.053420305252075195e+00,6.182509064674377441e-01,-7.559412717819213867e-02,1.386094331741333008e+00,7.263275980949401855e-01,1.542863696813583374e-01,5.236089229583740234e-01,1.177928686141967773e+00,-2.451334148645401001e-01,1.075672626495361328e+00,1.528336763381958008e+00,3.325828015804290771e-01,8.178017735481262207e-01,-1.283254981040954590e+00,1.645015120506286621e+00,1.069185733795166016e+00,4.457160532474517822e-01,1.037374377250671387e+00,6.888412237167358398e-01,1.849816799163818359e+00,4.798097610473632812e-01,1.177077889442443848e+00,1.349915623664855957e+00,9.343839287757873535e-01,6.197869777679443359e-01,7.260749936103820801e-01,1.408130526542663574e+00,8.703719973564147949e-01,-3.362796455621719360e-02,8.238840103149414062e-01,6.668221950531005859e-01,2.519604265689849854e-01,2.316516637802124023e+00,1.276632666587829590e+00,1.229654431343078613e+00,-1.098978638648986816e+00,3.496814370155334473e-01,2.708253264427185059e-01,1.258075594902038574e+00,5.715534090995788574e-01,9.994558095932006836e-01
1.302139759063720703e+00,9.600346684455871582e-01,5.884237587451934814e-02,1.245643854141235352e+00,1.272913455963134766e+00,1.549556970596313477e+00,4.607934355735778809e-01,-8.679691702127456665e-02,1.193228721618652344e+00,1.450389146804809570e+00,-1.964202374219894409e-01,1.320689678192138672e+00,1.142274737358093262e+00,-2.502850294113159180e-01,-7.584536075592041016e-01,7.893478274345397949e-01,-6.115117073059082031e-01,-3.765813410282135010e-01,-1.062284588813781738e+00,-4.448867738246917725e-01,7.843795418739318848e-01,1.910696625709533691e-01,-4.546793103218078613e-01,4.037032127380371094e-01,-4.148702919483184814e-01,1.004654407501220703e+00,1.474126875400543213e-01,-4.676133394241333008e-01,7.642179727554321289e-03,3.895857334136962891e-01,4.765354990959167480e-01,-5.109202861785888672e-01,2.001756191253662109e+00,-5.464513897895812988e-01,6.989997625350952148e-01,1.368324160575866699e+00,1.518645167350769043e+00,-1.774905174970626831e-01,4.093139469623565674e-01,-4.955112636089324951e-01,-4.271172583103179932e-01,-5.992249250411987305e-01,-6.651414632797241211e-01,3.284471035003662109e-01,-7.928686738014221191e-01,5.404759645462036133e-01,-1.038925945758819580e-01,-9.593889862298965454e-02,-5.335661172866821289e-01,1.215980648994445801e-01,-8.758437037467956543e-01,-8.607173562049865723e-01,-1.312369465827941895e+00
-1.299066990613937378e-01,-3.531706631183624268e-01,-2.612065076828002930e-01,-1.822868704795837402e+00,-1.234932780265808105e+00,9.287484884262084961e-01,1.241821885108947754e+00,-5.536960959434509277e-01,-2.007407695055007935e-01,-6.810182332992553711e-01,1.907915025949478149e-01,-6.839275360107421875e-01,8.895631432533264160e-01,-2.045862674713134766e+00,-2.352868556976318359e+00,6.214969158172607422e-01,-1.404756307601928711e+00,-8.723208308219909668e-02,-2.339579820632934570e+00,5.449105501174926758e-01,-1.442009210586547852e+00,1.066554546356201172e+00,1.130427360534667969e+00,1.085655331611633301e+00,1.319512367248535156e+00,1.373979151248931885e-01,-3.076597675681114197e-02,4.042238295078277588e-01,-5.859199166297912598e-01,1.095201015472412109e+00,-7.013691663742065430e-01,-5.431885719299316406e-01,-1.010002613067626953e+00,-4.750242531299591064e-01,3.661039844155311584e-02,8.525957465171813965e-01,-1.918640494346618652e+00,-1.701540708541870117e+00,3.863795101642608643e-02,5.489032268524169922e-01,-5.289275646209716797e-01,-2.310260772705078125e+00,-9.861609339714050293e-01,-1.513272166252136230e+00,7.404858618974685669e-02,1.808982014656066895e+00,-3.259984077885746956e-03,1.195643767714500427e-01,6.714813709259033203e-01,1.175117731094360352e+00,2.053719311952590942e-01,-6.546456217765808105e-01,-9.582810401916503906e-01
-2.347113490104675293e-01,6.009944677352905273e-01,-2.212965935468673706e-01,-5.021169185638427734e-01,7.295706123113632202e-02,4.055703580379486084e-01,-1.013535857200622559e+00,-8.276554346084594727e-01,-1.349546432495117188e+00,-1.924947619438171387e+00,7.751094549894332886e-02,-2.485515832901000977e+00,-8.217196464538574219e-01,6.755764037370681763e-02,-1.082305312156677246e+00,-6.829139590263366699e-01,2.344548106193542480e-01,-5.431991815567016602e-02,-7.330189645290374756e-02,-4.079764187335968018e-01,-7.104741930961608887e-01,3.875632584095001221e-01,2.895995378494262695e-01,4.397240653634071350e-02,6.665334105491638184e-01,-6.454548239707946777e-01,-1.421306967735290527e+00,1.139204017817974091e-02,1.161300241947174072e-01,3.535134494304656982e-01,4.008790478110313416e-02,-3.017008006572723389e-01,-1.413771390914916992e+00,4.549986422061920166e-01,-1.107342362403869629e+00,-9.629105925559997559e-01,-2.460959553718566895e-01,2.036714702844619751e-01,-8.146654963493347168e-01,-4.626356065273284912e-02,-2.628395259380340576e-01,4.462649300694465637e-02,6.393957138061523438e-01,-3.740726709365844727e-01,1.127152085304260254e+00,-2.702561914920806885e-01,-8.520783782005310059e-01,1.177310466766357422e+00,1.067947387695312500e+00,5.472311750054359436e-02,-1.029353588819503784e-01,-1.355616897344589233e-01,-1.741109192371368408e-01
-5.403324589133262634e-02,2.421282082796096802e-01,9.212042093276977539e-01,1.064727663993835449e+00,6.404812335968017578e-01,1.702826023101806641e+00,-6.253156810998916626e-02,1.363931298255920410e+00,3.045023381710052490e-01,2.131939977407455444e-01,-8.203409314155578613e-01,6.181551218032836914e-01,-7.089962065219879150e-02,-9.722706675529479980e-01,-3.100030422210693359e-01,-5.973643660545349121e-01,-1.527644753456115723e+00,-1.306487798690795898e+00,-1.107908129692077637e+00,-7.540796995162963867e-01,-1.079627349972724915e-01,6.373863816261291504e-01,-9.955900907516479492e-01,-7.159103751182556152e-01,-7.328213453292846680e-01,8.333722352981567383e-01,-7.637273073196411133e-01,-8.785128593444824219e-01,1.678751707077026367e-01,-8.394179493188858032e-02,7.333056330680847168e-01,-5.151485204696655273e-01,3.560429513454437256e-01,-8.701869845390319824e-01,4.862685874104499817e-02,-1.105352789163589478e-01,1.702337712049484253e-01,-5.685123205184936523e-01,-6.244155764579772949e-01,-9.772090911865234375e-01,-8.410480022430419922e-01,-1.156876683235168457e+00,-1.425014972686767578e+00,-5.874623656272888184e-01,-8.676339387893676758e-01,4.115035235881805420e-01,-7.741104364395141602e-01,1.651179671287536621e+00,-1.031470417976379395e+00,-1.248666524887084961e+00,-2.180851548910140991e-01,-3.396914601325988770e-01,-4.864895939826965332e-01
-7.295197248458862305e-01,-1.155337214469909668e+00,-4.637025594711303711e-01,-1.578205227851867676e+00,-1.043238639831542969e+00,4.398078322410583496e-01,-3.935424983501434326e-02,-9.344267845153808594e-01,-5.377750396728515625e-01,-1.058840632438659668e+00,-5.411441922187805176e-01,5.026656389236450195e-02,6.760436296463012695e-01,-2.125517129898071289e+00,-1.920152306556701660e+00,6.242861747741699219e-01,-1.103863358497619629e+00,-3.275629878044128418e-01,-1.720587253570556641e+00,-5.985412597656250000e-01,-5.775746107101440430e-01,-4.935037344694137573e-02,-8.163592815399169922e-01,9.173769354820251465e-01,3.040115237236022949e-01,1.150913476943969727e+00,-4.801320135593414307e-01,-5.273775458335876465e-01,4.184725582599639893e-01,6.341764926910400391e-01,-1.073394894599914551e+00,-3.954537510871887207e-01,-7.484961748123168945e-01,-1.581084728240966797e+00,3.715150058269500732e-01,9.843386411666870117e-01,-1.882322430610656738e+00,-1.629365086555480957e+00,4.972901642322540283e-01,3.502128273248672485e-02,-2.524323165416717529e-01,-1.661315083503723145e+00,-9.494140744209289551e-01,6.605102866888046265e-02,-1.419680953025817871e+00,1.217961460351943970e-01,-3.316257894039154053e-02,-3.632745146751403809e-01,7.743019461631774902e-01,3.872073292732238770e-01,-1.240003295242786407e-02,-1.442197442054748535e+00,-1.545019149780273438e+00
-1.385104283690452576e-02,-3.509967923164367676e-01,-4.629109501838684082e-01,-1.405833512544631958e-01,-4.361670017242431641e-01,-1.775900959968566895e+00,-1.202126860618591309e+00,2.658303454518318176e-02,-1.198631167411804199e+00,-1.476965427398681641e+00,8.555053472518920898e-01,-1.467563867568969727e+00,-4.874260425567626953e-01,-3.134145140647888184e-01,1.236643791198730469e-01,-4.850164949893951416e-01,8.716319203376770020e-01,3.809710219502449036e-02,4.998002052307128906e-01,5.237471312284469604e-02,-8.982406258583068848e-01,2.209423035383224487e-01,1.881994605064392090e-01,-6.861496567726135254e-01,4.599389433860778809e-01,-1.173614114522933960e-01,1.216626837849617004e-01,-1.041826140135526657e-02,-9.293707609176635742e-01,-4.845937192440032959e-01,-8.518322706222534180e-01,1.232872158288955688e-01,-1.226458191871643066e+00,1.025403618812561035e+00,-6.414148807525634766e-01,-8.245981931686401367e-01,-6.499012112617492676e-01,-2.903614938259124756e-01,-8.368512988090515137e-02,8.724111914634704590e-01,-4.634523019194602966e-02,4.583817422389984131e-01,9.464651346206665039e-01,-3.181536197662353516e-01,1.835876584053039551e+00,5.524551123380661011e-02,7.049716114997863770e-01,-9.020481705665588379e-01,6.868293136358261108e-02,3.875489830970764160e-01,1.009912490844726562e+00,7.635198235511779785e-01,9.118472337722778320e-01
-3.655162453651428223e-01,3.849964737892150879e-01,7.180705070495605469e-01,1.133435368537902832e+00,7.790953516960144043e-01,-3.067132830619812012e-01,-8.347768187522888184e-01,8.412645459175109863e-01,3.270808979868888855e-02,6.841276884078979492e-01,-3.975209891796112061e-01,3.631518781185150146e-01,2.611301839351654053e-01,9.541069269180297852e-01,3.136344850063323975e-01,5.614038705825805664e-01,9.063275158405303955e-02,-9.577821940183639526e-02,7.977237701416015625e-01,-7.152853906154632568e-02,5.115396976470947266e-01,-2.282640337944030762e-01,-1.394043862819671631e-01,-1.453038603067398071e-01,-4.327925443649291992e-01,-8.365428447723388672e-01,4.682114720344543457e-01,-6.257292032241821289e-01,3.253079652786254883e-01,1.861844211816787720e-01,1.425605893135070801e+00,-2.242568284273147583e-01,5.918738842010498047e-01,5.130994319915771484e-01,5.947605967521667480e-01,4.872164726257324219e-01,9.325342178344726562e-01,4.843813180923461914e-01,8.701390624046325684e-01,3.385095298290252686e-02,-4.055207669734954834e-01,9.318585991859436035e-01,-3.893794119358062744e-01,1.552167534828186035e-01,-5.164970755577087402e-01,-6.825742870569229126e-02,2.406566888093948364e-01,4.709411859512329102e-01,-3.646678328514099121e-01,-4.054977297782897949e-01,2.806189060211181641e-01,-3.342281281948089600e-01,-2.540122568607330322e-01
-1.064402937889099121e+00,6.442984342575073242e-01,7.208850383758544922e-01,2.469355911016464233e-01,-5.131786465644836426e-01,4.665537774562835693e-01,1.908720470964908600e-02,-3.883663713932037354e-01,-4.916490018367767334e-01,-2.984200417995452881e-01,-1.468975543975830078e+00,5.615487694740295410e-02,4.149134457111358643e-01,-6.312271356582641602e-01,-4.638715088367462158e-01,3.600815832614898682e-01,-1.330530762672424316e+00,-7.482109665870666504e-01,-1.794609785079956055e+00,-8.298314809799194336e-01,6.461670994758605957e-01,-1.121725201606750488e+00,-3.029933273792266846e-01,-1.207028985023498535e+00,-1.496208190917968750e+00,7.071743607521057129e-01,-6.175127625465393066e-01,-1.075028419494628906e+00,7.063279747962951660e-01,-5.668213963508605957e-01,-4.470955729484558105e-01,-2.503893971443176270e-01,-9.372700005769729614e-02,-1.408975124359130859e+00,-4.462740421295166016e-01,3.821337223052978516e-01,-1.846632063388824463e-01,-1.264463782310485840e+00,-6.701383739709854126e-02,-4.024699032306671143e-01,-7.694126367568969727e-01,-1.645036101341247559e+00,-1.767868638038635254e+00,7.634609341621398926e-01,-4.691313505172729492e-01,-1.104713797569274902e+00,-7.606241703033447266e-01,5.579954385757446289e-01,-1.174067974090576172e+00,-1.596992492675781250e+00,-6.764224171638488770e-01,-1.230104446411132812e+00,-1.388453483581542969e+00
-7.765565514564514160e-01,7.592539191246032715e-01,2.840529978275299072e-01,-3.260010480880737305e-01,-1.160193800926208496e+00,-1.567168593406677246e+00,-1.537909507751464844e+00,-4.371672570705413818e-01,-1.846304178237915039e+00,-2.287360191345214844e+00,-6.581166982650756836e-01,-1.341141819953918457e+00,-2.153489351272583008e+00,-6.773281097412109375e-01,-2.220234632492065430e+00,-2.208436727523803711e+00,-1.345467090606689453e+00,-6.222032308578491211e-01,-1.585866928100585938e+00,-1.515365600585937500e+00,-3.856160938739776611e-01,4.343207776546478271e-01,-7.750419974327087402e-01,-5.282807946205139160e-01,5.245173349976539612e-02,-2.165969014167785645e-01,-1.921441912651062012e+00,-9.497981667518615723e-01,-1.094542980194091797e+00,-1.240952134132385254e+00,2.335490882396697998e-01,-1.363216996192932129e+00,-2.357306241989135742e+00,-4.319366216659545898e-01,-1.277092933654785156e+00,-2.371562957763671875e+00,-1.284832835197448730e+00,-2.413376569747924805e+00,-2.062674999237060547e+00,-5.398420095443725586e-01,-5.004370212554931641e-01,-2.064828395843505859e+00,-1.186015129089355469e+00,-1.672645568847656250e+00,-1.744114458560943604e-01,-1.573892086744308472e-01,-1.501824259757995605e+00,5.808174014091491699e-01,1.293161660432815552e-01,-4.957993924617767334e-01,-1.495195776224136353e-01,3.529375493526458740e-01,6.619606018066406250e-01
-6.315224170684814453e-01,3.690835833549499512e-01,5.766596794128417969e-01,7.441136240959167480e-01,1.387045025825500488e+00,8.418295979499816895e-01,-4.364362657070159912e-01,-4.652571678161621094e-01,2.889410257339477539e-01,-3.193443417549133301e-01,-1.227222979068756104e-01,1.540971547365188599e-01,-1.131790518760681152e+00,-2.732678651809692383e-01,4.623943269252777100e-01,-4.193802177906036377e-01,7.847845554351806641e-02,-5.695797801017761230e-01,7.390692830085754395e-01,-2.366753071546554565e-01,6.364754438400268555e-01,-1.280801892280578613e+00,-1.656477106735110283e-03,-1.333521366119384766e+00,-1.683997392654418945e+00,-5.633775889873504639e-02,-3.456958532333374023e-01,-8.051860928535461426e-01,1.177984714508056641e+00,-2.011830359697341919e-01,-3.715294003486633301e-01,7.238593697547912598e-01,4.299722015857696533e-01,-4.490463733673095703e-01,1.164909154176712036e-01,-7.607548832893371582e-01,4.227014482021331787e-01,1.174146890640258789e+00,-2.581584751605987549e-01,-3.686721622943878174e-01,-4.476429224014282227e-01,8.658268451690673828e-01,1.334805637598037720e-01,8.353222608566284180e-01,-5.136301517486572266e-01,-1.146353483200073242e+00,-2.346218377351760864e-01,9.440610408782958984e-01,-1.281709194183349609e+00,-1.084109902381896973e+00,-4.004665613174438477e-01,-8.249341845512390137e-01,-9.151386618614196777e-01
-5.750309824943542480e-01,1.077164053916931152e+00,1.094301104545593262e+00,1.088803634047508240e-01,-4.007257893681526184e-02,6.345429420471191406e-01,-4.966343939304351807e-01,1.446207642555236816e+00,-1.158876419067382812e+00,7.867047190666198730e-01,-1.141985177993774414e+00,-6.502071619033813477e-01,1.210882306098937988e+00,8.508232980966567993e-02,1.736191630363464355e+00,1.381928026676177979e-01,-1.877075135707855225e-01,-8.558117151260375977e-01,-2.167070358991622925e-01,-1.495520949363708496e+00,1.109399318695068359e+00,-9.062791466712951660e-01,-2.381209611892700195e+00,-1.028079748153686523e+00,-1.300237536430358887e+00,1.189644098281860352e+00,-8.785057067871093750e-01,-6.876052618026733398e-01,1.046959161758422852e+00,-7.519975304603576660e-01,-1.939123719930648804e-01,-1.593291759490966797e+00,-2.592363059520721436e-01,-1.975500345230102539e+00,-8.104777932167053223e-01,8.477163910865783691e-01,-6.726949214935302734e-01,1.177115559577941895e+00,3.763548135757446289e-01,-1.542691946029663086e+00,-9.338707923889160156e-01,6.393196433782577515e-02,1.830468326807022095e-02,5.532818436622619629e-01,-1.478637218475341797e+00,-9.281789064407348633e-01,-1.411573171615600586e+00,1.169213771820068359e+00,-1.252268075942993164e+00,-1.801740050315856934e+00,-6.936594843864440918e-01,-7.564157843589782715e-01,-6.954734921455383301e-01
-3.522324860095977783e-01,1.661506533622741699e+00,1.292531251907348633e+00,1.193971872329711914e+00,1.187370792031288147e-01,-5.197390317916870117e-01,-1.100765347480773926e+00,1.183336973190307617e+00,-1.313138842582702637e+00,-5.389805436134338379e-01,-4.525977373123168945e-01,-3.986976742744445801e-01,-8.208141326904296875e-01,3.973992168903350830e-01,-1.031235933303833008e+00,-1.234961390495300293e+00,-8.907640576362609863e-01,-3.983283936977386475e-01,-7.529961466789245605e-01,-1.313622474670410156e+00,-8.278951048851013184e-01,6.892905235290527344e-01,-1.217274069786071777e+00,-6.123856306076049805e-01,-1.075053885579109192e-01,7.492321133613586426e-01,-1.093623876571655273e+00,-4.526194930076599121e-01,2.712487876415252686e-01,-8.095468282699584961e-01,3.288396298885345459e-01,-1.433762192726135254e+00,-8.906704783439636230e-01,2.476333826780319214e-01,-1.348015427589416504e+00,-8.886913061141967773e-01,2.308490723371505737e-01,-4.852007329463958740e-01,-8.254753351211547852e-01,-6.808669567108154297e-01,-2.961787283420562744e-01,-8.305370211601257324e-01,-3.417841792106628418e-01,-5.835689306259155273e-01,1.878655105829238892e-01,1.857623308897018433e-01,-7.988319396972656250e-01,1.983211189508438110e-02,-5.005095601081848145e-01,-1.051537990570068359e+00,2.707243859767913818e-01,9.001046419143676758e-01,9.142364859580993652e-01
-9.483000636100769043e-02,1.222901821136474609e+00,1.338971853256225586e+00,7.772993445396423340e-01,1.057959198951721191e+00,1.967284530401229858e-01,1.485550850629806519e-01,5.205990672111511230e-01,4.291395545005798340e-01,4.088651835918426514e-01,-4.193297624588012695e-01,1.971367955207824707e+00,2.929508388042449951e-01,1.622939586639404297e+00,1.140139579772949219e+00,9.848443865776062012e-01,2.693214416503906250e-01,-7.305461764335632324e-01,1.128853797912597656e+00,-1.274200230836868286e-01,-7.430480122566223145e-01,1.787574589252471924e-01,-8.277652859687805176e-01,-1.181383252143859863e+00,-1.154905676841735840e+00,-1.466276526451110840e+00,1.278402447700500488e+00,-3.249840438365936279e-01,1.242291808128356934e+00,2.912251055240631104e-01,-4.110984206199645996e-01,1.184231162071228027e+00,6.504928469657897949e-01,8.844049647450447083e-03,1.271772384643554688e+00,4.511356055736541748e-01,1.122284531593322754e+00,1.056910157203674316e+00,7.650168538093566895e-01,-8.546966314315795898e-02,-2.812958061695098877e-01,1.252091646194458008e+00,3.320206701755523682e-01,-2.247627228498458862e-01,1.446159034967422485e-01,1.535416394472122192e-01,1.272752135992050171e-01,2.761662006378173828e-01,-1.271678090095520020e+00,-6.508691310882568359e-01,4.584880471229553223e-01,1.907893121242523193e-01,2.036024183034896851e-01
-2.373113669455051422e-02,8.516878485679626465e-01,4.451878666877746582e-01,1.370301008224487305e+00,1.518204212188720703e+00,6.266133189201354980e-01,1.046125590801239014e-02,1.323712110519409180e+00,-2.515058517456054688e-01,5.867902636528015137e-01,-4.577422738075256348e-01,-3.332785069942474365e-01,2.869375944137573242e-01,6.062144041061401367e-01,1.188148260116577148e+00,5.811936259269714355e-01,-4.461174607276916504e-01,-6.293497085571289062e-01,7.715055942535400391e-01,-5.336380600929260254e-01,1.149908185005187988e+00,-4.435403048992156982e-01,-7.757045626640319824e-01,-9.529749751091003418e-01,-3.367844521999359131e-01,-2.511769719421863556e-02,5.057804584503173828e-01,7.224735617637634277e-02,8.641886115074157715e-01,-1.677752017974853516e+00,4.060902595520019531e-01,-2.026386559009552002e-01,8.549641370773315430e-01,-1.254071712493896484e+00,-1.335836052894592285e+00,2.566076256334781647e-02,1.334719181060791016e+00,9.692999720573425293e-01,-2.260575816035270691e-02,-4.721755683422088623e-01,-9.254126548767089844e-01,9.005755782127380371e-01,-6.761731505393981934e-01,8.858084082603454590e-01,6.634884327650070190e-02,-3.146426677703857422e-01,2.495440281927585602e-02,-1.543582558631896973e+00,-1.457540631294250488e+00,-7.724671959877014160e-01,-2.852123677730560303e-01,-1.394837051630020142e-01,-3.461816906929016113e-01
7.655891776084899902e-01,1.576202988624572754e+00,-9.301317483186721802e-02,2.357349991798400879e-01,5.630821734666824341e-02,5.380734801292419434e-01,9.443971514701843262e-01,8.700098991394042969e-01,-3.722086846828460693e-01,-4.328301846981048584e-01,9.658202528953552246e-01,-8.286426663398742676e-01,-1.309669137001037598e+00,2.442104220390319824e-01,-8.884687423706054688e-01,-1.354529619216918945e+00,-4.584541916847229004e-01,-1.806457936763763428e-01,-3.832041621208190918e-01,5.512218922376632690e-02,-2.967349588871002197e-01,1.209439516067504883e+00,7.887197732925415039e-01,-3.904128074645996094e-01,1.166064739227294922e+00,-1.334038019180297852e+00,1.786457449197769165e-01,4.707693159580230713e-01,-3.810978233814239502e-01,5.109862685203552246e-01,1.048015594482421875e+00,5.862342119216918945e-01,-2.550479769706726074e-01,7.248987555503845215e-01,-1.295570135116577148e-01,-1.330288648605346680e+00,-3.338549733161926270e-01,-7.043806314468383789e-01,-3.745470941066741943e-01,2.949235439300537109e-01,-3.231292366981506348e-01,-5.162928104400634766e-01,-4.711393117904663086e-01,-6.597063541412353516e-01,1.817057251930236816e+00,1.290432572364807129e+00,5.383630990982055664e-01,-1.824801445007324219e+00,1.255483031272888184e-01,6.020454168319702148e-01,7.667489051818847656e-01,1.526569366455078125e+00,1.545499682426452637e+00
2.228457778692245483e-01,2.113458812236785889e-01,4.919363260269165039e-01,1.227104187011718750e+00,5.911372900009155273e-01,3.627461493015289307e-01,9.575064778327941895e-01,1.479987144470214844e+00,-3.879167735576629639e-01,4.960153400897979736e-01,-6.417550891637802124e-02,-1.088847160339355469e+00,-4.584775865077972412e-01,1.085681200027465820e+00,4.349711537361145020e-01,-1.106725215911865234e+00,-9.476589560508728027e-01,-1.093438863754272461e+00,1.214584231376647949e+00,-4.815145134925842285e-01,9.951466321945190430e-01,1.844443917274475098e+00,1.459593057632446289e+00,-1.006628155708312988e+00,1.707029640674591064e-01,-1.706895828247070312e+00,-6.469790339469909668e-01,-1.758316159248352051e-01,-4.210782945156097412e-01,-2.266176491975784302e-01,1.041541099548339844e+00,-1.857573986053466797e-01,8.465523123741149902e-01,-4.805186390876770020e-02,4.222954213619232178e-01,-3.330902159214019775e-01,1.015403151512145996e+00,1.291417121887207031e+00,-9.458263516426086426e-01,-7.899560332298278809e-01,-1.179902315139770508e+00,1.293498754501342773e+00,-1.380399227142333984e+00,-1.419057995080947876e-01,8.658728599548339844e-01,2.043642520904541016e+00,-3.919743001461029053e-01,-2.104436635971069336e+00,-8.918147087097167969e-01,-3.102305345237255096e-02,-9.119650721549987793e-02,1.078882932662963867e+00,7.646844387054443359e-01
-1.473174214363098145e+00,1.018686294555664062e-01,-4.143154025077819824e-01,1.417994201183319092e-01,-3.261675536632537842e-01,-1.198639497160911560e-01,1.488959342241287231e-01,-6.047471165657043457e-01,-5.776472091674804688e-01,9.840251505374908447e-02,-1.995815992355346680e+00,4.948734343051910400e-01,-6.113978028297424316e-01,-6.820194125175476074e-01,-9.657695144414901733e-02,-9.462005496025085449e-01,-1.809565186500549316e+00,-1.912945389747619629e+00,-9.033361673355102539e-01,-1.513952612876892090e+00,1.384106993675231934e+00,-1.078675463795661926e-01,-9.661994576454162598e-01,-1.412552118301391602e+00,-1.582757353782653809e+00,-5.361146330833435059e-01,-6.056125164031982422e-01,-7.986629605293273926e-01,8.395508527755737305e-01,-1.370368719100952148e+00,6.598449945449829102e-01,-6.492448449134826660e-01,1.280484080314636230e+00,-1.866721034049987793e+00,-5.723925828933715820e-01,-3.876744508743286133e-01,4.967827796936035156e-01,5.682839825749397278e-02,-7.291361093521118164e-01,-1.073158502578735352e+00,-1.557702660560607910e+00,-6.205123662948608398e-01,-1.715597987174987793e+00,1.576331973075866699e+00,-7.960222959518432617e-01,1.167436316609382629e-01,-1.109461903572082520e+00,-1.530193805694580078e+00,-1.082150459289550781e+00,-1.237562417984008789e+00,-1.998852849006652832e+00,-5.058643221855163574e-01,-8.681336641311645508e-01
-1.616080999374389648e+00,2.599541246891021729e-01,-2.474194318056106567e-01,2.243210673332214355e-01,-8.066769838333129883e-01,-1.928731799125671387e-01,-1.869916766881942749e-01,-7.340674400329589844e-01,-1.319833159446716309e+00,-1.638896584510803223e+00,-1.362130761146545410e+00,-8.754351139068603516e-01,-2.057616949081420898e+00,-1.498906016349792480e+00,-6.678693294525146484e-01,-1.631709575653076172e+00,-7.317548394203186035e-01,-1.197572350502014160e+00,-1.402553081512451172e+00,-2.065472751855850220e-01,-1.624703556299209595e-01,-1.292463898658752441e+00,-1.093038320541381836e+00,-1.557281851768493652e+00,-1.647739648818969727e+00,7.156896591186523438e-02,-1.094233155250549316e+00,-4.832055270671844482e-01,-5.303828716278076172e-01,-1.418112277984619141e+00,-2.539201378822326660e-01,-9.017642736434936523e-01,-1.113883614540100098e+00,-1.480113148689270020e+00,-1.030972719192504883e+00,-2.013326406478881836e+00,-1.871272325515747070e+00,4.724931120872497559e-01,-1.388172507286071777e+00,-1.204430699348449707e+00,-1.257156491279602051e+00,-1.323051571846008301e+00,-7.830064892768859863e-01,1.011991381645202637e+00,-1.187378048896789551e+00,-1.054322004318237305e+00,-1.585380792617797852e+00,6.758446693420410156e-01,-1.092238306999206543e+00,-1.515220999717712402e+00,-8.780708312988281250e-01,-7.997002601623535156e-01,-3.027400970458984375e-01
-2.066027164459228516e+00,-2.975189983844757080e-01,-4.903751313686370850e-01,-2.853482589125633240e-02,-4.775567054748535156e-01,-8.268027901649475098e-01,-2.660357713699340820e+00,-1.303068697452545166e-01,-7.682584524154663086e-01,-1.156177997589111328e+00,-1.276469230651855469e+00,-7.177657485008239746e-01,-1.884421586990356445e+00,3.360665440559387207e-01,4.326602518558502197e-01,-1.980792999267578125e+00,-1.614606082439422607e-01,-1.854670524597167969e+00,2.429023534059524536e-01,-1.598559141159057617e+00,3.328075706958770752e-01,-6.438978314399719238e-01,-1.484014153480529785e+00,-1.600934505462646484e+00,-1.977112889289855957e+00,-1.214605331420898438e+00,-1.098863244056701660e+00,-3.526252806186676025e-01,-6.471157073974609375e-01,-2.864684104919433594e+00,-1.911902070045471191e+00,-8.496580719947814941e-01,-1.221266746520996094e+00,-1.229033708572387695e+00,-1.610821247100830078e+00,-1.900424957275390625e+00,-4.878200292587280273e-01,2.423249930143356323e-01,-1.108595132827758789e+00,-2.006107807159423828e+00,-1.894631981849670410e+00,-1.568328440189361572e-01,-3.846580684185028076e-01,8.098518252372741699e-01,-1.576808840036392212e-02,-1.365095257759094238e+00,-1.404179930686950684e+00,2.465918660163879395e-01,-1.287174940109252930e+00,-1.852112650871276855e+00,1.784375309944152832e-01,4.159081727266311646e-02,-7.534046471118927002e-02
-1.570793271064758301e+00,-5.266473293304443359e-01,-1.131044626235961914e+00,7.437829375267028809e-01,-7.556802034378051758e-01,1.001056730747222900e-01,-1.852507591247558594e+00,5.089901089668273926e-01,-1.227757215499877930e+00,3.407668173313140869e-01,-2.033704042434692383e+00,-1.221098661422729492e+00,-1.124673724174499512e+00,-1.030325412750244141e+00,-2.272076308727264404e-01,-1.257911086082458496e+00,-1.606545090675354004e+00,-1.703193902969360352e+00,-8.986011147499084473e-01,-1.579091310501098633e+00,1.367450118064880371e+00,-2.926561534404754639e-01,-1.076094865798950195e+00,-1.468917608261108398e+00,-1.945213437080383301e+00,3.003706037998199463e-01,-1.490007400512695312e+00,-1.921101570129394531e+00,-8.076014518737792969e-01,-2.536705970764160156e+00,9.858120679855346680e-01,-1.469591259956359863e+00,5.660576224327087402e-01,-2.052903890609741211e+00,-1.544350624084472656e+00,-1.145813345909118652e+00,1.826633810997009277e-01,-4.093847572803497314e-01,-1.414941549301147461e+00,-1.399911522865295410e+00,-1.597947835922241211e+00,-1.003847002983093262e+00,-1.567663073539733887e+00,7.130467295646667480e-01,-1.664639234542846680e+00,-6.995283365249633789e-01,-1.313036203384399414e+00,3.391777873039245605e-01,-1.411255717277526855e+00,-1.817684412002563477e+00,-1.573980689048767090e+00,-8.547656536102294922e-01,-9.645284414291381836e-01
-2.336146116256713867e+00,7.378192991018295288e-02,1.545645833015441895e+00,5.251581668853759766e-01,-1.948018074035644531e-01,-6.332724541425704956e-02,-1.784155488014221191e+00,-1.127826094627380371e+00,-1.088233947753906250e+00,-5.024060010910034180e-01,-1.613587379455566406e+00,-8.282501101493835449e-01,-1.856336236000061035e+00,-6.257990598678588867e-01,1.685340516269207001e-02,-1.379844903945922852e+00,-6.458994746208190918e-01,-8.154455423355102539e-01,-4.602003470063209534e-02,-1.553469181060791016e+00,4.953533709049224854e-01,-1.195547699928283691e+00,-2.018724918365478516e+00,-1.058366417884826660e+00,-9.668533802032470703e-01,-9.234501123428344727e-01,-1.113159775733947754e+00,-7.896877527236938477e-01,1.474610209465026855e+00,-2.039281606674194336e+00,-5.387766361236572266e-01,-8.301381468772888184e-01,-1.284144401550292969e+00,-1.622172117233276367e+00,-1.664008617401123047e+00,-2.099009275436401367e+00,-1.088199853897094727e+00,7.062814235687255859e-01,-1.331073760986328125e+00,-1.273941278457641602e+00,-1.206275343894958496e+00,-1.396754086017608643e-01,-7.007576227188110352e-01,6.793980300426483154e-02,-1.336028099060058594e+00,-1.423039197921752930e+00,-9.716693162918090820e-01,-3.871395066380500793e-02,-9.574210047721862793e-01,-1.472763657569885254e+00,3.387563824653625488e-01,-8.762481212615966797e-01,-6.654515266418457031e-01
-1.110541582107543945e+00,-6.647764891386032104e-02,1.135948076844215393e-01,6.261767745018005371e-01,3.616432100534439087e-02,4.008826911449432373e-01,-1.409569025039672852e+00,7.692524790763854980e-01,3.026819527149200439e-01,5.323665142059326172e-01,-1.847189515829086304e-01,-1.940002888441085815e-01,-3.744478821754455566e-01,1.039753109216690063e-02,1.152376756072044373e-01,-7.894714176654815674e-02,-8.654749393463134766e-01,-1.487547159194946289e+00,-4.148703441023826599e-02,-6.548722982406616211e-01,1.765624403953552246e+00,-1.264465689659118652e+00,3.279824852943420410e-01,-2.173868417739868164e+00,-1.877009272575378418e+00,-1.022405624389648438e+00,3.294091820716857910e-01,-7.390160560607910156e-01,-2.520752549171447754e-01,-2.129449605941772461e+00,-4.414106309413909912e-01,-2.209823131561279297e-01,5.710906386375427246e-01,-1.396010279655456543e+00,-5.854225158691406250e-01,-7.655314207077026367e-01,1.207489073276519775e-01,7.771674543619155884e-02,-6.754155158996582031e-01,-7.422738671302795410e-01,-9.902141690254211426e-01,1.608664244413375854e-01,-1.136387705802917480e+00,7.057707309722900391e-01,2.521051168441772461e-01,-1.360842823982238770e+00,-9.413398504257202148e-01,-2.134018540382385254e-01,-1.766711235046386719e+00,-1.548544645309448242e+00,-3.802599608898162842e-01,-2.391414046287536621e-01,-5.385270118713378906e-01
-8.976231813430786133e-01,1.084990024566650391e+00,6.608332991600036621e-01,-7.382039427757263184e-01,-1.639773488044738770e+00,1.505308896303176880e-01,-5.546563267707824707e-01,-1.008472800254821777e+00,4.799926877021789551e-01,-1.204881072044372559e+00,1.735422015190124512e-01,-2.155122607946395874e-01,-1.559918880462646484e+00,-9.657524824142456055e-01,1.048245951533317566e-01,3.998552635312080383e-02,-1.052509784698486328e+00,-8.114905357360839844e-01,-1.104961156845092773e+00,-8.598338961601257324e-01,5.212529301643371582e-01,1.918818950653076172e-01,3.465823531150817871e-01,-6.381241679191589355e-01,-2.518603801727294922e-01,-4.258273243904113770e-01,-2.447875142097473145e-01,-1.216167733073234558e-01,2.022941410541534424e-01,-9.101509451866149902e-01,-9.688324332237243652e-01,-5.481162667274475098e-01,-2.941155433654785156e-01,4.940136801451444626e-03,-1.054951310157775879e+00,-1.604561924934387207e+00,-5.298383831977844238e-01,3.394188880920410156e-01,-2.446096390485763550e-01,-7.400396466255187988e-01,-8.463899493217468262e-01,-1.128871917724609375e+00,-9.484820365905761719e-01,-6.222028732299804688e-01,2.973615825176239014e-01,6.983573734760284424e-02,-6.053868532180786133e-01,6.903073787689208984e-01,-1.063367817550897598e-02,-2.360098063945770264e-01,-1.265870630741119385e-01,-1.589496992528438568e-02,5.774077400565147400e-02
-3.564397990703582764e-01,-4.982997775077819824e-01,-7.212588787078857422e-01,5.958392024040222168e-01,5.205561593174934387e-02,-5.999111533164978027e-01,-4.115285277366638184e-01,2.737903892993927002e-01,-6.512257456779479980e-02,-9.474334120750427246e-02,-9.659614413976669312e-02,-1.423205286264419556e-01,1.719078794121742249e-02,4.149990621954202652e-03,3.029248416423797607e-01,-3.158415257930755615e-01,-1.137977480888366699e+00,-1.054196596145629883e+00,-2.388726025819778442e-01,-8.799768090248107910e-01,8.829559385776519775e-02,7.443323731422424316e-01,1.758942157030105591e-01,-9.554673433303833008e-01,-6.538713574409484863e-01,-6.504371762275695801e-01,-2.820925414562225342e-01,-5.395321846008300781e-01,6.889435052871704102e-01,-6.877177357673645020e-01,-5.521844029426574707e-01,4.574152827262878418e-01,3.558141589164733887e-01,-7.001498937606811523e-01,-3.608739078044891357e-01,2.252444773912429810e-01,2.172224968671798706e-01,1.245476245880126953e+00,-5.677368640899658203e-01,-8.990983366966247559e-01,-1.023011922836303711e+00,-1.429965496063232422e-01,-1.014595866203308105e+00,-1.500840578228235245e-02,-5.135481953620910645e-01,5.955033302307128906e-01,-6.330966949462890625e-01,-3.271796107292175293e-01,-8.825917840003967285e-01,-1.149458765983581543e+00,-2.910121977329254150e-01,-4.835044220089912415e-02,-7.412544637918472290e-02
-1.315990805625915527e+00,-1.270031809806823730e+00,-6.037720441818237305e-01,-1.197566628456115723e+00,-8.792122006416320801e-01,-1.084186077117919922e+00,5.571995377540588379e-01,-1.892564773559570312e+00,-2.090499177575111389e-02,-9.545112848281860352e-01,-6.057635545730590820e-01,4.805452227592468262e-01,2.071525305509567261e-01,-9.762026071548461914e-01,-3.894971907138824463e-01,5.183818936347961426e-01,-7.086206227540969849e-02,-6.700764298439025879e-01,-1.074778079986572266e+00,-3.641581237316131592e-01,3.828465342521667480e-01,-1.096060156822204590e+00,2.522578090429306030e-02,-7.723790407180786133e-01,-4.836944043636322021e-01,9.489713311195373535e-01,-2.186110466718673706e-01,-9.593364596366882324e-01,-7.082336544990539551e-01,-1.112216234207153320e+00,-2.445662975311279297e+00,-3.773008286952972412e-01,-9.566102623939514160e-01,-8.749102354049682617e-01,-1.206604838371276855e+00,7.639441639184951782e-02,-1.718095421791076660e+00,-3.568079173564910889e-01,2.673249505460262299e-02,-3.023356385529041290e-02,-7.559012770652770996e-01,-8.730422854423522949e-01,2.867479026317596436e-01,1.806924343109130859e-01,-2.939212620258331299e-01,-9.186702370643615723e-01,-2.037878185510635376e-01,1.606710076332092285e+00,-4.632420241832733154e-01,-8.545233607292175293e-01,-8.095632791519165039e-01,-1.638317584991455078e+00,-1.418049216270446777e+00
-3.510033786296844482e-01,-9.412956982851028442e-02,-8.481569886207580566e-01,1.484771072864532471e-01,4.097388982772827148e-01,3.866882920265197754e-01,-7.047058939933776855e-01,8.239929676055908203e-01,-1.332105994224548340e-01,-1.877687685191631317e-02,-1.124312162399291992e+00,2.543947398662567139e-01,1.518873274326324463e-01,-5.394762754440307617e-01,-9.300707280635833740e-02,-1.196917798370122910e-02,-1.250558614730834961e+00,-1.303338646888732910e+00,-8.474037647247314453e-01,-1.359309077262878418e+00,-5.741943717002868652e-01,-2.909946069121360779e-02,-1.038469195365905762e+00,-1.322345256805419922e+00,-6.548200845718383789e-01,-9.263241887092590332e-01,-2.345525026321411133e-01,-1.625037491321563721e-01,-7.854722142219543457e-01,-1.463108062744140625e+00,1.050737798213958740e-01,-1.152566909790039062e+00,-1.217254400253295898e-01,-4.553118944168090820e-01,1.719946712255477905e-01,-2.480834349989891052e-02,-6.559153199195861816e-01,1.268325805664062500e+00,3.985771238803863525e-01,-1.637861251831054688e+00,-1.379913568496704102e+00,-1.021893694996833801e-01,-5.396978259086608887e-01,-7.233613133430480957e-01,-6.096926331520080566e-01,-1.328830700367689133e-02,-5.835177898406982422e-01,6.775289177894592285e-01,-6.011325120925903320e-01,-1.673183441162109375e+00,-2.199759036302566528e-01,-2.211620956659317017e-01,6.029776111245155334e-02
-5.134813189506530762e-01,6.799502968788146973e-01,2.188558131456375122e-01,-1.175432205200195312e+00,-1.185020685195922852e+00,-3.286839425563812256e-01,-6.758915185928344727e-01,4.884818494319915771e-01,-9.593981504440307617e-01,8.431556075811386108e-02,5.287771299481391907e-02,-1.351701498031616211e+00,6.217263936996459961e-01,-1.870578229427337646e-01,-1.783036589622497559e-01,-1.035386845469474792e-01,-1.621675193309783936e-01,4.223338961601257324e-01,-1.106440424919128418e+00,-3.709561526775360107e-01,2.576521337032318115e-01,-6.156886741518974304e-02,-9.663414359092712402e-01,1.650527715682983398e+00,1.030351519584655762e+00,8.159257769584655762e-01,-8.366518020629882812e-01,-1.472142577171325684e+00,-2.481861114501953125e-01,-3.078874349594116211e-01,5.874370932579040527e-01,-7.806070446968078613e-01,4.272972941398620605e-01,2.836361229419708252e-01,1.472921520471572876e-01,8.451591134071350098e-01,2.726776599884033203e-01,8.919526636600494385e-02,3.293721079826354980e-01,5.667241662740707397e-02,8.879466652870178223e-01,-1.019252777099609375e+00,5.529603362083435059e-01,-4.551970660686492920e-01,-1.605355262756347656e+00,-2.097981423139572144e-01,-2.494858205318450928e-01,6.344112157821655273e-01,2.412246465682983398e+00,1.085100769996643066e+00,-7.409629225730895996e-01,-1.467903256416320801e+00,-1.312491893768310547e+00
6.674028038978576660e-01,6.195595487952232361e-02,1.156199932098388672e+00,7.954976558685302734e-01,1.381260037422180176e+00,1.126024603843688965e+00,7.698068618774414062e-01,4.673586785793304443e-01,7.046626210212707520e-01,1.513144820928573608e-01,-5.207072943449020386e-02,-3.179689124226570129e-02,8.225260972976684570e-01,1.316531896591186523e+00,-3.466586470603942871e-01,1.133099794387817383e+00,8.597968220710754395e-01,1.648333191871643066e+00,1.178163886070251465e+00,1.566358804702758789e+00,-2.938181161880493164e-01,-1.380707383155822754e+00,2.665508389472961426e-01,8.717303276062011719e-01,6.269221901893615723e-01,-7.097190618515014648e-01,9.424542784690856934e-01,-8.055615425109863281e-01,1.353093624114990234e+00,2.595389783382415771e-01,3.207709193229675293e-01,1.369066715240478516e+00,7.217119932174682617e-01,-6.937879323959350586e-02,6.925210356712341309e-01,5.491050481796264648e-01,8.006329536437988281e-01,1.241392612457275391e+00,4.605147242546081543e-01,1.226667046546936035e+00,2.147930622100830078e+00,1.687112808227539062e+00,1.872089266777038574e+00,-5.120587348937988281e-02,-4.955275356769561768e-01,-1.528101921081542969e+00,1.137210607528686523e+00,5.626849532127380371e-01,1.092266678810119629e+00,5.271185636520385742e-01,6.980673968791961670e-02,-1.527903795242309570e+00,-1.322416067123413086e+00
3.682580962777137756e-02,-1.434117317199707031e+00,-3.498218953609466553e-01,-1.213087439537048340e+00,-1.359997153282165527e+00,-6.242038011550903320e-01,9.723462462425231934e-01,-6.102745532989501953e-01,1.317484259605407715e+00,9.895740151405334473e-01,1.911364912986755371e+00,1.917136549949645996e+00,2.774536609649658203e+00,-1.094334498047828674e-01,-3.673449158668518066e-01,2.684167623519897461e+00,6.754756569862365723e-01,1.388025999069213867e+00,-4.815271496772766113e-01,1.180377840995788574e+00,-1.328539729118347168e+00,-5.641574263572692871e-01,6.617389321327209473e-01,6.010822653770446777e-01,5.800594091415405273e-01,1.471485346555709839e-01,1.432882189750671387e+00,-6.436443924903869629e-01,-7.772272229194641113e-01,2.249791473150253296e-01,-1.540410280227661133e+00,1.809950351715087891e+00,1.059347391128540039e+00,1.648342847824096680e+00,1.733917593955993652e+00,2.019014120101928711e+00,-2.464608997106552124e-01,7.986334562301635742e-01,1.741227626800537109e+00,2.097074508666992188e+00,1.605539798736572266e+00,2.417201399803161621e-01,1.167190909385681152e+00,-2.479599267244338989e-01,6.234333515167236328e-01,-7.808195352554321289e-01,1.432763099670410156e+00,3.396722376346588135e-01,1.225322365760803223e+00,4.086296260356903076e-01,-3.253819942474365234e-01,-9.532876014709472656e-01,-1.020736813545227051e+00
1.394180655479431152e+00,5.569079518318176270e-01,1.020858049392700195e+00,5.074292421340942383e-01,-1.066163033246994019e-01,-2.116238325834274292e-01,1.127141416072845459e-01,6.336681842803955078e-01,6.771807670593261719e-01,1.787153184413909912e-01,1.286072373390197754e+00,1.015616178512573242e+00,7.533243298530578613e-01,1.114670991897583008e+00,5.605435967445373535e-01,1.126479625701904297e+00,1.202101111412048340e+00,1.714146971702575684e+00,6.355575919151306152e-01,2.848267555236816406e-01,-1.102042555809020996e+00,-3.346984684467315674e-01,4.082506299018859863e-01,1.199981570243835449e+00,1.337040185928344727e+00,-9.571077674627304077e-02,5.041964650154113770e-01,-4.153695106506347656e-01,-2.378215342760086060e-01,2.274999171495437622e-01,-1.264524906873703003e-01,1.447114706039428711e+00,2.028170675039291382e-01,1.089312195777893066e+00,1.396026968955993652e+00,3.141312301158905029e-01,1.111562848091125488e+00,1.016490221023559570e+00,2.774044275283813477e-01,1.134281754493713379e+00,1.619315743446350098e+00,1.226727724075317383e+00,1.586334466934204102e+00,-4.332689940929412842e-01,2.061728835105895996e-01,-1.647934317588806152e-01,7.400164008140563965e-01,-1.322261810302734375e+00,1.408930540084838867e+00,1.888716220855712891e-01,2.558884322643280029e-01,-7.062773704528808594e-01,-2.142520099878311157e-01
6.649445891380310059e-01,1.150467753410339355e+00,1.221616983413696289e+00,-7.509192824363708496e-01,-6.378125548362731934e-01,8.586306571960449219e-01,2.739852853119373322e-02,-9.610571265220642090e-01,-5.975539088249206543e-01,-3.373309671878814697e-01,2.196412384510040283e-01,-1.285320639610290527e+00,5.852366685867309570e-01,-4.046241044998168945e-01,-1.028460621833801270e+00,5.101906135678291321e-03,-5.579689145088195801e-01,4.308270215988159180e-01,-1.088723897933959961e+00,-3.285351395606994629e-01,-2.834223806858062744e-01,2.017867192625999451e-02,-1.731965243816375732e-01,1.315878868103027344e+00,1.320611357688903809e+00,8.237698674201965332e-01,-6.131872534751892090e-01,-1.518086075782775879e+00,3.269414007663726807e-01,-3.312298059463500977e-01,-1.235979795455932617e+00,-3.563820719718933105e-01,6.582711935043334961e-01,-3.330134153366088867e-01,-4.865581393241882324e-01,9.369117617607116699e-01,1.623585224151611328e-01,-9.145200997591018677e-02,-2.373604625463485718e-01,6.205062270164489746e-01,1.429170370101928711e+00,-5.080220699310302734e-01,2.125971168279647827e-01,6.175476312637329102e-01,-9.377303123474121094e-01,-3.138013780117034912e-01,8.190710097551345825e-02,7.813094556331634521e-02,1.105969905853271484e+00,7.425032854080200195e-01,-5.056754350662231445e-01,-1.583642959594726562e+00,-1.606627106666564941e+00
1.009613394737243652e+00,3.418664336204528809e-01,1.030181407928466797e+00,6.023035049438476562e-01,1.150414466857910156e+00,1.232504606246948242e+00,2.201504468917846680e+00,7.419126033782958984e-01,1.089819431304931641e+00,9.027674794197082520e-02,3.795050382614135742e-01,-1.168633848428726196e-01,1.061343669891357422e+00,1.667860269546508789e+00,9.305742979049682617e-01,4.410941898822784424e-01,2.650651693344116211e+00,2.020821809768676758e+00,2.373457193374633789e+00,1.220710754394531250e+00,3.782413601875305176e-01,-1.605802536010742188e+00,5.453122854232788086e-01,1.368356227874755859e+00,1.829911708831787109e+00,1.457238197326660156e-01,5.147361159324645996e-01,-1.534417510032653809e+00,1.320852637290954590e+00,1.568300008773803711e+00,-2.414298057556152344e-01,1.565029144287109375e+00,2.581804096698760986e-01,1.182355403900146484e+00,1.534234404563903809e+00,7.928088307380676270e-01,-1.490019857883453369e-01,1.140597820281982422e+00,6.675820052623748779e-02,1.392073869705200195e+00,2.375277280807495117e+00,3.078820943832397461e+00,3.205641984939575195e+00,7.458704113960266113e-01,-1.231815338134765625e+00,-1.777573466300964355e+00,9.739978909492492676e-01,-5.948551893234252930e-01,2.795874118804931641e+00,6.528963446617126465e-01,-9.170688986778259277e-01,-1.623165965080261230e+00,-1.656483769416809082e+00
7.888002991676330566e-01,2.126067504286766052e-02,7.779683470726013184e-01,-4.159151017665863037e-02,-1.139343976974487305e+00,-3.935226202011108398e-01,1.015869259834289551e+00,4.422960281372070312e-01,4.119927585124969482e-01,3.803820610046386719e-01,1.656115531921386719e+00,1.197172522544860840e+00,2.298471927642822266e+00,-1.099221259355545044e-01,-7.444818019866943359e-01,2.181744575500488281e+00,-2.713509798049926758e-01,1.075212001800537109e+00,-9.016891717910766602e-01,1.197788953781127930e+00,-1.336762189865112305e+00,4.870899021625518799e-01,1.180121660232543945e+00,1.268791794776916504e+00,8.316849470138549805e-01,8.034039735794067383e-01,8.638030290603637695e-01,-4.691737294197082520e-01,-8.149519562721252441e-01,5.736274719238281250e-01,-6.002131700515747070e-01,1.251660823822021484e+00,1.207205891609191895e+00,1.130471944808959961e+00,1.568835973739624023e+00,2.212866067886352539e+00,3.594805300235748291e-01,7.118762731552124023e-01,1.767795801162719727e+00,2.084520101547241211e+00,1.324292063713073730e+00,-2.691784799098968506e-01,5.198040604591369629e-01,-5.666471719741821289e-01,7.869709730148315430e-01,4.532910287380218506e-01,1.778787136077880859e+00,8.350114822387695312e-01,1.499621629714965820e+00,1.020446658134460449e+00,2.336634844541549683e-01,-8.854479789733886719e-01,-5.288431048393249512e-01
6.571917533874511719e-01,5.237777829170227051e-01,1.762346744537353516e+00,-2.080055475234985352e+00,-1.623055696487426758e+00,-1.296467065811157227e+00,8.679696321487426758e-01,-3.406898975372314453e+00,-2.379997968673706055e-01,-1.706325054168701172e+00,5.674115419387817383e-01,-4.818013906478881836e-01,9.087347388267517090e-01,-7.599444985389709473e-01,-2.566339373588562012e-01,7.815449237823486328e-01,2.378069311380386353e-01,8.296325206756591797e-01,-4.735743999481201172e-01,6.280098557472229004e-01,-2.138689517974853516e+00,1.170804262161254883e+00,1.429965734481811523e+00,1.144839882850646973e+00,1.966000676155090332e+00,-5.917070899158716202e-03,2.291913032531738281e-01,5.504783987998962402e-02,4.758958518505096436e-01,1.079420924186706543e+00,-3.322536230087280273e+00,1.180384397506713867e+00,-5.479492545127868652e-01,1.352055191993713379e+00,1.053232073783874512e+00,6.256464123725891113e-01,-1.395195841789245605e+00,-9.577475786209106445e-01,7.414067983627319336e-01,1.021681666374206543e+00,1.542795658111572266e+00,-7.819787263870239258e-01,6.460116505622863770e-01,-9.689040780067443848e-01,1.865549236536026001e-01,7.741911411285400391e-01,1.056622982025146484e+00,1.592363268136978149e-01,2.567973136901855469e+00,1.795692682266235352e+00,6.103971600532531738e-01,8.595468848943710327e-02,-3.712166100740432739e-02
6.098240613937377930e-03,2.989102900028228760e-01,1.729649156332015991e-01,1.575186491012573242e+00,2.104976892471313477e+00,-6.567545533180236816e-01,5.069121122360229492e-01,1.399967670440673828e-01,2.763451933860778809e-01,9.045197367668151855e-01,-1.155703902244567871e+00,7.786116003990173340e-01,-2.786322534084320068e-01,1.469389915466308594e+00,1.829730272293090820e+00,-5.995886921882629395e-01,1.060194492340087891e+00,6.849632132798433304e-03,1.408641576766967773e+00,-1.851483732461929321e-01,1.399980902671813965e+00,-1.931386947631835938e+00,4.922103509306907654e-02,-5.860523581504821777e-01,-1.322020411491394043e+00,-5.773570537567138672e-01,-2.486053407192230225e-01,-9.317891001701354980e-01,-2.024497091770172119e-01,-3.073832690715789795e-01,-6.426397711038589478e-02,4.333173632621765137e-01,1.722264528274536133e+00,-4.962548017501831055e-01,3.661944568157196045e-01,1.421629786491394043e-01,2.136957883834838867e+00,3.635042905807495117e-01,-4.869733154773712158e-01,2.073437273502349854e-01,4.620927274227142334e-01,1.615751147270202637e+00,1.016780853271484375e+00,1.717135429382324219e+00,-3.409388363361358643e-01,-1.368935585021972656e+00,-5.713510513305664062e-01,-8.006239533424377441e-01,-3.384593427181243896e-01,-4.570547640323638916e-01,-1.471114873886108398e+00,-1.379471778869628906e+00,-1.182810902595520020e+00
-9.396490454673767090e-01,-3.116058409214019775e-01,1.592878103256225586e-01,-1.468962192535400391e+00,-1.614378333091735840e+00,-1.642236828804016113e+00,-1.359701156616210938e-01,-1.298021078109741211e+00,-6.548664569854736328e-01,-1.589094042778015137e+00,9.149801731109619141e-01,-3.618761003017425537e-01,-7.082604169845581055e-01,-7.918137311935424805e-01,-6.183946132659912109e-01,2.911793589591979980e-01,5.013248920440673828e-01,4.260874092578887939e-01,-3.297269940376281738e-01,-5.810515955090522766e-02,-3.746491968631744385e-01,1.588677465915679932e-01,1.465035676956176758e-01,1.791692525148391724e-01,6.713709235191345215e-01,9.671466350555419922e-01,2.491739578545093536e-02,-1.775445342063903809e-01,-1.863350152969360352e+00,-5.199854373931884766e-01,-1.574068784713745117e+00,-4.957875311374664307e-01,-1.042998909950256348e+00,9.006712436676025391e-01,-3.991854190826416016e-01,-2.420577108860015869e-01,-1.035386800765991211e+00,-1.568976975977420807e-02,9.169757366180419922e-01,1.200121790170669556e-01,2.412791401147842407e-01,-1.869481056928634644e-03,8.132596015930175781e-01,4.085814654827117920e-01,3.620721697807312012e-01,-7.500220090150833130e-02,-4.001048505306243896e-01,4.371871948242187500e-01,1.322418451309204102e+00,9.372742772102355957e-01,-9.346655607223510742e-01,-2.617926895618438721e-02,7.091560959815979004e-02
8.032659292221069336e-01,1.440551996231079102e+00,1.756079912185668945e+00,1.186067461967468262e+00,1.368708848953247070e+00,1.827158570289611816e+00,1.452174425125122070e+00,1.431192994117736816e+00,1.230840086936950684e+00,1.553326964378356934e+00,1.939387470483779907e-01,1.506485581398010254e+00,1.566384911537170410e+00,2.142733573913574219e+00,2.045696735382080078e+00,9.713923335075378418e-01,6.897279024124145508e-01,-2.257621884346008301e-01,1.356098413467407227e+00,-7.600299268960952759e-02,1.573730558156967163e-01,4.156396538019180298e-02,9.230363965034484863e-01,-6.635223329067230225e-02,-2.006297558546066284e-01,-7.058896124362945557e-02,3.808482885360717773e-01,-7.029744982719421387e-01,2.522988796234130859e+00,1.507297277450561523e+00,9.606359004974365234e-01,8.928626775741577148e-01,1.828239679336547852e+00,-1.316727101802825928e-01,1.607563734054565430e+00,1.578269243240356445e+00,1.588048100471496582e+00,2.468411684036254883e+00,9.132506847381591797e-01,-4.277384281158447266e-01,-1.454845517873764038e-01,1.669200181961059570e+00,5.719831585884094238e-01,4.091607332229614258e-01,-7.424107789993286133e-01,-1.735650151968002319e-01,1.333100646734237671e-01,5.362009406089782715e-01,1.914735585451126099e-01,-6.979503631591796875e-01,-5.987742915749549866e-02,8.049963414669036865e-02,2.426871657371520996e-01
3.817309439182281494e-01,6.992544531822204590e-01,1.345106840133666992e+00,-4.039891362190246582e-01,1.616246402263641357e-01,-7.087350487709045410e-01,6.397359967231750488e-01,-2.264085263013839722e-01,-1.298810720443725586e+00,-5.024747252464294434e-01,-3.002590835094451904e-01,-1.662898778915405273e+00,6.593338847160339355e-01,-4.669341146945953369e-01,-4.081131517887115479e-01,-2.448032200336456299e-01,-1.063090562820434570e+00,-3.699437528848648071e-02,-1.108338952064514160e+00,-9.310641288757324219e-01,1.308229565620422363e+00,-2.884114980697631836e-01,-1.205915361642837524e-01,-5.862311720848083496e-01,4.634144306182861328e-01,1.093369245529174805e+00,-1.381077647209167480e+00,-8.539336919784545898e-01,3.898678421974182129e-01,5.042053461074829102e-01,-1.149479866027832031e+00,-9.237639307975769043e-01,-5.497794151306152344e-01,-4.910977780818939209e-01,-8.182233572006225586e-01,6.389177441596984863e-01,-2.901068329811096191e-01,7.379699349403381348e-01,-1.712413579225540161e-01,-4.154144823551177979e-01,-9.442298859357833862e-02,-5.300809144973754883e-01,-3.546341359615325928e-01,3.445543944835662842e-01,-4.234448671340942383e-01,-2.813819050788879395e-01,-1.081616163253784180e+00,1.588793873786926270e+00,5.357566475868225098e-01,2.882501780986785889e-01,-5.758417844772338867e-01,-1.145843386650085449e+00,-1.180729985237121582e+00
4.713608920574188232e-01,6.823850274085998535e-01,9.575299024581909180e-01,1.740251034498214722e-01,1.936482638120651245e-01,-4.123170971870422363e-01,9.594466686248779297e-01,8.237699866294860840e-01,-9.409595131874084473e-01,-1.582514405250549316e+00,-4.952872544527053833e-02,-1.935272574424743652e+00,-1.613896608352661133e+00,3.747847676277160645e-01,-5.017972588539123535e-01,-1.461334228515625000e+00,4.528901278972625732e-01,4.177109301090240479e-01,2.449496388435363770e-01,-7.628558874130249023e-01,3.520544171333312988e-01,-1.864130496978759766e-01,1.739300936460494995e-01,-5.124327167868614197e-02,6.356860995292663574e-01,8.506870269775390625e-01,-1.241199016571044922e+00,-7.278938889503479004e-01,-6.736007928848266602e-01,9.789428710937500000e-01,1.715335249900817871e+00,-8.138291239738464355e-01,-8.501774668693542480e-01,3.521232903003692627e-01,-5.358726978302001953e-01,-1.357610106468200684e+00,-3.796831965446472168e-01,-2.356689274311065674e-01,-1.034021735191345215e+00,-1.677989363670349121e+00,3.992042317986488342e-02,1.381755322217941284e-01,1.680119335651397705e-01,6.520336270332336426e-01,-8.793269395828247070e-01,-7.458034902811050415e-02,-1.582159638404846191e+00,9.867228865623474121e-01,6.472401022911071777e-01,-1.023054644465446472e-01,-9.353731274604797363e-01,5.815794318914413452e-02,3.584497869014739990e-01
-2.277149260044097900e-01,9.992517232894897461e-01,1.518929243087768555e+00,1.509017586708068848e+00,4.827218055725097656e-01,1.408598542213439941e+00,5.684211477637290955e-02,9.906133264303207397e-02,-7.738957405090332031e-01,-5.466424673795700073e-02,-1.620184421539306641e+00,-2.068564295768737793e-01,-7.795137763023376465e-01,1.737432740628719330e-02,4.434370398521423340e-01,-8.125270605087280273e-01,-9.077527523040771484e-01,-1.112280607223510742e+00,2.020329385995864868e-01,-1.185857057571411133e+00,1.136829137802124023e+00,-8.273138403892517090e-01,-1.323596239089965820e+00,-1.506512999534606934e+00,-1.566431879997253418e+00,-1.111602261662483215e-01,-1.140514016151428223e+00,-1.523705840110778809e+00,1.941249847412109375e+00,-2.762769162654876709e-02,3.696043193340301514e-01,-1.415672898292541504e-01,3.612519502639770508e-01,-2.733221054077148438e-01,-1.143970847129821777e+00,-8.362821936607360840e-01,9.501239657402038574e-01,7.914736121892929077e-02,-1.231429457664489746e+00,-9.439255595207214355e-01,-6.130034923553466797e-01,4.359801113605499268e-02,-6.549195647239685059e-01,1.565143227577209473e+00,-8.827467560768127441e-01,-1.437241554260253906e+00,-1.292273283004760742e+00,2.265689373016357422e+00,-4.641848802566528320e-01,-1.216003417968750000e+00,-1.806553840637207031e+00,-9.643715620040893555e-01,-1.141536355018615723e+00
1.900381892919540405e-01,5.722121596336364746e-01,5.806616544723510742e-01,-1.291438221931457520e+00,-5.198072195053100586e-01,4.709566757082939148e-02,1.872276425361633301e+00,3.016572892665863037e-01,1.592537611722946167e-01,-1.130769968032836914e+00,-1.125603318214416504e+00,3.279986679553985596e-01,-3.977226614952087402e-01,-1.532444238662719727e+00,-6.228989362716674805e-01,3.325948491692543030e-02,4.633341431617736816e-01,4.381962120532989502e-01,-1.043092846870422363e+00,1.041999310255050659e-01,-6.276458501815795898e-01,-1.268770813941955566e+00,5.025751590728759766e-01,6.051250696182250977e-01,6.395184993743896484e-01,2.744338989257812500e+00,-2.406853884458541870e-01,4.419783055782318115e-01,-2.325711771845817566e-02,9.080587029457092285e-01,1.612991094589233398e-02,1.346367597579956055e-01,-1.608018159866333008e+00,-4.817235767841339111e-01,-1.012350767850875854e-01,-7.554052472114562988e-01,-1.958929061889648438e+00,-1.585701107978820801e+00,-6.071782112121582031e-01,-2.754002809524536133e-01,4.500853121280670166e-01,-8.291121721267700195e-01,7.711344361305236816e-01,-4.232861995697021484e-01,-5.230500102043151855e-01,-1.113107204437255859e+00,-3.292584121227264404e-01,1.404912352561950684e+00,1.028429150581359863e+00,4.585694670677185059e-01,3.823246955871582031e-01,-5.441986918449401855e-01,-3.699199855327606201e-01
7.939531207084655762e-01,1.270814418792724609e+00,1.596088409423828125e+00,1.085486173629760742e+00,6.960060596466064453e-01,2.447879463434219360e-01,5.358575582504272461e-01,1.341064810752868652e+00,1.535812258720397949e+00,4.939194619655609131e-01,-1.339393854141235352e-01,1.093871951103210449e+00,6.302581429481506348e-01,1.267446279525756836e+00,1.324670910835266113e+00,7.918193340301513672e-01,1.679926872253417969e+00,2.505629360675811768e-01,1.287279963493347168e+00,-3.049382567405700684e-01,1.228174448013305664e+00,-9.361576437950134277e-01,1.330458760261535645e+00,-5.583406090736389160e-01,-3.605962693691253662e-01,9.968843311071395874e-02,-2.250688672065734863e-01,-2.895173728466033936e-01,1.820063948631286621e+00,3.078117966651916504e-01,1.166918277740478516e-01,5.816244482994079590e-01,4.413053095340728760e-01,1.357308506965637207e+00,-1.453014761209487915e-01,3.194368183612823486e-01,8.263096213340759277e-01,6.261668801307678223e-01,1.062397599220275879e+00,-6.369618177413940430e-01,3.683194518089294434e-01,1.281939029693603516e+00,1.663357853889465332e+00,1.702069044113159180e+00,4.519502818584442139e-02,-1.138786792755126953e+00,-4.144060909748077393e-01,8.686727285385131836e-01,-1.375820785760879517e-01,-3.279970260336995125e-03,-1.157657384872436523e+00,-3.867042064666748047e-01,-5.363735556602478027e-01
7.335852384567260742e-01,9.277740716934204102e-01,1.215152263641357422e+00,2.536879479885101318e-01,-1.954388320446014404e-01,5.975892543792724609e-01,-4.102700352668762207e-01,1.793577671051025391e-01,-8.852324634790420532e-02,-4.857593476772308350e-01,6.493609547615051270e-01,7.727429270744323730e-02,-1.074318066239356995e-01,-1.053518772125244141e+00,-4.079284965991973877e-01,5.870546102523803711e-01,-6.012500524520874023e-01,-4.076803624629974365e-01,-1.167290806770324707e+00,3.366048634052276611e-01,2.566211819648742676e-01,8.531156182289123535e-01,1.042018771171569824e+00,4.877117872238159180e-01,4.677071273326873779e-01,-9.641984105110168457e-01,3.784925937652587891e-01,1.067167818546295166e-01,2.526003122329711914e-01,-1.231927871704101562e+00,-4.184753447771072388e-02,-1.078333973884582520e+00,7.337842583656311035e-01,9.656159579753875732e-02,-4.065509438514709473e-01,1.368280053138732910e-01,4.941844642162322998e-01,-5.292946100234985352e-01,1.470104604959487915e-01,-5.179603397846221924e-02,-7.984084635972976685e-02,-1.274134278297424316e+00,-1.093987464904785156e+00,-6.776286363601684570e-01,-7.158098220825195312e-01,2.040692120790481567e-01,1.034074723720550537e-01,-1.298914432525634766e+00,6.254056096076965332e-01,2.444602847099304199e-01,-2.874858975410461426e-01,-3.993476629257202148e-01,-8.291078209877014160e-01
8.850012421607971191e-01,-5.086475014686584473e-01,-1.020330309867858887e+00,-9.192267656326293945e-01,4.473408460617065430e-01,-9.207312464714050293e-01,2.284827470779418945e+00,-9.003972411155700684e-01,8.363758325576782227e-01,-4.828217029571533203e-01,4.930075109004974365e-01,1.113185524940490723e+00,-5.259107425808906555e-02,1.126963049173355103e-01,-9.535546898841857910e-01,1.049333214759826660e-01,4.870726466178894043e-01,-8.195171505212783813e-02,9.003471583127975464e-02,1.003487586975097656e+00,4.755173921585083008e-01,-6.344322860240936279e-02,2.232505321502685547e+00,2.115220278501510620e-01,7.817881703376770020e-01,-1.423234581947326660e+00,1.826463341712951660e-01,7.723709344863891602e-01,2.673985064029693604e-01,1.146271944046020508e+00,-6.629130244255065918e-01,1.042918205261230469e+00,-8.571990579366683960e-02,1.494090072810649872e-02,-3.118127211928367615e-02,-2.959952950477600098e-01,-1.001813039183616638e-01,-1.437602043151855469e-01,-8.903345465660095215e-01,7.580379247665405273e-01,1.686210781335830688e-01,3.041361570358276367e-01,1.108961224555969238e+00,8.930791616439819336e-01,5.367088913917541504e-01,-1.199366077780723572e-01,-1.287111639976501465e-01,-2.206332087516784668e-01,7.806857228279113770e-01,7.174365520477294922e-01,-5.193398594856262207e-01,-3.357363343238830566e-01,-8.160236477851867676e-01
-1.742962300777435303e-01,-3.443881571292877197e-01,-1.714608788490295410e+00,-8.032740354537963867e-01,-1.154770374298095703e+00,-9.652640223503112793e-01,4.008837342262268066e-01,9.291087985038757324e-01,-6.742447018623352051e-01,2.568807303905487061e-01,-1.151971593499183655e-01,-1.134128332138061523e+00,6.401622891426086426e-01,-1.088169693946838379e+00,2.704882025718688965e-01,-5.607153773307800293e-01,-5.366703867912292480e-01,-9.535726904869079590e-01,-4.618892371654510498e-01,-5.087381005287170410e-01,1.805943012237548828e+00,3.983271718025207520e-01,1.539103835821151733e-01,-9.907731413841247559e-01,-1.749580949544906616e-01,1.337274432182312012e+00,-4.513764977455139160e-01,8.389281034469604492e-01,-1.778411149978637695e+00,-6.387895345687866211e-01,4.878452420234680176e-01,-1.782418966293334961e+00,-5.116797685623168945e-01,-7.005836963653564453e-01,-1.014431953430175781e+00,3.711845576763153076e-01,-5.670760869979858398e-01,1.195874810218811035e+00,-7.061468958854675293e-01,-1.421970486640930176e+00,-1.175751566886901855e+00,4.902432858943939209e-02,-8.617563173174858093e-03,4.061415195465087891e-01,-1.436902880668640137e+00,8.000622619874775410e-04,-1.260468959808349609e+00,1.990743756294250488e+00,-4.729789495468139648e-01,-8.068157434463500977e-01,-1.132196068763732910e+00,-1.738761663436889648e-01,-6.217741966247558594e-01
-3.782800137996673584e-01,-8.509922027587890625e-01,-1.771054387092590332e+00,-2.123791217803955078e+00,-1.961662530899047852e+00,-2.047829151153564453e+00,-4.369868636131286621e-01,-1.306677103042602539e+00,-1.812245488166809082e+00,-2.323848962783813477e+00,-7.684517651796340942e-02,-5.714215040206909180e-01,-1.355879187583923340e+00,-1.989401817321777344e+00,-1.011361002922058105e+00,-1.083334088325500488e+00,-1.229168891906738281e+00,-6.448621153831481934e-01,-1.242952585220336914e+00,-5.833280682563781738e-01,-1.305082798004150391e+00,1.308405756950378418e+00,-3.084123730659484863e-01,-8.607398271560668945e-01,2.426644116640090942e-01,-4.687991738319396973e-01,-1.096405982971191406e+00,1.093389511108398438e+00,-1.954453468322753906e+00,-1.137701272964477539e+00,-1.510662078857421875e+00,-1.510761141777038574e+00,-2.640563964843750000e+00,4.065611958503723145e-01,-1.147264480590820312e+00,-1.681147336959838867e+00,-2.008341073989868164e+00,-1.365842819213867188e+00,-9.482731819152832031e-01,-1.325134485960006714e-01,-3.873652517795562744e-01,-1.250527501106262207e+00,-1.222013235092163086e+00,-2.111294746398925781e+00,1.906095743179321289e-01,8.560956716537475586e-01,-4.788877964019775391e-01,-3.975693285465240479e-01,-3.677409589290618896e-01,-2.365337014198303223e-01,1.619822502136230469e+00,7.799511551856994629e-01,9.171063303947448730e-01
-5.393869876861572266e-01,-2.664758265018463135e-01,-8.803927898406982422e-01,1.379805505275726318e-01,8.398025035858154297e-01,6.268104910850524902e-01,-1.171188801527023315e-01,-1.486798375844955444e-01,6.435624957084655762e-01,-1.047416403889656067e-01,-1.086202263832092285e+00,8.679373562335968018e-02,-2.475897818803787231e-01,-6.235060691833496094e-01,-2.460697889328002930e-01,1.355094462633132935e-01,-3.212451636791229248e-01,-7.270683050155639648e-01,8.966491371393203735e-02,-3.999223709106445312e-01,1.858086943626403809e+00,-7.381157279014587402e-01,3.911652565002441406e-01,-7.978391051292419434e-01,-1.230342507362365723e+00,5.487970113754272461e-01,-8.328949213027954102e-01,-4.943981170654296875e-01,-5.890117958188056946e-02,-5.919030904769897461e-01,-1.220075488090515137e+00,1.917977780103683472e-01,4.530255794525146484e-01,2.375844269990921021e-01,5.677054449915885925e-02,1.732468903064727783e-01,4.963375627994537354e-01,-4.493345916271209717e-01,1.916011422872543335e-01,-1.518239080905914307e-01,-5.429081320762634277e-01,3.698090612888336182e-01,2.452796846628189087e-01,9.617579579353332520e-01,-6.488466262817382812e-01,-1.111698627471923828e+00,-4.089339673519134521e-01,8.869210481643676758e-01,-8.406631946563720703e-01,-9.934893250465393066e-01,-4.541729688644409180e-01,-1.187907695770263672e+00,-1.277958989143371582e+00
-2.602861523628234863e-01,3.056928515434265137e-01,1.487331241369247437e-01,-7.748352289199829102e-01,-1.389128327369689941e+00,-2.126314640045166016e-01,9.742864221334457397e-02,-2.881630659103393555e-01,-9.071944355964660645e-01,-4.200488626956939697e-01,-1.587743610143661499e-01,-6.751735806465148926e-01,2.224615216255187988e-01,-2.927096784114837646e-01,6.233298033475875854e-02,2.554660439491271973e-01,1.684613078832626343e-01,-1.275452375411987305e-01,-1.092692732810974121e+00,2.741351425647735596e-01,2.132600843906402588e-01,6.605171598494052887e-03,1.824491322040557861e-01,-3.378803730010986328e-01,1.678380370140075684e-01,1.295216679573059082e+00,-3.142597377300262451e-01,5.477799847722053528e-02,-7.732019424438476562e-01,-1.511960625648498535e-01,-5.878958106040954590e-02,-4.045778810977935791e-01,-3.570108413696289062e-01,-3.110599219799041748e-01,4.696192592382431030e-02,3.046664595603942871e-01,-8.098146915435791016e-01,-2.712462842464447021e-01,1.221587434411048889e-01,3.262742422521114349e-03,2.009255811572074890e-02,-8.500460386276245117e-01,5.615167617797851562e-01,-5.980437397956848145e-01,-5.067904591560363770e-01,2.958630323410034180e-01,2.372026592493057251e-01,1.233608365058898926e+00,2.652216553688049316e-01,8.034788817167282104e-02,3.518292009830474854e-01,-5.345501303672790527e-01,-1.610539704561233521e-01
-3.061411380767822266e-01,1.719549447298049927e-01,-5.637961626052856445e-02,-1.938234828412532806e-02,-1.114801131188869476e-02,2.902407348155975342e-01,-2.794125676155090332e-01,7.374055385589599609e-01,-7.627972960472106934e-02,-2.127301543951034546e-01,2.971723377704620361e-01,-2.858775854110717773e-01,1.519722193479537964e-01,5.867199897766113281e-01,-6.304807066917419434e-01,-9.674202650785446167e-02,-4.219228923320770264e-01,-6.916537880897521973e-01,-4.794989228248596191e-01,-1.120184585452079773e-01,-1.464600414037704468e-01,4.287484586238861084e-01,1.316993951797485352e+00,-5.350428819656372070e-01,-2.326700277626514435e-02,-1.019300818443298340e+00,3.533518174663186073e-03,-3.432863950729370117e-02,5.915591716766357422e-01,-1.940996502526104450e-03,-7.225598692893981934e-01,4.614845812320709229e-01,2.855277061462402344e-01,4.610472917556762695e-01,2.798532843589782715e-01,4.191404879093170166e-01,1.330682992935180664e+00,2.553483247756958008e-01,5.439259409904479980e-01,-4.344235062599182129e-01,-6.893792748451232910e-01,8.486586809158325195e-02,-2.470979392528533936e-01,4.277272820472717285e-01,-8.408281952142715454e-02,3.862555027008056641e-01,-3.471883237361907959e-01,-3.682731091976165771e-01,1.526322811841964722e-01,-3.743835687637329102e-01,1.456336975097656250e-01,-8.150290697813034058e-03,1.303429007530212402e-01
-1.059297442436218262e+00,5.414298176765441895e-01,-6.939706206321716309e-02,1.192915737628936768e-01,-1.761385798454284668e-01,2.154791057109832764e-01,-5.925161242485046387e-01,-3.092862367630004883e-01,-1.354361534118652344e+00,6.782008409500122070e-01,-1.300880551338195801e+00,-3.864303529262542725e-01,-2.486650943756103516e-01,-7.861375808715820312e-01,-4.657683670520782471e-01,-4.871349334716796875e-01,-1.111228942871093750e+00,-1.178762316703796387e+00,-1.192376732826232910e+00,-1.816645860671997070e+00,2.399527788162231445e+00,-1.319320082664489746e+00,-2.073696374893188477e+00,-7.122732400894165039e-01,-1.313190698623657227e+00,8.647158741950988770e-01,-1.202959895133972168e+00,-1.478020429611206055e+00,3.199409246444702148e-01,-5.368998050689697266e-01,-3.416834175586700439e-01,-3.609600365161895752e-01,7.369518876075744629e-01,-1.826549291610717773e+00,1.291407793760299683e-01,-2.285659760236740112e-01,4.612748324871063232e-01,2.751351594924926758e-01,-1.246238231658935547e+00,-9.950300455093383789e-01,-1.163732051849365234e+00,-7.523509263992309570e-01,-5.724567770957946777e-01,1.986391544342041016e+00,-1.350895166397094727e+00,-1.246142983436584473e+00,-1.366922974586486816e+00,4.815641343593597412e-01,-8.478196263313293457e-01,-1.042552232742309570e+00,-6.810854673385620117e-01,-2.053078413009643555e+00,-2.174745321273803711e+00
-9.487255215644836426e-01,-4.471698105335235596e-01,-1.558575332164764404e-01,-1.138736963272094727e+00,-1.664273262023925781e+00,-1.483382105827331543e+00,-8.845136165618896484e-01,-5.120984315872192383e-01,-1.453219890594482422e+00,-1.767603278160095215e+00,-9.004746079444885254e-01,-1.456552743911743164e+00,-1.278442740440368652e+00,-1.051526427268981934e+00,-1.166415691375732422e+00,-1.821645259857177734e+00,1.472996026277542114e-01,-3.035256564617156982e-01,-5.908985733985900879e-01,-8.786266446113586426e-01,-6.495581269264221191e-01,1.887540519237518311e-01,-9.834741801023483276e-02,3.939330950379371643e-02,9.755609035491943359e-01,5.351387262344360352e-01,-1.757844090461730957e+00,-1.027418851852416992e+00,-8.710724115371704102e-01,-3.089461624622344971e-01,-3.275311887264251709e-01,-1.287616968154907227e+00,-1.441646575927734375e+00,-8.721148222684860229e-02,-9.383698701858520508e-01,-1.130954742431640625e+00,-1.563174247741699219e+00,-8.979572057723999023e-01,-1.593231201171875000e+00,-8.940623402595520020e-01,-8.194153904914855957e-01,-4.633795320987701416e-01,-2.156377136707305908e-01,1.711765825748443604e-01,-1.021608352661132812e+00,4.555021226406097412e-02,-9.865721464157104492e-01,-1.646212041378021240e-01,4.664392173290252686e-01,-1.357201635837554932e-01,-2.648433744907379150e-01,-3.633277863264083862e-02,2.298115566372871399e-02
-1.026631712913513184e+00,8.108621090650558472e-02,1.910178303718566895e+00,-2.095789611339569092e-01,-1.577508151531219482e-01,5.313924551010131836e-01,-9.497719407081604004e-01,-6.080311536788940430e-01,-3.751741349697113037e-01,-5.505936965346336365e-02,-1.054992079734802246e+00,2.484279274940490723e-01,-5.310043320059776306e-02,9.739922881126403809e-01,1.396689534187316895e+00,-6.415337920188903809e-01,-1.756444275379180908e-01,-1.220157027244567871e+00,-1.015635579824447632e-02,-1.788182020187377930e+00,9.104144573211669922e-01,-1.802061796188354492e-01,-3.179962933063507080e-01,-5.916662216186523438e-01,-1.092825889587402344e+00,1.148496419191360474e-01,-1.126603364944458008e+00,-1.281516551971435547e+00,1.320424795150756836e+00,6.647282838821411133e-02,-8.951311111450195312e-01,4.386583268642425537e-01,4.568971395492553711e-01,-3.535450994968414307e-01,3.997645527124404907e-02,5.523089691996574402e-02,8.154638409614562988e-01,1.488338470458984375e+00,-3.483258783817291260e-01,-1.050337076187133789e+00,-1.153348922729492188e+00,-1.132776960730552673e-01,-4.377385973930358887e-01,1.121577262878417969e+00,-1.547955274581909180e+00,-1.640418469905853271e-01,-1.142740845680236816e+00,8.845028877258300781e-01,-2.998661994934082031e-01,-1.153217077255249023e+00,-1.111073136329650879e+00,-8.044351339340209961e-01,-6.779871582984924316e-01
-1.170153021812438965e+00,8.107317090034484863e-01,9.441386461257934570e-01,5.718379020690917969e-01,6.656869053840637207e-01,5.462221503257751465e-01,-1.042454987764358521e-01,8.630296587944030762e-01,-2.946370542049407959e-01,6.125762462615966797e-01,-1.296926259994506836e+00,-6.599032282829284668e-01,1.183716535568237305e+00,-2.891686558723449707e-01,-4.452051818370819092e-01,5.963581204414367676e-01,-1.241003990173339844e+00,-9.591711759567260742e-01,-1.704895257949829102e+00,-1.383533954620361328e+00,2.031035661697387695e+00,-1.462698936462402344e+00,-1.340279340744018555e+00,-5.554700493812561035e-01,-8.553746938705444336e-01,1.567039608955383301e+00,-5.678810477256774902e-01,-1.317135691642761230e+00,5.894590616226196289e-01,-1.918561607599258423e-01,-1.075026616454124451e-01,1.535526663064956665e-01,1.115379452705383301e+00,-1.648198246955871582e+00,3.370219469070434570e-01,8.250831961631774902e-01,1.204277634620666504e+00,-1.009625941514968872e-01,3.399263322353363037e-01,-1.214804053306579590e+00,-7.092311978340148926e-01,-1.514842033386230469e+00,-1.249913454055786133e+00,1.398516654968261719e+00,-1.726134777069091797e+00,-9.990789294242858887e-01,-8.007529973983764648e-01,1.318646073341369629e+00,-2.996039092540740967e-01,-1.156314849853515625e+00,-6.931142807006835938e-01,-2.074612379074096680e+00,-1.876756548881530762e+00
-8.757357001304626465e-01,1.271727532148361206e-01,7.291309237480163574e-01,-3.441353440284729004e-01,-1.930112391710281372e-01,-2.126971818506717682e-02,-7.891825400292873383e-03,2.392878532409667969e-01,-1.420776009559631348e+00,-1.684438705444335938e+00,5.784067511558532715e-02,-2.112451791763305664e+00,-7.096045613288879395e-01,-1.196107029914855957e+00,-1.964585542678833008e+00,-5.338112115859985352e-01,-4.572227895259857178e-01,-3.762420415878295898e-01,-1.535820960998535156e+00,-1.218669772148132324e+00,5.490455627441406250e-01,2.913265228271484375e-01,-4.118002057075500488e-01,8.211333751678466797e-01,1.148687362670898438e+00,7.331814765930175781e-01,-1.462064266204833984e+00,-1.461771249771118164e+00,9.588699787855148315e-02,5.829543471336364746e-01,9.745700359344482422e-01,-2.021935731172561646e-01,-1.694741249084472656e+00,2.508866488933563232e-01,-1.042663335800170898e+00,-1.077561020851135254e+00,-1.532716989517211914e+00,-1.621123909950256348e+00,-8.263153433799743652e-01,-5.439736247062683105e-01,-1.646506935358047485e-01,-1.586942911148071289e+00,2.317116111516952515e-01,5.391826629638671875e-01,1.903843134641647339e-01,-6.633243523538112640e-03,-9.106028676033020020e-01,1.158320426940917969e+00,1.671614289283752441e+00,5.006282329559326172e-01,-5.507284998893737793e-01,-4.322037994861602783e-01,-8.102931380271911621e-01
-2.047874182462692261e-01,8.812527656555175781e-01,5.356943011283874512e-01,8.250138163566589355e-01,4.600297808647155762e-01,6.332505345344543457e-01,2.972936928272247314e-01,7.656508684158325195e-01,-7.423620820045471191e-01,4.944176599383354187e-02,-1.123989343643188477e+00,-4.375212788581848145e-01,8.326566964387893677e-02,1.250034421682357788e-01,5.872952938079833984e-01,-2.278380542993545532e-01,-3.818570375442504883e-01,-7.485184669494628906e-01,3.665552139282226562e-01,-1.073618769645690918e+00,9.554244279861450195e-01,-4.295118749141693115e-01,2.096153497695922852e-01,-7.505974173545837402e-01,-6.810083389282226562e-01,4.836762547492980957e-01,-1.225338816642761230e+00,-6.287913322448730469e-01,1.550234675407409668e+00,4.277502596378326416e-01,1.013845801353454590e+00,1.158957004547119141e+00,3.411550223827362061e-01,-1.035211682319641113e+00,9.647554159164428711e-02,-9.511824697256088257e-02,5.948547720909118652e-01,3.792410790920257568e-01,-3.177222907543182373e-01,-6.672485470771789551e-01,-7.093514800071716309e-01,2.480517327785491943e-01,-1.698760092258453369e-01,1.248890757560729980e+00,-4.065709412097930908e-01,-2.240974307060241699e-01,-7.282959818840026855e-01,1.116971969604492188e+00,-6.554174423217773438e-01,-9.619652032852172852e-01,-5.412632226943969727e-01,-1.246987819671630859e+00,-1.246803641319274902e+00
