-1.041733264923095703e+00,3.235915005207061768e-01,-2.795671224594116211e-01,1.891874432563781738e+00,3.008731603622436523e+00
-1.101729393005371094e+00,9.430331587791442871e-01,-1.900151729583740234e+00,-1.924339175224304199e+00,-9.282259941101074219e-01
-1.100534677505493164e+00,6.009449362754821777e-01,-3.404652178287506104e-01,3.740817904472351074e-01,1.271574944257736206e-01
-1.983898520469665527e+00,-2.036875188350677490e-01,-3.086189746856689453e+00,-3.204625844955444336e+00,3.224033117294311523e-01
-2.075381994247436523e+00,4.208875596523284912e-01,-9.861652255058288574e-01,6.940912604331970215e-01,-1.188652634620666504e+00
-2.233162403106689453e+00,-4.747137725353240967e-01,-2.749603986740112305e+00,-3.673809528350830078e+00,2.347340434789657593e-01
-2.625984668731689453e+00,1.038329601287841797e+00,-1.533145666122436523e+00,-1.300526022911071777e+00,-3.040862083435058594e+00
-2.283453702926635742e+00,-2.914330363273620605e-01,-1.614328742027282715e+00,-2.532142162322998047e+00,5.395441651344299316e-01
-2.219038724899291992e+00,2.343536913394927979e-01,-1.628644227981567383e+00,-1.332581996917724609e+00,-1.978862643241882324e+00
-1.632955431938171387e+00,-6.011389493942260742e-01,-1.071428179740905762e+00,-1.440833330154418945e+00,7.349976301193237305e-01
-1.030031919479370117e+00,1.292672157287597656e+00,-1.290154576301574707e+00,-1.381465673446655273e+00,-9.962549805641174316e-02
-9.880214929580688477e-01,3.702100217342376709e-01,-5.774580836296081543e-01,-1.079474449157714844e+00,1.477827668190002441e+00
-1.558426618576049805e+00,5.791876316070556641e-01,-2.246815443038940430e+00,-2.100540876388549805e+00,-3.018818616867065430e+00
-1.440054535865783691e+00,-4.874279201030731201e-01,-2.689879834651947021e-01,6.074120402336120605e-01,2.437679767608642578e+00
-1.706338644027709961e+00,-1.982854902744293213e-01,-2.844258069992065430e+00,-3.745544672012329102e+00,-1.856926679611206055e+00
-1.526235580444335938e+00,-1.043000340461730957e+00,-5.009990930557250977e-01,9.740306735038757324e-01,1.241254210472106934e+00
-1.359928846359252930e+00,-6.558530498296022415e-03,-2.339780330657958984e+00,-3.666284322738647461e+00,5.141482949256896973e-01
-7.316550016403198242e-01,-4.016447067260742188e-02,-2.336000949144363403e-01,1.555126190185546875e+00,8.401414155960083008e-01
-8.819726705551147461e-01,-3.243823945522308350e-01,-1.221712231636047363e+00,-1.660996437072753906e+00,2.471620082855224609e+00
-6.284701824188232422e-01,1.176215410232543945e+00,-1.415959000587463379e+00,-4.768778979778289795e-01,-6.585429310798645020e-01
-7.977718710899353027e-01,-1.725587397813796997e-01,1.596749275922775269e-01,-2.261691689491271973e-01,3.202820301055908203e+00
-1.309359192848205566e+00,-7.408155202865600586e-01,-1.766459345817565918e+00,-4.090342521667480469e-01,-2.027132749557495117e+00
-7.352882027626037598e-01,-1.560542285442352295e-01,-1.065100789070129395e+00,-1.541497111320495605e+00,1.588905096054077148e+00
-1.063499450683593750e+00,2.668851912021636963e-01,-2.331219673156738281e+00,-1.924214839935302734e+00,-1.115194439888000488e+00
-2.041816234588623047e+00,-1.078993916511535645e+00,-7.618129253387451172e-01,3.204359412193298340e-01,1.516870856285095215e+00
-2.075283765792846680e+00,-1.144653916358947754e+00,-2.969776153564453125e+00,-3.564074516296386719e+00,-5.065829157829284668e-01
-2.357916831970214844e+00,-1.758484601974487305e+00,-7.629581689834594727e-01,1.547236561775207520e+00,3.308587074279785156e-01
-1.401710033416748047e+00,-5.205264687538146973e-01,-2.147007942199707031e+00,-2.909307003021240234e+00,-4.331543296575546265e-02
-1.138961076736450195e+00,-5.299874544143676758e-01,-7.679972052574157715e-01,2.221177369356155396e-01,6.224961876869201660e-01
-1.455683708190917969e+00,-4.894573986530303955e-01,-2.502847909927368164e+00,-3.785259246826171875e+00,8.874323964118957520e-01
-1.481852173805236816e+00,7.794504165649414062e-01,-1.015798211097717285e+00,-1.018347620964050293e+00,-4.866162538528442383e-01
-1.375394225120544434e+00,-6.879592537879943848e-01,-1.146799325942993164e+00,-9.839460253715515137e-01,1.171474814414978027e+00
-1.114249110221862793e+00,-5.680105090141296387e-01,-9.136715531349182129e-01,1.653639912605285645e+00,-1.107688426971435547e+00
-7.437492012977600098e-01,-2.822704911231994629e-01,-1.835188031196594238e+00,-2.694981098175048828e+00,8.812614083290100098e-01
-5.182808637619018555e-01,1.071010351181030273e+00,-1.310639977455139160e+00,-1.375264167785644531e+00,-2.991731762886047363e-01
-1.489904046058654785e+00,-8.063262104988098145e-01,-1.125798463821411133e+00,-1.076275944709777832e+00,1.936437189579010010e-01
-1.317165613174438477e+00,-9.875103086233139038e-02,-1.773660063743591309e+00,-8.835665583610534668e-01,-1.740894794464111328e+00
-1.694980859756469727e+00,-1.388878941535949707e+00,-1.282381296157836914e+00,-8.078155517578125000e-01,4.899687469005584717e-01
-9.345715641975402832e-01,3.986825644969940186e-01,-1.298300027847290039e+00,-1.703696370124816895e+00,-4.473950341343879700e-02
-1.688581943511962891e+00,-9.477338194847106934e-01,-1.373327493667602539e+00,-5.042427778244018555e-01,1.002188622951507568e-01
-1.349372982978820801e+00,1.908092200756072998e-01,-1.895971655845642090e+00,-2.404184579849243164e+00,-1.652187108993530273e+00
-2.041505336761474609e+00,-1.265259146690368652e+00,-8.499247431755065918e-01,4.250444844365119934e-02,-3.541778326034545898e-01
-1.426978468894958496e+00,-9.379146695137023926e-01,-1.886008024215698242e+00,-1.868205666542053223e+00,-2.392435967922210693e-01
-1.645278692245483398e+00,-8.268896937370300293e-01,-9.777190685272216797e-01,-7.441299557685852051e-01,-1.409235037863254547e-02
-1.547838211059570312e+00,-1.266900658607482910e+00,-1.432665228843688965e+00,-1.556529998779296875e+00,9.786914587020874023e-01
-7.664973139762878418e-01,1.036009043455123901e-01,-1.165695667266845703e+00,-9.425966143608093262e-01,7.989917397499084473e-01
-1.342041254043579102e+00,-8.821335434913635254e-01,-1.028768062591552734e+00,-1.154887795448303223e+00,8.276808261871337891e-01
-1.296790480613708496e+00,-7.805098891258239746e-01,-1.211705684661865234e+00,-4.977747201919555664e-01,1.013848185539245605e+00
-8.316813111305236816e-01,3.552574813365936279e-01,-1.332886219024658203e+00,-9.616987109184265137e-01,-9.380164742469787598e-01
-1.863988041877746582e+00,-1.805252313613891602e+00,-1.388258576393127441e+00,-2.590070366859436035e-01,6.571485102176666260e-02
-2.099226474761962891e+00,-1.053804397583007812e+00,-1.693207025527954102e+00,-6.085670590400695801e-01,-1.532179594039916992e+00
-1.790604829788208008e+00,-1.019273281097412109e+00,-1.247880935668945312e+00,-2.344497144222259521e-01,-4.100725650787353516e-01
-1.960757613182067871e+00,-1.492770791053771973e+00,-1.096151113510131836e+00,3.508749306201934814e-01,-5.048325061798095703e-01
-1.427534937858581543e+00,-1.694287061691284180e+00,-8.708825707435607910e-01,2.542626261711120605e-01,1.061346769332885742e+00
-2.640419304370880127e-01,7.117311358451843262e-01,-4.063021242618560791e-01,5.421449616551399231e-02,1.298928976058959961e+00
-7.307057976722717285e-01,-8.040280938148498535e-01,-1.168687701225280762e+00,-2.945281267166137695e-01,8.208571672439575195e-01
-8.434644937515258789e-01,-6.494885087013244629e-01,-9.844330549240112305e-01,7.293813228607177734e-01,-4.446655511856079102e-01
-1.233750343322753906e+00,-9.910395145416259766e-01,-1.335992693901062012e+00,-1.662986636161804199e+00,2.063416689634323120e-01
-1.461100697517395020e+00,-6.499959230422973633e-01,-1.736439824104309082e+00,-9.144675731658935547e-01,-7.366293668746948242e-01
-1.972491621971130371e+00,-1.985966324806213379e+00,-4.527415633201599121e-01,5.896781682968139648e-01,-3.021399974822998047e-01
-1.596034765243530273e+00,-1.719685554504394531e+00,-1.669271588325500488e+00,2.075290381908416748e-01,-1.226776167750358582e-01
-9.835537075996398926e-01,-2.674970328807830811e-01,-1.181399822235107422e+00,-1.491014122962951660e+00,-1.136169791221618652e+00
-8.844438791275024414e-01,-1.113942980766296387e+00,-9.371632933616638184e-01,-3.225149512290954590e-01,6.382203102111816406e-01
-1.318474888801574707e+00,-1.789673089981079102e+00,-1.489282965660095215e+00,-9.720760583877563477e-01,6.118453145027160645e-01
-1.548361897468566895e+00,-1.769258737564086914e+00,-1.277127504348754883e+00,9.432185292243957520e-01,-2.328352928161621094e-01
-1.558786749839782715e+00,-9.379743337631225586e-01,-1.562793016433715820e+00,-1.854452133178710938e+00,-7.210832834243774414e-01
-1.184915542602539062e+00,-1.327307820320129395e+00,-1.098856687545776367e+00,3.897188901901245117e-01,1.703839302062988281e-01
-1.736942172050476074e+00,-1.477161645889282227e+00,-1.123307585716247559e+00,-3.992432951927185059e-01,5.077696442604064941e-01
-1.882775664329528809e+00,-2.125046014785766602e+00,-1.544726848602294922e+00,-2.263823896646499634e-01,-4.123866558074951172e-02
-5.777533054351806641e-01,-2.485377155244350433e-02,-5.727196335792541504e-01,6.010683774948120117e-01,9.932881593704223633e-02
-1.648682713508605957e+00,-1.520556926727294922e+00,-1.561547517776489258e+00,-1.280819654464721680e+00,-1.486935734748840332e+00
-7.740418314933776855e-01,2.651019208133220673e-02,-1.135132193565368652e+00,-1.604418635368347168e+00,4.283480942249298096e-01
-1.503356575965881348e+00,-1.769527435302734375e+00,-1.739875555038452148e+00,-1.398950815200805664e+00,-4.606270194053649902e-01
-1.020245313644409180e+00,-1.070995330810546875e+00,-8.717987537384033203e-01,1.036010384559631348e+00,2.041165716946125031e-02
-1.863513469696044922e+00,-1.321099996566772461e+00,-1.730570435523986816e+00,-1.493875026702880859e+00,-1.369361042976379395e+00
-1.506809711456298828e+00,-1.472923636436462402e+00,-9.159907102584838867e-01,6.199216842651367188e-01,7.046471834182739258e-01
-1.660907745361328125e+00,-1.006380081176757812e+00,-1.882515072822570801e+00,-9.429519772529602051e-01,-1.832509875297546387e+00
-1.783682227134704590e+00,-1.905055403709411621e+00,-1.273162007331848145e+00,1.795955151319503784e-01,1.052030995488166809e-01
-1.091664552688598633e+00,-5.565499067306518555e-01,-1.280577540397644043e+00,-1.360053539276123047e+00,-2.361284494400024414e-01
-1.683230400085449219e+00,-1.855004668235778809e+00,-1.238031864166259766e+00,-9.299092292785644531e-01,-1.926943510770797729e-01
-1.146849274635314941e+00,-1.082336664199829102e+00,-1.208699464797973633e+00,-5.169834494590759277e-01,1.133410692214965820e+00
-9.897398948669433594e-01,-2.921791970729827881e-01,-2.068072319030761719e+00,-2.203745603561401367e+00,-1.358769536018371582e+00
-1.439579963684082031e+00,-1.574069738388061523e+00,-8.412066102027893066e-01,3.680935204029083252e-01,5.412648916244506836e-01
-1.996745467185974121e+00,-2.027690172195434570e+00,-2.462406635284423828e+00,-1.399626016616821289e+00,-4.536550045013427734e-01
-2.165654420852661133e+00,-2.340291261672973633e+00,-1.174528360366821289e+00,1.158548355102539062e+00,-1.694582819938659668e+00
-1.624952673912048340e+00,-1.270213484764099121e+00,-1.376133322715759277e+00,-1.498299598693847656e+00,-1.329783797264099121e+00
-1.812878370285034180e+00,-1.680647730827331543e+00,-1.600557208061218262e+00,-9.129927307367324829e-02,-7.986654043197631836e-01
-8.719896674156188965e-01,-4.831226915121078491e-02,-1.243657827377319336e+00,9.400022216141223907e-03,-7.544896006584167480e-01
-1.567313194274902344e+00,-1.437765717506408691e+00,-1.082708835601806641e+00,-3.980349749326705933e-02,-3.699316084384918213e-01
-1.195144057273864746e+00,-2.451726496219635010e-01,-9.882122874259948730e-01,-6.834118366241455078e-01,-5.645543932914733887e-01
-1.089897155761718750e+00,-1.096125245094299316e+00,-6.307116746902465820e-01,1.562464982271194458e-01,-1.368381977081298828e+00
-1.058311581611633301e+00,-1.561892867088317871e+00,-1.163992166519165039e+00,-5.768841505050659180e-01,2.644021511077880859e-01
-7.075649499893188477e-01,8.760376274585723877e-02,-9.106367230415344238e-01,-7.399718761444091797e-01,-5.212389230728149414e-01
-1.315545439720153809e+00,-1.355213284492492676e+00,-9.494889378547668457e-01,-5.460542440414428711e-01,4.566811621189117432e-01
-1.518494725227355957e+00,-1.969133496284484863e+00,-1.303983330726623535e+00,5.620467066764831543e-01,1.504172980785369873e-01
-2.750559449195861816e-01,7.419347167015075684e-01,-6.190159320831298828e-01,-5.856444835662841797e-01,8.917639255523681641e-01
-1.022732853889465332e+00,-1.351094603538513184e+00,-1.495309829711914062e+00,-9.552484154701232910e-01,-3.079549409449100494e-02
-1.169597387313842773e+00,-1.246307373046875000e+00,-8.797152638435363770e-01,3.545709848403930664e-01,9.033048152923583984e-01
-9.387938976287841797e-01,1.302528679370880127e-01,-1.213738441467285156e+00,-9.064713716506958008e-01,-2.741332948207855225e-01
-1.468481540679931641e+00,-1.152533054351806641e+00,-1.465533614158630371e+00,-1.017405867576599121e+00,4.773004949092864990e-01
-1.893838763236999512e+00,-1.695361495018005371e+00,-1.719748020172119141e+00,-4.051782786846160889e-01,-1.381050348281860352e-01
-5.558398365974426270e-01,1.225825920701026917e-01,-1.254695057868957520e+00,-1.700533367693424225e-02,-2.839237637817859650e-02
-1.544024944305419922e+00,-1.002977609634399414e+00,-1.623204350471496582e+00,-1.622650027275085449e+00,-9.095351099967956543e-01
-1.686781764030456543e+00,-1.836052775382995605e+00,-1.323352217674255371e+00,5.657427310943603516e-01,-4.310182332992553711e-01
-1.415211677551269531e+00,-3.918330371379852295e-01,-1.198692917823791504e+00,-1.415547490119934082e+00,-1.077070951461791992e+00
-1.379174709320068359e+00,-1.193719744682312012e+00,-9.983620047569274902e-01,-5.610871911048889160e-01,-9.554910063743591309e-01
-1.456501960754394531e+00,-1.559863328933715820e+00,-1.669013857841491699e+00,3.333542943000793457e-01,-9.053222537040710449e-01
-1.412364006042480469e+00,-7.549622654914855957e-01,-1.388788223266601562e+00,-4.803962409496307373e-01,-1.425315141677856445e+00
-1.280850410461425781e+00,-1.612719535827636719e+00,-1.821259021759033203e+00,-1.089905023574829102e+00,-1.219507455825805664e+00
-7.976737022399902344e-01,-1.833329498767852783e-01,-1.332714438438415527e+00,-1.279558062553405762e+00,-8.263160586357116699e-01
-1.274353265762329102e+00,-1.491517305374145508e+00,-1.927522897720336914e+00,-1.168836832046508789e+00,-9.471542835235595703e-01
-1.175112605094909668e+00,2.125366777181625366e-01,-1.475640296936035156e+00,-1.474328637123107910e+00,-1.768575072288513184e+00
-1.817542552947998047e+00,-1.480295419692993164e+00,-1.430775523185729980e+00,-8.994702100753784180e-01,-1.256740927696228027e+00
-1.565332889556884766e+00,-1.329158186912536621e+00,-1.704015254974365234e+00,-1.644168734550476074e+00,-2.679296970367431641e+00
-1.818704485893249512e+00,-1.617375493049621582e+00,-9.512068033218383789e-01,2.128598690032958984e-01,-2.006721019744873047e+00
-1.134018659591674805e+00,-1.315212994813919067e-01,-1.722496509552001953e+00,-1.796043992042541504e+00,-1.970674276351928711e+00
-1.614429593086242676e+00,-1.244785189628601074e+00,-5.940353870391845703e-01,-3.228703439235687256e-01,-1.468600869178771973e+00
-1.343661427497863770e+00,-1.136714935302734375e+00,-2.465928316116333008e+00,-3.056482076644897461e+00,-2.058966636657714844e+00
-1.571879148483276367e+00,-1.078188061714172363e+00,-1.230487585067749023e+00,-1.083739042282104492e+00,-1.067310094833374023e+00
-1.179563999176025391e+00,-1.514856457710266113e+00,-1.492217659950256348e+00,-1.299104452133178711e+00,3.159356415271759033e-01
-8.491597175598144531e-01,-6.301487088203430176e-01,-1.317840695381164551e+00,-5.439396500587463379e-01,-1.895851254463195801e+00
-1.486991047859191895e+00,-1.409502148628234863e+00,-1.323566913604736328e+00,-2.072802633047103882e-01,-1.463260650634765625e+00
-8.206182122230529785e-01,1.111517995595932007e-01,-8.541191816329956055e-01,-2.855190336704254150e-01,-2.824522256851196289e+00
-1.146963834762573242e+00,-1.607705473899841309e+00,-1.113358259201049805e+00,-6.255901455879211426e-01,7.962919771671295166e-02
-1.174965262413024902e+00,-5.462234020233154297e-01,-1.798254132270812988e+00,-1.341093540191650391e+00,-2.032146453857421875e+00
-1.908174991607666016e+00,-1.665933966636657715e+00,-1.247895240783691406e+00,5.737745389342308044e-02,-1.193696260452270508e+00
-9.322804212570190430e-01,-1.936893016099929810e-01,-9.336846470832824707e-01,-1.431326717138290405e-01,-1.767774105072021484e+00
-1.007725596427917480e+00,-1.164680123329162598e+00,-1.020049929618835449e+00,-6.033783555030822754e-01,1.072205305099487305e-01
-4.075024127960205078e-01,1.882723569869995117e-01,-2.064149856567382812e+00,-1.331817984580993652e+00,-1.756025552749633789e+00
-2.001344203948974609e+00,-1.109913825988769531e+00,-5.564429163932800293e-01,1.731914162635803223e+00,-1.838087439537048340e+00
-1.269754528999328613e+00,-1.216760396957397461e+00,-3.100705623626708984e+00,-3.515101909637451172e+00,-7.261862158775329590e-01
-2.429238080978393555e+00,-8.932360410690307617e-01,-1.561891078948974609e+00,-1.535455435514450073e-01,-3.200179815292358398e+00
-1.387390255928039551e+00,-1.395653843879699707e+00,-1.239606618881225586e+00,-1.624960064888000488e+00,3.059968352317810059e-01
-1.521865963935852051e+00,-1.316653013229370117e+00,-2.880476236343383789e+00,-2.301886081695556641e+00,-4.153000831604003906e+00
-1.829702138900756836e+00,-1.897623896598815918e+00,-5.545532703399658203e-01,1.671711325645446777e+00,-3.610608577728271484e-01
-2.097459077835083008e+00,-1.597319364547729492e+00,-3.103425502777099609e+00,-2.601762771606445312e+00,-3.310663938522338867e+00
-1.769804239273071289e+00,-1.033360242843627930e+00,-1.345627069473266602e+00,8.811499476432800293e-01,-1.667021155357360840e+00
-1.134247779846191406e+00,-1.679543495178222656e+00,-2.114225387573242188e+00,-2.795147418975830078e+00,-2.713444828987121582e-01
-9.636040925979614258e-01,-2.238033264875411987e-01,-1.205106258392333984e+00,-7.994284033775329590e-01,-2.102133512496948242e+00
-1.297985196113586426e+00,-1.216820120811462402e+00,-1.378237724304199219e+00,-6.906617879867553711e-01,-4.003710746765136719e-01
-8.460666537284851074e-01,-8.623759150505065918e-01,-1.777296185493469238e+00,-6.610223650932312012e-01,-2.115899562835693359e+00
-1.621286749839782715e+00,-1.840022206306457520e+00,-1.042310595512390137e+00,-1.622347906231880188e-02,-1.259648442268371582e+00
-6.943579316139221191e-01,1.733496487140655518e-01,-1.726304411888122559e+00,-1.245618462562561035e+00,-7.440463900566101074e-01
-1.414606094360351562e+00,-1.059982419013977051e+00,-1.135232329368591309e+00,-1.571349650621414185e-01,-7.503657341003417969e-01
-1.600666165351867676e+00,-1.692317247390747070e+00,-1.822189569473266602e+00,2.564837932586669922e-01,-1.096918821334838867e+00
-9.342115521430969238e-01,-6.159422993659973145e-01,-1.126771926879882812e+00,-2.346096336841583252e-01,-2.085786581039428711e+00
-1.124002933502197266e+00,-9.850704073905944824e-01,-1.237860083580017090e+00,-4.957667738199234009e-02,-5.177084207534790039e-01
-1.448090076446533203e+00,-1.029510259628295898e+00,-1.494121551513671875e+00,-1.363927245140075684e+00,-7.829116582870483398e-01
-1.986140489578247070e+00,-1.708851695060729980e+00,-1.262983798980712891e+00,2.817341387271881104e-01,4.583128988742828369e-01
-9.360935688018798828e-01,-5.703683495521545410e-01,-1.773674368858337402e+00,-2.090074539184570312e+00,-1.572735905647277832e+00
-1.307444453239440918e+00,-1.310654044151306152e+00,-8.374702334403991699e-01,1.376507997512817383e+00,-6.973191499710083008e-01
-1.239674687385559082e+00,-1.569831728935241699e+00,-1.387342333793640137e+00,-1.158441662788391113e+00,-2.081217616796493530e-01
-1.878406047821044922e+00,-2.205628633499145508e+00,-1.456328749656677246e+00,2.203052490949630737e-01,-2.209680527448654175e-01
1.046250164508819580e-01,5.359714627265930176e-01,-7.621564716100692749e-02,5.429446101188659668e-01,4.721382260322570801e-01
-4.939453005790710449e-01,-7.396216988563537598e-01,-8.206352591514587402e-01,-9.204381108283996582e-01,-9.088527560234069824e-01
-4.762704968452453613e-01,4.267671108245849609e-01,-1.606283426284790039e+00,-1.236271739006042480e+00,-8.304696083068847656e-01
-1.607801556587219238e+00,-2.121942043304443359e+00,-1.270041346549987793e+00,3.262465447187423706e-02,-2.835084199905395508e-01
-6.275209784507751465e-01,3.627785146236419678e-01,-1.178307652473449707e+00,-7.706063985824584961e-01,2.664195932447910309e-02
-1.375443339347839355e+00,-1.452330231666564941e+00,-1.108791708946228027e+00,-7.596426457166671753e-02,-7.526501417160034180e-01
-8.525637984275817871e-01,-6.437880396842956543e-01,-1.400655746459960938e+00,4.403261840343475342e-02,-1.629075706005096436e-01
-1.264124870300292969e+00,-4.275878369808197021e-01,-1.312415122985839844e+00,1.299299895763397217e-01,-1.981592059135437012e+00
-1.582156777381896973e+00,-1.570130109786987305e+00,-1.566558003425598145e+00,-9.617698192596435547e-01,-9.577161073684692383e-01
-1.493029952049255371e+00,-2.376516014337539673e-01,-1.794245719909667969e+00,-1.918990612030029297e+00,-2.785627365112304688e+00
-1.672183632850646973e+00,-1.501903533935546875e+00,-1.302222490310668945e+00,-2.052545547485351562e-01,-1.107540011405944824e+00
-1.673983931541442871e+00,-2.083948850631713867e+00,-1.581088185310363770e+00,1.118940263986587524e-01,-1.222325921058654785e+00
-9.374028444290161133e-01,-7.432031631469726562e-01,-8.770812153816223145e-01,4.796321392059326172e-01,-1.324028253555297852e+00
-1.361974477767944336e+00,-1.630835771560668945e+00,-1.218935012817382812e+00,-1.130135077983140945e-02,-1.739915728569030762e+00
-1.232490181922912598e+00,-1.276451230049133301e+00,-1.300533294677734375e+00,8.106586337089538574e-01,-9.942375421524047852e-01
-6.436573863029479980e-01,-2.522161602973937988e-01,-8.523440361022949219e-01,-4.496195912361145020e-01,-7.024813890457153320e-01
-1.062975764274597168e+00,-1.247889161109924316e+00,-1.265832543373107910e+00,-9.029175043106079102e-01,-8.526613563299179077e-02
-1.450070261955261230e+00,-1.510260224342346191e+00,-1.387485504150390625e+00,3.816338181495666504e-01,-6.521939635276794434e-01
-2.816021740436553955e-01,2.802260816097259521e-01,-1.576192259788513184e+00,-6.367671489715576172e-01,-6.497018337249755859e-01
-1.444506049156188965e+00,-1.193898797035217285e+00,-1.303711295127868652e+00,-1.437314987182617188e+00,-1.037909030914306641e+00
-1.770426154136657715e+00,-2.310356140136718750e+00,-1.582247734069824219e+00,-2.988816238939762115e-02,-3.534954786300659180e-01
-6.236096024513244629e-01,7.461130619049072266e-01,-9.824718236923217773e-01,-3.023644387722015381e-01,-1.421131968498229980e+00
-1.097245216369628906e+00,-8.651515245437622070e-01,-1.044371962547302246e+00,-1.294217824935913086e+00,-8.420698642730712891e-01
-1.230526328086853027e+00,-1.363122344017028809e+00,-1.112800002098083496e+00,-3.545176684856414795e-01,-4.599743187427520752e-01
-7.211483120918273926e-01,-9.364745765924453735e-02,-9.032785296440124512e-01,-3.314885199069976807e-01,-1.338713884353637695e+00
-1.045333743095397949e+00,-1.167396068572998047e+00,-8.370264768600463867e-01,-1.005766868591308594e+00,-1.683041930198669434e+00
-1.181724190711975098e+00,-1.630955100059509277e+00,-1.024931550025939941e+00,-7.124826312065124512e-01,-4.305732250213623047e-01
-3.986650109291076660e-01,-7.153200358152389526e-02,-1.036813378334045410e+00,-4.642615914344787598e-01,-1.385619163513183594e+00
-1.133560419082641602e+00,-1.298536896705627441e+00,-1.090353250503540039e+00,-1.003794446587562561e-01,-1.668207883834838867e+00
-9.446036815643310547e-01,-1.360883951187133789e+00,-1.190762162208557129e+00,5.278761386871337891e-01,-1.965571284294128418e+00
-1.187272191047668457e+00,-1.041060447692871094e+00,-1.398537039756774902e+00,-2.119714021682739258e-01,-1.342185139656066895e+00
-1.747841596603393555e+00,-1.886014103889465332e+00,-1.567402601242065430e+00,-2.156141251325607300e-01,-1.990996837615966797e+00
-8.333669900894165039e-01,-6.903767585754394531e-01,-1.293862223625183105e+00,5.043138861656188965e-01,-1.066657423973083496e+00
-1.361156225204467773e+00,-7.297726869583129883e-01,-1.471002101898193359e+00,-9.354355335235595703e-01,-1.720245718955993652e+00
-1.066576123237609863e+00,-1.535658717155456543e+00,-1.137966632843017578e+00,2.913118600845336914e-01,-1.216807723045349121e+00
-8.110770583152770996e-01,-1.381924986839294434e+00,-1.016800284385681152e+00,5.905488729476928711e-01,2.169628590345382690e-01
4.623597562313079834e-01,9.067709445953369141e-01,-7.017737627029418945e-01,-9.779577255249023438e-01,4.929059147834777832e-01
-6.169161200523376465e-01,-5.843359827995300293e-01,-1.319172024726867676e+00,-7.543473839759826660e-01,-5.255705118179321289e-01
-5.695050954818725586e-01,-1.010289788246154785e+00,-1.300461649894714355e+00,-4.094784855842590332e-01,1.575079709291458130e-01
-1.721329391002655029e-01,9.642233848571777344e-01,-1.167198896408081055e+00,-8.079577088356018066e-01,-8.637868762016296387e-01
-8.615484833717346191e-01,-7.886278629302978516e-01,-7.497878670692443848e-01,-3.023288846015930176e-01,-1.027525186538696289e+00
-9.690865278244018555e-01,-1.141699194908142090e+00,-1.186109542846679688e+00,1.719368994235992432e-01,-9.143413305282592773e-01
-4.247353374958038330e-01,3.191221505403518677e-02,-5.451909899711608887e-01,4.774642735719680786e-02,-1.145722866058349609e+00
-1.030113697052001953e+00,-8.294862508773803711e-01,-6.421354413032531738e-01,-4.460301697254180908e-01,-1.468363523483276367e+00
-1.099012732505798340e+00,-1.679244995117187500e+00,-7.069559693336486816e-01,4.459235668182373047e-01,6.493161320686340332e-01
3.723000884056091309e-01,1.396564126014709473e+00,-3.614946603775024414e-01,-1.335371881723403931e-01,6.202117204666137695e-01
-4.562717676162719727e-01,-6.904364228248596191e-01,-4.581528007984161377e-01,-3.823623657226562500e-01,5.269055441021919250e-02
-2.983768582344055176e-01,-9.950686097145080566e-01,-6.712531447410583496e-01,3.383119702339172363e-01,1.133855700492858887e+00
2.629781663417816162e-01,8.697626590728759766e-01,-7.775599360466003418e-01,-6.967211365699768066e-01,-8.935143351554870605e-01
-6.109426617622375488e-01,-6.789160966873168945e-01,-5.427573323249816895e-01,-5.616913437843322754e-01,-8.978755474090576172e-01
-4.769414663314819336e-01,-9.625669717788696289e-01,-1.077984690666198730e+00,-1.200555205345153809e+00,4.540703594684600830e-01
-4.004815816879272461e-01,2.237287163734436035e-01,-1.265259861946105957e+00,-2.034953832626342773e-01,-7.762362957000732422e-01
-6.506454944610595703e-01,-4.207457974553108215e-02,-1.137079000473022461e+00,-1.260793566703796387e+00,-1.233926177024841309e+00
-8.762120008468627930e-01,-7.948954105377197266e-01,-6.645821332931518555e-01,1.548427194356918335e-01,3.901355713605880737e-02
-7.650080323219299316e-01,-1.394340634346008301e+00,-9.836456775665283203e-01,6.835007071495056152e-01,-2.974227666854858398e-01
3.218286931514739990e-01,1.432527899742126465e+00,-3.902974128723144531e-01,-7.494074702262878418e-01,-6.230301856994628906e-01
7.065011560916900635e-02,-1.469812244176864624e-01,-1.432980131357908249e-02,-2.125222533941268921e-01,2.466250181198120117e+00
-5.734491720795631409e-02,-7.439716905355453491e-02,-7.380062341690063477e-01,3.715052306652069092e-01,4.636828303337097168e-01
-2.364168614149093628e-01,-3.194280564785003662e-01,-2.214033007621765137e-01,6.723059415817260742e-01,5.688265562057495117e-01
-2.919451892375946045e-01,-9.904127717018127441e-01,-4.080629348754882812e-01,2.588293552398681641e-01,3.828372359275817871e-01
1.499085128307342529e-01,-3.816258907318115234e-01,-5.839287042617797852e-01,3.629403710365295410e-01,-8.556281775236129761e-02
-6.410389542579650879e-01,-4.820557236671447754e-01,-9.872817993164062500e-01,-4.136542975902557373e-01,-3.253997862339019775e-01
-4.949272274971008301e-01,-7.086421251296997070e-01,-7.794925570487976074e-01,2.206784039735794067e-01,8.464903831481933594e-01
3.390780091285705566e-01,1.045820713043212891e+00,-8.827357888221740723e-01,-4.398286640644073486e-01,6.176009774208068848e-01
-9.748799800872802734e-01,-7.859716415405273438e-01,-5.230592489242553711e-01,-3.207913041114807129e-01,5.080366134643554688e-01
-5.754784941673278809e-01,-8.280536532402038574e-01,-5.620259642601013184e-01,-9.311175346374511719e-02,1.669157266616821289e+00
2.655148208141326904e-01,1.022272706031799316e+00,-3.901542425155639648e-01,5.835299491882324219e-01,1.511204242706298828e+00
3.698616288602352142e-03,-3.950787335634231567e-02,-3.379600048065185547e-01,7.955724000930786133e-01,4.120603203773498535e-01
-4.575155675411224365e-01,-6.572781801223754883e-01,-2.794382870197296143e-01,8.985284566879272461e-01,4.926092326641082764e-01
2.707026898860931396e-01,3.269341588020324707e-01,-5.400373935699462891e-01,-3.431274741888046265e-02,1.009338617324829102e+00
-5.428455471992492676e-01,2.962157828733325005e-03,-5.917162895202636719e-01,3.546775877475738525e-02,3.448917269706726074e-01
-7.977064251899719238e-01,-8.401410579681396484e-01,-5.991603732109069824e-01,1.048235774040222168e+00,5.393068194389343262e-01
-1.918698102235794067e-01,1.328785181045532227e+00,-5.704721212387084961e-01,-2.547246217727661133e-01,2.314112149178981781e-02
-3.866690397262573242e-01,-2.523653805255889893e-01,-7.028760313987731934e-01,-6.501297354698181152e-01,-5.277955904603004456e-02
-5.414708852767944336e-01,-2.874039113521575928e-01,-3.030874729156494141e-01,5.828191637992858887e-01,2.543446719646453857e-01
-4.486781656742095947e-01,-7.138277590274810791e-02,-3.498418331146240234e-01,2.760834693908691406e-01,-5.981089919805526733e-02
-6.391568779945373535e-01,-5.062006711959838867e-01,1.630963385105133057e-01,2.479722350835800171e-01,-7.028374075889587402e-02
-4.852551817893981934e-01,-1.023600816726684570e+00,-5.191653966903686523e-01,4.532090127468109131e-01,8.933362960815429688e-01
5.907966569066047668e-02,7.744960784912109375e-01,-6.169974431395530701e-02,-1.449096053838729858e-01,-8.146861940622329712e-02
-5.229123234748840332e-01,-5.864848494529724121e-01,-2.936535775661468506e-01,-6.085492968559265137e-01,2.453255653381347656e-01
-7.063047885894775391e-01,-5.076929330825805664e-01,-6.095247864723205566e-01,1.327482223510742188e+00,-1.575673073530197144e-01
7.754001766443252563e-02,5.918421149253845215e-01,-2.565335109829902649e-02,3.045145273208618164e-01,3.399668335914611816e-01
-5.269055366516113281e-01,-3.361414968967437744e-01,-4.872991517186164856e-02,5.536773204803466797e-01,-1.240720152854919434e-01
2.266138941049575806e-01,-5.460965260863304138e-02,-2.955432236194610596e-01,1.284728944301605225e-01,4.420844316482543945e-01
-1.518232822418212891e-01,3.723588883876800537e-01,-9.120395779609680176e-02,5.099823474884033203e-01,-4.119416475296020508e-01
-2.755960077047348022e-02,-6.852731704711914062e-01,-1.854857504367828369e-01,1.938821226358413696e-01,2.002745389938354492e+00
6.955362390726804733e-03,5.124234557151794434e-01,-5.526636242866516113e-01,-2.725828811526298523e-02,4.354091286659240723e-01
-5.013425350189208984e-01,-5.016342997550964355e-01,1.425822451710700989e-02,1.038000583648681641e+00,1.475335597991943359e+00
1.098456308245658875e-01,9.180525541305541992e-01,-5.572159886360168457e-01,2.096791518852114677e-03,-5.652070641517639160e-01
-1.648993641138076782e-01,-1.622023880481719971e-01,2.969890832901000977e-01,1.113431751728057861e-01,2.160164356231689453e+00
-6.439683437347412109e-01,-1.933311522006988525e-01,-1.022125720977783203e+00,-8.355358242988586426e-01,-9.512781500816345215e-01
-8.508453965187072754e-01,-8.193985223770141602e-01,-3.574290573596954346e-01,8.966271281242370605e-01,2.887003421783447266e-01
7.959389090538024902e-01,1.010752439498901367e+00,7.887832820415496826e-03,2.082042843103408813e-01,6.374489068984985352e-01
4.937979876995086670e-01,2.126486040651798248e-03,2.175953835248947144e-01,7.683141231536865234e-01,1.055591225624084473e+00
1.754224151372909546e-01,2.978945672512054443e-01,-9.690295457839965820e-01,-1.509192228317260742e+00,7.855224013328552246e-01
-9.247686266899108887e-01,-5.087375640869140625e-01,-3.184909224510192871e-01,3.685555160045623779e-01,9.373044371604919434e-01
1.645065993070602417e-01,7.472770214080810547e-01,-6.546901464462280273e-01,-1.780851185321807861e-01,2.681106626987457275e-01
-4.388097226619720459e-01,-4.571348130702972412e-01,1.912835240364074707e-01,2.071878671646118164e+00,8.056374192237854004e-01
3.160189390182495117e-01,3.367533087730407715e-01,-3.382176756858825684e-01,2.213536500930786133e-01,1.630796432495117188e+00
5.053684711456298828e-01,1.234622836112976074e+00,2.568770945072174072e-01,7.906325459480285645e-01,5.207642316818237305e-01
3.088344633579254150e-01,8.121684193611145020e-02,-1.699534505605697632e-01,1.691648662090301514e-01,1.642367005348205566e+00
1.481246650218963623e-01,7.947013974189758301e-01,-3.813216090202331543e-01,3.585868701338768005e-02,4.769147932529449463e-01
-1.112366989254951477e-01,5.256748199462890625e-01,-5.814950466156005859e-01,-5.694921016693115234e-01,8.390140533447265625e-02
-4.959909915924072266e-01,-2.044336497783660889e-01,-3.399498462677001953e-01,4.283851385116577148e-01,1.009041905403137207e+00
1.216615587472915649e-01,1.079284921288490295e-01,-5.109196901321411133e-01,5.907443165779113770e-01,1.202032923698425293e+00
7.037190347909927368e-02,6.169421076774597168e-01,4.817160964012145996e-01,8.182817101478576660e-01,1.666160821914672852e-01
2.463180273771286011e-01,4.690878987312316895e-01,4.488763809204101562e-01,1.474684029817581177e-01,1.209093928337097168e+00
1.180611401796340942e-01,6.129129528999328613e-01,3.919580206274986267e-02,-4.308906495571136475e-01,1.571905255317687988e+00
9.369773268699645996e-01,7.091047763824462891e-01,-1.977827548980712891e-01,-1.057813465595245361e-01,1.783112525939941406e+00
7.641897797584533691e-01,1.063399672508239746e+00,4.107112884521484375e-01,4.931369125843048096e-01,1.283471941947937012e+00
4.188437461853027344e-01,5.178926140069961548e-02,2.594252228736877441e-01,6.087269783020019531e-01,1.573180913925170898e+00
2.063533216714859009e-01,2.880157530307769775e-01,2.121555060148239136e-01,1.519320845603942871e+00,6.661676168441772461e-01
5.443839430809020996e-01,1.075039386749267578e+00,3.410235047340393066e-01,3.908205926418304443e-01,8.426632285118103027e-01
3.569000959396362305e-01,3.424836397171020508e-01,5.652899146080017090e-01,8.230617046356201172e-01,1.328893780708312988e+00
-2.037512063980102539e-01,-2.940594553947448730e-01,-3.042470216751098633e-01,2.724762558937072754e-01,2.008263826370239258e+00
7.939423322677612305e-01,1.030390739440917969e+00,-1.038159057497978210e-01,1.002852678298950195e+00,1.339336991310119629e+00
7.876252532005310059e-01,1.565041542053222656e+00,5.386344790458679199e-01,-4.380339384078979492e-01,1.827110290527343750e+00
2.804238498210906982e-01,1.005566716194152832e-01,-2.825877070426940918e-01,-3.606481254100799561e-01,1.557901859283447266e+00
-5.415363237261772156e-02,3.183386921882629395e-01,4.564922153949737549e-01,3.884395062923431396e-01,8.715896010398864746e-01
2.860535979270935059e-01,2.909107506275177002e-01,4.252271950244903564e-01,2.247831523418426514e-01,1.517612576484680176e+00
4.401353299617767334e-01,-2.610727958381175995e-02,-5.235459804534912109e-01,1.270069241523742676e+00,2.796871662139892578e+00
1.219037771224975586e+00,2.409756422042846680e+00,6.025101542472839355e-01,-5.488973483443260193e-02,7.870355248451232910e-01
-1.085036527365446091e-02,7.951565831899642944e-02,-6.681896448135375977e-01,-3.653392493724822998e-01,2.522085666656494141e+00
-8.089495450258255005e-02,-5.317707359790802002e-02,3.698835372924804688e-01,7.661995887756347656e-01,-4.603303372859954834e-01
2.456797659397125244e-01,-9.114716053009033203e-01,1.451590284705162048e-02,1.071336030960083008e+00,2.560535430908203125e+00
1.380107551813125610e-01,1.443100571632385254e-01,-1.885778903961181641e-01,5.097335577011108398e-01,2.341406941413879395e-01
5.207520723342895508e-01,5.901110768318176270e-01,6.107559204101562500e-01,7.121272087097167969e-01,2.317316293716430664e+00
3.176063895225524902e-01,5.937820672988891602e-01,-1.174871921539306641e-01,9.288786053657531738e-01,3.250734210014343262e-01
4.489072784781455994e-02,-1.402361541986465454e-01,2.993654310703277588e-01,1.564010977745056152e+00,1.742022156715393066e+00
2.109520509839057922e-02,-5.817394256591796875e-01,2.359764724969863892e-01,3.720205426216125488e-01,8.997149467468261719e-01
7.582654356956481934e-01,-4.257971346378326416e-01,-4.466431681066751480e-03,7.217582464218139648e-01,2.204785346984863281e+00
1.029557287693023682e-01,7.255495786666870117e-01,2.195995487272739410e-02,4.153246283531188965e-01,4.889600574970245361e-01
9.268306493759155273e-01,1.492994666099548340e+00,5.242331027984619141e-01,2.083286643028259277e-01,2.260442733764648438e+00
3.268693089485168457e-01,2.929999232292175293e-01,-7.797645032405853271e-02,7.377862930297851562e-02,4.845098257064819336e-01
-3.142187371850013733e-02,-4.435252845287322998e-01,2.677282094955444336e-01,1.483977437019348145e+00,1.382563352584838867e+00
-2.161726653575897217e-01,-7.876131534576416016e-01,-3.027295768260955811e-01,-4.314948022365570068e-01,7.684039473533630371e-01
2.210005074739456177e-01,-1.043619662523269653e-01,-2.184543162584304810e-01,1.097617030143737793e+00,1.319281339645385742e+00
2.448942214250564575e-01,7.871206998825073242e-01,-1.187899038195610046e-01,-8.745219707489013672e-01,-1.791656851768493652e+00
-4.017417430877685547e-01,-5.979455113410949707e-01,-6.499373912811279297e-01,-4.646347761154174805e-01,8.450070023536682129e-01
-6.524457335472106934e-01,-1.010491251945495605e-01,-3.525904119014739990e-01,-7.381771802902221680e-01,-1.084250569343566895e+00
-6.857168860733509064e-03,-9.229024052619934082e-01,-1.156977564096450806e-01,1.491387337446212769e-01,9.549273252487182617e-01
-1.608407050371170044e-01,3.952801823616027832e-01,-9.171359539031982422e-01,-1.521755218505859375e+00,-5.683815479278564453e-01
2.662676274776458740e-01,4.482259452342987061e-01,-5.837855115532875061e-02,4.231076240539550781e-01,-8.336737751960754395e-02
-5.147950053215026855e-01,3.868712484836578369e-02,2.687016688287258148e-02,-5.619400739669799805e-01,1.143112108111381531e-01
-4.737338125705718994e-01,-5.451787710189819336e-01,-2.185402065515518188e-01,-5.310212969779968262e-01,5.034084320068359375e-01
-3.192756772041320801e-01,-3.840135335922241211e-01,-8.505402803421020508e-01,2.799216508865356445e-01,1.890807747840881348e+00
1.671578139066696167e-01,1.153861165046691895e+00,4.621039032936096191e-01,-3.802478015422821045e-01,-1.955810546875000000e+00
-2.367441654205322266e-01,5.510210245847702026e-02,-2.568913996219635010e-01,-8.829268813133239746e-01,1.345418930053710938e+00
-7.350918054580688477e-01,-4.149632453918457031e-01,-6.421068310737609863e-01,-1.113911509513854980e+00,2.018321156501770020e-01
-3.635117709636688232e-01,-3.282026052474975586e-01,-1.016743063926696777e+00,-4.989830553531646729e-01,7.780757546424865723e-01
-4.841095805168151855e-01,5.330168008804321289e-01,-3.940767049789428711e-01,-1.913588643074035645e-01,-1.468927264213562012e+00
-7.651717066764831543e-01,-1.536666005849838257e-01,-3.741209208965301514e-01,1.292369812726974487e-01,-1.029542565345764160e+00
-5.751184821128845215e-01,-8.562575578689575195e-01,-8.656574487686157227e-01,-2.046077489852905273e+00,4.635641574859619141e-01
-1.451461315155029297e-01,9.662528634071350098e-01,-8.636819124221801758e-01,-1.101010918617248535e+00,6.032712459564208984e-01
-9.798223376274108887e-01,5.169972404837608337e-02,-6.681609749794006348e-01,-1.753699421882629395e+00,-4.007864296436309814e-01
-1.353677153587341309e+00,-7.861805558204650879e-01,-1.059975862503051758e+00,-7.752797603607177734e-01,2.004377245903015137e-01
-4.240316152572631836e-01,5.139157176017761230e-01,-6.230099797248840332e-01,-1.306674242019653320e+00,1.011682394891977310e-02
-8.977490663528442383e-01,-1.419671922922134399e-01,-1.008039236068725586e+00,-1.082512974739074707e+00,-6.422551274299621582e-01
-9.285981655120849609e-01,-4.035025835037231445e-01,-3.474654853343963623e-01,-1.622347980737686157e-01,-3.149862885475158691e-01
-1.049523279070854187e-01,-4.868011474609375000e-01,-3.874915838241577148e-01,-1.230532288551330566e+00,1.342748761177062988e+00
8.144156336784362793e-01,2.032898187637329102e+00,-7.135840058326721191e-01,-1.767257571220397949e+00,9.565293788909912109e-01
-4.966947138309478760e-01,3.050276339054107666e-01,-6.114716529846191406e-01,-2.014127969741821289e+00,-7.399225234985351562e-02
-5.149095654487609863e-01,-6.709772348403930664e-01,-7.368037700653076172e-01,-1.660303354263305664e+00,1.493581414222717285e+00
-2.953656017780303955e-01,1.187019467353820801e+00,-6.622630357742309570e-01,-1.376561284065246582e+00,-8.695721626281738281e-02
-9.895762205123901367e-01,-5.022237822413444519e-02,-7.820550203323364258e-01,-1.814222097396850586e+00,3.427556157112121582e-01
-1.187697649002075195e+00,-4.218276739120483398e-01,-7.812819480895996094e-01,-7.639605998992919922e-01,5.641686916351318359e-01
3.810884058475494385e-01,1.910860419273376465e+00,-8.152669072151184082e-01,-1.568808674812316895e+00,7.968260049819946289e-01
-1.191527247428894043e+00,-3.590329289436340332e-01,-8.568104505538940430e-01,-1.849316716194152832e+00,-3.648583590984344482e-01
-1.395327568054199219e+00,-1.146414756774902344e+00,-9.109516143798828125e-01,-5.471559166908264160e-01,1.384551167488098145e+00
-3.946717977523803711e-01,-1.910032182931900024e-01,-5.432154536247253418e-01,-5.325139164924621582e-01,-4.489971101284027100e-01
-6.284047365188598633e-01,4.516880214214324951e-01,-2.552880644798278809e-01,-2.018250524997711182e-01,-1.611423134803771973e+00
-6.720352768898010254e-01,2.745554745197296143e-01,-1.390176862478256226e-01,-1.223229050636291504e+00,-5.593921542167663574e-01
-8.412387967109680176e-01,-2.262506484985351562e-01,-7.379490137100219727e-01,-1.541816949844360352e+00,1.095583796501159668e+00
-3.430875539779663086e-01,7.217293381690979004e-01,-7.601522803306579590e-01,-1.670520782470703125e+00,-6.414244174957275391e-01
-8.321231603622436523e-01,2.622591555118560791e-01,-6.686620116233825684e-01,5.207861065864562988e-01,-7.532732188701629639e-02
-7.688048481941223145e-01,-3.323511183261871338e-01,-1.463042665272951126e-02,-1.887290030717849731e-01,-9.811242222785949707e-01
-2.218351513147354126e-01,-3.792084157466888428e-01,-3.052777349948883057e-01,-6.817059516906738281e-01,6.837905049324035645e-01
-6.274554878473281860e-02,1.020362615585327148e+00,-2.682722210884094238e-01,-1.287607669830322266e+00,-1.184350728988647461e+00
2.355003915727138519e-02,6.241348385810852051e-01,-3.032019920647144318e-02,1.054917097091674805e+00,6.333844065666198730e-01
-1.678615361452102661e-01,4.890843331813812256e-01,7.728930562734603882e-02,-8.235414624214172363e-01,2.655295431613922119e-01
-3.054304122924804688e-01,-3.250986933708190918e-01,-2.712211906909942627e-01,-6.964545845985412598e-01,1.452906489372253418e+00
-1.974177360534667969e-01,5.019477009773254395e-01,-6.744598150253295898e-01,-2.950256466865539551e-01,5.068202614784240723e-01
2.360240817070007324e-01,1.535792946815490723e+00,3.463488817214965820e-01,-9.988545775413513184e-01,5.269352197647094727e-01
-8.155776262283325195e-01,-2.229975014925003052e-01,-3.916430771350860596e-01,-4.014467000961303711e-01,2.023958116769790649e-01
-1.691838741302490234e+00,-4.234393239021301270e-01,-6.592853665351867676e-01,-6.309210062026977539e-01,2.889673411846160889e-02
-6.526093482971191406e-01,-2.075972706079483032e-01,-9.411000609397888184e-01,6.425421684980392456e-02,6.853332370519638062e-02
-4.609850645065307617e-01,1.491562128067016602e+00,1.535478979349136353e-01,-7.650623321533203125e-01,7.881332039833068848e-01
-4.857297837734222412e-01,-2.695563435554504395e-01,-6.896914839744567871e-01,-1.266248822212219238e-01,1.697608977556228638e-01
-9.771875143051147461e-01,-1.809453070163726807e-01,1.507134437561035156e-01,-4.831682741641998291e-01,-5.536068677902221680e-01
-1.177861928939819336e+00,-1.179602861404418945e+00,-7.878957390785217285e-01,-1.387063026428222656e+00,1.056095600128173828e+00
-3.532833158969879150e-01,-6.214039921760559082e-01,-5.534653067588806152e-01,2.134107239544391632e-02,-5.334622263908386230e-01
-1.521669626235961914e-01,2.673030197620391846e-01,-3.057215213775634766e-01,-8.958807587623596191e-01,-7.565366625785827637e-01
-9.071592688560485840e-01,3.283742070198059082e-02,3.779288381338119507e-03,-9.377099871635437012e-01,-1.547725677490234375e+00
-1.549163818359375000e+00,-7.984171509742736816e-01,-5.754825472831726074e-01,-5.664179921150207520e-01,6.694311499595642090e-01
-2.379061281681060791e-01,-8.266211152076721191e-01,-4.571650326251983643e-01,1.094027519226074219e+00,1.076269865036010742e+00
1.324464678764343262e-01,1.859705328941345215e+00,-2.533840946853160858e-02,-1.350386977195739746e+00,9.478069543838500977e-01
-4.228860437870025635e-01,-3.028340041637420654e-01,-6.142488718032836914e-01,3.997763693332672119e-01,4.034862220287322998e-01
-1.056380391120910645e+00,-4.493750035762786865e-01,-2.175953835248947144e-01,-5.784834027290344238e-01,-9.203936457633972168e-01
-1.036709070205688477e+00,-1.080068349838256836e+00,1.882486343383789062e-01,1.324887871742248535e-01,6.591956615447998047e-01
-6.485670804977416992e-02,-1.035807609558105469e+00,-1.902384907007217407e-01,2.592558264732360840e-01,1.830373764038085938e+00
1.015777468681335449e+00,2.074532747268676758e+00,1.737184226512908936e-01,-9.243651628494262695e-01,5.162843465805053711e-01
-4.054894447326660156e-01,-2.065526843070983887e-01,-4.698056280612945557e-01,9.844258427619934082e-03,8.969854712486267090e-01
-1.174327015876770020e+00,-1.094662785530090332e+00,-1.258760690689086914e-01,1.111121773719787598e+00,-4.761434197425842285e-01
1.037249118089675903e-01,-1.028674602508544922e+00,-6.683900207281112671e-02,-5.165392160415649414e-01,1.102496504783630371e+00
-1.291078925132751465e-01,3.259492814540863037e-01,-3.504144549369812012e-01,-6.847445368766784668e-01,2.376415282487869263e-01
2.001507766544818878e-02,4.542547166347503662e-01,4.050566852092742920e-01,1.517508365213871002e-02,-5.699242949485778809e-01
-2.964457273483276367e-01,-3.741645514965057373e-01,-2.070162445306777954e-01,-5.311456918716430664e-01,3.413908779621124268e-01
-9.797568917274475098e-01,-4.978141188621520996e-01,-2.286183089017868042e-02,-5.120613574981689453e-01,-4.125646650791168213e-01
-7.176461219787597656e-01,-1.279525279998779297e+00,-9.909179061651229858e-02,8.950634002685546875e-01,1.661384224891662598e+00
5.003278255462646484e-01,-2.062243819236755371e-01,-3.327205181121826172e-01,-5.369918420910835266e-02,9.900839924812316895e-01
-3.482427299022674561e-01,-2.916718125343322754e-01,-1.468625664710998535e-01,2.940305769443511963e-01,8.747047781944274902e-01
-1.257856786251068115e-01,1.707829385995864868e-01,-3.538215458393096924e-01,1.336437910795211792e-01,-2.660338878631591797e-01
5.214721560478210449e-01,5.916033387184143066e-01,4.636499583721160889e-01,4.948250055313110352e-01,6.414837837219238281e-01
4.085661768913269043e-01,1.621986508369445801e+00,4.092940688133239746e-01,-5.290666818618774414e-01,1.702949285507202148e+00
3.948518335819244385e-01,6.213293671607971191e-01,-7.026040554046630859e-02,1.985199451446533203e-01,4.206343889236450195e-01
-1.668305099010467529e-01,1.896750926971435547e-01,2.859947681427001953e-01,5.411143302917480469e-01,7.379941344261169434e-01
-6.525930166244506836e-01,-2.497091591358184814e-01,3.893812298774719238e-01,-2.817696630954742432e-01,1.184083700180053711e+00
-1.825414448976516724e-01,-3.778952360153198242e-01,4.369086399674415588e-02,-7.145971655845642090e-01,-6.815950274467468262e-01
-3.410746157169342041e-01,-1.204852104187011719e+00,-3.892380744218826294e-02,6.595475077629089355e-01,2.691876173019409180e+00
5.793407559394836426e-02,-6.423256397247314453e-01,-3.807346522808074951e-01,6.488325595855712891e-01,7.576344013214111328e-01
8.617284893989562988e-01,1.259424448013305664e+00,7.903293371200561523e-01,2.457332909107208252e-01,1.892825126647949219e+00
7.461712956428527832e-01,7.487693428993225098e-01,-4.616744071245193481e-02,1.620571017265319824e-01,7.935327887535095215e-01
-4.266337454319000244e-01,-2.517684996128082275e-01,5.861475467681884766e-01,1.002674937248229980e+00,1.157857179641723633e+00
-4.861225485801696777e-01,-1.126865983009338379e+00,-2.465985566377639771e-01,4.368078410625457764e-01,1.603561043739318848e+00
5.674921274185180664e-01,5.242422223091125488e-01,4.491769969463348389e-01,1.055485725402832031e+00,9.918047785758972168e-01
3.386688530445098877e-01,3.149363100528717041e-01,3.694970011711120605e-01,-1.978447139263153076e-01,7.943931818008422852e-01
-2.647292613983154297e-01,-2.820615768432617188e-01,1.818066686391830444e-01,6.364828348159790039e-01,3.233230113983154297e-01
-4.303487241268157959e-01,-8.095495104789733887e-01,-1.835102140903472900e-01,-4.224323928356170654e-01,1.963138580322265625e+00
5.961809158325195312e-01,1.490547299385070801e+00,-5.611670389771461487e-02,-1.441881656646728516e+00,6.129727363586425781e-01
-3.363613188266754150e-01,5.090807676315307617e-01,-4.116990566253662109e-01,-8.933042287826538086e-01,6.791029125452041626e-02
-3.380142450332641602e-01,-6.681419014930725098e-01,2.802972197532653809e-01,1.239150404930114746e+00,3.197331726551055908e-01
1.509559154510498047e-01,-2.688400745391845703e-01,-1.586585342884063721e-01,2.597533762454986572e-01,-2.480846941471099854e-01
4.684150218963623047e-01,7.857179641723632812e-01,2.347739785909652710e-02,-5.720331072807312012e-01,-4.905324578285217285e-01
-3.484063744544982910e-01,-5.282862782478332520e-01,7.806234806776046753e-02,-3.058116883039474487e-02,-4.851328730583190918e-01
-1.371433734893798828e-01,-3.874159157276153564e-01,-1.255468130111694336e-01,5.072813630104064941e-01,-2.563027739524841309e-01
2.945800498127937317e-02,1.255216240882873535e+00,1.818066686391830444e-01,-7.034912705421447754e-01,-9.832307100296020508e-01
-2.958893030881881714e-02,1.548753380775451660e-01,-3.633270263671875000e-01,-8.227241039276123047e-01,-7.722608000040054321e-02
-2.190857380628585815e-01,-1.495777815580368042e-01,5.215274691581726074e-01,4.740525484085083008e-01,3.178047537803649902e-01
-5.305714160203933716e-02,2.527683079242706299e-01,-1.620513051748275757e-01,6.260877251625061035e-01,4.049696326255798340e-01
3.741330206394195557e-01,1.264348864555358887e+00,4.352194070816040039e-01,-7.307673692703247070e-01,-3.166476786136627197e-01
2.921579480171203613e-01,7.110148668289184570e-01,2.133866399526596069e-01,-1.286488175392150879e+00,7.384391427040100098e-01
-3.826103806495666504e-01,4.169777929782867432e-01,-1.288536936044692993e-01,-1.018063306808471680e+00,5.048621296882629395e-01
8.706477284431457520e-02,4.518671035766601562e-01,-3.224419951438903809e-01,-7.284928560256958008e-01,-1.813611239194869995e-01
-5.048447251319885254e-01,4.077257215976715088e-01,2.238083034753799438e-01,4.073639214038848877e-01,2.018914520740509033e-01
-8.398804813623428345e-02,2.945518791675567627e-01,1.530325412750244141e-02,-3.575206920504570007e-02,6.624888181686401367e-01
4.273538291454315186e-01,1.596050858497619629e+00,-7.329528778791427612e-02,-1.337219834327697754e+00,6.584242582321166992e-01
-4.735701680183410645e-01,2.321152836084365845e-01,-1.668326705694198608e-01,-5.816286206245422363e-01,1.478747367858886719e+00
5.402925610542297363e-01,8.942657113075256348e-01,4.006904661655426025e-01,-7.370577454566955566e-01,7.771856784820556641e-01
-2.681005895137786865e-01,5.272864699363708496e-01,-5.283845663070678711e-01,-9.223749637603759766e-01,-1.120267659425735474e-01
-1.200561046600341797e+00,-4.717590510845184326e-01,-2.946699559688568115e-01,-5.278761386871337891e-01,4.496498107910156250e-01
3.375069200992584229e-01,1.875702500343322754e+00,-3.940194249153137207e-01,-8.029822707176208496e-01,1.060990810394287109e+00
-7.226703166961669922e-01,3.298291862010955811e-01,7.840591669082641602e-02,-9.811917543411254883e-01,6.287858486175537109e-01
-7.568415999412536621e-01,-1.601132005453109741e-01,-1.913837343454360962e-01,4.926749169826507568e-01,1.155809998512268066e+00
2.178583145141601562e-01,4.788771867752075195e-01,-7.243636064231395721e-03,-7.804861664772033691e-01,7.847807407379150391e-01
2.773962169885635376e-02,9.811457395553588867e-01,1.135218050330877304e-02,-9.186789393424987793e-03,-1.309253424406051636e-01
-6.153450161218643188e-02,5.257046818733215332e-01,4.325996637344360352e-01,-8.472103476524353027e-01,-9.853074550628662109e-01
4.233770072460174561e-02,1.835269331932067871e-01,1.229700222611427307e-01,-9.133303761482238770e-01,9.377495050430297852e-01
6.429045796394348145e-01,1.524750232696533203e+00,2.448234409093856812e-01,-5.859999060630798340e-01,-2.158948034048080444e-01
-5.425182729959487915e-02,2.340253889560699463e-01,5.257076025009155273e-01,-2.151698917150497437e-01,-4.624961018562316895e-01
-1.341648548841476440e-01,-4.532773047685623169e-02,-9.473988413810729980e-02,9.018157720565795898e-01,-1.528204083442687988e-01
1.683524996042251587e-01,9.545833468437194824e-01,1.111482977867126465e+00,1.306265473365783691e+00,-7.483482956886291504e-01
2.393299341201782227e-01,2.655719816684722900e-01,2.339007258415222168e-01,-6.248083114624023438e-01,1.175094366073608398e+00
9.115779995918273926e-01,1.976012945175170898e+00,2.914633043110370636e-02,-1.194104909896850586e+00,-4.735326170921325684e-01
9.380738437175750732e-02,4.860102534294128418e-01,2.423039227724075317e-01,-1.685784757137298584e-01,-1.470648050308227539e-01
3.191120326519012451e-01,1.608145684003829956e-01,1.065931096673011780e-01,4.815334677696228027e-01,9.792255163192749023e-01
-3.316316902637481689e-01,6.847509145736694336e-01,-3.285404145717620850e-01,-9.478563070297241211e-01,-8.539667725563049316e-01
-3.858835101127624512e-01,-2.239525616168975830e-01,3.084987103939056396e-01,7.970828413963317871e-01,8.815877437591552734e-01
3.292423188686370850e-01,1.328039050102233887e+00,3.716729581356048584e-01,-7.156988978385925293e-01,1.010525345802307129e+00
5.109327435493469238e-01,9.038460850715637207e-01,4.046844840049743652e-01,-3.320749104022979736e-01,9.430007338523864746e-01
7.841721177101135254e-01,7.905827164649963379e-01,4.069606363773345947e-01,-6.437682509422302246e-01,2.553563594818115234e+00
1.540980935096740723e+00,2.407577753067016602e+00,5.163595676422119141e-01,-6.111080646514892578e-01,5.198742151260375977e-01
2.644346952438354492e-01,1.081515908241271973e+00,4.647808969020843506e-01,-4.069552421569824219e-01,1.010406613349914551e+00
-1.381416767835617065e-01,8.875505328178405762e-01,-4.214479029178619385e-02,-3.422212302684783936e-01,1.141332015395164490e-01
6.804308295249938965e-01,1.904204845428466797e+00,9.604831933975219727e-01,4.910756647586822510e-01,8.628671765327453613e-01
7.018697261810302734e-01,1.343558669090270996e+00,5.673227310180664062e-01,-2.531609237194061279e-01,1.356188416481018066e+00
4.778088331222534180e-01,1.274108409881591797e+00,5.493854284286499023e-01,8.856100440025329590e-01,2.574004828929901123e-01
7.422271966934204102e-01,1.795895814895629883e+00,5.682102441787719727e-01,2.112783938646316528e-01,7.712520956993103027e-01
1.667486727237701416e-01,1.016303658485412598e+00,8.693221807479858398e-01,-8.392496407032012939e-02,-4.601226449012756348e-01
2.787545621395111084e-01,3.675538003444671631e-01,3.919579982757568359e-01,-1.897773891687393188e-01,9.778014421463012695e-01
1.506400585174560547e+00,2.674335956573486328e+00,7.775026559829711914e-01,-2.672520577907562256e-01,4.545450508594512939e-01
7.071230411529541016e-01,9.531806111335754395e-01,6.646107435226440430e-01,-1.360071301460266113e-01,4.160655140876770020e-01
3.917751014232635498e-01,6.184642314910888672e-01,8.762508630752563477e-02,4.580422937870025635e-01,4.990175366401672363e-01
2.059114575386047363e-01,1.732056498527526855e+00,8.998427987098693848e-01,-1.435058265924453735e-01,-8.399930596351623535e-01
8.351017236709594727e-01,1.496576070785522461e+00,4.952442348003387451e-01,-1.391345448791980743e-02,1.664291739463806152e+00
2.810620963573455811e-01,1.041791677474975586e+00,6.526430249214172363e-01,7.401496171951293945e-01,4.646618664264678955e-01
6.781887412071228027e-01,1.038986206054687500e+00,3.716300129890441895e-01,7.807527184486389160e-01,1.957471966743469238e+00
1.237530827522277832e+00,2.717910289764404297e+00,7.342413067817687988e-01,-5.181918144226074219e-01,5.987320542335510254e-01
4.903121292591094971e-02,8.400067687034606934e-01,4.972913563251495361e-01,-2.569991052150726318e-01,1.231552720069885254e+00
-1.498757898807525635e-01,3.507582843303680420e-02,1.450158804655075073e-01,-2.877046465873718262e-01,1.802367091178894043e+00
8.352981209754943848e-01,1.224326252937316895e+00,2.639775574207305908e-01,-2.499268800020217896e-01,1.964473605155944824e+00
7.212465405464172363e-01,1.795597314834594727e+00,5.461357831954956055e-01,5.382356792688369751e-02,8.194034099578857422e-01
3.705817162990570068e-01,5.309873223304748535e-01,1.807902753353118896e-01,7.888377904891967773e-01,1.272138714790344238e+00
-1.495812088251113892e-02,1.545433044433593750e+00,-1.158981770277023315e-01,-1.763259470462799072e-01,-2.978381216526031494e-01
7.327678799629211426e-01,1.300670742988586426e+00,7.231611013412475586e-01,6.718794703483581543e-01,2.274564743041992188e+00
3.171481490135192871e-01,9.534790515899658203e-01,6.083079576492309570e-01,-6.193886399269104004e-01,8.930099755525588989e-02
5.682612657546997070e-01,7.135218977928161621e-01,6.004344224929809570e-01,1.299122273921966553e-01,2.791679620742797852e+00
9.273871183395385742e-01,2.085844039916992188e+00,3.279964029788970947e-01,1.688094809651374817e-03,8.493088483810424805e-01
4.804927855730056763e-02,9.917706847190856934e-01,4.657543301582336426e-01,-7.263605594635009766e-01,7.727354764938354492e-01
-2.602123916149139404e-01,5.760240554809570312e-01,3.829106092453002930e-01,2.721031010150909424e-01,5.572856664657592773e-01
1.014370083808898926e+00,5.714875459671020508e-01,5.324788093566894531e-01,1.374517798423767090e+00,1.380130648612976074e+00
1.696617454290390015e-01,1.328039050102233887e+00,7.601523306220769882e-03,-6.547142267227172852e-01,-3.137995600700378418e-01
-2.857753932476043701e-01,-1.467424631118774414e-01,1.804323792457580566e-01,2.150099724531173706e-01,7.004046440124511719e-01
5.145331621170043945e-01,2.218447208404541016e+00,-9.791792370378971100e-03,-1.077964067459106445e+00,8.728356659412384033e-02
-2.092663943767547607e-01,5.609520673751831055e-01,1.132641285657882690e-01,-6.981249451637268066e-01,3.967218995094299316e-01
-4.713280797004699707e-01,1.317451447248458862e-01,8.091112971305847168e-02,-5.336156487464904785e-02,3.978492915630340576e-01
9.065537452697753906e-01,2.285569667816162109e+00,1.977541297674179077e-01,-4.589663147926330566e-01,7.100467681884765625e-01
-2.444523423910140991e-01,6.106148958206176758e-01,2.306224852800369263e-01,-8.962006568908691406e-01,-2.585872113704681396e-01
-1.990379244089126587e-01,2.022698670625686646e-01,2.733255624771118164e-01,2.889485061168670654e-01,1.447566151618957520e+00
1.137897253036499023e+00,1.750112891197204590e+00,1.776122301816940308e-01,-1.219888329505920410e+00,5.668981671333312988e-01
7.055519819259643555e-01,9.426153302192687988e-01,1.761377453804016113e-01,-1.208622574806213379e+00,3.265271782875061035e-01
7.964626550674438477e-01,5.927971601486206055e-01,5.201961398124694824e-01,8.051323890686035156e-02,2.299278229475021362e-01
2.336183488368988037e-01,1.011647701263427734e+00,2.645788192749023438e-01,4.415167570114135742e-01,-7.663271576166152954e-02
-4.091225862503051758e-01,-5.049098655581474304e-02,5.100321173667907715e-01,2.340054810047149658e-01,-7.948975563049316406e-01
2.325382232666015625e-01,-1.527712345123291016e-01,8.215084671974182129e-01,1.487335920333862305e+00,3.035343885421752930e-01
1.198138952255249023e+00,2.709523677825927734e+00,8.078514933586120605e-01,-1.345855742692947388e-01,1.593622326850891113e+00
9.695120453834533691e-01,1.376478195190429688e+00,3.518746495246887207e-01,-5.478489398956298828e-01,4.886336922645568848e-01
3.266729116439819336e-01,3.439460694789886475e-01,5.107622146606445312e-01,1.363092064857482910e+00,7.319121360778808594e-01
1.150253295898437500e+00,1.189257860183715820e+00,3.926737904548645020e-01,-2.652085721492767334e-01,5.146526098251342773e-01
1.412347704172134399e-02,9.755347967147827148e-01,3.458192050457000732e-01,7.572259902954101562e-01,-1.032153367996215820e-01
-2.787872850894927979e-01,-1.177625581622123718e-01,3.867471814155578613e-01,4.180255830287933350e-01,9.931991696357727051e-01
3.802210092544555664e-01,1.203135967254638672e+00,3.245893418788909912e-01,-3.868224620819091797e-01,-4.635344743728637695e-01
1.590404957532882690e-01,8.365446925163269043e-01,8.082809448242187500e-01,1.058399915695190430e+00,-1.027703136205673218e-01
4.460596740245819092e-01,6.167928576469421387e-01,7.267256379127502441e-01,1.350102663040161133e+00,7.641317248344421387e-01
1.476697087287902832e+00,1.508782863616943359e+00,6.529579758644104004e-01,3.541089892387390137e-01,8.335847854614257812e-01
6.691386103630065918e-01,1.363555073738098145e+00,2.465699315071105957e-01,-9.688597917556762695e-01,6.055853962898254395e-01
1.356704831123352051e-01,3.917584121227264404e-01,3.778286278247833252e-01,9.339962005615234375e-01,1.540842771530151367e+00
1.902987211942672729e-01,1.171798229217529297e+00,-4.234520718455314636e-02,-3.096498847007751465e-01,-8.116303682327270508e-01
-8.899590373039245605e-02,-1.912345178425312042e-02,7.593649625778198242e-01,9.313840866088867188e-01,7.487043142318725586e-01
5.572800040245056152e-01,1.543791532516479492e+00,3.533920943737030029e-01,-1.879826784133911133e-01,-4.875656366348266602e-01
-1.542617529630661011e-01,-8.451475948095321655e-02,5.154719948768615723e-01,1.191421747207641602e+00,2.272576838731765747e-01
1.085805654525756836e+00,1.196211814880371094e+00,2.923365533351898193e-01,1.974893212318420410e-01,-4.470983445644378662e-01
7.356809377670288086e-01,1.786852598190307617e+00,4.516106247901916504e-01,3.965068161487579346e-01,-2.991434931755065918e-01
1.701527088880538940e-01,8.351494371891021729e-02,4.479315504431724548e-02,1.163292765617370605e+00,-4.424404501914978027e-01
3.330391049385070801e-01,9.939494132995605469e-01,-9.491167031228542328e-03,-1.430438160896301270e-01,-1.263267993927001953e-01
-7.591982930898666382e-02,8.514673709869384766e-01,-2.300212234258651733e-01,-7.113098502159118652e-01,-5.026370286941528320e-01
-1.654558032751083374e-01,4.061737656593322754e-01,1.170291006565093994e-01,3.197962343692779541e-01,-1.609494686126708984e-01
7.559251785278320312e-02,9.569411277770996094e-01,-4.068318009376525879e-01,-1.050314784049987793e+00,-1.689835906028747559e+00
2.492147237062454224e-01,7.519926428794860840e-01,1.532000422477722168e+00,1.095040440559387207e+00,-1.134508326649665833e-01
6.756356954574584961e-01,6.719471812248229980e-01,6.744884252548217773e-01,-2.671987414360046387e-01,7.800338268280029297e-01
1.290555238723754883e+00,2.351348876953125000e+00,1.253463923931121826e-01,-1.166455745697021484e+00,-9.706217646598815918e-01
1.206207156181335449e+00,2.070563077926635742e+00,5.032752156257629395e-01,6.261410117149353027e-01,9.276030063629150391e-01
1.055742144584655762e+00,1.490338444709777832e+00,1.324139475822448730e+00,7.026383280754089355e-01,1.216570377349853516e+00
8.896317481994628906e-01,1.605161279439926147e-01,3.547950088977813721e-01,9.895789623260498047e-02,2.241989135742187500e+00
1.985911369323730469e+00,3.319534301757812500e+00,5.083429217338562012e-01,-9.548574686050415039e-01,4.055926799774169922e-01
8.002430796623229980e-01,1.793985724449157715e+00,5.938349962234497070e-01,-3.456684947013854980e-01,1.107213735580444336e+00
1.241523981094360352e+00,1.308102250099182129e+00,9.429467320442199707e-01,9.259466528892517090e-01,1.213840842247009277e+00
1.563287258148193359e+00,2.105780839920043945e+00,1.195944309234619141e+00,3.549796640872955322e-01,1.924599647521972656e+00
1.209054708480834961e+00,1.460463166236877441e+00,4.314973652362823486e-01,2.753726840019226074e-01,9.838240742683410645e-01
1.143183350563049316e+00,1.795567512512207031e+00,4.491054415702819824e-01,2.713034749031066895e-01,5.522124171257019043e-01
1.481083035469055176e-02,3.533772230148315430e-01,2.846347987651824951e-01,8.802614808082580566e-01,-4.478697180747985840e-01
7.882307767868041992e-01,1.115688920021057129e+00,2.755731046199798584e-01,1.292725205421447754e-01,3.651847243309020996e-01
3.419256210327148438e-01,1.512543439865112305e+00,7.081871032714843750e-01,5.027501583099365234e-01,-1.275669217109680176e+00
4.826203286647796631e-01,8.234127163887023926e-01,5.857037901878356934e-01,4.019442498683929443e-01,-5.393661558628082275e-02
1.637210398912429810e-01,5.552217960357666016e-01,1.256613433361053467e-01,5.201109051704406738e-01,-3.690119087696075439e-01
6.297793984413146973e-01,1.790523648262023926e+00,7.216436266899108887e-01,9.071288257837295532e-02,-3.468201681971549988e-02
4.191055893898010254e-01,1.010991215705871582e+00,1.054407119750976562e+00,7.267159223556518555e-01,1.248730570077896118e-01
7.206573486328125000e-01,5.697565078735351562e-01,6.771224737167358398e-01,2.894282937049865723e-01,1.705174326896667480e+00
1.254976511001586914e+00,2.257395505905151367e+00,4.806997179985046387e-01,3.121553659439086914e-01,1.207195222377777100e-01
-1.504649519920349121e-01,6.156288981437683105e-01,5.839287042617797852e-01,-4.484290480613708496e-01,3.358429670333862305e-02
-1.086509451270103455e-01,3.455278575420379639e-01,-4.422339797019958496e-01,-8.680183291435241699e-01,1.234193146228790283e-02
6.852095723152160645e-01,1.603363037109375000e+00,-4.935979470610618591e-02,-1.287678718566894531e+00,-2.106732130050659180e-01
4.354547858238220215e-01,1.073248744010925293e+00,1.982981115579605103e-01,1.062078177928924561e-01,-4.082331359386444092e-01
2.021637409925460815e-01,4.559857547283172607e-01,7.185515165328979492e-01,4.010024666786193848e-01,3.414502143859863281e-01
4.536532759666442871e-01,1.798186451196670532e-03,3.950215280055999756e-01,-9.282922148704528809e-01,8.845248818397521973e-01
1.135933399200439453e+00,1.521228432655334473e+00,2.746282815933227539e-01,-2.689223885536193848e-01,1.999036967754364014e-01
-1.465535759925842285e-01,-5.561320781707763672e-01,4.272027313709259033e-01,1.655043661594390869e-01,-2.183869183063507080e-01
-1.633937358856201172e-01,-3.325898647308349609e-01,-1.044457852840423584e-01,1.004825115203857422e+00,-8.404974341392517090e-01
6.625105142593383789e-01,8.974293470382690430e-01,9.034217000007629395e-01,-6.155326589941978455e-02,2.411720305681228638e-01
1.911333650350570679e-01,-7.929181307554244995e-02,2.041388303041458130e-02,-2.142458856105804443e-01,-4.120306372642517090e-01
1.728202998638153076e-01,2.734213471412658691e-01,3.719735741615295410e-01,6.138445734977722168e-01,-4.209904000163078308e-02
-2.571847438812255859e-01,5.740542411804199219e-01,-6.346914172172546387e-01,-2.299593687057495117e+00,-1.377875804901123047e+00
-5.784733891487121582e-01,-3.949966430664062500e-01,-4.857244342565536499e-02,-8.592757582664489746e-01,-5.691529512405395508e-01
4.030018746852874756e-01,3.385440409183502197e-01,1.070798374712467194e-02,2.179952263832092285e-01,-4.600633084774017334e-01
6.573063135147094727e-01,1.101482510566711426e+00,6.222655177116394043e-01,-1.179889440536499023e-01,-8.093755841255187988e-01
5.733018517494201660e-01,1.146437153220176697e-01,3.353832066059112549e-01,2.214069664478302002e-02,9.519605040550231934e-01
8.589954376220703125e-01,1.025406479835510254e+00,1.765528917312622070e-01,-5.538727715611457825e-02,-7.375491261482238770e-01
9.385975003242492676e-01,9.570605158805847168e-01,3.199368119239807129e-01,-1.425285041332244873e-01,-1.165659874677658081e-01
2.670368254184722900e-01,4.252972139511257410e-04,5.926611423492431641e-01,6.407652497291564941e-01,4.880996644496917725e-01
5.361193418502807617e-01,-3.824018836021423340e-01,2.620020210742950439e-01,1.812711715698242188e+00,1.525118589401245117e+00
1.924409627914428711e+00,2.266975879669189453e+00,1.048365950584411621e+00,-1.472729444503784180e-01,1.178832530975341797e+00
1.856836229562759399e-01,2.939549982547760010e-01,2.420176118612289429e-01,-6.402676701545715332e-01,4.218211174011230469e-01
3.621698021888732910e-01,2.372188419103622437e-01,7.596226334571838379e-01,-1.497784256935119629e-01,1.124272823333740234e+00
6.607266664505004883e-01,3.458561599254608154e-01,4.349044710397720337e-02,1.455901741981506348e+00,4.976824820041656494e-01
5.777369737625122070e-01,1.720058560371398926e+00,1.163190484046936035e+00,1.375353038311004639e-01,-5.092827081680297852e-01
8.540366888046264648e-01,3.342463076114654541e-01,7.724493145942687988e-01,1.238954901695251465e+00,4.505398571491241455e-01
1.016710281372070312e+00,1.116196274757385254e+00,1.069323897361755371e+00,1.068830564618110657e-01,-4.272800683975219727e-01
3.869145214557647705e-01,-3.443191349506378174e-01,7.790344357490539551e-01,8.327282667160034180e-01,3.251031041145324707e-01
1.494601011276245117e+00,1.867524862289428711e+00,2.141024023294448853e-01,-3.014404177665710449e-01,9.954836368560791016e-01
4.516239464282989502e-01,9.988440871238708496e-01,3.446453213691711426e-01,-5.489861965179443359e-01,3.339145183563232422e-01
-5.367248654365539551e-01,-5.188252925872802734e-01,-1.021266803145408630e-01,1.431326717138290405e-01,9.418140053749084473e-01
3.738057315349578857e-01,1.072293639183044434e+00,2.675564289093017578e-01,1.201923489570617676e-01,4.959320425987243652e-01
3.671776652336120605e-01,7.219681143760681152e-01,6.129032373428344727e-01,4.929592013359069824e-01,-9.133919477462768555e-01
4.845514595508575439e-01,4.715650677680969238e-01,-2.075459212064743042e-01,-1.411940217018127441e+00,-5.747305154800415039e-01
-5.546123981475830078e-01,7.865013927221298218e-02,6.062608361244201660e-01,-1.338037252426147461e-01,-6.108663082122802734e-01
8.515000343322753906e-02,-1.167605042457580566e+00,-6.482052057981491089e-02,6.082827448844909668e-01,3.563139438629150391e-01
3.705817162990570068e-01,1.101034760475158691e+00,3.892380595207214355e-01,-3.803010880947113037e-01,-4.969407618045806885e-01
1.108946561813354492e+00,1.402771949768066406e+00,6.209771633148193359e-01,5.454500913619995117e-01,2.726202309131622314e-01
4.680549725890159607e-02,6.629637479782104492e-01,7.144715785980224609e-01,-2.770252525806427002e-01,-2.253589332103729248e-01
2.396572381258010864e-01,-5.118414759635925293e-01,4.332438707351684570e-01,5.432111024856567383e-01,1.486134767532348633e+00
7.632077932357788086e-01,1.508454561233520508e+00,-1.158265992999076843e-01,1.064743548631668091e-01,-6.015802025794982910e-01
2.423739284276962280e-01,9.641935229301452637e-01,3.254482448101043701e-01,-2.113316953182220459e-01,-7.025110721588134766e-01
-3.775534406304359436e-02,3.945340514183044434e-01,3.192353248596191406e-01,1.580234467983245850e-01,-1.087870121002197266e+00
-4.958764091134071350e-02,-6.170167326927185059e-01,3.016845583915710449e-01,8.963249921798706055e-01,4.402747005224227905e-02
6.656199693679809570e-01,2.130791187286376953e+00,7.830570638179779053e-02,-3.813139498233795166e-01,-3.051958084106445312e-01
4.206112325191497803e-01,1.041940808296203613e+00,1.032404184341430664e+00,4.744434729218482971e-03,-1.706539034843444824e+00
7.335861325263977051e-01,5.946177244186401367e-01,1.368274092674255371e-01,7.819610238075256348e-01,-8.485078066587448120e-02
2.827313840389251709e-01,5.407766103744506836e-01,8.863003849983215332e-01,-4.525693356990814209e-01,-1.397367715835571289e+00
4.403971731662750244e-01,-3.710009455680847168e-01,1.966661512851715088e-01,-1.750820875167846680e-01,1.241343259811401367e+00
5.733509659767150879e-01,1.946824073791503906e+00,-2.414163500070571899e-01,-1.512141942977905273e+00,-1.724814653396606445e+00
-2.539116442203521729e-01,2.962530851364135742e-01,-4.978639781475067139e-01,5.300617590546607971e-02,-1.261131882667541504e+00
-6.415462493896484375e-01,-9.015554934740066528e-02,2.083189487457275391e-01,-7.349609136581420898e-01,-2.287499904632568359e+00
-2.232753187417984009e-01,-6.151663064956665039e-01,1.073947772383689880e-01,-8.667567372322082520e-01,-5.740778520703315735e-02
6.606284976005554199e-01,1.529943346977233887e+00,-1.071370989084243774e-01,-9.364483952522277832e-01,-7.965292930603027344e-01
-9.811152517795562744e-02,2.478438168764114380e-01,1.541205197572708130e-01,-6.689652800559997559e-01,-1.137445449829101562e+00
-2.895558178424835205e-01,-5.735617876052856445e-01,-2.840478718280792236e-01,-1.210843682289123535e+00,1.165956538170576096e-02
1.098619922995567322e-01,7.094032168388366699e-01,-1.110452264547348022e-01,-1.373824834823608398e+00,-9.325872063636779785e-01
-2.509494721889495850e-01,2.216992229223251343e-01,-1.978113800287246704e-01,-3.971998095512390137e-01,-1.568552732467651367e+00
-3.931007087230682373e-01,-5.038727521896362305e-01,5.991030856966972351e-02,-2.562350220978260040e-02,-1.060308456420898438e+00
9.974808245897293091e-02,-5.762404203414916992e-02,-3.392770141363143921e-02,3.551928997039794922e-01,-7.584058046340942383e-01
-4.502165317535400391e-02,5.875145196914672852e-01,7.550416588783264160e-01,7.318335175514221191e-01,-2.382497310638427734e+00
5.847905278205871582e-01,3.406630754470825195e-01,5.016432404518127441e-01,-4.126769900321960449e-01,-1.890154927968978882e-01
6.637379527091979980e-01,4.333629310131072998e-01,5.338960289955139160e-01,4.120905995368957520e-01,-1.079147696495056152e+00
-1.621826887130737305e-01,-5.251226425170898438e-01,-2.565335109829902649e-02,7.216160744428634644e-02,-1.324680894613265991e-01
-3.114856779575347900e-01,-3.595999777317047119e-01,6.713390350341796875e-01,1.629971027374267578e+00,-1.002959966659545898e+00
9.368790984153747559e-01,-4.535235166549682617e-01,5.987595319747924805e-01,-6.247372031211853027e-01,7.976566553115844727e-01
1.484683513641357422e+00,1.772676110267639160e+00,4.501647651195526123e-01,-1.007046222686767578e+00,-2.212944030761718750e-01
7.219011783599853516e-01,3.951309621334075928e-01,3.509155213832855225e-01,-5.263124108314514160e-01,-1.041053831577301025e-01
4.769087433815002441e-01,-8.594734221696853638e-02,8.812613040208816528e-02,-6.590144038200378418e-01,4.825517237186431885e-01
5.215867161750793457e-01,7.035236358642578125e-01,1.431548618711531162e-03,-2.718721143901348114e-02,-1.207788586616516113e+00
-5.933824181556701660e-01,-7.002555727958679199e-01,3.904119431972503662e-01,6.140044927597045898e-01,-5.317117571830749512e-01
-3.331864178180694580e-01,-1.302894234657287598e+00,4.479315504431724548e-02,2.071558833122253418e-01,1.169220060110092163e-01
7.124254703521728516e-01,1.658517360687255859e+00,4.690755307674407959e-01,-6.481395363807678223e-01,-2.057186365127563477e-01
7.045372575521469116e-02,1.790202856063842773e-01,-9.243509173393249512e-02,-1.797305583953857422e+00,-7.929098010063171387e-01
-1.844889372587203979e-01,-4.736990034580230713e-01,8.786845207214355469e-02,1.651134341955184937e-01,-1.812424510717391968e-01
6.712824702262878418e-01,1.253873229026794434e+00,1.298700869083404541e-01,-4.077903926372528076e-01,-1.917241930961608887e+00
-7.920930162072181702e-03,-3.055424615740776062e-02,1.480793803930282593e-01,5.812376737594604492e-02,-3.991843461990356445e-01
5.112600326538085938e-02,-3.094298243522644043e-01,5.163309574127197266e-01,4.863312244415283203e-01,-1.296140193939208984e+00
-1.988579034805297852e-01,-4.568662047386169434e-01,3.475227355957031250e-01,8.774005770683288574e-01,-3.901355713605880737e-02
1.454734444618225098e+00,1.399399399757385254e+00,7.978879213333129883e-01,-8.673075437545776367e-01,7.574267685413360596e-02
-2.112139016389846802e-01,-4.148736894130706787e-01,2.991364002227783203e-01,-5.359079241752624512e-01,-2.381755560636520386e-01
-1.015810221433639526e-01,-5.655333399772644043e-01,5.554122328758239746e-01,1.077146649360656738e+00,5.877251550555229187e-02
8.371146917343139648e-01,6.893470883369445801e-01,4.911643266677856445e-01,-6.458828449249267578e-01,2.284444123506546021e-02
5.743492841720581055e-01,9.172765612602233887e-01,4.916081130504608154e-01,2.839553169906139374e-02,-9.436830878257751465e-01
4.909667768515646458e-04,-6.881383657455444336e-01,5.748813152313232422e-01,6.573085784912109375e-01,2.118302695453166962e-02
1.996761858463287354e-01,-1.270146369934082031e-01,5.124084949493408203e-01,4.713160693645477295e-01,-1.187317594885826111e-01
4.342601001262664795e-01,9.112775921821594238e-01,8.141789436340332031e-01,-3.820247352123260498e-01,-1.182006955146789551e+00
6.379622220993041992e-01,3.466321527957916260e-01,4.314687550067901611e-01,1.393122412264347076e-02,-2.440498322248458862e-01
4.418537020683288574e-01,-2.732870280742645264e-01,7.665513157844543457e-01,9.387761354446411133e-01,-3.144819289445877075e-02
9.539647698402404785e-01,9.902784228324890137e-01,5.876220464706420898e-01,1.598536968231201172e-01,1.370666474103927612e-01
1.355461001396179199e+00,1.298342823982238770e+00,8.757928013801574707e-01,2.036375403404235840e-01,-6.046359986066818237e-02
1.936863809823989868e-01,2.778384685516357422e-01,7.537389993667602539e-01,-1.145416721701622009e-01,-3.928353786468505859e-01
1.213997155427932739e-01,6.417511403560638428e-02,2.729390561580657959e-01,-1.737316101789474487e-01,5.476435422897338867e-01
9.205954074859619141e-01,8.361865282058715820e-01,3.952076137065887451e-01,2.931953966617584229e-01,5.219213366508483887e-01
9.232793450355529785e-01,9.617163538932800293e-01,1.039848327636718750e+00,3.674715757369995117e-01,-2.482627034187316895e-01
4.853861033916473389e-01,1.322898175567388535e-02,1.681210696697235107e-01,-5.236470103263854980e-01,-1.063304916024208069e-01
2.618980407714843750e-01,7.414347678422927856e-02,8.043585419654846191e-01,9.752390384674072266e-01,3.841426372528076172e-01
1.080388665199279785e+00,4.974708855152130127e-01,9.671542048454284668e-02,-6.438393592834472656e-01,1.345745325088500977e-01
-3.135968446731567383e-01,1.566362231969833374e-01,2.338864058256149292e-01,-4.959267079830169678e-01,-1.714816540479660034e-01
-1.280277669429779053e-01,-8.538997769355773926e-01,4.870557785034179688e-01,3.819181025028228760e-01,5.301097035408020020e-01
8.089495301246643066e-01,1.292970657348632812e+00,7.553423047065734863e-01,1.113254055380821228e-01,-5.746712163090705872e-02
5.709779858589172363e-01,9.888533502817153931e-02,7.572605609893798828e-01,-9.170086383819580078e-01,-3.611795306205749512e-01
2.047985941171646118e-01,-5.809634327888488770e-01,3.362993896007537842e-01,-1.050883457064628601e-01,7.774823904037475586e-01
1.527577638626098633e+00,2.026481628417968750e+00,5.668646097183227539e-01,-8.230439424514770508e-01,5.877251550555229187e-02
7.629296183586120605e-01,9.670288562774658203e-01,6.632078289985656738e-01,-3.114446103572845459e-01,-3.885038495063781738e-01
5.935297012329101562e-01,-4.075317382812500000e-01,7.556858658790588379e-01,1.088181376457214355e+00,-3.447730541229248047e-01
1.260818958282470703e+00,8.012375831604003906e-01,7.916034460067749023e-01,7.261828184127807617e-01,-1.522863805294036865e-01
1.382906079292297363e+00,8.988619446754455566e-01,1.000137090682983398e+00,7.681009173393249512e-01,-8.888267874717712402e-01
-2.464489489793777466e-01,-1.770355552434921265e-01,9.040516018867492676e-01,4.560876786708831787e-01,-2.163398265838623047e-01
5.760021805763244629e-01,1.075181178748607635e-02,5.944648981094360352e-01,-9.012649059295654297e-01,-2.015057653188705444e-01
6.335762143135070801e-01,-5.863878503441810608e-02,6.363520026206970215e-01,9.090123772621154785e-01,-5.520938038825988770e-01
1.339324593544006348e+00,2.163084030151367188e+00,6.559355854988098145e-01,-6.804265975952148438e-01,-1.461539864540100098e+00
2.342729717493057251e-01,4.325869679450988770e-01,4.150202572345733643e-01,-5.875813961029052734e-01,-4.010237753391265869e-01
-4.304632842540740967e-01,-7.941492795944213867e-01,1.594745181500911713e-02,3.193520009517669678e-01,-4.675100147724151611e-01
3.567364513874053955e-01,9.625818729400634766e-01,5.783456377685070038e-03,-9.178793430328369141e-01,-1.655925273895263672e+00
-4.313961043953895569e-02,2.708247900009155273e-01,1.543209403753280640e-01,-3.969154953956604004e-01,-1.055858254432678223e+00
-1.368651688098907471e-01,-2.838523089885711670e-01,6.943440437316894531e-01,5.655295252799987793e-01,-1.227013468742370605e+00
-3.494210541248321533e-01,-1.394012331962585449e+00,3.706279397010803223e-01,3.254113793373107910e-01,-3.795737326145172119e-01
8.705658912658691406e-01,1.481922030448913574e+00,4.049707949161529541e-01,-1.889777630567550659e-01,-5.123978257179260254e-01
1.778936237096786499e-01,-1.119725480675697327e-01,3.908127546310424805e-01,-1.680489420890808105e+00,-5.933620966970920563e-03
-5.302440840750932693e-03,-6.294622421264648438e-01,4.938270151615142822e-01,-1.659841388463973999e-01,-1.383127123117446899e-01
5.751348137855529785e-01,1.280734062194824219e+00,3.466638028621673584e-01,-8.349671959877014160e-01,-1.395498633384704590e+00
4.822602868080139160e-01,1.709918677806854248e-01,3.935040831565856934e-01,-5.955065488815307617e-01,-1.150529161095619202e-01
2.943673133850097656e-01,-2.810766994953155518e-01,1.067033410072326660e+00,7.700200080871582031e-01,-6.314262747764587402e-01
6.836712360382080078e-01,-5.630561709403991699e-01,8.426381349563598633e-01,1.619682461023330688e-01,9.771783947944641113e-01
1.514976143836975098e+00,1.465865135192871094e+00,4.482608139514923096e-01,-6.123874783515930176e-01,1.764955520629882812e-01
1.510868370532989502e-01,-2.047619521617889404e-01,7.678826451301574707e-01,-9.049609303474426270e-01,-6.125573515892028809e-01
1.172428578138351440e-01,-5.011866688728332520e-01,3.317327499389648438e-01,-1.945751346647739410e-02,-3.997183740139007568e-01
9.663371443748474121e-01,9.763107895851135254e-01,8.489941954612731934e-01,4.690237939357757568e-01,-9.010203480720520020e-01
6.817564368247985840e-01,2.206844836473464966e-01,6.164677739143371582e-01,-1.007526040077209473e+00,-5.871911644935607910e-01
1.290244221687316895e+00,3.632560372352600098e-01,9.142298698425292969e-01,8.749839663505554199e-01,4.911554753780364990e-01
4.629325568675994873e-01,-4.931582212448120117e-01,2.041674554347991943e-01,-6.008195877075195312e-01,-3.877621293067932129e-01
-3.202903568744659424e-01,-1.046014785766601562e+00,3.973406255245208740e-01,9.219663143157958984e-01,-1.345804572105407715e+00
8.892717361450195312e-01,-1.330732554197311401e-01,1.142547607421875000e+00,5.972657203674316406e-01,-4.778641760349273682e-01
7.298057079315185547e-01,-2.957606315612792969e-01,1.212707757949829102e+00,1.350191473960876465e+00,-7.600968331098556519e-02
1.349503993988037109e+00,1.536815166473388672e-01,4.738425835967063904e-02,-9.323969483375549316e-01,9.039574861526489258e-01
1.087409496307373047e+00,6.484290361404418945e-01,5.345689058303833008e-01,1.096142172813415527e+00,-1.345834255218505859e+00
1.979086995124816895e-01,-6.708503514528274536e-02,8.045160174369812012e-01,-6.578060984611511230e-01,2.625924050807952881e-01
1.499085128307342529e-01,-1.980989612638950348e-02,7.440044283866882324e-01,1.091486573219299316e+00,3.039497435092926025e-01
1.700463414192199707e+00,2.216477394104003906e+00,1.342792630195617676e+00,3.585157990455627441e-01,-1.540368050336837769e-01
1.039245724678039551e+00,7.040011882781982422e-01,1.288164734840393066e+00,-3.546243011951446533e-01,1.228941917419433594e+00
1.058262467384338379e+00,4.930239319801330566e-01,8.935440182685852051e-01,1.076240420341491699e+00,-2.236975170671939850e-02
1.431855440139770508e+00,1.629776239395141602e+00,1.229442596435546875e+00,3.300491869449615479e-01,-1.378973573446273804e-01
1.079619526863098145e+00,7.373086810111999512e-01,1.292716979980468750e+00,1.903460174798965454e-01,-1.290265917778015137e-01
1.013862729072570801e+00,6.963010430335998535e-01,7.186803221702575684e-01,9.178082346916198730e-01,1.219359114766120911e-01
1.177518248558044434e+00,8.525716662406921387e-01,1.003558516502380371e+00,5.470848679542541504e-01,-1.146464586257934570e+00
7.670373320579528809e-01,6.375951170921325684e-01,7.499597072601318359e-01,5.593812838196754456e-02,-5.864791274070739746e-01
6.935068964958190918e-01,-1.127186864614486694e-01,1.329149961471557617e+00,1.154159307479858398e+00,-5.452997609972953796e-02
9.781367182731628418e-01,7.856806740164756775e-03,1.243929862976074219e+00,1.644915103912353516e+00,1.104484200477600098e+00
2.154722213745117188e+00,2.248710393905639648e+00,1.039934158325195312e+00,-2.712857127189636230e-01,2.547303438186645508e-01
8.380475044250488281e-01,2.054931670427322388e-01,1.228626608848571777e+00,-8.635937236249446869e-03,2.654998898506164551e-01
4.169780611991882324e-01,-4.195295870304107666e-01,6.022811532020568848e-01,3.575917780399322510e-01,9.326762557029724121e-01
1.458629488945007324e+00,1.895848155021667480e+00,8.929857015609741211e-01,-1.347277313470840454e-01,-3.688338994979858398e-01
6.713315844535827637e-01,-3.527653813362121582e-01,1.138052463531494141e+00,-1.652555889450013638e-03,-8.354538679122924805e-02
3.486682176589965820e-01,-8.031625747680664062e-01,7.757418751716613770e-01,3.126529157161712646e-01,-2.873356044292449951e-01
1.704669356346130371e+00,1.326576590538024902e+00,1.029426574707031250e+00,6.753267645835876465e-01,6.105696037411689758e-02
4.750594198703765869e-01,1.099281385540962219e-01,8.542622923851013184e-01,-9.256445765495300293e-01,-1.052535414695739746e+00
6.248533725738525391e-01,-4.474051892757415771e-01,8.251159787178039551e-01,5.512606501579284668e-01,9.544526338577270508e-01
1.767071127891540527e+00,6.473844051361083984e-01,1.109622001647949219e+00,6.321825981140136719e-01,1.132016181945800781e+00
2.027627229690551758e+00,1.473475813865661621e+00,1.621114253997802734e+00,7.456936836242675781e-01,-4.459709525108337402e-01
1.330389022827148438e+00,-1.512416545301675797e-02,1.504042267799377441e+00,8.331725001335144043e-01,3.780309855937957764e-01
1.796480059623718262e+00,1.437810540199279785e+00,6.592567563056945801e-01,8.181040734052658081e-02,-2.420620769262313843e-01
4.318707287311553955e-01,2.911793589591979980e-01,9.832305312156677246e-01,-2.735068798065185547e-01,-6.380719542503356934e-01
3.822994604706764221e-02,-8.476620912551879883e-01,5.228158831596374512e-01,1.417804121971130371e+00,3.898982405662536621e-01
1.990199208259582520e+00,1.828904867172241211e+00,1.593542695045471191e+00,3.735131770372390747e-02,3.714446723461151123e-01
7.970026731491088867e-01,-1.107787340879440308e-01,1.329851388931274414e+00,6.143243312835693359e-01,6.328800320625305176e-01
8.661635518074035645e-01,2.254000604152679443e-01,1.176675677299499512e+00,1.314865946769714355e+00,-3.059671819210052490e-01
1.534762024879455566e+00,9.541057944297790527e-01,1.400097489356994629e+00,7.883402705192565918e-01,-5.280922725796699524e-02
9.948459267616271973e-01,2.933282256126403809e-01,1.713935852050781250e+00,8.125955462455749512e-01,6.476250886917114258e-01
8.106679320335388184e-01,-6.312828063964843750e-01,1.221411585807800293e+00,1.764876484870910645e+00,1.385826826095581055e+00
1.977352261543273926e+00,1.180155038833618164e+00,1.586613893508911133e+00,9.324147105216979980e-01,1.169813394546508789e+00
1.456534743309020996e+00,1.034449696540832520e+00,1.299044489860534668e+00,7.857636809349060059e-01,4.922532141208648682e-01
1.274124145507812500e+00,3.408421277999877930e-01,1.632652521133422852e+00,7.478437423706054688e-01,1.335183382034301758e+00
1.118995070457458496e+00,2.935371398925781250e-01,1.230745315551757812e+00,1.065507650375366211e+00,1.266412734985351562e+00
2.468040704727172852e+00,1.500008344650268555e+00,1.206695318222045898e+00,1.691879630088806152e+00,1.048945546150207520e+00
1.942280888557434082e+00,1.237070202827453613e+00,1.425392985343933105e+00,2.008477449417114258e-01,-8.265534043312072754e-02
8.907119035720825195e-01,2.427999377250671387e-01,1.015955686569213867e+00,7.717436552047729492e-01,3.925386965274810791e-01
4.687750637531280518e-01,-2.341895401477813721e-01,1.300304174423217773e+00,1.476638674736022949e+00,9.978570342063903809e-01
2.300130128860473633e+00,2.599013745784759521e-01,1.149304509162902832e+00,7.472395896911621094e-01,6.200634241104125977e-01
1.367931604385375977e+00,1.974878787994384766e+00,7.135410904884338379e-01,-1.138113498687744141e+00,-1.887484937906265259e-01
8.698949217796325684e-01,5.012015700340270996e-01,6.948879957199096680e-01,-7.291147708892822266e-01,-1.137178465723991394e-01
2.399845570325851440e-01,1.114502549171447754e-01,4.962033629417419434e-01,-2.658838033676147461e-01,2.116522639989852905e-01
9.841101169586181641e-01,7.032326608896255493e-02,6.937857270240783691e-01,7.373775839805603027e-01,-3.880291581153869629e-01
9.390557408332824707e-01,7.760778665542602539e-01,7.682548761367797852e-01,4.724710881710052490e-01,-1.699033021926879883e+00
8.483905792236328125e-01,-2.543053328990936279e-01,1.077641129493713379e+00,3.452242612838745117e-01,-1.539626359939575195e+00
6.406461596488952637e-01,-1.968827694654464722e-01,6.579540371894836426e-01,7.981489896774291992e-01,-6.376269459724426270e-01
1.284352660179138184e+00,1.016691684722900391e+00,1.074520349502563477e+00,5.450946688652038574e-01,-2.043657779693603516e+00
9.568942189216613770e-01,1.012729629874229431e-01,8.413497209548950195e-01,9.204559028148651123e-03,-9.386098384857177734e-01
9.635877013206481934e-01,3.448414206504821777e-01,8.153671622276306152e-01,9.513213634490966797e-01,-6.185206770896911621e-01
8.529729247093200684e-01,4.182611405849456787e-01,1.097568273544311523e+00,1.416666865348815918e+00,-3.152829706668853760e-01
8.435627222061157227e-01,4.744600653648376465e-01,1.299989342689514160e+00,2.810233533382415771e-01,-1.440534830093383789e+00
-1.366524118930101395e-02,-9.761466383934020996e-01,1.201355576515197754e+00,4.702498912811279297e-01,-1.452253758907318115e-01
2.437617301940917969e+00,3.473484516143798828e-01,1.385166406631469727e+00,1.637523055076599121e+00,1.774746060371398926e+00
1.416651844978332520e+00,4.839807748794555664e-01,1.217789769172668457e+00,1.108047604560852051e+00,-1.708882898092269897e-01
1.973604559898376465e+00,1.397877335548400879e+00,7.524505853652954102e-01,1.530248999595642090e+00,-6.033306121826171875e-01
4.013325870037078857e-01,-4.407496750354766846e-01,9.669252038002014160e-01,1.686140149831771851e-01,-1.358650922775268555e+00
6.927704811096191406e-01,7.028073668479919434e-01,3.074966371059417725e-02,3.662987947463989258e-01,-6.619250774383544922e-01
-5.239106416702270508e-01,-9.045773148536682129e-01,8.998714387416839600e-02,-8.328881859779357910e-01,-2.008708715438842773e+00
-5.465933084487915039e-01,-1.682348966598510742e+00,2.601410150527954102e-01,1.218218088150024414e+00,-5.504027009010314941e-01
8.295865058898925781e-01,-1.866159439086914062e-01,8.652279973030090332e-01,5.617623925209045410e-01,-2.134620249271392822e-01
6.248860955238342285e-01,1.024667844176292419e-01,7.819118499755859375e-01,9.920666217803955078e-01,-1.131630539894104004e+00
6.021870970726013184e-01,-5.573258996009826660e-01,1.242641448974609375e+00,1.648628950119018555e+00,-3.055814802646636963e-01
1.344152450561523438e+00,3.617040812969207764e-01,8.166698217391967773e-01,1.135394811630249023e+00,2.070537060499191284e-01
8.904172778129577637e-01,5.579078793525695801e-01,1.167771458625793457e+00,6.251814365386962891e-01,-2.593289017677307129e-01
5.742674469947814941e-01,-1.005156397819519043e+00,8.629088401794433594e-01,2.200422763824462891e+00,-6.099169254302978516e-01
1.381858706474304199e+00,6.910482645034790039e-01,1.072086691856384277e+00,8.216578960418701172e-01,1.343371868133544922e-01
1.495893836021423340e+00,5.889471173286437988e-01,1.594287037849426270e+00,1.787958860397338867e+00,6.224368512630462646e-02
1.098767280578613281e+00,-1.516371071338653564e-01,1.481481075286865234e+00,9.384030103683471680e-01,-9.728171676397323608e-02
1.575725078582763672e+00,-6.077347993850708008e-01,1.025232195854187012e+00,1.261966347694396973e+00,1.410154700279235840e+00
2.034566164016723633e+00,2.142818927764892578e+00,1.372568845748901367e+00,3.406575322151184082e-01,3.481255471706390381e-01
1.017610430717468262e+00,-3.074898719787597656e-01,9.590230584144592285e-01,1.577604532241821289e+00,4.559987783432006836e-02
8.699439764022827148e-01,-4.583510011434555054e-02,1.579026699066162109e+00,1.106341838836669922e+00,-1.553421974182128906e+00
9.514772295951843262e-01,-8.725531697273254395e-01,1.216959476470947266e+00,1.146838292479515076e-01,4.431228339672088623e-01
1.411398530006408691e+00,8.097435235977172852e-01,6.967060565948486328e-01,2.552754580974578857e-01,-7.044691443443298340e-01
9.665825963020324707e-01,2.945518791675567627e-01,1.473206639289855957e+00,1.118656039237976074e+00,-8.945230245590209961e-01
9.361754059791564941e-01,-1.853027343750000000e-01,1.359040617942810059e+00,8.683204054832458496e-01,-3.239757120609283447e-01
5.609622597694396973e-01,-7.564545273780822754e-01,1.270470738410949707e+00,1.442361474037170410e+00,-2.838347554206848145e-01
1.245288133621215820e+00,-2.903287708759307861e-01,8.151237964630126953e-01,1.207449793815612793e+00,-1.238643378019332886e-01
1.385900974273681641e+00,6.114804148674011230e-01,1.658320188522338867e+00,1.289988756179809570e+00,-6.656039357185363770e-01
7.212956547737121582e-01,-1.276152729988098145e+00,1.250629544258117676e+00,1.624000430107116699e+00,3.130281865596771240e-01
6.266208887100219727e-01,-8.813576102256774902e-01,1.043212413787841797e+00,1.576591730117797852e+00,-1.485393047332763672e+00
1.240329265594482422e+00,1.744539290666580200e-01,1.699892401695251465e+00,1.543522834777832031e+00,-5.115671157836914062e-01
8.912191987037658691e-01,-6.237319111824035645e-01,1.844178199768066406e+00,1.108865022659301758e+00,-1.142192363739013672e+00
5.318151712417602539e-01,-1.394489884376525879e+00,1.283268809318542480e+00,9.358975291252136230e-01,5.530431270599365234e-01
2.024501323699951172e+00,4.398990869522094727e-01,9.973026514053344727e-01,6.380998492240905762e-01,-4.942112863063812256e-01
1.357703089714050293e+00,3.889828026294708252e-01,1.640654921531677246e+00,1.381678938865661621e+00,4.558504521846771240e-01
1.742637395858764648e+00,4.856595769524574280e-02,2.124246358871459961e+00,2.304284811019897461e+00,4.036642313003540039e-01
1.389190435409545898e+00,-1.097042933106422424e-01,2.083146572113037109e+00,1.617408037185668945e+00,1.072769045829772949e+00
8.081312775611877441e-01,-1.270631432533264160e+00,1.490642905235290527e+00,2.122432708740234375e+00,5.244430899620056152e-01
2.361370086669921875e+00,1.127149581909179688e+00,1.259877324104309082e+00,1.119153499603271484e+00,1.579411268234252930e+00
6.753738522529602051e-01,2.445085905492305756e-02,8.657290339469909668e-01,1.348681092262268066e+00,-1.735257863998413086e+00
1.397291421890258789e-01,-1.226072192192077637e+00,1.529122948646545410e+00,1.857774972915649414e+00,2.399556338787078857e-01
1.586968153715133667e-01,-1.967492103576660156e+00,1.042052865028381348e+00,1.449540376663208008e+00,2.390952557325363159e-01
1.334054827690124512e+00,-1.317011117935180664e+00,1.352527141571044922e+00,2.194789648056030273e+00,5.065532326698303223e-01
1.532994627952575684e+00,8.448417186737060547e-01,1.331826925277709961e+00,1.477171778678894043e-01,8.784726262092590332e-02
1.641760110855102539e+00,-3.841926157474517822e-01,1.309079647064208984e+00,1.987900376319885254e+00,-1.342185139656066895e-01
1.051470756530761719e+00,3.024012446403503418e-01,1.756467223167419434e+00,4.119306802749633789e-01,-5.913743376731872559e-01
1.177665591239929199e+00,-1.341185927391052246e+00,1.257930397987365723e+00,1.435662388801574707e+00,1.766528010368347168e+00
8.385548591613769531e-01,-9.048459529876708984e-01,8.263757228851318359e-01,1.600900292396545410e+00,2.823216915130615234e-01
2.203573465347290039e+00,1.778555631637573242e+00,1.455856323242187500e+00,7.325975894927978516e-01,-3.563436269760131836e-01
6.765030622482299805e-01,2.096715271472930908e-01,1.034780621528625488e+00,-2.457332909107208252e-01,-6.645655725151300430e-03
3.829540610313415527e-01,-7.968950271606445312e-01,9.141153693199157715e-01,1.349818348884582520e+00,1.854256540536880493e-02
1.020245313644409180e+00,-8.707400411367416382e-03,8.071357607841491699e-01,3.176283538341522217e-01,1.651920080184936523e-01
1.663378953933715820e+00,1.721431493759155273e+00,1.783451914787292480e+00,2.932842671871185303e-01,-3.267051875591278076e-01
1.548165440559387207e+00,4.674538597464561462e-02,1.183747529983520508e+00,2.919337749481201172e-01,-1.768219023942947388e-01
1.508380770683288574e+00,7.041279971599578857e-02,1.521879315376281738e+00,7.572259902954101562e-01,2.918748259544372559e-01
3.060850501060485840e-01,-8.275462985038757324e-01,5.307609438896179199e-01,5.783412456512451172e-01,-1.050814628601074219e+00
-2.185129374265670776e-01,-1.121822118759155273e+00,8.344640135765075684e-01,1.375104188919067383e+00,-7.485262751579284668e-01
1.195225834846496582e+00,2.883440554141998291e-01,6.718543767929077148e-01,4.265548884868621826e-01,-2.336066663265228271e-01
9.532119631767272949e-01,-9.534864872694015503e-02,8.694796562194824219e-01,2.041883915662765503e-01,-9.834976792335510254e-01
1.137782692909240723e+00,-8.812605589628219604e-02,9.327970743179321289e-01,9.731777310371398926e-01,-4.667386412620544434e-01
2.704408466815948486e-01,-4.444504976272583008e-01,8.282081484794616699e-01,9.720405340194702148e-01,-1.504736661911010742e+00
2.214751094579696655e-01,-7.344883084297180176e-01,8.996424078941345215e-01,6.220362782478332520e-01,-2.127203159034252167e-02
1.058704376220703125e+00,2.625277638435363770e-01,8.666738271713256836e-01,1.201212704181671143e-01,-1.057371258735656738e+00
8.723988533020019531e-01,-2.742420732975006104e-01,1.210531830787658691e+00,1.957496881484985352e+00,-2.792955338954925537e-01
8.285064101219177246e-01,-6.954803466796875000e-01,1.438820838928222656e+00,1.224490642547607422e+00,-4.417877495288848877e-01
1.258184194564819336e+00,3.125188350677490234e-01,1.160756826400756836e+00,1.425178408622741699e+00,-6.007791310548782349e-02
1.816364288330078125e+00,4.927254617214202881e-01,1.560803174972534180e+00,1.360426664352416992e+00,-4.052069783210754395e-01
7.822245955467224121e-01,-7.779133915901184082e-01,1.787259817123413086e+00,1.036401391029357910e+00,5.339962244033813477e-01
1.041978716850280762e+00,-7.281610369682312012e-01,1.587072014808654785e+00,1.495207786560058594e+00,1.235053539276123047e+00
1.743701219558715820e+00,-3.678970038890838623e-01,1.183804750442504883e+00,1.688965439796447754e+00,9.597632288932800293e-02
1.148502111434936523e+00,-3.263820409774780273e-01,1.772028088569641113e+00,1.250025272369384766e+00,-1.049390554428100586e+00
1.053287386894226074e+00,-9.631937146186828613e-01,1.724786996841430664e+00,9.837505817413330078e-01,-2.371371686458587646e-01
5.012770295143127441e-01,-1.478027224540710449e+00,1.104955077171325684e+00,1.319308280944824219e+00,-1.536807883530855179e-02
1.093006610870361328e+00,6.921898573637008667e-02,9.828583002090454102e-01,-8.156163617968559265e-03,-1.268697142601013184e+00
1.280113935470581055e+00,4.045919477939605713e-01,2.178058147430419922e+00,1.579879045486450195e+00,8.289862275123596191e-01
1.245549917221069336e+00,-7.152976989746093750e-01,1.989551901817321777e+00,1.351382017135620117e+00,-8.844061940908432007e-02
1.071714997291564941e+00,-1.461552500724792480e+00,1.999171972274780273e+00,1.384379863739013672e+00,1.039155006408691406e+00
2.054106712341308594e+00,9.110985398292541504e-01,1.337409973144531250e+00,1.112880945205688477e+00,-8.110370039939880371e-01
9.887088537216186523e-01,-1.744091659784317017e-01,1.261394739151000977e+00,1.391523182392120361e-01,-6.067127734422683716e-02
7.436836957931518555e-01,-1.478564381599426270e+00,1.278172492980957031e+00,1.795226573944091797e+00,3.410348594188690186e-01
1.012029767036437988e+00,-3.680462241172790527e-01,1.431534290313720703e+00,1.781668543815612793e+00,-2.449695467948913574e-01
2.366918087005615234e+00,1.088977217674255371e+00,1.474452137947082520e+00,6.425954699516296387e-01,6.757207512855529785e-01
8.516145944595336914e-01,-1.467126160860061646e-01,1.524026632308959961e+00,1.127114221453666687e-01,7.927317917346954346e-02
6.952252984046936035e-01,-1.135192871093750000e+00,1.245275497436523438e+00,2.088031053543090820e+00,7.152979969978332520e-01
1.576526999473571777e+00,3.448712825775146484e-01,1.451361179351806641e+00,1.475092768669128418e+00,-4.557020962238311768e-02
1.896620988845825195e+00,9.886667728424072266e-01,1.881441354751586914e+00,1.488917350769042969e+00,3.330244719982147217e-01
1.119829654693603516e+00,-6.924062371253967285e-01,1.744742751121520996e+00,9.344937205314636230e-01,8.553314954042434692e-02
9.526227712631225586e-01,-1.455643177032470703e+00,1.335234045982360840e+00,8.156340718269348145e-01,8.026409149169921875e-01
1.663068056106567383e+00,6.195386648178100586e-01,1.198406577110290527e+00,9.758787155151367188e-01,2.148267477750778198e-01
1.496433973312377930e+00,-1.301484107971191406e-01,1.935038566589355469e+00,1.527405977249145508e+00,-5.971299409866333008e-01
1.309768319129943848e+00,-6.020343303680419922e-01,1.390749454498291016e+00,5.059664249420166016e-01,-1.556774497032165527e+00
7.465476989746093750e-01,-1.383685827255249023e+00,1.276826858520507812e+00,4.521073102951049805e-01,9.459378719329833984e-01
1.613300442695617676e+00,2.587970793247222900e-01,9.996790289878845215e-01,6.559936404228210449e-01,-4.954573512077331543e-02
2.538789212703704834e-01,-1.648623585700988770e+00,1.285101175308227539e+00,4.388335645198822021e-01,-2.033748626708984375e-01
3.648210167884826660e-01,-2.256903171539306641e+00,1.293518662452697754e+00,1.805728316307067871e+00,-6.455779820680618286e-02
1.624887228012084961e+00,-5.181388258934020996e-01,1.623204350471496582e+00,1.172266364097595215e+00,4.289414584636688232e-01
1.058017015457153320e+00,-1.033091664314270020e+00,1.659794688224792480e+00,1.775076031684875488e+00,2.666569352149963379e-01
1.224585652351379395e+00,-1.622866988182067871e+00,2.262218952178955078e+00,2.747756242752075195e+00,4.785168766975402832e-01
2.083564758300781250e+00,-3.834464848041534424e-01,1.760861992835998535e+00,1.683421373367309570e+00,3.982349932193756104e-01
1.209218382835388184e+00,-6.502943634986877441e-01,1.744485139846801758e+00,1.306638717651367188e+00,5.977233052253723145e-01
4.838150143623352051e-01,-1.980743408203125000e+00,1.647941470146179199e+00,2.462699174880981445e+00,3.347452282905578613e-01
2.323500156402587891e+00,-6.974127888679504395e-02,2.007403373718261719e+00,1.817829251289367676e+00,7.877475619316101074e-01
1.135867953300476074e+00,-9.667751789093017578e-01,1.396790623664855957e+00,7.188262939453125000e-01,7.066942751407623291e-02
1.520802259445190430e+00,-1.391923189163208008e+00,1.495166659355163574e+00,1.460273027420043945e+00,1.355209350585937500e+00
1.394165515899658203e+00,6.882129311561584473e-01,1.550395727157592773e+00,9.961713552474975586e-01,-3.138885647058486938e-02
1.750476479530334473e+00,-8.730605840682983398e-01,2.143514871597290039e+00,1.672724246978759766e+00,-5.859450995922088623e-02
1.633135437965393066e+00,-9.639099836349487305e-01,2.023665666580200195e+00,9.180215001106262207e-01,3.550975620746612549e-01
1.327885031700134277e+00,-1.965581893920898438e+00,1.700207352638244629e+00,1.178645491600036621e+00,6.059117317199707031e-01
2.048166036605834961e+00,2.674522399902343750e-01,1.387642979621887207e+00,4.409658908843994141e-01,-2.221547663211822510e-01
9.569269418716430664e-01,-2.202196359634399414e+00,9.426747560501098633e-01,1.333648204803466797e+00,-4.993142187595367432e-02
2.899976968765258789e-01,-1.992233872413635254e+00,1.742080092430114746e+00,1.976012706756591797e+00,-5.769259929656982422e-01
7.283492088317871094e-01,-2.978535413742065430e+00,1.820614933967590332e+00,2.916725635528564453e+00,1.521261811256408691e+00
1.920661926269531250e+00,-9.206042885780334473e-01,1.806170582771301270e+00,2.039360761642456055e+00,6.344820857048034668e-01
1.614085912704467773e+00,-3.089523017406463623e-01,1.490585684776306152e+00,1.152986526489257812e+00,-1.828148603439331055e+00
9.615092873573303223e-01,-2.040374517440795898e+00,2.274186849594116211e+00,2.952620029449462891e+00,8.576159477233886719e-01
