-8.068878054618835449e-01,7.440154552459716797e-01,1.147938728332519531e+00,-1.383179426193237305e+00,1.514490395784378052e-01,1.134431600570678711e+00,1.330398082733154297e+00,1.669641494750976562e+00,5.938212275505065918e-01,4.635478258132934570e-01,-3.187566101551055908e-01,1.316127896308898926e+00,-5.314653366804122925e-02,4.204194545745849609e-01,-1.473421007394790649e-01,8.451427817344665527e-01,-2.864340506494045258e-02,-1.481842517852783203e+00,4.779177904129028320e-01,-1.372037529945373535e+00,-1.681000590324401855e-01,-1.231608390808105469e+00,-1.004242300987243652e-01,7.263327240943908691e-01,-4.873335957527160645e-01,5.129069834947586060e-02,-3.813013732433319092e-01,-4.381003081798553467e-01,6.389517784118652344e-01,1.218892693519592285e+00,1.916596889495849609e+00,4.468488041311502457e-03,9.733870029449462891e-01,1.430168896913528442e-01,9.239140748977661133e-01,-2.864514291286468506e-01,9.957451224327087402e-01,-9.360828399658203125e-01,7.901921272277832031e-01,-8.714823126792907715e-01,-4.860624372959136963e-01,2.342648804187774658e-01,2.092618495225906372e-01,2.021081894636154175e-01,-7.229115068912506104e-02,-1.621921062469482422e+00,-4.847082197666168213e-01,1.029222249984741211e+00,3.528991639614105225e-01,-3.346243202686309814e-01,7.854622788727283478e-03,-1.081465601921081543e+00,-1.128344297409057617e+00
-1.228349328041076660e+00,6.797398924827575684e-01,1.112486958503723145e+00,-1.250831484794616699e+00,-1.510614752769470215e-01,2.553182840347290039e-01,-2.914362847805023193e-01,-2.200396060943603516e-01,3.466570973396301270e-01,-1.073773026466369629e+00,-3.833516240119934082e-01,-9.647664427757263184e-01,-3.164499402046203613e-01,-6.009643077850341797e-01,-1.302148103713989258e+00,3.459609746932983398e-01,-5.363438725471496582e-01,-2.916100025177001953e-01,-5.055906772613525391e-01,-4.438398871570825577e-03,4.065064340829849243e-02,-2.065253555774688721e-01,4.093361496925354004e-01,7.320654988288879395e-01,9.590954780578613281e-01,8.430517315864562988e-01,-3.620252907276153564e-01,-4.563773870468139648e-01,3.589777052402496338e-01,-3.424891531467437744e-01,9.678359031677246094e-01,1.699514873325824738e-02,-5.867661237716674805e-01,-2.407804131507873535e-01,-7.813098430633544922e-01,-7.401030063629150391e-01,-8.352106809616088867e-02,-2.109474658966064453e+00,1.624406576156616211e-01,-2.011092603206634521e-01,-8.334591984748840332e-02,-4.972048699855804443e-01,-2.378863394260406494e-01,-3.053301274776458740e-01,1.220991313457489014e-01,-7.504437565803527832e-01,-6.295901536941528320e-01,5.307620167732238770e-01,1.161193966865539551e+00,2.972062230110168457e-01,-1.177161186933517456e-01,-9.838589429855346680e-01,-9.084679484367370605e-01
-1.389295578002929688e+00,-1.630869805812835693e-01,1.054226160049438477e+00,-1.928368091583251953e+00,-6.939194202423095703e-01,1.590116024017333984e-01,-8.869388103485107422e-01,3.068092651665210724e-02,-1.164475440979003906e+00,-1.398935079574584961e+00,-5.921753048896789551e-01,-1.465819954872131348e+00,-1.837590634822845459e-01,-3.989847004413604736e-01,-1.722043991088867188e+00,-3.779989778995513916e-01,-1.053876042366027832e+00,-9.185574054718017578e-01,-1.296449184417724609e+00,-8.630078285932540894e-02,-9.398434758186340332e-01,-1.026708483695983887e+00,-1.405571937561035156e+00,-1.201342463493347168e+00,-7.270755767822265625e-01,5.777148902416229248e-02,-1.833452880382537842e-01,-3.117231130599975586e-01,1.028693467378616333e-01,-8.735893368721008301e-01,-3.095916211605072021e-01,-8.937571644783020020e-01,-8.942477107048034668e-01,-6.125906109809875488e-01,-8.379399180412292480e-01,-5.640277862548828125e-01,-3.687138855457305908e-01,-1.694117307662963867e+00,-6.835839152336120605e-01,-6.537011265754699707e-01,-1.061591625213623047e+00,-1.055727958679199219e+00,-1.134854316711425781e+00,-7.976586222648620605e-01,-1.130420804023742676e+00,-7.207425236701965332e-01,-7.410971522331237793e-01,6.029818058013916016e-01,-8.661255240440368652e-01,-9.859932661056518555e-01,-5.864027738571166992e-01,-1.103871464729309082e+00,-9.057186841964721680e-01
-1.312731623649597168e+00,-8.438894152641296387e-01,-5.546057224273681641e-01,-8.979149460792541504e-01,-5.931379199028015137e-01,-1.474713206291198730e+00,-1.304321736097335815e-01,1.638456225395202637e+00,-1.202975034713745117e+00,-1.375440478324890137e+00,-1.250055789947509766e+00,-6.616559028625488281e-01,-5.619208812713623047e-01,-7.656042575836181641e-01,-1.979652762413024902e+00,-9.977965354919433594e-01,-1.944546580314636230e+00,-1.875514388084411621e+00,-2.297111511230468750e+00,3.892437517642974854e-01,-1.675456047058105469e+00,1.641701161861419678e-01,3.709195554256439209e-01,-1.224020481109619141e+00,-1.214876890182495117e+00,-1.133051142096519470e-01,-1.709292978048324585e-01,5.302708148956298828e-01,-4.548277258872985840e-01,-5.694477558135986328e-01,1.071951866149902344e+00,-1.780469059944152832e+00,-1.665277004241943359e+00,-1.767716169357299805e+00,-1.838001608848571777e+00,-9.775267243385314941e-01,-8.653567433357238770e-01,-2.234544277191162109e+00,-1.257166624069213867e+00,-9.725467562675476074e-01,-1.841669440269470215e+00,-2.465295791625976562e+00,-1.886761665344238281e+00,-9.414039254188537598e-01,-9.794458150863647461e-01,2.597116529941558838e-01,-6.169974207878112793e-01,-2.461051046848297119e-01,-1.206344246864318848e+00,-1.278540492057800293e+00,5.425882339477539062e-01,-4.166603386402130127e-01,3.710633218288421631e-01
-1.369390726089477539e+00,-1.169395565986633301e+00,-1.823519915342330933e-01,-3.681712746620178223e-01,-7.908805608749389648e-01,-2.691404819488525391e-01,4.465135037899017334e-01,-9.113944172859191895e-01,6.757605820894241333e-03,-1.201317667961120605e+00,-1.138272643089294434e+00,2.273025736212730408e-02,-9.160241484642028809e-01,-1.029644250869750977e+00,-1.210997462272644043e+00,-2.819215655326843262e-01,-6.640315651893615723e-01,-1.833204984664916992e+00,-9.829945564270019531e-01,-4.953202307224273682e-01,-3.753186017274856567e-02,-3.901249766349792480e-01,5.802152752876281738e-01,2.774458192288875580e-02,-5.813593864440917969e-01,8.906419575214385986e-02,-7.564000487327575684e-01,2.323889639228582382e-03,-1.484223157167434692e-01,7.006375193595886230e-01,1.273748636245727539e+00,-1.053460955619812012e+00,-9.442981481552124023e-01,-1.084213733673095703e+00,-7.608538269996643066e-01,-1.461214423179626465e+00,-1.061212792992591858e-01,-1.077536940574645996e+00,-2.015814036130905151e-01,-7.045246362686157227e-01,-9.915725588798522949e-01,-1.101121068000793457e+00,-2.699906527996063232e-01,-1.278522968292236328e+00,-3.298401534557342529e-01,-1.056392550468444824e+00,-5.796345472335815430e-01,9.120674133300781250e-01,1.712513715028762817e-01,-4.276247620582580566e-01,-2.878136038780212402e-01,-8.841615915298461914e-01,-1.025169968605041504e+00
-1.832773834466934204e-01,1.709190458059310913e-01,1.395821571350097656e+00,-4.662292599678039551e-01,3.116391301155090332e-01,8.652911782264709473e-01,3.479434549808502197e-01,1.834665298461914062e+00,1.321233063936233521e-01,4.703433215618133545e-01,4.143022000789642334e-02,1.252460628747940063e-01,1.309094429016113281e-01,1.051181793212890625e+00,-9.289368987083435059e-03,7.792284339666366577e-02,2.740477211773395538e-03,-5.946887731552124023e-01,-1.562648266553878784e-01,-1.403513312339782715e+00,1.004622697830200195e+00,-2.103202342987060547e+00,-9.611368775367736816e-01,2.677827179431915283e-01,-4.282953441143035889e-01,1.621730446815490723e+00,-7.811684012413024902e-01,-1.009675145149230957e+00,8.292237520217895508e-01,4.443241059780120850e-01,1.706441164016723633e+00,-4.224210605025291443e-02,7.654305696487426758e-01,6.508678942918777466e-02,-2.950690090656280518e-01,9.262599050998687744e-02,1.134196519851684570e+00,-2.703645229339599609e-01,5.971809476613998413e-02,-1.006261348724365234e+00,-4.694525897502899170e-02,-2.609382569789886475e-02,6.545092165470123291e-02,1.250797629356384277e+00,-5.943762063980102539e-01,-2.086008548736572266e+00,-6.497076749801635742e-01,2.070791959762573242e+00,2.290474772453308105e-01,-4.202744662761688232e-01,-1.255697131156921387e+00,-2.370577335357666016e+00,-1.914830565452575684e+00
-7.860843092203140259e-02,-3.207805752754211426e-01,6.794658899307250977e-01,-2.349645644426345825e-01,7.589477300643920898e-01,7.673013210296630859e-01,-2.825257778167724609e-01,1.564612150192260742e+00,-3.054383955895900726e-02,9.818810820579528809e-01,8.885664343833923340e-01,-2.539237439632415771e-01,4.281863272190093994e-01,7.354145646095275879e-01,1.786716878414154053e-01,-4.550072178244590759e-02,-2.466584295034408569e-01,2.164476215839385986e-01,-1.257140278816223145e+00,-8.354109525680541992e-01,1.782234787940979004e+00,-1.259131669998168945e+00,-1.111999630928039551e+00,7.073577046394348145e-01,-5.059159398078918457e-01,1.406133770942687988e+00,-2.889395356178283691e-01,-1.416379332542419434e+00,1.116664886474609375e+00,-5.664585158228874207e-02,9.372631907463073730e-01,1.552650630474090576e-01,1.264580249786376953e+00,6.223319172859191895e-01,-1.369389798492193222e-02,8.048158884048461914e-01,8.842360973358154297e-01,-3.813200891017913818e-01,-2.462933510541915894e-01,-1.257982373237609863e+00,-5.094237625598907471e-02,-1.240866422653198242e+00,-4.501864910125732422e-01,2.067242145538330078e+00,-1.330725431442260742e+00,-8.349363803863525391e-01,-5.882750153541564941e-01,1.590239286422729492e+00,5.686230659484863281e-01,-3.299247026443481445e-01,-1.160141110420227051e+00,-1.579709887504577637e+00,-1.096903562545776367e+00
4.955319166183471680e-01,4.640040695667266846e-01,7.502196431159973145e-01,3.939147293567657471e-01,8.343850374221801758e-01,4.136974215507507324e-01,1.103542923927307129e+00,9.955072402954101562e-01,7.334021329879760742e-01,4.342902898788452148e-01,2.895230799913406372e-02,9.057526588439941406e-01,8.849837779998779297e-01,-8.561314940452575684e-01,-4.233122467994689941e-01,1.066793084144592285e+00,-7.846744656562805176e-01,-5.138545632362365723e-01,-1.112514257431030273e+00,5.646431446075439453e-01,-1.979265362024307251e-01,3.560610711574554443e-01,1.050542950630187988e+00,-3.332397043704986572e-01,2.050350904464721680e-01,-5.311260819435119629e-01,7.635781764984130859e-01,5.617689490318298340e-01,2.889055311679840088e-01,5.794411301612854004e-01,5.063538551330566406e-01,4.770259857177734375e-01,4.215342700481414795e-01,2.964768409729003906e-01,8.765791058540344238e-01,6.980593204498291016e-01,-6.527681350708007812e-01,-1.289577245712280273e+00,3.961577415466308594e-01,-2.040622755885124207e-02,-3.180073201656341553e-02,-1.202833294868469238e+00,-7.605358362197875977e-01,1.881036162376403809e-01,9.629494547843933105e-01,8.276826143264770508e-01,5.548644438385963440e-02,-1.862234324216842651e-01,4.827234148979187012e-01,5.319676995277404785e-01,1.581534981727600098e+00,-3.187304437160491943e-01,7.188908457756042480e-01
3.805510699748992920e-01,-8.219515085220336914e-01,1.076376080513000488e+00,-5.920131802558898926e-01,-2.002202905714511871e-02,4.841652214527130127e-01,1.028136134147644043e+00,1.031085610389709473e+00,9.770394563674926758e-01,-1.987130194902420044e-01,8.426216840744018555e-01,9.238554239273071289e-01,3.470224738121032715e-01,2.361018210649490356e-02,-6.443828344345092773e-01,9.125844240188598633e-01,1.056105613708496094e+00,-5.539119839668273926e-01,-4.881311357021331787e-01,3.751655295491218567e-02,-6.665067076683044434e-01,-6.630364656448364258e-01,8.116329312324523926e-01,9.069823622703552246e-01,-4.039639607071876526e-03,-7.882559895515441895e-01,5.003824830055236816e-01,7.970706224441528320e-01,9.339326620101928711e-01,7.888269424438476562e-01,1.088439226150512695e+00,6.469029784202575684e-01,2.028769105672836304e-01,6.845973730087280273e-01,6.250455975532531738e-01,-4.402518868446350098e-01,3.564798533916473389e-01,-5.630681514739990234e-01,3.703703880310058594e-01,1.705197840929031372e-01,-1.336391121149063110e-01,-9.090350568294525146e-02,1.024981141090393066e+00,-1.304697394371032715e+00,9.594559073448181152e-01,-9.911159873008728027e-01,9.136570096015930176e-01,-9.391474127769470215e-01,3.045103251934051514e-01,6.707121431827545166e-02,1.195667624473571777e+00,-1.211688742041587830e-01,-2.161376923322677612e-01
2.959442138671875000e-01,-1.764551162719726562e+00,-2.276903241872787476e-01,-1.405176997184753418e+00,-1.509438175708055496e-02,-2.581337094306945801e-01,-6.173856928944587708e-02,1.256733417510986328e+00,6.571165919303894043e-01,5.390568971633911133e-01,1.099847197532653809e+00,3.170883953571319580e-01,1.785946637392044067e-02,1.207131385803222656e+00,-1.227299928665161133e+00,2.127787619829177856e-01,-2.347056120634078979e-01,-3.039233200252056122e-02,1.011868342757225037e-01,7.369267940521240234e-01,-3.443039953708648682e-02,-1.293451189994812012e+00,1.857903301715850830e-01,-1.002941846847534180e+00,-6.259059906005859375e-01,-5.260947942733764648e-01,6.929734945297241211e-01,-2.129028439521789551e-01,5.002112984657287598e-01,4.683757722377777100e-01,1.280673265457153320e+00,6.636896133422851562e-01,1.269072771072387695e+00,1.362092256546020508e+00,1.049974799156188965e+00,-6.658072769641876221e-02,1.691700696945190430e+00,-4.427702426910400391e-01,3.026840388774871826e-01,5.413410663604736328e-01,2.346335537731647491e-02,3.856083452701568604e-01,1.624823212623596191e-01,-3.056416213512420654e-01,6.202803850173950195e-01,-1.311041474342346191e+00,2.970512807369232178e-01,5.376784205436706543e-01,-5.772170424461364746e-01,-6.165770888328552246e-01,-3.765367567539215088e-01,-8.480659723281860352e-01,-6.854713559150695801e-01
1.882423609495162964e-01,-5.093571543693542480e-01,-1.071233034133911133e+00,-8.039371371269226074e-01,2.498912662267684937e-01,-9.149287343025207520e-01,-5.237144231796264648e-01,5.819560885429382324e-01,1.132773980498313904e-01,2.407713681459426880e-01,-4.058207571506500244e-01,1.796149611473083496e-01,1.936559975147247314e-01,-2.818427383899688721e-01,-7.249152660369873047e-01,-4.409317374229431152e-01,-1.121257662773132324e+00,-3.638842999935150146e-01,-1.574730634689331055e+00,9.233395457267761230e-01,7.173652052879333496e-01,-4.437849223613739014e-01,-3.410481810569763184e-01,-1.663889884948730469e+00,-1.445536136627197266e+00,6.209414005279541016e-01,1.131647154688835144e-01,-5.784915089607238770e-01,-5.020266175270080566e-01,-6.607390046119689941e-01,-1.062872856855392456e-01,-2.449029237031936646e-01,-3.769019991159439087e-02,-1.062415167689323425e-01,-2.766484022140502930e-01,-2.124225720763206482e-02,-5.448980331420898438e-01,-6.752569675445556641e-01,-4.743297994136810303e-01,-4.517575800418853760e-01,-8.054794073104858398e-01,-1.352989196777343750e+00,-1.219912052154541016e+00,1.076020479202270508e+00,4.109593108296394348e-02,-3.238226473331451416e-01,-2.430721670389175415e-01,4.945950210094451904e-01,-1.754503130912780762e+00,-1.629841208457946777e+00,-1.162329316139221191e+00,-1.006153583526611328e+00,-1.071779370307922363e+00
1.604294925928115845e-01,-1.413504838943481445e+00,-9.786090254783630371e-01,-8.712550997734069824e-02,-2.334334701299667358e-01,-1.961734741926193237e-01,9.864664077758789062e-01,-1.010862886905670166e-01,8.717176914215087891e-01,-7.557226717472076416e-02,-1.078680634498596191e+00,1.189729213714599609e+00,1.109896078705787659e-01,-9.975720047950744629e-01,-1.372251033782958984e+00,-2.997102960944175720e-02,-1.269150614738464355e+00,-7.749262452125549316e-01,-1.174246072769165039e+00,9.306266903877258301e-01,-9.503260850906372070e-01,-1.474583446979522705e-01,1.585143089294433594e+00,-9.654670357704162598e-01,-3.898549675941467285e-01,-5.237800478935241699e-01,3.438413143157958984e-01,6.616019606590270996e-01,7.317036390304565430e-02,8.067874908447265625e-01,5.501569509506225586e-01,7.564405202865600586e-01,4.798474013805389404e-01,-4.541056454181671143e-01,1.259736895561218262e+00,-1.609933525323867798e-01,-1.067631244659423828e+00,-8.107563257217407227e-01,-1.706168651580810547e-01,8.034439086914062500e-01,-7.428053617477416992e-01,-1.086219906806945801e+00,-1.266369819641113281e+00,-5.726681351661682129e-01,1.543844461441040039e+00,-1.379237174987792969e-01,3.292274773120880127e-01,5.580372214317321777e-01,-6.025578379631042480e-01,-8.882119059562683105e-01,5.514646768569946289e-01,-3.744898438453674316e-01,-3.581064641475677490e-01
-5.506634116172790527e-01,-4.287294447422027588e-01,-5.179954767227172852e-01,-1.850106120109558105e+00,-4.145937561988830566e-01,7.936298847198486328e-02,1.068233489990234375e+00,1.550864100456237793e+00,6.737548708915710449e-01,6.550439000129699707e-01,-3.713769838213920593e-02,1.350444197654724121e+00,4.051894545555114746e-01,8.364918828010559082e-01,-4.532268941402435303e-01,1.608942151069641113e-01,3.536763787269592285e-01,-7.650839686393737793e-01,-2.847079932689666748e-02,-3.687813282012939453e-01,7.179889082908630371e-02,-8.404957056045532227e-01,7.912249118089675903e-02,2.891386151313781738e-01,-2.892892062664031982e-01,-3.934263288974761963e-01,-1.488116532564163208e-01,1.918779127299785614e-02,-5.594398379325866699e-01,8.679485321044921875e-01,1.076204538345336914e+00,5.929683521389961243e-02,8.178514242172241211e-01,-9.790389537811279297e-01,1.628205657005310059e+00,-1.363866627216339111e-01,4.379544556140899658e-01,-7.014467716217041016e-01,-4.851438403129577637e-01,-1.844770610332489014e-01,-7.015358209609985352e-01,-4.844015091657638550e-02,4.772244766354560852e-02,-6.733641028404235840e-01,4.253972470760345459e-01,-1.417781591415405273e+00,-3.861263096332550049e-01,-5.944564938545227051e-01,6.165908575057983398e-01,-8.458421230316162109e-01,-3.141642510890960693e-01,-2.984102368354797363e-01,-5.811316370964050293e-01
-1.190202116966247559e+00,-7.223406434059143066e-01,-7.603758573532104492e-01,-3.803370296955108643e-01,3.677534162998199463e-01,-1.469061970710754395e+00,-1.272086620330810547e+00,1.399886250495910645e+00,-3.293592631816864014e-01,-5.484757423400878906e-01,1.970710754394531250e-01,-3.186828792095184326e-01,-3.926923274993896484e-01,1.028902649879455566e+00,-8.290218710899353027e-01,-2.993718981742858887e-01,-7.010976672172546387e-01,-3.164138793945312500e-01,-2.518283724784851074e-01,-4.587066173553466797e-01,-3.840313851833343506e-02,-5.126383304595947266e-01,-1.398104071617126465e+00,-1.229650020599365234e+00,-9.652697443962097168e-01,-5.653287172317504883e-01,-1.740253418684005737e-01,-6.159092783927917480e-01,-9.737249016761779785e-01,-1.601668000221252441e+00,6.505659222602844238e-01,-7.301211357116699219e-01,-3.024472296237945557e-01,-7.461610436439514160e-01,-7.993120551109313965e-01,-3.525797128677368164e-01,7.479687929153442383e-01,-2.436059415340423584e-01,-6.177363991737365723e-01,-9.632242321968078613e-01,-1.325800180435180664e+00,-2.908826768398284912e-01,-9.232875704765319824e-01,6.246083378791809082e-01,-7.697768211364746094e-01,-4.247288703918457031e-01,-5.901858806610107422e-01,-1.348051726818084717e-01,-1.274692535400390625e+00,-1.273475050926208496e+00,-7.514324188232421875e-01,-3.733789026737213135e-01,-1.501310169696807861e-01
-1.308844923973083496e+00,-5.339259505271911621e-01,-5.841055884957313538e-02,-7.432005405426025391e-01,-5.013812780380249023e-01,-1.236838459968566895e+00,1.646429002285003662e-01,-2.481313645839691162e-01,-2.284528464078903198e-01,1.468354463577270508e-01,-5.519736409187316895e-01,3.270366787910461426e-01,-6.104608625173568726e-02,-9.969369173049926758e-01,-3.418651819229125977e-01,4.013118147850036621e-01,-1.121613860130310059e+00,-9.012603759765625000e-01,-1.406962275505065918e+00,-1.684175282716751099e-01,-4.320482909679412842e-01,-5.950945615768432617e-01,8.953340649604797363e-01,-6.567388176918029785e-01,-6.242901682853698730e-01,1.912502944469451904e-01,-1.218272838741540909e-02,-2.864429652690887451e-01,-2.249813079833984375e-02,-5.343896150588989258e-01,-5.018424987792968750e-01,-3.421223163604736328e-01,-1.773888915777206421e-01,-5.086510777473449707e-01,-4.502363801002502441e-01,-6.298660039901733398e-01,-9.086037278175354004e-01,-1.191532850265502930e+00,-1.056887656450271606e-01,-7.093845605850219727e-01,-7.247209548950195312e-01,-1.597586393356323242e+00,-1.234422683715820312e+00,7.722950577735900879e-01,6.201209425926208496e-01,-5.154484510421752930e-01,-5.015380978584289551e-01,9.814453721046447754e-01,-6.406280994415283203e-01,-9.291587471961975098e-01,-7.989833503961563110e-02,-8.697698116302490234e-01,-5.692830681800842285e-01
-2.052715718746185303e-01,1.167624667286872864e-01,3.346648216247558594e-01,-1.403298228979110718e-01,3.026973903179168701e-01,1.051406502723693848e+00,1.183868527412414551e+00,1.678495407104492188e+00,9.855470061302185059e-01,1.225054502487182617e+00,7.372032999992370605e-01,1.756035923957824707e+00,1.179174661636352539e+00,7.376280426979064941e-02,5.145818591117858887e-01,1.950247883796691895e+00,5.324422121047973633e-01,-3.896161317825317383e-01,1.009812712669372559e+00,-5.649611353874206543e-01,2.465078048408031464e-02,-2.758396789431571960e-02,2.896546721458435059e-01,8.078104853630065918e-01,-6.877592206001281738e-02,-4.145004451274871826e-01,4.907444715499877930e-01,-1.861467063426971436e-01,7.761552929878234863e-01,1.079935789108276367e+00,1.498726725578308105e+00,4.770408868789672852e-01,4.700495302677154541e-01,8.395732641220092773e-01,1.259906530380249023e+00,5.751651525497436523e-01,3.089353144168853760e-01,2.389498651027679443e-01,1.548883318901062012e+00,-7.481841836124658585e-03,1.143954545259475708e-01,1.001385688781738281e+00,5.770846605300903320e-01,-4.088740795850753784e-02,8.142502903938293457e-01,-3.438304960727691650e-01,7.194010615348815918e-01,2.321533411741256714e-01,2.565511763095855713e-01,3.960120677947998047e-01,1.968609839677810669e-01,3.991932272911071777e-01,4.338117241859436035e-01
-3.910202085971832275e-01,-8.484732359647750854e-02,-1.613805070519447327e-02,6.256808042526245117e-01,7.182115912437438965e-01,-2.161570265889167786e-02,-2.886038720607757568e-01,7.329678535461425781e-01,-5.703984498977661133e-01,-1.868709474802017212e-01,4.408566057682037354e-01,5.423978567123413086e-01,1.083237409591674805e+00,-1.354352682828903198e-01,-2.051806211471557617e+00,9.774195551872253418e-01,-5.196068286895751953e-01,6.555464267730712891e-01,-7.437056899070739746e-01,-1.006715297698974609e-01,-1.290585517883300781e+00,3.958780169486999512e-01,-4.598114788532257080e-01,4.114585518836975098e-01,2.830043733119964600e-01,-3.193244040012359619e-01,3.188184797763824463e-01,-6.333384662866592407e-02,-8.509352207183837891e-01,-4.774060845375061035e-01,7.134439349174499512e-01,4.532685279846191406e-01,4.300227463245391846e-01,1.401281952857971191e+00,1.315032601356506348e+00,1.239823937416076660e+00,1.849578469991683960e-01,-2.475658655166625977e+00,7.228779196739196777e-01,4.709720015525817871e-01,9.438111782073974609e-01,-6.811736226081848145e-01,-3.195241093635559082e-01,-1.715086773037910461e-02,-2.389652431011199951e-01,9.135853648185729980e-01,5.062143802642822266e-01,1.960529834032058716e-01,5.919970273971557617e-01,8.018705844879150391e-01,-3.661740422248840332e-01,4.554273188114166260e-01,1.218024373054504395e+00
-5.720734596252441406e-01,-1.063187122344970703e+00,-1.780678153038024902e+00,5.659297108650207520e-02,-5.276805162429809570e-01,-1.245580673217773438e+00,-4.231384992599487305e-01,1.095950454473495483e-01,-9.336668848991394043e-01,-7.746236324310302734e-01,-1.047552466392517090e+00,2.407084852457046509e-01,8.678711056709289551e-01,-1.611691594123840332e+00,-1.826593399047851562e+00,-1.391819119453430176e-01,-2.294414281845092773e+00,-8.260667324066162109e-01,-2.200685262680053711e+00,7.186645269393920898e-01,-1.949287891387939453e+00,2.564227104187011719e+00,7.771461457014083862e-02,-5.903160572052001953e-01,-7.484813779592514038e-02,-1.131186604499816895e+00,2.741484940052032471e-01,1.026853084564208984e+00,-1.049388289451599121e+00,-7.048649787902832031e-01,-1.189815759658813477e+00,-1.088419437408447266e+00,-1.785357475280761719e+00,-5.536377429962158203e-01,-4.429993033409118652e-01,4.842329919338226318e-01,-2.031507492065429688e+00,-2.555612325668334961e+00,-1.542425602674484253e-01,9.156979620456695557e-02,-6.471527814865112305e-01,-2.375320196151733398e+00,-2.062729358673095703e+00,-2.089586734771728516e+00,1.508590430021286011e-01,3.136443614959716797e+00,4.957461655139923096e-01,-6.798426508903503418e-01,-5.849804878234863281e-01,5.199340581893920898e-01,1.408516526222229004e+00,1.664601206779479980e+00,2.082270622253417969e+00
-6.007176041603088379e-01,-1.174981117248535156e+00,-8.574038743972778320e-01,3.942086696624755859e-01,-4.825150072574615479e-01,-2.633055746555328369e-01,1.197687864303588867e+00,1.126952916383743286e-01,-4.243830442428588867e-01,-7.970750927925109863e-01,-1.183255314826965332e+00,6.468894481658935547e-01,9.623418003320693970e-02,-8.213931918144226074e-01,-1.897057294845581055e+00,-3.524819910526275635e-01,-1.380317926406860352e+00,-9.285665154457092285e-01,-1.541780591011047363e+00,-8.816389441490173340e-01,-3.656305670738220215e-01,1.054810166358947754e+00,7.213208824396133423e-02,6.887081265449523926e-02,3.538128733634948730e-01,-6.107996106147766113e-01,-6.538912057876586914e-01,1.806824207305908203e-01,1.473815143108367920e-01,8.191823363304138184e-01,5.937912464141845703e-01,-1.402658373117446899e-01,-1.352422475814819336e+00,-1.697239398956298828e+00,-6.947476863861083984e-01,-3.700515031814575195e-01,-1.148491859436035156e+00,-1.551163196563720703e+00,-6.252121329307556152e-01,-4.582727551460266113e-01,-1.688935041427612305e+00,-1.348295927047729492e+00,-1.528547644615173340e+00,-3.871772289276123047e-01,-8.916439861059188843e-02,9.874050617218017578e-01,-1.720257848501205444e-01,-1.225270390510559082e+00,2.459643930196762085e-01,1.710320115089416504e-01,-1.687969714403152466e-01,5.471460223197937012e-01,7.067236304283142090e-01
-5.099325776100158691e-01,-1.713440418243408203e-01,7.330230474472045898e-01,-3.196350336074829102e-01,7.529196888208389282e-02,-1.057323068380355835e-01,6.278988718986511230e-01,1.690165400505065918e+00,-5.114780664443969727e-01,2.031590640544891357e-01,-9.096738100051879883e-01,-4.174290969967842102e-02,-2.028241604566574097e-01,1.401322126388549805e+00,-1.162627100944519043e+00,-6.107431650161743164e-01,-4.172802269458770752e-01,-1.518573999404907227e+00,9.180115535855293274e-03,-1.145488381385803223e+00,-3.028414845466613770e-01,-5.464698076248168945e-01,-7.760320901870727539e-01,-1.868472546339035034e-01,-6.528142690658569336e-01,-1.041689872741699219e+00,-7.602700591087341309e-01,-4.442240595817565918e-01,6.450512912124395370e-03,-6.254933029413223267e-02,8.160185813903808594e-01,-6.343167424201965332e-01,-1.064333394169807434e-01,-1.424750804901123047e+00,-8.278985023498535156e-01,-7.644892334938049316e-01,1.132261753082275391e+00,2.987942844629287720e-02,-9.520745277404785156e-01,-1.226320266723632812e+00,-1.299452662467956543e+00,2.190224379301071167e-01,-3.190227225422859192e-02,-2.817644476890563965e-01,-2.775678634643554688e-01,-7.846520543098449707e-01,-7.209558486938476562e-01,-7.008107304573059082e-01,-5.938081145286560059e-01,-7.128055095672607422e-01,-6.558248400688171387e-02,-3.088228106498718262e-01,-2.507891654968261719e-01
-1.132689237594604492e+00,-1.915819197893142700e-01,7.459854334592819214e-02,7.896506190299987793e-01,1.057125806808471680e+00,-2.172485291957855225e-01,-9.350394606590270996e-01,8.522054553031921387e-01,-3.953064978122711182e-01,3.584757149219512939e-01,-6.722382307052612305e-01,-7.118305563926696777e-01,-7.424679398536682129e-01,1.294661760330200195e+00,7.507696747779846191e-01,-7.580466270446777344e-01,-3.196913599967956543e-01,-6.930807232856750488e-01,2.763393223285675049e-01,-8.656149506568908691e-01,8.307676911354064941e-01,-9.960065484046936035e-01,-1.234496951103210449e+00,-1.426971197128295898e+00,-1.471661925315856934e+00,-7.375714182853698730e-02,-7.408455610275268555e-01,-6.936967968940734863e-01,2.257195562124252319e-01,-1.381338238716125488e+00,1.267527222633361816e+00,-6.978437304496765137e-01,6.678243279457092285e-01,-1.192672967910766602e+00,-1.524342298507690430e+00,-7.238957881927490234e-01,1.459615111351013184e+00,6.538792848587036133e-01,-6.761301159858703613e-01,-1.623718619346618652e+00,-9.134572148323059082e-01,3.195791244506835938e-01,-7.677499055862426758e-01,1.410036563873291016e+00,-1.147395491600036621e+00,-9.131310582160949707e-01,-9.734399318695068359e-01,8.273381590843200684e-01,-1.134125709533691406e+00,-1.118403792381286621e+00,-1.096230745315551758e+00,-7.185599207878112793e-01,-9.663742184638977051e-01
-8.231531381607055664e-01,7.528796195983886719e-01,3.710153996944427490e-01,1.121019124984741211e+00,5.527201294898986816e-01,-4.521242082118988037e-01,-5.547298789024353027e-01,4.227300174534320831e-03,-2.888809144496917725e-01,5.508041381835937500e-02,-3.488930761814117432e-01,2.253267914056777954e-01,1.388269811868667603e-01,-8.722836375236511230e-01,-1.162914186716079712e-01,6.469425559043884277e-01,-1.013140439987182617e+00,-6.020496487617492676e-01,-1.116825699806213379e+00,-2.406527847051620483e-01,-3.932887315750122070e-02,4.701733589172363281e-02,5.490951538085937500e-01,-1.204100370407104492e+00,-8.585382103919982910e-01,-6.005766391754150391e-01,5.241011828184127808e-02,-4.478198289871215820e-02,6.022576689720153809e-01,-1.045865774154663086e+00,-4.613132774829864502e-01,-1.525243837386369705e-02,1.217848435044288635e-01,-9.291676282882690430e-01,1.037841439247131348e-01,-1.286020874977111816e-01,-6.388969421386718750e-01,2.220923453569412231e-01,4.234774708747863770e-01,-6.216285228729248047e-01,-8.379014730453491211e-01,-9.964897036552429199e-01,-1.002859830856323242e+00,-3.023993670940399170e-01,2.793943583965301514e-01,2.940463721752166748e-01,1.534274369478225708e-01,1.697869151830673218e-01,-1.615747451782226562e+00,-9.628935456275939941e-01,5.282827019691467285e-01,-1.146294400095939636e-01,-3.468952700495719910e-02
-5.926523208618164062e-01,7.758192718029022217e-02,4.986218214035034180e-01,1.108588337898254395e+00,9.203143715858459473e-01,8.153067827224731445e-01,6.541062593460083008e-01,1.098174095153808594e+00,4.494346380233764648e-01,8.324748873710632324e-01,-1.000453159213066101e-01,6.317417025566101074e-01,1.763453520834445953e-02,2.346984446048736572e-01,1.255725771188735962e-01,5.688002109527587891e-01,4.864734038710594177e-02,-5.704687833786010742e-01,-3.428045511245727539e-01,-2.877328693866729736e-01,-3.897912502288818359e-01,5.342923402786254883e-01,-2.827989403158426285e-03,1.823488324880599976e-01,-4.504750967025756836e-01,-1.361886143684387207e+00,3.698184192180633545e-01,8.230652213096618652e-01,1.393891692161560059e+00,5.723244547843933105e-01,1.309648394584655762e+00,-3.079383969306945801e-01,-4.737180769443511963e-01,-5.279511213302612305e-01,2.779601216316223145e-01,-7.125959396362304688e-01,8.916182070970535278e-02,-3.860818743705749512e-01,4.327591657638549805e-01,2.817012667655944824e-01,-4.468702971935272217e-01,-4.077804684638977051e-01,5.983827635645866394e-02,-2.002999305725097656e+00,4.870484173297882080e-01,7.062934041023254395e-01,3.162311911582946777e-01,-1.275313019752502441e+00,1.898178644478321075e-02,1.012532263994216919e-01,1.532084822654724121e+00,1.208850741386413574e+00,1.173008322715759277e+00
-5.301519632339477539e-01,-6.994718313217163086e-01,-3.009906411170959473e-01,-5.716927647590637207e-01,-7.829908132553100586e-01,-1.484536677598953247e-01,-1.729083061218261719e-01,-2.688583433628082275e-01,-4.007045030593872070e-01,-1.217753291130065918e+00,-4.044293761253356934e-01,-5.618698000907897949e-01,-4.807390570640563965e-01,-5.742811784148216248e-02,-9.280018210411071777e-01,-8.323842883110046387e-01,4.563126564025878906e-01,-1.766925752162933350e-01,-8.011639118194580078e-03,-4.174765646457672119e-01,-8.116465806961059570e-01,-1.426994204521179199e-01,-2.681325674057006836e-01,3.522766530513763428e-01,-5.826435983180999756e-02,3.131159245967864990e-01,-6.964512467384338379e-01,-1.837442964315414429e-01,-1.102202653884887695e+00,-3.899795934557914734e-02,-1.722084730863571167e-01,-7.259058356285095215e-01,-6.259350180625915527e-01,-2.785523831844329834e-01,-6.204432845115661621e-01,-3.281354606151580811e-01,3.049837946891784668e-01,-1.289914488792419434e+00,-6.368142366409301758e-01,-2.025261819362640381e-01,-1.903035789728164673e-01,-1.686694324016571045e-01,1.029733195900917053e-02,-4.675536751747131348e-01,-3.443070948123931885e-01,2.434216886758804321e-01,-4.282366633415222168e-01,-7.842500209808349609e-01,1.865763813257217407e-01,9.126044064760208130e-02,-2.814349532127380371e-01,3.811100721359252930e-01,7.661329507827758789e-01
-1.222238659858703613e+00,-1.994615435600280762e+00,-1.757829189300537109e+00,-1.108536481857299805e+00,-1.483782649040222168e+00,-1.557860732078552246e+00,-1.557505369186401367e+00,-4.418561160564422607e-01,-1.774248480796813965e+00,-1.069348096847534180e+00,-1.028872609138488770e+00,-1.926317811012268066e+00,-1.427830576896667480e+00,-1.539644002914428711e-01,1.072522252798080444e-01,-1.918603181838989258e+00,-1.032602548599243164e+00,-1.119991302490234375e+00,-5.112869739532470703e-01,-6.033678650856018066e-01,-6.462074071168899536e-02,4.469583928585052490e-01,-1.441074848175048828e+00,-9.718195796012878418e-01,-1.276092290878295898e+00,7.425588369369506836e-01,-1.208168268203735352e+00,-1.216250061988830566e+00,-1.227848529815673828e+00,-1.373258590698242188e+00,-1.155198574066162109e+00,-1.487738370895385742e+00,-1.127748608589172363e+00,-4.490525126457214355e-01,-2.343850374221801758e+00,-1.526553869247436523e+00,-2.261100262403488159e-01,-5.203782320022583008e-01,-2.093964099884033203e+00,-9.560999274253845215e-01,-7.593687772750854492e-01,-6.088049411773681641e-01,-7.510242462158203125e-01,2.246763706207275391e-01,-1.219208359718322754e+00,7.806980013847351074e-01,-1.621806502342224121e+00,4.763163626194000244e-01,-9.990874528884887695e-01,-4.409267902374267578e-01,-1.442680478096008301e+00,-7.453438360244035721e-03,1.557485163211822510e-01
-1.198986411094665527e+00,-1.247999429702758789e+00,-1.854228138923645020e+00,-8.995977044105529785e-01,-1.801006913185119629e+00,-1.816494345664978027e+00,-1.593913435935974121e+00,-1.494349002838134766e+00,-1.639096379280090332e+00,-1.584278345108032227e+00,-2.040590047836303711e+00,-1.360245227813720703e+00,-1.437592506408691406e+00,-1.378746390342712402e+00,-5.479825735092163086e-01,-1.513477563858032227e+00,-2.428573608398437500e+00,-1.802687525749206543e+00,-1.492637038230895996e+00,-1.042273402214050293e+00,-8.294855356216430664e-01,7.535077333450317383e-01,-4.102910459041595459e-01,-2.129184961318969727e+00,-1.669672250747680664e+00,-5.137436985969543457e-01,-1.049146056175231934e+00,-3.506404161453247070e-01,-1.681647539138793945e+00,-1.483260750770568848e+00,-1.900885820388793945e+00,-1.740848422050476074e+00,-1.428367257118225098e+00,-1.870167851448059082e+00,-1.623999118804931641e+00,-1.316915631294250488e+00,-1.374814033508300781e+00,-1.954560637474060059e+00,-1.678980350494384766e+00,-1.474306821823120117e+00,-1.741287112236022949e+00,-1.889162302017211914e+00,-2.686047077178955078e+00,-5.614655613899230957e-01,-6.433579325675964355e-01,1.205770015716552734e+00,-1.290442585945129395e+00,-1.646508090198040009e-02,-1.630634188652038574e+00,-7.807466983795166016e-01,4.835598543286323547e-02,-1.897748410701751709e-01,-1.256585717201232910e-01
-9.373701214790344238e-01,-9.638190865516662598e-01,-1.105995774269104004e+00,-8.367691636085510254e-01,-9.444127678871154785e-01,-7.891414314508438110e-02,3.062736988067626953e-01,-5.316888093948364258e-01,1.350848078727722168e-01,-4.656865596771240234e-01,-1.042741894721984863e+00,2.103350460529327393e-01,-6.181174516677856445e-01,-5.067936182022094727e-01,-2.663731575012207031e-01,-1.739270836114883423e-01,-3.273863792419433594e-01,-8.529245853424072266e-01,-6.685228347778320312e-01,-8.827962279319763184e-01,6.638112068176269531e-01,-6.752488017082214355e-02,2.486304491758346558e-01,3.107630610466003418e-01,-4.341889619827270508e-01,-2.693008780479431152e-01,-6.531490087509155273e-01,-2.438356876373291016e-01,-5.489350557327270508e-01,6.626401096582412720e-02,-4.255822896957397461e-01,-6.211048960685729980e-01,-9.906687140464782715e-01,-1.407387733459472656e+00,-6.346799731254577637e-01,-6.165939569473266602e-01,-1.407769322395324707e-01,7.144636511802673340e-01,-2.926361858844757080e-01,-9.491610527038574219e-01,-1.183823704719543457e+00,-6.405947208404541016e-01,-1.565329134464263916e-01,-7.894235849380493164e-01,1.943902820348739624e-01,-5.291667580604553223e-01,-6.542890071868896484e-01,1.466715455055236816e+00,-9.633934497833251953e-02,-8.675433397293090820e-01,-6.308469176292419434e-02,-2.119634747505187988e-01,-7.488143444061279297e-01
-7.495096921920776367e-01,5.689880996942520142e-02,7.652192711830139160e-01,-3.522595465183258057e-01,5.542981028556823730e-01,7.640778422355651855e-01,-9.591905474662780762e-01,1.623510122299194336e+00,-7.687516808509826660e-01,4.891705513000488281e-01,-4.532456994056701660e-01,-9.008565545082092285e-01,-8.550770282745361328e-01,1.869954586029052734e+00,2.573831975460052490e-01,-6.092889904975891113e-01,-2.904286384582519531e-01,-4.012309014797210693e-01,4.732925593852996826e-01,-1.519611120223999023e+00,1.510704904794692993e-01,-1.250360012054443359e+00,-1.918625473976135254e+00,-6.712050437927246094e-01,-9.546476006507873535e-01,1.777638345956802368e-01,-6.504771113395690918e-01,-5.919637680053710938e-01,-5.748339295387268066e-01,-8.557038307189941406e-01,9.353731274604797363e-01,-1.093900680541992188e+00,2.282407581806182861e-01,-3.989425897598266602e-01,-4.901759624481201172e-01,-9.766101837158203125e-01,1.499539375305175781e+00,6.230887770652770996e-01,-6.614742279052734375e-01,-1.553852796554565430e+00,-5.578621625900268555e-01,6.659312248229980469e-01,-4.417825043201446533e-01,1.111704781651496887e-01,-1.757789731025695801e+00,-1.057652711868286133e+00,-7.823885679244995117e-01,1.091864705085754395e-01,-1.028664588928222656e+00,-8.674132227897644043e-01,-7.205919623374938965e-01,-5.677540898323059082e-01,-7.097059488296508789e-01
-1.356068372726440430e+00,-3.023641109466552734e-01,-1.259127497673034668e+00,9.531477838754653931e-02,-6.069104075431823730e-01,-1.094097256660461426e+00,-1.590314984321594238e+00,-7.484927773475646973e-02,-1.794225096702575684e+00,-1.983031868934631348e+00,-6.331467032432556152e-01,-9.293928146362304688e-01,-2.323440015316009521e-01,-9.384552836418151855e-01,-1.460674285888671875e+00,-6.511588096618652344e-01,-1.435406208038330078e+00,5.024587512016296387e-01,-9.872491955757141113e-01,-6.427412033081054688e-01,-2.556421279907226562e+00,6.837299466133117676e-01,-1.298940777778625488e+00,-9.229205250740051270e-01,-4.482213854789733887e-01,6.853759288787841797e-01,-7.587538957595825195e-01,-6.872746944427490234e-01,-1.562815308570861816e+00,-1.952524542808532715e+00,-8.522220849990844727e-01,-1.486233949661254883e+00,-1.598588347434997559e+00,-1.153048157691955566e+00,-9.050637483596801758e-01,-5.632156729698181152e-01,-9.288039803504943848e-01,-4.528122842311859131e-01,-1.128623843193054199e+00,-1.456323981285095215e+00,-9.331367611885070801e-01,-1.015501022338867188e+00,-1.466868400573730469e+00,-8.379151821136474609e-01,-1.417541503906250000e+00,3.278350532054901123e-01,-1.135863900184631348e+00,4.997787177562713623e-01,-7.754905223846435547e-01,-1.034103393554687500e+00,-1.236767530441284180e+00,-2.431962043046951294e-01,-9.900665879249572754e-01
-1.256993532180786133e+00,-8.268086314201354980e-01,-1.124590516090393066e+00,-7.235255837440490723e-01,-9.142378568649291992e-01,-2.174933403730392456e-01,1.058778688311576843e-01,-1.234645843505859375e+00,-1.056609511375427246e+00,-1.288078904151916504e+00,-1.020198822021484375e+00,-2.949213981628417969e-01,-6.660636067390441895e-01,-1.558758854866027832e+00,-9.225758314132690430e-01,-9.031916260719299316e-01,-1.009842634201049805e+00,-6.517512798309326172e-01,-9.070246219635009766e-01,-6.693843007087707520e-01,-8.198222517967224121e-01,9.512602090835571289e-01,7.020269036293029785e-01,6.868488341569900513e-02,-3.691039979457855225e-01,3.341856226325035095e-02,-1.207913756370544434e+00,2.578261494636535645e-01,1.061853691935539246e-01,-2.448191493749618530e-01,-9.062404632568359375e-01,-8.962297439575195312e-01,-1.062075853347778320e+00,-1.138352036476135254e+00,-1.531432420015335083e-01,-4.576192498207092285e-01,-1.500767230987548828e+00,-5.777310132980346680e-01,-7.859234213829040527e-01,-7.280693054199218750e-01,-6.608505249023437500e-01,-3.673117458820343018e-01,-1.183833956718444824e+00,-8.222467899322509766e-01,-2.537365853786468506e-01,9.521339535713195801e-01,-1.389950275421142578e+00,-7.086410522460937500e-01,-3.665140271186828613e-02,-3.836532235145568848e-01,5.447660759091377258e-02,2.704244852066040039e-01,1.513344347476959229e-01
-7.237861752510070801e-01,-4.331008195877075195e-01,-6.062954068183898926e-01,-1.327272295951843262e+00,-1.394822001457214355e+00,3.675383701920509338e-02,3.717316985130310059e-01,3.930170834064483643e-01,-7.052813768386840820e-01,-2.408661842346191406e-01,-4.298884868621826172e-01,-3.623582720756530762e-01,7.732204347848892212e-02,5.007960200309753418e-01,-1.268501281738281250e+00,-6.375039815902709961e-01,4.598427712917327881e-01,-2.227554619312286377e-01,3.503320217132568359e-01,-8.674080967903137207e-01,-3.169799745082855225e-01,-3.349699378013610840e-01,-7.275890111923217773e-01,1.170896768569946289e+00,5.258930325508117676e-01,-2.201360315084457397e-01,-7.033855319023132324e-01,-5.132969841361045837e-02,-7.896493077278137207e-01,6.262687444686889648e-01,2.272112220525741577e-01,-8.920889496803283691e-01,-3.711226284503936768e-01,5.044682323932647705e-02,-3.302253484725952148e-01,3.500390052795410156e-01,2.992984056472778320e-01,-5.858603119850158691e-02,-8.562584966421127319e-02,-2.032677456736564636e-02,1.918708980083465576e-01,4.875659048557281494e-01,7.414228916168212891e-01,-1.128921389579772949e+00,1.003407537937164307e-01,-2.666263878345489502e-01,-6.098167896270751953e-01,-3.612987995147705078e-01,5.468381047248840332e-01,3.031336069107055664e-01,1.626247465610504150e-01,4.274516701698303223e-01,4.105664789676666260e-01
-7.096775174140930176e-01,-1.172309756278991699e+00,-4.200287163257598877e-01,1.168512329459190369e-01,-8.695430159568786621e-01,-7.840920090675354004e-01,-6.952619552612304688e-01,2.947704195976257324e-01,-1.453006386756896973e+00,-7.420789599418640137e-01,-5.601442456245422363e-01,-1.083348512649536133e+00,-7.204427719116210938e-01,4.435085952281951904e-01,-9.631004184484481812e-02,-1.327935218811035156e+00,-3.229118287563323975e-01,-4.350117444992065430e-01,2.290971577167510986e-03,-1.037606120109558105e+00,-4.143652915954589844e-01,4.263578951358795166e-01,-1.540066719055175781e+00,3.920755684375762939e-01,2.435689978301525116e-02,3.981875479221343994e-01,-1.181766986846923828e+00,-7.588598728179931641e-01,-5.523478984832763672e-01,-9.754242897033691406e-01,2.894985675811767578e-01,-1.269318699836730957e+00,-1.088003993034362793e+00,-1.405324488878250122e-01,-1.430644869804382324e+00,-1.726644039154052734e-01,4.456007480621337891e-01,-9.243193268775939941e-01,-1.122877478599548340e+00,-2.724317312240600586e-01,-1.557113602757453918e-02,-7.113491743803024292e-02,-2.857734262943267822e-01,-4.364744722843170166e-01,-1.665755152702331543e+00,7.729094028472900391e-01,-6.510132551193237305e-01,-4.177579879760742188e-01,9.728526324033737183e-02,7.116590142250061035e-01,-5.322461128234863281e-01,1.322732865810394287e-01,4.632357656955718994e-01
-1.151403427124023438e+00,-2.217232227325439453e+00,-1.454901218414306641e+00,-1.324632763862609863e-01,-2.124930381774902344e+00,-1.919125556945800781e+00,-1.476504325866699219e+00,-1.210006356239318848e+00,-2.039329767227172852e+00,-2.142741918563842773e+00,-2.016773939132690430e+00,-1.544886231422424316e+00,-1.236495852470397949e+00,-1.287911057472229004e+00,-1.942236870527267456e-01,-2.243354797363281250e+00,-1.693429112434387207e+00,-9.450086355209350586e-01,-1.268449068069458008e+00,-1.658104419708251953e+00,-7.037836313247680664e-01,4.892038926482200623e-02,-1.281091451644897461e+00,-1.373160600662231445e+00,-6.357967257499694824e-01,1.313753485679626465e+00,-1.796045780181884766e+00,-1.022794127464294434e+00,-1.596846938133239746e+00,-1.130465626716613770e+00,-9.740517139434814453e-01,-1.914776802062988281e+00,-1.106459736824035645e+00,-1.605623841285705566e+00,-1.284919619560241699e+00,-4.679097533226013184e-01,-9.279221892356872559e-01,-4.782168269157409668e-01,-1.948105812072753906e+00,-1.300238132476806641e+00,-1.399176478385925293e+00,-1.264250993728637695e+00,-1.595727324485778809e+00,5.407202243804931641e-01,-1.444242954254150391e+00,2.607175409793853760e-01,-1.697766542434692383e+00,9.753382205963134766e-02,-9.994305968284606934e-01,-9.442089200019836426e-01,-7.229762077331542969e-01,-1.211163520812988281e+00,-8.436314463615417480e-01
-1.225226640701293945e+00,-1.556222438812255859e+00,-1.449188947677612305e+00,-1.232862353324890137e+00,-2.226736307144165039e+00,-1.825399637222290039e+00,-1.266381502151489258e+00,-6.379974484443664551e-01,-1.843278408050537109e+00,-1.265680074691772461e+00,-1.898877620697021484e+00,-1.235363125801086426e+00,-2.285012960433959961e+00,-1.090970635414123535e+00,1.279566526412963867e+00,-2.081793069839477539e+00,-1.356180071830749512e+00,-1.643740296363830566e+00,-1.366663336753845215e+00,-1.742879033088684082e+00,8.507006764411926270e-01,-5.633959174156188965e-01,-1.093073010444641113e+00,-1.168081998825073242e+00,-2.705733537673950195e+00,1.293076872825622559e+00,-1.967961192131042480e+00,-1.713169932365417480e+00,-1.742388844490051270e+00,-9.076969027519226074e-01,-1.227043032646179199e+00,-1.599390983581542969e+00,-1.571779608726501465e+00,-1.879923224449157715e+00,-1.491323232650756836e+00,-2.350082874298095703e+00,-1.223607659339904785e+00,5.958721041679382324e-01,-2.171435832977294922e+00,-1.660081624984741211e+00,-1.863055467605590820e+00,-1.527958989143371582e+00,-1.316516876220703125e+00,7.836658954620361328e-01,-1.084642648696899414e+00,-1.929901093244552612e-01,-2.017178535461425781e+00,1.698768854141235352e+00,-1.607211232185363770e+00,-1.931673884391784668e+00,-1.051497578620910645e+00,-1.331004381179809570e+00,-1.032456994056701660e+00
7.573727965354919434e-01,1.160753965377807617e+00,8.544977903366088867e-01,-2.030661821365356445e+00,-3.864535391330718994e-01,1.534276247024536133e+00,7.743982076644897461e-01,-6.074485182762145996e-01,1.068711280822753906e+00,6.292631626129150391e-01,6.687746047973632812e-01,-4.926477745175361633e-02,-4.048745632171630859e-01,8.305208683013916016e-01,1.750113010406494141e+00,9.270989298820495605e-01,8.910886049270629883e-01,-7.980932593345642090e-01,4.981254041194915771e-01,-1.242370158433914185e-01,1.339102506637573242e+00,-1.336947679519653320e+00,3.228927254676818848e-01,-4.959266483783721924e-01,-1.058870315551757812e+00,1.013337731361389160e+00,-6.933233886957168579e-02,-8.774253726005554199e-02,9.964287877082824707e-01,1.382263779640197754e+00,4.917509853839874268e-02,7.667031288146972656e-01,5.716968178749084473e-01,4.694895148277282715e-01,7.969826459884643555e-01,-2.711723446846008301e-01,6.634021997451782227e-01,1.070258378982543945e+00,9.599114656448364258e-01,8.973178267478942871e-01,-1.210264042019844055e-01,5.775983333587646484e-01,7.944735884666442871e-01,5.768513679504394531e-01,6.870051026344299316e-01,-1.504216432571411133e+00,6.945597529411315918e-01,3.734131753444671631e-01,-1.114757537841796875e+00,-5.894526839256286621e-01,5.131308436393737793e-01,-1.283344775438308716e-01,-4.455271065235137939e-01
1.730598568916320801e+00,2.245383024215698242e+00,2.130262613296508789e+00,2.257252693176269531e+00,2.960803508758544922e+00,2.664933681488037109e+00,3.664599955081939697e-01,2.279361009597778320e+00,1.112999200820922852e+00,2.690026998519897461e+00,1.538453936576843262e+00,5.432471036911010742e-01,1.709218382835388184e+00,2.817465305328369141e+00,1.699802756309509277e+00,9.436255693435668945e-01,1.120499014854431152e+00,1.136120557785034180e+00,1.642615914344787598e+00,5.548888444900512695e-01,1.165145993232727051e+00,-7.361659407615661621e-01,-1.056798815727233887e+00,-8.779827952384948730e-01,-4.567003846168518066e-01,1.207016929984092712e-01,1.085365533828735352e+00,-7.880812138319015503e-02,2.300654649734497070e+00,7.846620082855224609e-01,1.254752516746520996e+00,2.550642728805541992e+00,2.995484828948974609e+00,1.651017546653747559e+00,1.859226584434509277e+00,2.054037094116210938e+00,2.257524728775024414e+00,1.525562286376953125e+00,1.627142906188964844e+00,4.408989846706390381e-01,6.189039945602416992e-01,1.578045368194580078e+00,5.629033446311950684e-01,2.671470403671264648e+00,4.816704094409942627e-01,-5.850681662559509277e-01,1.178816914558410645e+00,7.754914760589599609e-01,-7.525923848152160645e-01,-5.189990401268005371e-01,-1.192849799990653992e-01,-2.508213222026824951e-01,-4.028085470199584961e-01
1.895948171615600586e+00,1.749919176101684570e+00,8.742009997367858887e-01,9.280094504356384277e-01,6.334657222032546997e-02,1.158546566963195801e+00,1.120688557624816895e+00,-5.776576995849609375e-01,1.823678612709045410e+00,8.642715215682983398e-01,4.747675061225891113e-01,1.783246397972106934e+00,1.448740124702453613e+00,-1.090149164199829102e+00,-6.942254900932312012e-01,1.432966351509094238e+00,-6.047164797782897949e-01,2.260292768478393555e-01,-1.680999755859375000e+00,2.046076297760009766e+00,-7.964462041854858398e-01,1.149438738822937012e+00,2.569932222366333008e+00,-7.631567716598510742e-01,-5.525376275181770325e-02,-1.515336513519287109e+00,1.703047871589660645e+00,2.399086236953735352e+00,1.149716258049011230e+00,9.335746765136718750e-01,-9.724091291427612305e-01,2.219080924987792969e+00,6.620675325393676758e-01,1.596373915672302246e+00,1.777142286300659180e+00,1.228431344032287598e+00,-1.115830659866333008e+00,-1.073761820793151855e+00,1.423733711242675781e+00,1.508061289787292480e+00,-2.680201530456542969e-01,-1.806994676589965820e+00,-6.058513522148132324e-01,1.165904179215431213e-01,2.602945327758789062e+00,1.630143165588378906e+00,1.997725605964660645e+00,-8.331739902496337891e-01,-3.794857859611511230e-01,1.748209744691848755e-01,2.419089555740356445e+00,1.290737628936767578e+00,1.745582938194274902e+00
1.862114429473876953e+00,5.933241248130798340e-01,3.262762427330017090e-01,1.030775904655456543e+00,7.394862771034240723e-01,6.788595318794250488e-01,2.040023803710937500e+00,7.197477817535400391e-01,1.478179216384887695e+00,1.538089990615844727e+00,6.935527920722961426e-01,1.402499318122863770e+00,1.144346475601196289e+00,4.614900648593902588e-01,3.261942565441131592e-01,7.394530773162841797e-01,6.117457151412963867e-01,4.909899532794952393e-01,-2.433163374662399292e-01,6.344748139381408691e-01,7.841022312641143799e-02,2.837578952312469482e-01,1.391713500022888184e+00,4.506170377135276794e-02,-1.320154219865798950e-01,-6.408559083938598633e-01,8.218199014663696289e-01,8.163211941719055176e-01,8.113365769386291504e-01,2.132430553436279297e+00,1.438576936721801758e+00,1.544905185699462891e+00,1.260493993759155273e+00,9.126748442649841309e-01,1.812705755233764648e+00,1.230275988578796387e+00,3.320899307727813721e-01,3.242491781711578369e-01,1.252974510192871094e+00,8.680922985076904297e-01,-1.412438414990901947e-02,-8.592224866151809692e-02,2.298939228057861328e-01,-2.075938433408737183e-01,9.003850817680358887e-01,5.735033154487609863e-01,1.517290234565734863e+00,-5.163009166717529297e-01,-4.546919465065002441e-01,-7.731606066226959229e-02,1.265306353569030762e+00,7.900846600532531738e-01,1.490888595581054688e+00
1.784202456474304199e+00,1.070978641510009766e+00,1.134976387023925781e+00,-1.948250532150268555e-01,3.949246704578399658e-01,1.551648378372192383e+00,1.685669541358947754e+00,3.093815222382545471e-02,1.515251755714416504e+00,1.498317837715148926e+00,9.410535693168640137e-01,5.913593173027038574e-01,2.879827618598937988e-01,1.638393759727478027e+00,1.555499672889709473e+00,5.983505249023437500e-01,1.981024384498596191e+00,5.907789468765258789e-01,1.765746831893920898e+00,4.414362907409667969e-01,1.764487504959106445e+00,-1.187639236450195312e+00,1.231950521469116211e+00,5.986312031745910645e-01,2.878859639167785645e-01,6.395031213760375977e-01,1.670274287462234497e-01,-4.321806728839874268e-01,4.717467129230499268e-01,1.632486104965209961e+00,6.061272621154785156e-01,1.702255606651306152e+00,1.491319656372070312e+00,6.858747005462646484e-01,1.115673899650573730e+00,1.090037584304809570e+00,1.536137342453002930e+00,1.673796653747558594e+00,9.699155688285827637e-01,1.049364686012268066e+00,4.063241183757781982e-01,1.837191581726074219e+00,1.669544816017150879e+00,1.243019938468933105e+00,1.883831739425659180e+00,-7.703210115432739258e-01,8.238461017608642578e-01,-4.316240549087524414e-01,-7.667696475982666016e-02,-9.578118100762367249e-03,7.892089486122131348e-01,-4.279061555862426758e-01,8.988930284976959229e-02
1.510477066040039062e+00,7.225632667541503906e-01,9.307341277599334717e-02,1.146601319313049316e+00,1.259879112243652344e+00,1.968875378370285034e-01,2.727584727108478546e-02,3.305180370807647705e-01,4.701516926288604736e-01,1.270673990249633789e+00,5.669530630111694336e-01,-1.242928281426429749e-01,1.073727309703826904e-01,1.454003810882568359e+00,8.500982522964477539e-01,-2.375274896621704102e-01,5.757324695587158203e-01,6.912352442741394043e-01,7.420340776443481445e-01,-3.211671113967895508e-01,1.958570003509521484e+00,-1.047471642494201660e+00,-4.517070353031158447e-01,8.763920515775680542e-02,-6.590990815311670303e-03,1.257534623146057129e+00,-1.043855175375938416e-01,-1.298269271850585938e+00,4.126029014587402344e-01,-2.811905443668365479e-01,3.173486888408660889e-01,9.731324315071105957e-01,2.229681968688964844e+00,6.047161817550659180e-01,3.915369510650634766e-01,1.502237200736999512e+00,1.762496590614318848e+00,1.352341175079345703e+00,6.467854976654052734e-01,-3.742245137691497803e-01,5.715785026550292969e-01,7.297453284263610840e-01,5.878459811210632324e-01,2.822304725646972656e+00,-7.980728745460510254e-01,-6.541224122047424316e-01,1.938286870718002319e-01,8.702453970909118652e-01,-8.102096915245056152e-01,-2.279396951198577881e-01,-9.427095055580139160e-01,-1.331736564636230469e+00,-1.037760496139526367e+00
-2.754103243350982666e-01,5.889527797698974609e-01,4.813353419303894043e-01,4.568355083465576172e-01,2.395792007446289062e-01,9.460721015930175781e-01,-2.184285409748554230e-02,-4.519217610359191895e-01,1.559903174638748169e-01,3.171970248222351074e-01,-8.994901776313781738e-01,-1.939307749271392822e-01,-7.241765856742858887e-01,-5.631340146064758301e-01,6.387476921081542969e-01,1.065585762262344360e-01,-4.591305553913116455e-01,-9.623891115188598633e-01,2.772724926471710205e-01,-8.205823302268981934e-01,1.038632273674011230e+00,-1.197624444961547852e+00,4.562856853008270264e-01,-7.325819730758666992e-01,-1.263981938362121582e+00,7.063314318656921387e-01,-7.351093888282775879e-01,-3.982016444206237793e-01,9.958841800689697266e-01,1.660602688789367676e-01,1.371468901634216309e-01,6.285672783851623535e-01,9.821915030479431152e-01,-4.888878166675567627e-01,8.422595858573913574e-01,-3.627541959285736084e-01,-1.428270936012268066e-01,9.770865440368652344e-01,1.634804755449295044e-01,-6.047844290733337402e-01,-1.103547453880310059e+00,5.586616992950439453e-01,-4.820139408111572266e-01,1.002970933914184570e+00,3.952892422676086426e-01,-5.751246809959411621e-01,-3.884051144123077393e-01,9.504954218864440918e-01,-3.527405560016632080e-01,-1.096922159194946289e+00,9.364650398492813110e-02,-1.039017438888549805e+00,-1.993803530931472778e-01
5.510902404785156250e-02,1.161968231201171875e+00,1.351811408996582031e+00,-3.812821954488754272e-02,3.893049359321594238e-01,9.735022783279418945e-01,-6.150673329830169678e-02,1.011103272438049316e+00,4.992551505565643311e-01,1.426844000816345215e+00,7.678133845329284668e-01,1.428461968898773193e-01,-1.232348158955574036e-01,1.077864885330200195e+00,4.299234747886657715e-01,6.230809688568115234e-01,3.707230687141418457e-01,3.206156492233276367e-01,9.010930061340332031e-01,-6.605965495109558105e-01,8.695074319839477539e-01,-3.275746107101440430e-01,4.649655148386955261e-02,8.732054233551025391e-01,6.762271523475646973e-01,-3.087763674557209015e-02,1.413896232843399048e-01,-7.367358356714248657e-02,9.616468548774719238e-01,4.343807399272918701e-01,1.181805491447448730e+00,4.898207485675811768e-01,7.860647439956665039e-01,8.363729715347290039e-01,1.410550624132156372e-01,-1.940574795007705688e-01,9.869230985641479492e-01,8.276641964912414551e-01,9.172244071960449219e-01,5.181672051548957825e-02,4.733569920063018799e-01,8.664259314537048340e-01,5.529801845550537109e-01,1.104073047637939453e+00,-1.265638768672943115e-01,-1.222783848643302917e-01,2.275359630584716797e-01,4.696665406227111816e-01,1.236988455057144165e-01,7.300103306770324707e-01,-1.750001609325408936e-01,5.827316641807556152e-01,7.407281994819641113e-01
-4.328518509864807129e-01,-3.954583704471588135e-01,-4.753135442733764648e-01,1.184994578361511230e-01,1.733466237783432007e-01,1.417618840932846069e-01,-8.785625100135803223e-01,2.894769906997680664e-01,-1.114978075027465820e+00,-5.296379923820495605e-01,4.052730798721313477e-01,-1.301933407783508301e+00,-6.975538283586502075e-02,-1.457647234201431274e-01,-4.584354758262634277e-01,-2.440027743577957153e-01,-4.240772128105163574e-01,4.646950960159301758e-02,-7.397593259811401367e-01,-4.626744687557220459e-01,-5.053051114082336426e-01,4.086649119853973389e-01,-1.046111226081848145e+00,-7.254289090633392334e-02,1.124210432171821594e-01,6.261857748031616211e-01,-9.646514803171157837e-02,-2.914283275604248047e-01,2.914712131023406982e-01,-5.267100930213928223e-01,8.506358414888381958e-02,7.626219186931848526e-03,2.761013209819793701e-01,-2.422542423009872437e-01,-3.246505558490753174e-01,6.852397322654724121e-01,-1.617437042295932770e-02,-6.329244375228881836e-02,5.722692012786865234e-01,-1.039115265011787415e-01,-4.980166908353567123e-03,-6.585642099380493164e-01,-2.605464458465576172e-01,4.269829988479614258e-01,-7.811126112937927246e-01,6.202573180198669434e-01,1.279808133840560913e-01,2.479520142078399658e-01,-4.011495970189571381e-03,4.284215569496154785e-01,-3.553984463214874268e-01,4.273506700992584229e-01,3.618403673171997070e-01
-8.483824133872985840e-01,-1.493889689445495605e+00,-1.250619053840637207e+00,-1.341460943222045898e-01,-1.392053604125976562e+00,-1.832254648208618164e+00,-1.314089059829711914e+00,-1.271855592727661133e+00,-1.164690852165222168e+00,-1.063532352447509766e+00,-1.298117265105247498e-02,-7.739292979240417480e-01,-4.949816167354583740e-01,-1.500311493873596191e+00,-1.245476722717285156e+00,-4.096162617206573486e-01,-1.559238553047180176e+00,3.453882634639739990e-01,-1.178462862968444824e+00,-1.334317475557327271e-01,-1.323790669441223145e+00,1.275864005088806152e+00,4.989993199706077576e-02,-1.241967678070068359e+00,-1.774889975786209106e-01,5.710057020187377930e-01,-1.684270054101943970e-01,-1.680266410112380981e-01,-1.298453211784362793e+00,-1.230049252510070801e+00,-1.926176548004150391e+00,-9.741750359535217285e-01,-1.876969814300537109e+00,-4.269872903823852539e-01,-9.282110929489135742e-01,-1.082369089126586914e+00,-2.122600555419921875e+00,-4.610673785209655762e-01,-1.004612445831298828e+00,-1.826231479644775391e-01,-8.957623243331909180e-01,-1.535521507263183594e+00,-1.550017952919006348e+00,-1.355471849441528320e+00,-2.588246464729309082e-01,1.433788061141967773e+00,5.941500514745712280e-02,1.577011048793792725e-01,-1.417993187904357910e+00,-5.452371835708618164e-01,6.430262327194213867e-01,4.063285291194915771e-01,6.223709583282470703e-01
-3.739460706710815430e-01,-3.723062276840209961e-01,-8.149316310882568359e-01,6.909528970718383789e-01,-5.255904197692871094e-01,-6.030974984169006348e-01,1.104742381721735001e-02,-9.834988713264465332e-01,-2.617831826210021973e-01,-1.159385800361633301e+00,-9.002006649971008301e-01,3.201994001865386963e-01,-5.880128145217895508e-01,-1.440761208534240723e+00,-1.382020235061645508e+00,-3.317940235137939453e-01,-8.998054862022399902e-01,-7.176656723022460938e-01,-9.883283972740173340e-01,-3.200225532054901123e-01,-1.006340503692626953e+00,1.169336915016174316e+00,9.710164666175842285e-01,-1.663590371608734131e-01,-2.986696958541870117e-01,-9.973762631416320801e-01,-3.992732763290405273e-01,8.061149120330810547e-01,-6.677309870719909668e-01,9.320487827062606812e-02,-5.947588086128234863e-01,-7.391921877861022949e-01,-1.571553826332092285e+00,-1.780657768249511719e-01,-4.302552640438079834e-01,-8.744246363639831543e-01,-1.405142426490783691e+00,-7.026196122169494629e-01,-5.680661797523498535e-01,4.648011550307273865e-02,-5.195603370666503906e-01,-8.650677204132080078e-01,-6.130355000495910645e-01,-1.547524809837341309e+00,7.761550545692443848e-01,1.124190926551818848e+00,-3.051101565361022949e-01,-1.688349097967147827e-01,4.073528349399566650e-01,5.837773680686950684e-01,8.402691036462783813e-02,5.769799947738647461e-01,6.801249980926513672e-01
-8.774983286857604980e-01,-4.761265814304351807e-01,-4.728568792343139648e-01,-9.305336475372314453e-01,-7.120797038078308105e-01,2.658047974109649658e-01,8.352195024490356445e-01,1.276956051588058472e-01,-4.351790547370910645e-01,1.995769441127777100e-01,-6.025809645652770996e-01,1.452119499444961548e-01,-4.372645169496536255e-02,1.107727527618408203e+00,3.124591112136840820e-01,-4.001594185829162598e-01,5.765994787216186523e-01,-2.517819702625274658e-01,1.347702622413635254e+00,-1.626908421516418457e+00,5.940840244293212891e-01,-7.738655209541320801e-01,-1.412501096725463867e+00,9.047408699989318848e-01,-1.743678450584411621e-01,-2.396223247051239014e-01,-1.332879543304443359e+00,-1.189266204833984375e+00,-4.139946699142456055e-01,4.458625018596649170e-01,3.819198310375213623e-01,-8.756895661354064941e-01,-2.017255425453186035e-01,-3.559069633483886719e-01,-2.764448523521423340e-01,-2.623088285326957703e-02,9.413580298423767090e-01,1.825937181711196899e-01,-4.112186133861541748e-01,-5.601581931114196777e-01,4.372438192367553711e-01,1.169578671455383301e+00,6.276807785034179688e-01,-2.922310829162597656e-01,-9.855195879936218262e-01,-4.772610962390899658e-01,-1.058087944984436035e+00,-4.837420582771301270e-01,3.711224794387817383e-01,-4.510171338915824890e-02,-9.284245967864990234e-01,-2.804129123687744141e-01,7.897301763296127319e-02
-1.690317153930664062e+00,-6.513056755065917969e-01,-5.950906276702880859e-01,-6.586453914642333984e-01,-6.400197744369506836e-01,3.924897611141204834e-01,-9.224599003791809082e-01,-6.427087187767028809e-01,-1.554693579673767090e+00,-1.290691733360290527e+00,-1.607741117477416992e+00,-2.295652151107788086e+00,-1.657799363136291504e+00,5.743192136287689209e-02,-1.673931926488876343e-01,-1.896305561065673828e+00,-4.086252748966217041e-01,-1.572685837745666504e+00,-6.278425455093383789e-01,-2.536538600921630859e+00,2.052093982696533203e+00,-1.514368176460266113e+00,-2.141314268112182617e+00,-7.860620506107807159e-03,-1.810039162635803223e+00,1.737027406692504883e+00,-2.528197050094604492e+00,-2.635275125503540039e+00,8.695485442876815796e-02,-1.371995329856872559e+00,-1.522054225206375122e-01,-1.483701825141906738e+00,-1.144703030586242676e+00,-1.274308681488037109e+00,-1.684824466705322266e+00,-8.240395188331604004e-01,-1.688169687986373901e-01,9.218780398368835449e-01,-8.739243745803833008e-01,-2.082825660705566406e+00,-8.392555117607116699e-01,-6.942258477210998535e-01,-3.253088891506195068e-02,1.077965617179870605e+00,-2.586260557174682617e+00,-1.167681336402893066e+00,-1.908899903297424316e+00,2.000676155090332031e+00,1.509199142456054688e-01,-1.611701250076293945e+00,-2.255226135253906250e+00,-1.381178736686706543e+00,-1.013768553733825684e+00
-9.838522076606750488e-01,-3.345828056335449219e-01,3.694974631071090698e-02,-6.058098673820495605e-01,-5.382555723190307617e-01,2.240627259016036987e-01,-1.625100255012512207e+00,2.699853852391242981e-02,-1.649353861808776855e+00,-3.367301225662231445e-01,-4.604393839836120605e-01,-2.522616624832153320e+00,-2.461880207061767578e+00,5.102849602699279785e-01,1.153805255889892578e+00,-2.053175449371337891e+00,5.381863564252853394e-02,-9.122808575630187988e-01,-1.854902654886245728e-01,-2.303707122802734375e+00,2.077395677566528320e+00,-2.483253002166748047e+00,-2.156690835952758789e+00,-4.090879857540130615e-01,-1.957354187965393066e+00,3.071892261505126953e+00,-2.023446083068847656e+00,-2.793385982513427734e+00,-4.018802642822265625e-01,-1.426564931869506836e+00,-2.480130493640899658e-01,-1.067923903465270996e+00,1.064672023057937622e-01,-1.195564508438110352e+00,-1.296442389488220215e+00,-1.297970414161682129e+00,9.162015914916992188e-01,1.363812685012817383e+00,-1.575415015220642090e+00,-1.791311860084533691e+00,-1.344756364822387695e+00,1.726551502943038940e-01,-2.994383275508880615e-01,2.043046951293945312e+00,-2.211685895919799805e+00,-1.925055146217346191e+00,-1.932269454002380371e+00,9.909417629241943359e-01,-1.228134870529174805e+00,-2.201397895812988281e+00,-2.195795297622680664e+00,-2.540764093399047852e+00,-2.016658782958984375e+00
1.352339029312133789e+00,2.625086307525634766e+00,1.407525658607482910e+00,3.568699657917022705e-01,1.258079767227172852e+00,1.617995023727416992e+00,-8.235169574618339539e-03,9.161260128021240234e-01,5.052185654640197754e-01,1.434187293052673340e+00,1.215538024902343750e+00,9.650177508592605591e-02,-3.244664669036865234e-01,7.130138278007507324e-01,1.607114195823669434e+00,6.833797097206115723e-01,4.693647623062133789e-01,6.646693497896194458e-02,1.004998162388801575e-01,-1.226854845881462097e-01,6.867342591285705566e-01,-1.005674123764038086e+00,3.364327847957611084e-01,-2.086679637432098389e-01,-9.328675866127014160e-01,1.518663644790649414e+00,-5.930199846625328064e-02,-6.947174072265625000e-01,1.662997961044311523e+00,6.733464598655700684e-01,1.744697839021682739e-01,8.569070100784301758e-01,1.374930381774902344e+00,5.330182909965515137e-01,2.481072098016738892e-01,2.966839373111724854e-01,7.449921369552612305e-01,2.104974508285522461e+00,6.729230880737304688e-01,-4.450173079967498779e-01,-3.410904407501220703e-01,1.072090342640876770e-01,2.509450912475585938e-01,1.740211129188537598e+00,6.408646106719970703e-01,-8.163303732872009277e-01,1.604418754577636719e-01,1.861658453941345215e+00,-1.064277887344360352e+00,-6.659800410270690918e-01,-4.087809622287750244e-01,-9.367497563362121582e-01,-7.963560819625854492e-01
2.584575176239013672e+00,2.421574115753173828e+00,2.455080986022949219e+00,1.376546263694763184e+00,2.066310882568359375e+00,3.308447122573852539e+00,2.637622833251953125e+00,1.478333234786987305e+00,3.186561107635498047e+00,2.845902204513549805e+00,2.307081460952758789e+00,2.035878896713256836e+00,1.174055218696594238e+00,1.564079523086547852e+00,2.590027809143066406e+00,2.091935873031616211e+00,2.243196725845336914e+00,7.106071114540100098e-01,2.057187080383300781e+00,1.405459046363830566e+00,1.430693268775939941e+00,-5.079826712608337402e-01,1.805150866508483887e+00,1.096980094909667969e+00,1.024835228919982910e+00,2.633888721466064453e-01,1.691267967224121094e+00,1.073637008666992188e+00,4.130918025970458984e+00,3.032310247421264648e+00,2.328661918640136719e+00,2.760735988616943359e+00,2.877808809280395508e+00,2.136873483657836914e+00,2.562556982040405273e+00,1.895816445350646973e+00,1.882961630821228027e+00,1.971116065979003906e+00,2.636385202407836914e+00,1.555971503257751465e+00,1.054589748382568359e+00,1.846179842948913574e+00,1.656673073768615723e+00,1.055380344390869141e+00,1.938046455383300781e+00,-3.621503114700317383e-01,2.126204967498779297e+00,8.743771314620971680e-01,6.033797264099121094e-01,1.339968919754028320e+00,1.022927761077880859e+00,5.067833065986633301e-01,3.177661597728729248e-01
2.840911865234375000e+00,1.093240380287170410e+00,1.411090850830078125e+00,1.862104654312133789e+00,1.755052328109741211e+00,1.051100492477416992e+00,1.142299652099609375e+00,2.588739097118377686e-01,1.571089506149291992e+00,1.729080319404602051e+00,2.485694646835327148e+00,1.334637880325317383e+00,2.402876377105712891e+00,7.405754923820495605e-01,-6.918180584907531738e-01,1.878388762474060059e+00,9.026852846145629883e-01,1.883448719978332520e+00,5.244945883750915527e-01,1.816398859024047852e+00,1.692188531160354614e-01,1.090542078018188477e+00,1.143988966941833496e+00,2.295125573873519897e-01,1.768384099006652832e+00,1.594678461551666260e-01,2.079450607299804688e+00,1.223245263099670410e+00,1.140228033065795898e+00,1.368780851364135742e+00,4.793531298637390137e-01,3.116040468215942383e+00,1.549147486686706543e+00,2.339222192764282227e+00,2.920384883880615234e+00,2.927823543548583984e+00,2.239519655704498291e-01,-4.097246825695037842e-01,2.231514930725097656e+00,1.709448575973510742e+00,1.297226786613464355e+00,4.630613923072814941e-01,8.988612890243530273e-01,8.331077098846435547e-01,1.607843875885009766e+00,1.424104452133178711e+00,2.518016338348388672e+00,-3.045111596584320068e-01,2.888738512992858887e-01,1.446401476860046387e+00,1.977434754371643066e+00,1.522561788558959961e+00,1.468375921249389648e+00
2.117350339889526367e+00,1.574810892343521118e-01,-6.779779195785522461e-01,-3.918400406837463379e-01,-1.008181571960449219e+00,-4.794524013996124268e-01,1.043235659599304199e+00,-1.196386933326721191e+00,1.105595469474792480e+00,5.835173726081848145e-01,3.379545509815216064e-01,8.176566958427429199e-01,5.232328772544860840e-01,-1.304740190505981445e+00,-1.637307703495025635e-01,2.428229600191116333e-01,9.760434180498123169e-02,6.281255483627319336e-01,-9.557490348815917969e-01,2.095610857009887695e+00,-9.910336732864379883e-01,1.631603598594665527e+00,2.581464529037475586e+00,-4.466919004917144775e-01,4.399465024471282959e-01,-1.646748781204223633e-01,1.424721837043762207e+00,1.496263027191162109e+00,-6.832581758499145508e-01,1.354947805404663086e+00,-1.949335336685180664e+00,1.292197346687316895e+00,-2.101237177848815918e-01,9.972581863403320312e-01,6.025767326354980469e-01,4.740005135536193848e-01,-1.778280258178710938e+00,-8.193738460540771484e-01,-8.165267296135425568e-03,1.906532168388366699e+00,-1.165470331907272339e-01,-1.235294938087463379e+00,-1.949907541275024414e-01,-1.379140019416809082e-01,2.527856349945068359e+00,1.984788298606872559e+00,1.390757322311401367e+00,-2.242421060800552368e-01,-8.168166875839233398e-01,6.984545588493347168e-01,1.786271214485168457e+00,1.136896848678588867e+00,1.519152045249938965e+00
2.399545431137084961e+00,5.694839358329772949e-01,-2.052009105682373047e-01,1.042958855628967285e+00,9.729405641555786133e-01,1.253108859062194824e+00,2.277745008468627930e+00,6.681334376335144043e-01,2.137786149978637695e+00,1.910262107849121094e+00,1.009926319122314453e+00,1.673728585243225098e+00,8.602054715156555176e-01,8.973010182380676270e-01,1.989614725112915039e+00,7.103600502014160156e-01,1.391899228096008301e+00,2.022367268800735474e-01,7.207851409912109375e-01,8.019003868103027344e-01,1.970270395278930664e+00,5.533745288848876953e-01,1.915148615837097168e+00,-1.718335747718811035e-01,2.784629762172698975e-01,-1.791232377290725708e-01,8.395797610282897949e-01,8.397170901298522949e-01,9.533447027206420898e-01,2.273038387298583984e+00,1.032952666282653809e+00,1.597871661186218262e+00,1.129757881164550781e+00,7.863752841949462891e-01,8.799715042114257812e-01,9.300884008407592773e-01,5.687372684478759766e-01,1.511206507682800293e+00,9.953745603561401367e-01,1.147396683692932129e+00,-6.974088493734598160e-03,5.103246569633483887e-01,1.233382463455200195e+00,8.453340828418731689e-02,1.783099651336669922e+00,4.852567315101623535e-01,1.313812136650085449e+00,1.708722114562988281e-01,-2.049035131931304932e-01,2.636259198188781738e-01,8.967584371566772461e-01,1.028928041458129883e+00,1.091737866401672363e+00
1.822282195091247559e+00,1.111494898796081543e+00,7.230566143989562988e-01,4.632382392883300781e-01,1.028598070144653320e+00,1.463482022285461426e+00,1.230185031890869141e+00,3.215151131153106689e-01,1.064322948455810547e+00,9.758651852607727051e-01,1.311468482017517090e+00,4.297171235084533691e-01,-9.418281912803649902e-02,1.405653953552246094e+00,1.161741256713867188e+00,1.238625720143318176e-01,1.024752616882324219e+00,3.816296756267547607e-01,7.853948473930358887e-01,1.878371089696884155e-01,1.626181721687316895e+00,-1.234275698661804199e+00,3.413175046443939209e-01,1.763733103871345520e-02,3.542721271514892578e-01,1.959357380867004395e+00,-1.867382079362869263e-01,-3.312956094741821289e-01,9.901840090751647949e-01,8.216462731361389160e-01,5.033444166183471680e-01,9.955046176910400391e-01,1.427486777305603027e+00,2.011556625366210938e-01,-6.526935100555419922e-02,4.865764975547790527e-01,1.645242691040039062e+00,2.439738988876342773e+00,5.096834301948547363e-01,-5.198357105255126953e-01,-5.003352090716362000e-02,1.258747100830078125e+00,9.553694128990173340e-01,1.800226092338562012e+00,-5.883893743157386780e-02,-1.089324116706848145e+00,-1.107355114072561264e-02,1.866532683372497559e+00,-5.606635212898254395e-01,-5.160475373268127441e-01,-6.385776996612548828e-01,-1.055302858352661133e+00,-8.053935170173645020e-01
-8.155147545039653778e-03,-1.063804328441619873e-01,-9.181312918663024902e-01,2.718076407909393311e-01,1.942199170589447021e-01,-1.554096579551696777e+00,-1.721593856811523438e+00,-9.906402230262756348e-01,-6.968410611152648926e-01,-8.479834198951721191e-01,-5.713492035865783691e-01,-1.354759812355041504e+00,-9.443653821945190430e-01,-7.350760698318481445e-01,-1.825145632028579712e-01,-9.873794317245483398e-01,-5.187088251113891602e-01,5.522541999816894531e-01,-4.305403828620910645e-01,-2.166040390729904175e-01,-4.146004095673561096e-03,-4.157710075378417969e-01,3.655696511268615723e-01,-2.900630831718444824e-01,3.882306069135665894e-02,1.232083559036254883e+00,-8.451144695281982422e-01,-9.040715694427490234e-01,-1.786683201789855957e+00,-1.653998851776123047e+00,-1.317596673965454102e+00,-3.738634884357452393e-01,-7.294335365295410156e-01,-3.047864139080047607e-01,-5.552078485488891602e-01,-6.633942127227783203e-01,-6.559717059135437012e-01,2.590339183807373047e-01,-1.061079740524291992e+00,-1.459687501192092896e-01,-1.756598502397537231e-01,-4.668408930301666260e-01,-5.667723417282104492e-01,8.289849162101745605e-01,-4.566939473152160645e-01,-3.520359396934509277e-01,-1.677055507898330688e-01,6.910716295242309570e-01,-8.117410540580749512e-01,-4.024191796779632568e-01,-4.833637475967407227e-01,-7.610284090042114258e-01,-8.464758396148681641e-01
2.827791571617126465e-01,8.317264318466186523e-01,6.351361870765686035e-01,1.062247753143310547e+00,7.239559292793273926e-01,7.219685316085815430e-01,6.283726096153259277e-01,1.595374345779418945e-01,1.370770931243896484e-01,1.950360685586929321e-01,2.315148413181304932e-01,1.154121637344360352e+00,4.106957316398620605e-01,-4.073212742805480957e-01,1.650074958801269531e+00,3.271296322345733643e-01,1.812059283256530762e+00,2.555259943008422852e+00,1.344199895858764648e+00,1.048161625862121582e+00,-8.167678117752075195e-01,-9.532187879085540771e-02,6.290011405944824219e-01,2.412032842636108398e+00,1.441164731979370117e+00,-1.310946822166442871e+00,3.769859969615936279e-01,5.361433029174804688e-01,2.323637008666992188e-01,7.452137470245361328e-01,2.664635516703128815e-02,9.553180336952209473e-01,4.430941045284271240e-01,5.720114111900329590e-01,1.470347046852111816e+00,1.182002305984497070e+00,-4.708948135375976562e-01,1.628856778144836426e+00,1.139558315277099609e+00,1.936790585517883301e+00,2.841968774795532227e+00,1.314476013183593750e+00,2.229858875274658203e+00,-7.946766018867492676e-01,1.072538614273071289e+00,1.818420737981796265e-01,7.847266793251037598e-01,-1.263041615486145020e+00,2.564998388290405273e+00,2.182379961013793945e+00,5.203971266746520996e-01,1.609154939651489258e-01,6.442368030548095703e-01
2.566063106060028076e-01,3.695740997791290283e-01,6.719660758972167969e-01,2.734558582305908203e-01,4.469279646873474121e-01,1.137675523757934570e+00,1.078182220458984375e+00,3.922386467456817627e-01,7.029929161071777344e-01,5.924094319343566895e-01,8.576602935791015625e-01,9.131705760955810547e-01,1.129905939102172852e+00,9.854322671890258789e-01,8.550238609313964844e-01,1.342211842536926270e+00,1.852314829826354980e+00,2.184776067733764648e+00,1.265108585357666016e+00,2.471132576465606689e-01,1.911741197109222412e-01,-1.593388915061950684e-01,-1.458312124013900757e-01,2.984427690505981445e+00,2.420033216476440430e+00,-7.543916106224060059e-01,6.295575499534606934e-01,1.985512524843215942e-01,8.314263820648193359e-01,1.065139651298522949e+00,7.538043856620788574e-01,4.037874639034271240e-01,5.967897176742553711e-01,5.530903339385986328e-01,1.403664112091064453e+00,1.314746141433715820e+00,4.489308595657348633e-01,6.399966478347778320e-01,1.026152968406677246e+00,1.637649416923522949e+00,2.759392738342285156e+00,1.227661371231079102e+00,2.147248268127441406e+00,-7.063332200050354004e-01,-7.433507591485977173e-02,5.739770457148551941e-02,9.208375811576843262e-01,-1.772326231002807617e+00,3.170114278793334961e+00,2.377649784088134766e+00,6.097396016120910645e-01,6.762834191322326660e-01,6.738653779029846191e-01
-6.432007253170013428e-02,-7.184954881668090820e-01,-1.038727283477783203e+00,6.430102586746215820e-01,4.814768731594085693e-01,-4.991605281829833984e-01,-6.774409413337707520e-01,-1.522031147032976151e-02,-2.574486434459686279e-01,-5.738456249237060547e-01,8.448419570922851562e-01,-4.350638985633850098e-01,4.280873537063598633e-01,1.474457383155822754e-01,4.797620773315429688e-01,-6.658196449279785156e-02,6.680106520652770996e-01,1.973374605178833008e+00,1.012255191802978516e+00,8.081065416336059570e-01,-2.645373642444610596e-01,4.802657365798950195e-01,-3.408277928829193115e-01,4.313270151615142822e-01,6.060904860496520996e-01,-6.343092322349548340e-01,5.608932375907897949e-01,-1.334352344274520874e-01,-2.312502861022949219e-01,-7.648503184318542480e-01,-3.812954425811767578e-01,-2.750652134418487549e-01,-6.592794060707092285e-01,1.254011988639831543e-01,3.321138024330139160e-02,5.652111172676086426e-01,8.492753654718399048e-02,-2.345051914453506470e-01,-5.091361403465270996e-01,5.703812241554260254e-01,1.493651270866394043e+00,6.804518699645996094e-01,5.379607677459716797e-01,-4.022673666477203369e-01,-3.160400390625000000e-01,3.865290284156799316e-01,9.949579834938049316e-02,-9.777468442916870117e-01,4.709715247154235840e-01,3.614072799682617188e-01,-7.229865193367004395e-01,4.507310390472412109e-01,-1.925214082002639771e-01
-4.423774182796478271e-01,-7.187787890434265137e-01,-6.507149934768676758e-01,-9.695032835006713867e-01,-1.322775840759277344e+00,-1.305704712867736816e+00,-9.865269064903259277e-01,-2.087362289428710938e+00,-7.820784449577331543e-01,-1.089302659034729004e+00,-2.049012184143066406e-01,-6.454162597656250000e-01,-7.037709355354309082e-01,-1.634655237197875977e+00,-7.079319357872009277e-01,-3.480279445648193359e-01,-6.805208325386047363e-01,4.981735944747924805e-01,-4.929051101207733154e-01,9.869905114173889160e-01,-7.945278882980346680e-01,5.881175398826599121e-01,9.177008867263793945e-01,-8.192501664161682129e-01,-7.651502639055252075e-02,-1.071746110916137695e+00,4.961413443088531494e-01,8.820888400077819824e-01,-1.882702708244323730e+00,-1.229173660278320312e+00,-2.047477245330810547e+00,-7.723930478096008301e-01,-1.075869560241699219e+00,-2.672811448574066162e-01,-1.017000913619995117e+00,-1.476992368698120117e+00,-1.788397192955017090e+00,-6.913090944290161133e-01,-9.340803027153015137e-01,3.461642861366271973e-01,-8.613741397857666016e-02,-6.883877515792846680e-01,-5.153155922889709473e-01,-4.137209951877593994e-01,7.298550605773925781e-01,3.013612329959869385e-01,-6.454230844974517822e-02,-7.856637239456176758e-01,-2.389767169952392578e-01,1.306624431163072586e-02,2.455369383096694946e-01,4.424241781234741211e-01,-2.800752520561218262e-01
2.262547910213470459e-01,-3.528373837471008301e-01,-7.311455607414245605e-01,-7.907571196556091309e-01,-4.277018308639526367e-01,-2.352837175130844116e-01,1.544018685817718506e-01,2.798242568969726562e-01,7.489904016256332397e-02,6.464362740516662598e-01,1.145214676856994629e+00,-2.249541580677032471e-01,2.098149955272674561e-01,1.207169413566589355e+00,6.213254928588867188e-01,2.025994062423706055e-01,1.744956254959106445e+00,1.823915243148803711e+00,1.789021611213684082e+00,8.974976539611816406e-01,1.765504777431488037e-01,2.108724229037761688e-02,-1.929153949022293091e-01,2.253957986831665039e+00,1.427676677703857422e+00,-1.711833357810974121e+00,6.205556988716125488e-01,4.539435803890228271e-01,-8.468204736709594727e-01,1.605695337057113647e-01,3.573885560035705566e-01,-1.767584830522537231e-01,5.371897816658020020e-01,3.671080172061920166e-01,-2.348317056894302368e-01,-9.827589988708496094e-02,1.012470126152038574e+00,1.462541699409484863e+00,-1.370363831520080566e-01,8.391183614730834961e-01,1.697272419929504395e+00,1.518522620201110840e+00,1.948291182518005371e+00,4.188360273838043213e-01,-6.323264837265014648e-01,-5.500193238258361816e-01,4.117628335952758789e-01,-1.981226563453674316e+00,2.348513126373291016e+00,1.369410634040832520e+00,-6.909384131431579590e-01,1.196670770645141602e+00,1.368982940912246704e-01
-8.977402001619338989e-02,-5.788945555686950684e-01,-3.775065541267395020e-01,7.532340288162231445e-01,2.810350954532623291e-01,-4.621312916278839111e-01,-6.555981040000915527e-01,-9.219068288803100586e-01,2.662792801856994629e-01,1.268282383680343628e-01,-1.098145022988319397e-01,-4.392234385013580322e-01,4.580660760402679443e-01,-7.247352600097656250e-02,-2.087995857000350952e-01,-1.048848852515220642e-01,6.056764125823974609e-01,4.680210649967193604e-01,6.066233515739440918e-01,1.084965944290161133e+00,5.981409549713134766e-01,3.691887855529785156e-01,3.584323525428771973e-01,6.963363289833068848e-01,6.347761750221252441e-01,-5.411690473556518555e-01,6.154026985168457031e-01,6.035439968109130859e-01,-2.550191581249237061e-01,-1.517168283462524414e+00,-3.962920978665351868e-02,1.021198406815528870e-01,-2.336363494396209717e-01,2.849670052528381348e-01,-7.091652750968933105e-01,3.088770508766174316e-01,-1.439210120588541031e-02,4.259278476238250732e-01,-1.398384124040603638e-01,6.266340613365173340e-01,2.906210124492645264e-01,6.669480800628662109e-01,5.236372947692871094e-01,5.609332919120788574e-01,-3.262016773223876953e-01,-8.169305510818958282e-03,2.145871520042419434e-01,-9.378669857978820801e-01,8.668984174728393555e-01,-9.024408459663391113e-02,-2.087512910366058350e-01,2.941987216472625732e-01,1.678539365530014038e-01
1.451077014207839966e-01,-3.835180103778839111e-01,8.661220073699951172e-01,-1.032337665557861328e+00,-1.485457420349121094e+00,-1.021211892366409302e-01,3.549589812755584717e-01,-2.176771908998489380e-01,6.118729710578918457e-01,4.740940034389495850e-01,2.585133016109466553e-01,5.616271495819091797e-02,-7.283962965011596680e-01,-4.783571958541870117e-01,1.439257562160491943e-01,1.394745707511901855e-01,6.629787385463714600e-02,-3.658652901649475098e-01,2.626394927501678467e-01,2.782456278800964355e-01,3.263412714004516602e-01,2.072225362062454224e-01,5.321516990661621094e-01,6.007590293884277344e-01,8.212714791297912598e-01,-4.451277256011962891e-01,4.928226172924041748e-01,7.412893772125244141e-01,-1.234432123601436615e-02,-4.488767981529235840e-01,-2.559445053339004517e-02,-1.510795801877975464e-01,1.350480914115905762e-01,3.934683799743652344e-01,-9.364545941352844238e-01,-1.423231244087219238e+00,-1.263513416051864624e-01,1.360329389572143555e-01,-1.165028214454650879e-01,2.855547666549682617e-01,-5.184659957885742188e-01,1.454022377729415894e-01,-1.064007803797721863e-01,-8.509314656257629395e-01,3.419152498245239258e-01,2.921999394893646240e-01,8.296262025833129883e-01,-8.248676657676696777e-01,8.064519613981246948e-02,1.267921626567840576e-01,1.017085909843444824e+00,7.536607980728149414e-01,1.280858397483825684e+00
8.639513254165649414e-01,1.190989375114440918e+00,1.037239313125610352e+00,1.551050782203674316e+00,1.885039806365966797e+00,5.429019927978515625e-01,-3.124626874923706055e-01,2.428010463714599609e+00,2.997981011867523193e-01,1.479743480682373047e+00,1.395942330360412598e+00,-5.699462816119194031e-02,5.233678221702575684e-02,1.852205038070678711e+00,1.526142835617065430e+00,-5.176564678549766541e-03,3.103551566600799561e-01,3.333043158054351807e-01,8.986424207687377930e-01,-1.113796457648277283e-01,6.199699640274047852e-02,3.062046468257904053e-01,-1.190081596374511719e+00,-1.676811873912811279e-01,1.612028777599334717e-01,3.098085522651672363e-02,9.005146026611328125e-01,5.899853110313415527e-01,1.391701221466064453e+00,-6.605764031410217285e-01,1.130031585693359375e+00,4.825966954231262207e-01,1.257288217544555664e+00,1.159897923469543457e+00,-1.522612273693084717e-01,2.849432528018951416e-01,1.467871546745300293e+00,1.068874120712280273e+00,4.343681335449218750e-01,-8.195596188306808472e-02,6.260542869567871094e-01,7.831631898880004883e-01,2.034321725368499756e-01,1.575277596712112427e-01,-1.161094188690185547e+00,7.106128931045532227e-01,3.720855712890625000e-01,-3.921107351779937744e-01,-3.876760303974151611e-01,4.576112627983093262e-01,6.064057350158691406e-01,1.071037888526916504e+00,1.674581885337829590e+00
9.557023644447326660e-02,1.071828722953796387e+00,5.242170095443725586e-01,4.758650660514831543e-01,3.323186337947845459e-01,6.652515530586242676e-01,1.078534964472055435e-02,-3.175890445709228516e-01,3.521897196769714355e-01,1.186947077512741089e-01,-1.754604578018188477e-01,2.504228055477142334e-01,5.020264387130737305e-01,-1.186419248580932617e+00,3.209528326988220215e-01,5.099922418594360352e-01,-3.295384943485260010e-01,-5.455501675605773926e-01,-6.681008934974670410e-01,2.955541312694549561e-01,-4.126598536968231201e-01,1.249910712242126465e+00,3.626192510128021240e-01,-5.167299509048461914e-01,3.626575767993927002e-01,-2.239243686199188232e-01,6.836853623390197754e-01,9.675703048706054688e-01,6.370638012886047363e-01,2.775384113192558289e-02,-1.323244333267211914e+00,7.030122876167297363e-01,-8.680598735809326172e-01,-6.751509010791778564e-02,7.397192716598510742e-01,3.004544079303741455e-01,-1.532784819602966309e+00,2.173154652118682861e-01,4.347950220108032227e-01,4.327417910099029541e-01,-6.331118345260620117e-01,-9.079434871673583984e-01,-3.013541102409362793e-01,-8.359333276748657227e-01,1.268798828125000000e+00,1.527061343193054199e+00,7.751367092132568359e-01,-8.101304769515991211e-01,1.873434931039810181e-01,4.492690265178680420e-01,1.718418002128601074e+00,4.689556062221527100e-01,7.814871072769165039e-01
6.104902625083923340e-01,7.608128786087036133e-01,2.100143581628799438e-02,8.979956060647964478e-02,6.213888525962829590e-01,6.027812361717224121e-01,1.253741502761840820e+00,1.325033545494079590e+00,1.390707254409790039e+00,8.647667169570922852e-01,1.267596006393432617e+00,1.845336437225341797e+00,1.379551529884338379e+00,2.560571432113647461e-01,8.950399160385131836e-01,1.675889968872070312e+00,1.504351615905761719e+00,1.797265857458114624e-01,1.244319438934326172e+00,2.790595591068267822e-01,1.513576209545135498e-01,-2.444263547658920288e-01,4.743676781654357910e-01,1.440011978149414062e+00,6.720684170722961426e-01,-2.977715432643890381e-01,6.989747285842895508e-01,-2.151953279972076416e-01,-3.090921342372894287e-01,1.283092975616455078e+00,8.960420489311218262e-01,1.400707125663757324e+00,6.002663969993591309e-01,6.540120244026184082e-01,2.056708097457885742e+00,1.015300989151000977e+00,-1.763330101966857910e-01,-2.374599128961563110e-01,1.497089743614196777e+00,1.055178046226501465e+00,8.936478495597839355e-01,1.135968446731567383e+00,1.091225385665893555e+00,-2.064057737588882446e-01,1.363326787948608398e+00,2.211130782961845398e-02,8.457914590835571289e-01,-7.168236374855041504e-01,1.151227235794067383e+00,1.146032333374023438e+00,7.248547077178955078e-01,1.955113708972930908e-01,7.301638722419738770e-01
3.019875586032867432e-01,2.924677729606628418e-01,-1.411879807710647583e-01,-1.087368801236152649e-01,-2.205329984426498413e-01,-6.514293551445007324e-01,-2.958310544490814209e-01,8.306661844253540039e-01,4.617248661816120148e-03,7.371798902750015259e-02,1.071709036827087402e+00,4.484264850616455078e-01,8.429667949676513672e-01,8.392682075500488281e-01,2.659179270267486572e-01,7.017354965209960938e-01,8.732832074165344238e-01,8.170376420021057129e-01,-3.242360651493072510e-01,9.579056501388549805e-01,-1.431042313575744629e+00,7.201151847839355469e-01,3.021663725376129150e-01,4.602439701557159424e-01,-2.518183737993240356e-02,-2.180035859346389771e-01,8.178331851959228516e-01,4.604677557945251465e-01,-1.274563312530517578e+00,-3.592365086078643799e-01,-4.326418638229370117e-01,6.065227463841438293e-02,4.099980592727661133e-01,8.552799820899963379e-01,1.055074691772460938e+00,8.418361544609069824e-01,8.407658934593200684e-01,1.306470036506652832e-01,4.852751791477203369e-01,4.039664864540100098e-01,5.353354811668395996e-01,-2.609702348709106445e-01,5.183015465736389160e-01,1.096867024898529053e-02,-5.511493682861328125e-01,6.491318941116333008e-01,3.543180525302886963e-01,-4.246886372566223145e-01,-5.170244351029396057e-02,1.787562966346740723e-01,1.524787545204162598e-01,1.077405691146850586e+00,8.738926053047180176e-01
5.735786557197570801e-01,5.874146819114685059e-01,7.273907065391540527e-01,1.349736571311950684e+00,7.977668195962905884e-02,3.369866609573364258e-01,1.111909151077270508e+00,-6.457616090774536133e-01,9.557031393051147461e-01,2.902468144893646240e-01,5.237614512443542480e-01,8.940365910530090332e-01,1.310057044029235840e+00,1.375612616539001465e-01,-6.307871341705322266e-01,1.479171395301818848e+00,1.193624854087829590e+00,2.709557116031646729e-01,8.154777288436889648e-01,1.328403830528259277e+00,5.419310331344604492e-01,7.778420448303222656e-01,6.688745617866516113e-01,9.264118075370788574e-01,1.268064141273498535e+00,-1.102127432823181152e+00,1.185944557189941406e+00,1.290119886398315430e+00,2.722769975662231445e-01,3.271551132202148438e-01,1.385025382041931152e-01,7.126195430755615234e-01,2.193233370780944824e-01,9.484115242958068848e-01,7.217397093772888184e-01,1.021496176719665527e+00,2.087598890066146851e-01,5.878032445907592773e-01,1.527189612388610840e+00,1.140590190887451172e+00,8.520351648330688477e-01,9.258987903594970703e-01,1.476260304450988770e+00,-6.089057326316833496e-01,6.300941705703735352e-01,3.274293839931488037e-01,1.285588264465332031e+00,-6.126066446304321289e-01,1.016630172729492188e+00,1.223852515220642090e+00,8.190792202949523926e-01,1.315163254737854004e+00,5.649023056030273438e-01
9.346293210983276367e-01,1.165813446044921875e+00,1.064292430877685547e+00,1.853483200073242188e+00,1.684099793434143066e+00,8.954858183860778809e-01,-4.053578078746795654e-01,-2.906345129013061523e-01,1.269272267818450928e-01,6.513669490814208984e-01,7.947082817554473877e-02,2.598077952861785889e-01,1.321420550346374512e+00,-2.259397059679031372e-01,-8.117390871047973633e-01,-1.102535128593444824e-01,-1.117278575897216797e+00,5.069107413291931152e-01,-1.802835166454315186e-01,8.529229164123535156e-01,-3.130047619342803955e-01,1.437249302864074707e+00,-2.854188084602355957e-01,-9.945750832557678223e-01,7.208757996559143066e-01,-6.153060793876647949e-01,8.116623163223266602e-01,4.354780912399291992e-01,6.768198013305664062e-01,-7.192234396934509277e-01,-5.178348422050476074e-01,2.822445929050445557e-01,5.544151067733764648e-01,2.974313199520111084e-01,-1.709079891443252563e-01,1.799211144447326660e+00,-2.965747714042663574e-01,1.900836974382400513e-01,4.164176881313323975e-01,3.014056682586669922e-01,3.113299794495105743e-02,6.243460346013307571e-03,-6.533118486404418945e-01,7.883747667074203491e-02,-7.700087428092956543e-01,1.634964227676391602e+00,4.474047124385833740e-01,-3.755456805229187012e-01,-8.177798986434936523e-01,7.090734243392944336e-01,7.235438823699951172e-01,8.703858852386474609e-01,1.091414451599121094e+00
2.513942122459411621e-01,5.703743696212768555e-01,-5.316369533538818359e-01,1.241068840026855469e+00,9.304187893867492676e-01,-3.711392581462860107e-01,8.668901324272155762e-01,-4.709632098674774170e-01,6.683568656444549561e-02,-2.089010030031204224e-01,-1.409648776054382324e+00,1.475083708763122559e+00,2.629165351390838623e-01,-1.752032995223999023e+00,6.829429268836975098e-01,-1.506051123142242432e-01,-1.355731129646301270e+00,-7.363910675048828125e-01,-4.200349152088165283e-01,1.132236793637275696e-01,-1.031671881675720215e+00,2.095311164855957031e+00,8.196761608123779297e-01,-1.622345328330993652e+00,-1.978572905063629150e-01,-1.212667584419250488e+00,-6.160282716155052185e-02,1.027496814727783203e+00,-3.364432752132415771e-01,7.838615179061889648e-01,-2.746593952178955078e-01,3.000291585922241211e-01,-3.823427855968475342e-01,-8.002011775970458984e-01,1.050834298133850098e+00,-1.077078804373741150e-01,-1.938732862472534180e+00,1.679711230099201202e-02,-1.800408661365509033e-01,7.945186495780944824e-01,-1.203345537185668945e+00,-1.435320377349853516e-01,-1.412822365760803223e+00,-1.157131552696228027e+00,1.257868885993957520e+00,1.981808185577392578e+00,2.640680074691772461e-01,-1.962457656860351562e+00,-3.542228639125823975e-01,7.897475361824035645e-02,1.088675379753112793e+00,8.589885830879211426e-01,1.062946438789367676e+00
-3.390564322471618652e-01,2.306106872856616974e-02,6.395301967859268188e-02,-1.040682554244995117e+00,-8.853640556335449219e-01,-5.283452868461608887e-01,4.675499498844146729e-01,-5.662517547607421875e-01,-7.493942975997924805e-02,-2.115559764206409454e-02,6.079836487770080566e-01,2.173976302146911621e-01,1.910288035869598389e-01,9.003055095672607422e-01,6.079840660095214844e-01,-6.493570748716592789e-03,1.030496835708618164e+00,1.787361055612564087e-01,1.253472566604614258e+00,-7.986320257186889648e-01,1.273966908454895020e+00,-2.639552652835845947e-01,1.554414778947830200e-01,9.386107921600341797e-01,8.592355847358703613e-01,1.057976365089416504e+00,-6.626492142677307129e-01,-7.234519720077514648e-01,-4.897791147232055664e-01,3.069182038307189941e-01,-6.394056677818298340e-01,-1.296159327030181885e-01,-2.017142623662948608e-01,-2.888129651546478271e-01,-1.464941799640655518e-01,3.725109994411468506e-01,4.318486154079437256e-01,8.351189494132995605e-01,1.011332988739013672e+00,-4.684560000896453857e-01,3.932940661907196045e-01,9.841948151588439941e-01,8.221701383590698242e-01,5.433053374290466309e-01,2.189463675022125244e-01,-4.302820265293121338e-01,-2.505732178688049316e-01,2.263365387916564941e-01,1.050717830657958984e+00,5.186819434165954590e-01,-1.103022217750549316e+00,-4.032936394214630127e-01,-4.073795676231384277e-01
-6.366631388664245605e-01,-6.441819667816162109e-01,-1.317707777023315430e+00,2.790690362453460693e-01,-2.549158036708831787e-01,-1.223322272300720215e+00,-7.381009459495544434e-01,3.093138337135314941e-02,-1.374822854995727539e+00,-2.502745091915130615e-01,-8.658160567283630371e-01,-3.573841154575347900e-01,-9.465606808662414551e-01,1.503856033086776733e-01,6.083573102951049805e-01,-1.317216157913208008e+00,-1.216168045997619629e+00,-4.144930243492126465e-01,-3.020052313804626465e-01,-1.005265474319458008e+00,3.418857157230377197e-01,4.171098768711090088e-02,-1.162732124328613281e+00,-7.709347605705261230e-01,-4.942137598991394043e-01,5.606750845909118652e-01,-9.769402742385864258e-01,-1.144342899322509766e+00,-2.904788255691528320e-01,-4.330424666404724121e-01,-3.381617665290832520e-01,-8.162735700607299805e-01,-4.693722724914550781e-01,-7.339914441108703613e-01,-1.432261914014816284e-01,-5.444793105125427246e-01,7.862820476293563843e-02,3.882463276386260986e-01,-1.256159663200378418e+00,-1.402971148490905762e+00,-5.218788385391235352e-01,-4.768531918525695801e-01,-1.030548930168151855e+00,7.144525647163391113e-01,-1.757253408432006836e+00,2.070335447788238525e-01,-1.047726511955261230e+00,-3.266359493136405945e-02,-7.384728789329528809e-01,-7.166107296943664551e-01,-8.873658776283264160e-01,-9.012651443481445312e-01,-1.377311706542968750e+00
-1.388599157333374023e+00,-7.905828356742858887e-01,-1.306702733039855957e+00,-1.244376897811889648e+00,-1.774057030677795410e+00,-9.727474451065063477e-01,-1.334923982620239258e+00,-1.942449569702148438e+00,-1.763398647308349609e+00,-2.068465471267700195e+00,-2.439735174179077148e+00,-1.742352724075317383e+00,-1.896846294403076172e+00,-1.944295406341552734e+00,6.728907227516174316e-01,-1.913710117340087891e+00,-1.039198279380798340e+00,-1.178273677825927734e+00,-1.136968374252319336e+00,-1.080680131912231445e+00,-4.537560343742370605e-01,-3.569028377532958984e-01,-6.240919232368469238e-01,-6.702805757522583008e-01,-1.441198825836181641e+00,1.097724199295043945e+00,-2.044863939285278320e+00,-9.292889237403869629e-01,-1.332061171531677246e+00,-1.353521943092346191e+00,-2.330748796463012695e+00,-1.719935894012451172e+00,-1.597120881080627441e+00,-2.355013132095336914e+00,-1.473049640655517578e+00,-1.861197710037231445e+00,-1.987657785415649414e+00,-4.043337106704711914e-01,-2.083434820175170898e+00,-1.166213870048522949e+00,-1.571775913238525391e+00,-1.541107177734375000e+00,-1.290855884552001953e+00,-2.776929140090942383e-01,-7.422345876693725586e-01,-4.516042172908782959e-01,-1.806246995925903320e+00,8.548133075237274170e-02,-8.273515701293945312e-01,-1.739769935607910156e+00,-5.844726562500000000e-01,-1.132447957992553711e+00,-1.443884372711181641e+00
-8.913149237632751465e-01,-5.051881670951843262e-01,-1.091755151748657227e+00,-1.526863336563110352e+00,-8.382053375244140625e-01,4.694351255893707275e-01,1.788150519132614136e-02,1.468927562236785889e-01,-4.330386817455291748e-01,-6.691090464591979980e-01,-1.468293428421020508e+00,-1.115203857421875000e+00,-1.819965124130249023e+00,5.073717236518859863e-01,5.631449222564697266e-01,-1.654881834983825684e+00,7.447130680084228516e-01,-1.378936052322387695e+00,1.471212267875671387e+00,-1.179978251457214355e+00,9.386182427406311035e-01,-1.551543593406677246e+00,-5.121108889579772949e-01,1.127048730850219727e+00,-8.592696189880371094e-01,8.746606707572937012e-01,-2.205794811248779297e+00,-2.112588405609130859e+00,-7.051753997802734375e-01,-2.553253173828125000e-01,4.640246033668518066e-01,-8.890503644943237305e-01,-7.839200496673583984e-01,-8.516165018081665039e-01,-1.055775761604309082e+00,-1.647522211074829102e+00,7.960975170135498047e-01,3.380060195922851562e-01,-1.112818717956542969e+00,-6.838403344154357910e-01,-4.320596158504486084e-01,1.119602560997009277e+00,6.987368464469909668e-01,-8.019115030765533447e-02,-3.080092966556549072e-01,-1.726114511489868164e+00,-1.174211859703063965e+00,1.098909601569175720e-01,-6.033105310052633286e-03,-8.014152646064758301e-01,-1.305518746376037598e+00,-1.511134147644042969e+00,-1.569229006767272949e+00
-9.505801200866699219e-01,-8.098492622375488281e-01,-5.100463032722473145e-01,-4.551296532154083252e-01,-7.700626254081726074e-01,-2.831259071826934814e-01,-1.312335133552551270e+00,-1.240284442901611328e+00,-1.034680962562561035e+00,-8.791478872299194336e-01,-1.225218415260314941e+00,-1.994187951087951660e+00,-1.387307167053222656e+00,2.630321979522705078e-01,6.645651459693908691e-01,-7.271975874900817871e-01,-4.237675666809082031e-02,-6.590183377265930176e-01,3.275223970413208008e-01,-1.368769168853759766e+00,5.640966892242431641e-01,-2.057381868362426758e+00,-1.233248233795166016e+00,-4.390068650245666504e-01,-8.724175691604614258e-01,2.164977073669433594e+00,-1.111946940422058105e+00,-1.779416441917419434e+00,-2.967236042022705078e-01,-1.093969106674194336e+00,-2.625484466552734375e-01,-8.299620747566223145e-01,-4.430602192878723145e-01,-8.607401251792907715e-01,-8.519617319107055664e-01,-1.051949977874755859e+00,5.741845369338989258e-01,1.304315567016601562e+00,-7.507667541503906250e-01,-1.197783350944519043e+00,-3.328921496868133545e-01,2.526681423187255859e-01,1.505610644817352295e-01,7.448694109916687012e-01,-6.478371620178222656e-01,-2.079149246215820312e+00,-1.679132580757141113e+00,2.275099039077758789e+00,-4.772497713565826416e-01,-1.479063034057617188e+00,-1.565340518951416016e+00,-1.834732532501220703e+00,-1.981555461883544922e+00
-1.217633128166198730e+00,-1.141224384307861328e+00,-1.532405853271484375e+00,-1.025162696838378906e+00,-1.165091156959533691e+00,-6.058823466300964355e-01,-1.844748497009277344e+00,-1.583734869956970215e+00,-1.590729713439941406e+00,-1.267155051231384277e+00,-6.497542858123779297e-01,-1.918371319770812988e+00,-1.177429199218750000e+00,-5.544818043708801270e-01,-5.905988216400146484e-01,-1.560267806053161621e+00,-1.113067269325256348e-01,-9.081208147108554840e-03,-6.551151275634765625e-01,-3.436770439147949219e-01,-3.830215036869049072e-01,-1.229599356651306152e+00,-1.013864755630493164e+00,4.294057786464691162e-01,-4.435184001922607422e-01,2.326186418533325195e+00,-1.229151368141174316e+00,-1.501947164535522461e+00,-1.281582593917846680e+00,-1.686580538749694824e+00,-1.517947793006896973e+00,-1.398175001144409180e+00,-7.632406949996948242e-01,-8.464791774749755859e-01,-1.338666200637817383e+00,-3.896579444408416748e-01,-2.496144026517868042e-01,-3.426218032836914062e-01,-1.199090242385864258e+00,-8.435148000717163086e-01,-2.750313282012939453e-01,-5.494245290756225586e-01,-1.008929014205932617e-01,4.616803228855133057e-01,-1.205147266387939453e+00,-1.138292670249938965e+00,-1.397344470024108887e+00,1.530319452285766602e+00,7.040737569332122803e-02,-4.374142587184906006e-01,-1.591691255569458008e+00,-1.684941649436950684e+00,-1.785014748573303223e+00
-1.001712679862976074e+00,-1.116979360580444336e+00,-1.197521328926086426e+00,-1.134844660758972168e+00,-1.520850658416748047e+00,-8.117262721061706543e-01,-1.527447462081909180e+00,-8.643424510955810547e-01,-1.396495580673217773e+00,-1.152021408081054688e+00,-1.150188088417053223e+00,-1.856887817382812500e+00,-2.898020029067993164e+00,-1.355714321136474609e+00,-2.544794976711273193e-01,-2.091972351074218750e+00,-1.056539058685302734e+00,-1.060478687286376953e+00,-1.472483515739440918e+00,-9.040217399597167969e-01,1.798623353242874146e-01,-5.634992122650146484e-01,-3.694994449615478516e-01,-9.290251731872558594e-01,-1.817089319229125977e+00,1.159690260887145996e+00,-1.771012425422668457e+00,-1.255685567855834961e+00,-5.913414359092712402e-01,-9.120119810104370117e-01,-1.541483521461486816e+00,-1.086632013320922852e+00,-8.489833474159240723e-01,-7.113086581230163574e-01,-1.181915760040283203e+00,-2.341207742691040039e+00,-1.418191313743591309e+00,-1.210907101631164551e+00,-1.419618248939514160e+00,-6.927523612976074219e-01,-6.576138734817504883e-01,-1.453560113906860352e+00,-1.221895217895507812e+00,5.779421925544738770e-01,-1.741249859333038330e-01,-1.230953186750411987e-01,-1.357524871826171875e+00,1.259990409016609192e-02,-9.995747804641723633e-01,-1.180246949195861816e+00,-1.031649470329284668e+00,-1.144840121269226074e+00,-4.365990757942199707e-01
-5.324435234069824219e-01,-4.993191957473754883e-01,-1.288247853517532349e-02,-1.217509627342224121e+00,-1.074012637138366699e+00,-2.294691950082778931e-01,1.660540699958801270e-01,-1.203704357147216797e+00,2.938616275787353516e-02,-9.869803488254547119e-02,-3.699856102466583252e-01,-2.923736870288848877e-01,-1.454246401786804199e+00,6.123586893081665039e-01,1.462765932083129883e+00,-3.062678873538970947e-01,4.047235846519470215e-01,-1.158755898475646973e+00,6.942130923271179199e-01,-1.027355790138244629e+00,1.585880041122436523e+00,-1.148826718330383301e+00,2.176694758236408234e-02,-8.695746958255767822e-02,-6.179968118667602539e-01,1.031152725219726562e+00,-8.180452585220336914e-01,-3.748842179775238037e-01,-1.744422018527984619e-01,3.525575697422027588e-01,6.232670973986387253e-03,-2.819317877292633057e-01,-2.108800113201141357e-01,3.278903067111968994e-01,-2.188649028539657593e-01,-1.322124600410461426e+00,5.880408883094787598e-01,1.114136278629302979e-01,-1.928469836711883545e-01,-2.621028125286102295e-01,7.672424614429473877e-02,5.937900543212890625e-01,1.124624311923980713e-01,5.416519939899444580e-02,2.162791192531585693e-01,-1.235974192619323730e+00,-5.994079113006591797e-01,5.101604461669921875e-01,1.036759763956069946e-01,-9.607388824224472046e-02,-4.578491449356079102e-01,-4.295422732830047607e-01,-4.356096982955932617e-01
-6.600502133369445801e-02,6.477236151695251465e-01,2.059598714113235474e-01,9.818073511123657227e-01,1.196207284927368164e+00,-7.333323359489440918e-01,-1.158558249473571777e+00,-7.580879330635070801e-01,-4.929687082767486572e-01,2.864750325679779053e-01,1.772514730691909790e-01,-3.665438294410705566e-01,2.569963634014129639e-01,5.091363787651062012e-01,-5.703467726707458496e-01,-5.975914001464843750e-02,-3.036201000213623047e-02,6.865956187248229980e-01,2.267818450927734375e-01,-4.799702167510986328e-01,5.266267061233520508e-01,-6.435230374336242676e-01,-9.393821358680725098e-01,-6.793497204780578613e-01,1.110263019800186157e-01,5.266262292861938477e-01,1.135676205158233643e-01,-3.664679825305938721e-01,2.979580461978912354e-01,-5.689849853515625000e-01,-3.509252369403839111e-01,5.380059406161308289e-02,-3.666300475597381592e-01,-3.546717762947082520e-01,1.479642093181610107e-01,1.641373336315155029e-01,2.178758680820465088e-01,-9.248529076576232910e-01,-2.355996966361999512e-01,3.199315071105957031e-02,-1.355588436126708984e-01,3.218404352664947510e-01,-5.853314995765686035e-01,-2.024853825569152832e-01,-2.654347717761993408e-01,-6.134648323059082031e-01,-8.850532770156860352e-02,-3.151166066527366638e-02,-3.931352496147155762e-01,-5.646373629570007324e-01,-2.072650045156478882e-01,-8.514190316200256348e-01,-9.080018401145935059e-01
-1.759085506200790405e-01,4.195212125778198242e-01,-4.089138507843017578e-01,-4.011531174182891846e-01,-1.302317857742309570e+00,-6.343428492546081543e-01,-6.645791530609130859e-01,-1.851513504981994629e+00,-1.561383903026580811e-01,-1.396806836128234863e+00,-9.959534406661987305e-01,-1.093964055180549622e-01,-2.847347855567932129e-01,-2.044384002685546875e+00,-9.167561531066894531e-01,-4.450747966766357422e-01,-1.084764480590820312e+00,-4.447498023509979248e-01,-1.340056180953979492e+00,1.814173221588134766e+00,-2.034703016281127930e+00,1.666661620140075684e+00,1.837066769599914551e+00,-7.601509094238281250e-01,9.747011959552764893e-02,-7.406833767890930176e-01,5.296040773391723633e-01,1.927116870880126953e+00,-5.130639076232910156e-01,-2.885698974132537842e-01,-2.345717430114746094e+00,-6.930028796195983887e-01,-2.457527637481689453e+00,-1.661193966865539551e+00,-4.046541154384613037e-01,-6.664801836013793945e-01,-2.415744781494140625e+00,-6.290888190269470215e-01,-1.088093042373657227e+00,1.054145216941833496e+00,-1.064726352691650391e+00,-1.200187921524047852e+00,-1.249180197715759277e+00,-3.159243822097778320e+00,1.524840235710144043e+00,1.513426303863525391e+00,-9.248136729001998901e-02,-1.021839380264282227e+00,-9.449999928474426270e-01,-3.465359807014465332e-01,1.908611297607421875e+00,1.083394646644592285e+00,8.788061141967773438e-01
2.157407104969024658e-01,-4.718766212463378906e-01,-1.224524497985839844e+00,-7.709841728210449219e-01,-4.962321221828460693e-01,-1.512691080570220947e-01,7.169233560562133789e-01,-2.275871485471725464e-01,2.672485113143920898e-01,-4.661501348018646240e-01,-4.033488631248474121e-01,5.132029652595520020e-01,4.452090561389923096e-01,-2.272517979145050049e-01,-3.195296823978424072e-01,-4.673541709780693054e-02,5.880413651466369629e-01,-1.308486331254243851e-02,6.184000521898269653e-02,1.598713845014572144e-01,1.135213077068328857e-01,5.633597970008850098e-01,7.507148385047912598e-01,2.479194253683090210e-01,1.197859421372413635e-01,-6.283796578645706177e-02,-3.313511312007904053e-01,5.420708060264587402e-01,-1.077586650848388672e+00,7.311304807662963867e-01,-1.935896724462509155e-01,-5.135484337806701660e-01,-7.152898311614990234e-01,-1.319505929946899414e+00,-1.868521720170974731e-01,-2.824141383171081543e-01,-4.988864809274673462e-02,-2.611429989337921143e-01,-5.259701609611511230e-01,-1.727841943502426147e-01,-7.876175642013549805e-01,-1.317846626043319702e-01,7.175204902887344360e-02,-1.475677728652954102e+00,5.527583956718444824e-01,-8.538313210010528564e-02,1.101302057504653931e-01,-1.151713132858276367e+00,-2.917635068297386169e-02,-4.246082007884979248e-01,3.166930079460144043e-01,7.878729104995727539e-01,3.054181486368179321e-02
-5.269618034362792969e-01,-1.810734033584594727e+00,-1.933330535888671875e+00,-2.063413143157958984e+00,-1.734040617942810059e+00,-9.249562025070190430e-01,-5.298126935958862305e-01,-1.415109992027282715e+00,-6.755317449569702148e-01,-9.088162779808044434e-01,-3.536888360977172852e-01,-6.547406315803527832e-01,-8.738632202148437500e-01,2.193601876497268677e-01,9.231828451156616211e-01,-9.850746393203735352e-01,8.841832280158996582e-01,-4.548736214637756348e-01,7.169334888458251953e-01,-5.298354625701904297e-01,3.430317342281341553e-01,-7.843465209007263184e-01,-2.807177305221557617e-01,2.996538877487182617e-01,-4.703586101531982422e-01,7.045854926109313965e-01,-1.301855444908142090e+00,-7.968586087226867676e-01,-1.401806592941284180e+00,-5.905852317810058594e-01,-1.113487958908081055e+00,-9.827694296836853027e-01,-9.170040488243103027e-01,-5.437139868736267090e-01,-7.474765181541442871e-01,-1.147638797760009766e+00,6.842573732137680054e-02,1.154510736465454102e+00,-1.095864295959472656e+00,-9.674617648124694824e-01,-3.123223185539245605e-01,7.437042593955993652e-01,3.687582314014434814e-01,2.698363661766052246e-01,-6.835840940475463867e-01,-1.211341261863708496e+00,-1.424156069755554199e+00,4.916485249996185303e-01,-3.687923029065132141e-02,-9.371594786643981934e-01,-1.590586781501770020e+00,-3.254466056823730469e-01,-1.251686453819274902e+00
-9.947931766510009766e-01,-1.866185903549194336e+00,-2.234241247177124023e+00,-4.533373713493347168e-01,-5.604853630065917969e-01,-2.041719913482666016e+00,-1.681385636329650879e+00,-1.184913277626037598e+00,-1.576972126960754395e+00,-9.310043454170227051e-01,-1.324049949645996094e+00,-1.737057924270629883e+00,-7.720327973365783691e-01,2.648158743977546692e-02,-6.326203793287277222e-02,-1.644473910331726074e+00,-3.936842381954193115e-01,-2.677340209484100342e-01,-3.354745209217071533e-01,-1.537186622619628906e+00,1.217526793479919434e+00,-9.768674969673156738e-01,-1.751663923263549805e+00,-4.468623399734497070e-01,-8.891714215278625488e-01,1.851309776306152344e+00,-1.488657236099243164e+00,-1.757347345352172852e+00,-1.864295125007629395e+00,-1.777296423912048340e+00,-9.390801191329956055e-01,-1.225050806999206543e+00,-3.647111058235168457e-01,-1.342988729476928711e+00,-7.615435719490051270e-01,-4.149723351001739502e-01,3.058246970176696777e-01,2.191577553749084473e-01,-1.344390511512756348e+00,-2.257993459701538086e+00,-5.291867852210998535e-01,-3.527555167675018311e-01,-5.481533408164978027e-01,1.338575959205627441e+00,-2.096312999725341797e+00,-1.151385784149169922e+00,-1.811148762702941895e+00,1.599568963050842285e+00,-3.164871335029602051e-01,-1.560907959938049316e+00,-2.249508142471313477e+00,-1.564055562019348145e+00,-2.070854902267456055e+00
-7.242354750633239746e-01,-9.585673362016677856e-02,1.612307131290435791e-01,-5.403015017509460449e-01,-7.843195796012878418e-01,-3.245925605297088623e-01,-9.868494272232055664e-01,-1.732803940773010254e+00,-4.359059631824493408e-01,-4.537391364574432373e-01,-1.105353474617004395e+00,-7.765810489654541016e-01,-1.504423856735229492e+00,-1.318431615829467773e+00,1.597644329071044922e+00,-9.375435113906860352e-01,-5.117879509925842285e-01,-1.699843645095825195e+00,1.138642653822898865e-01,-1.094580411911010742e+00,8.838216662406921387e-01,-8.333870172500610352e-01,-1.092509850859642029e-01,-5.380083322525024414e-01,-1.280752778053283691e+00,8.098242282867431641e-01,-1.198201537132263184e+00,-6.095970869064331055e-01,-1.004246845841407776e-01,-9.626292586326599121e-01,-1.412059903144836426e+00,-5.674086213111877441e-01,-5.731755495071411133e-01,-8.879145979881286621e-01,-6.156939268112182617e-01,-1.367497920989990234e+00,-8.985649347305297852e-01,4.407618343830108643e-01,-7.370193600654602051e-01,-7.859906554222106934e-01,-7.389194965362548828e-01,-9.151860326528549194e-02,-7.767152190208435059e-01,-2.714699879288673401e-02,4.873528331518173218e-02,-8.838632702827453613e-01,-1.141216754913330078e+00,9.751049876213073730e-01,-7.854053378105163574e-01,-1.081132054328918457e+00,-3.750091791152954102e-01,-9.910649061203002930e-01,-1.182797312736511230e+00
7.961715459823608398e-01,2.082629919052124023e+00,2.021890163421630859e+00,-9.624262899160385132e-02,1.235517740249633789e+00,2.007679462432861328e+00,4.292871654033660889e-01,8.144745230674743652e-01,1.244166731834411621e+00,1.489004373550415039e+00,6.822294592857360840e-01,3.923417627811431885e-01,-3.344443738460540771e-01,1.171894907951354980e+00,2.153743267059326172e+00,9.838491082191467285e-01,9.818649888038635254e-01,-6.012260317802429199e-01,1.950220108032226562e+00,-5.933846831321716309e-01,2.577332019805908203e+00,-1.563067793846130371e+00,-2.503076493740081787e-01,8.305298537015914917e-02,-1.041206419467926025e-01,1.014932155609130859e+00,-1.182222925126552582e-02,-7.886151075363159180e-01,1.556715726852416992e+00,9.597901105880737305e-01,1.384935498237609863e+00,1.195677995681762695e+00,1.658583402633666992e+00,1.403541803359985352e+00,1.122413396835327148e+00,-8.962121605873107910e-02,1.336013436317443848e+00,9.643766880035400391e-01,1.158690810203552246e+00,5.420429110527038574e-01,7.040212750434875488e-01,1.872298598289489746e+00,8.680291771888732910e-01,5.691630244255065918e-01,2.584767341613769531e-01,-1.398690700531005859e+00,4.027544558048248291e-01,1.052489399909973145e+00,4.383518244139850140e-04,3.631716668605804443e-01,-6.447086334228515625e-01,-6.553471088409423828e-01,-6.687615513801574707e-01
1.244569778442382812e+00,1.075026273727416992e+00,7.541542649269104004e-01,1.561793088912963867e+00,1.119413495063781738e+00,4.849914908409118652e-01,-7.071964442729949951e-02,2.270794659852981567e-01,4.578076004981994629e-01,2.131257951259613037e-01,1.196650981903076172e+00,8.820865303277969360e-02,1.359244823455810547e+00,-2.635646164417266846e-01,5.828474164009094238e-01,9.905439019203186035e-01,6.366112828254699707e-01,1.386109232902526855e+00,1.919872127473354340e-02,1.339862346649169922e+00,2.626462839543819427e-02,1.109200835227966309e+00,5.558039620518684387e-02,1.830047518014907837e-01,1.291502475738525391e+00,-3.176114261150360107e-01,1.006882905960083008e+00,-4.741990938782691956e-03,1.539385318756103516e+00,-5.598296225070953369e-02,-3.339935243129730225e-01,1.010533690452575684e+00,5.480035543441772461e-01,1.166466951370239258e+00,3.694977760314941406e-01,1.541508078575134277e+00,-1.882396042346954346e-01,-5.946187674999237061e-02,1.039944171905517578e+00,9.799094200134277344e-01,1.316016077995300293e+00,-1.095023304224014282e-01,4.213973581790924072e-01,4.538973867893218994e-01,1.906648278236389160e-01,1.328833341598510742e+00,8.233832120895385742e-01,2.057064026594161987e-01,4.404686093330383301e-01,1.244147062301635742e+00,4.861505627632141113e-01,1.001396775245666504e+00,1.029793381690979004e+00
1.083286643028259277e+00,7.353536486625671387e-01,1.031866550445556641e+00,8.891435861587524414e-01,6.877598166465759277e-01,5.015985369682312012e-01,1.606714725494384766e+00,-1.368646860122680664e+00,1.437229752540588379e+00,-1.177148893475532532e-01,1.132544398307800293e+00,1.096555113792419434e+00,1.064379215240478516e+00,-8.117749691009521484e-01,4.265604317188262939e-01,1.737898945808410645e+00,9.313132166862487793e-01,7.648336887359619141e-01,-1.737027242779731750e-02,1.445404648780822754e+00,-6.824793219566345215e-01,1.543262600898742676e+00,1.874589681625366211e+00,4.191693961620330811e-01,1.235806465148925781e+00,-6.688653826713562012e-01,1.597951889038085938e+00,1.736306786537170410e+00,1.508064627647399902e+00,1.547636151313781738e+00,-6.345736235380172729e-02,9.798053503036499023e-01,-2.527354359626770020e-01,8.463388085365295410e-01,3.183407187461853027e-01,5.179235935211181641e-01,-2.233231365680694580e-01,-8.505267649888992310e-02,1.271877169609069824e+00,1.334429502487182617e+00,9.286110401153564453e-01,9.375146031379699707e-02,6.855733394622802734e-01,-1.341540932655334473e+00,1.651085257530212402e+00,1.230576634407043457e+00,1.405783176422119141e+00,-9.194692969322204590e-01,4.566991627216339111e-01,1.285508632659912109e+00,1.860575318336486816e+00,1.978483915328979492e+00,1.377892017364501953e+00
1.166904926300048828e+00,-8.006612658500671387e-01,1.940560638904571533e-01,2.910100519657135010e-01,6.769286841154098511e-02,-7.287419438362121582e-01,-3.321585357189178467e-01,-7.695074081420898438e-01,1.605402529239654541e-01,-5.528270006179809570e-01,2.284804731607437134e-01,-3.697674870491027832e-01,8.690137267112731934e-01,5.706529021263122559e-01,-7.823658585548400879e-01,7.426449563354253769e-03,2.815104722976684570e-01,7.663037776947021484e-01,7.796065807342529297e-01,8.486752510070800781e-01,-3.481430709362030029e-01,3.432096242904663086e-01,-5.611906200647354126e-02,-7.685280442237854004e-01,8.533844947814941406e-01,-1.477624475955963135e-01,5.611052513122558594e-01,8.829053640365600586e-01,2.255864292383193970e-01,3.813995420932769775e-01,-3.100922405719757080e-01,3.135240077972412109e-01,-6.747889518737792969e-02,2.999859452247619629e-01,-1.196943968534469604e-01,7.805108428001403809e-01,8.371566534042358398e-01,-3.814006447792053223e-01,-1.345517784357070923e-01,3.954120278358459473e-01,6.485902070999145508e-01,8.408370018005371094e-01,4.168997704982757568e-01,8.988894522190093994e-02,8.474894762039184570e-01,9.575176239013671875e-02,1.070324629545211792e-01,2.937914803624153137e-02,-2.026281356811523438e-01,6.113327145576477051e-01,2.991155683994293213e-01,4.893162250518798828e-01,2.485393136739730835e-01
2.415541112422943115e-01,-5.497519969940185547e-01,-5.055324435234069824e-01,-1.061273813247680664e+00,-1.287451863288879395e+00,-1.362584948539733887e+00,-1.005093812942504883e+00,-9.894556403160095215e-01,-5.974827408790588379e-01,-2.828929126262664795e-01,-3.420398235321044922e-01,-5.185150504112243652e-01,-6.802971959114074707e-01,-1.143466114997863770e+00,-2.661148011684417725e-01,-8.467615842819213867e-01,-5.794174075126647949e-01,-4.992683231830596924e-01,-1.285354137420654297e+00,6.676038503646850586e-01,-2.355227470397949219e-01,2.483667433261871338e-01,3.576243519783020020e-01,-1.310260057449340820e+00,-9.791320562362670898e-01,-2.708162069320678711e-01,1.238100230693817139e-01,6.603143811225891113e-01,-1.007538676261901855e+00,-1.968784183263778687e-01,-1.953649759292602539e+00,-4.391034245491027832e-01,-7.566486001014709473e-01,-2.293267101049423218e-01,-3.041040599346160889e-01,-1.148102879524230957e+00,-1.265425920486450195e+00,-3.240427970886230469e-01,-9.226095080375671387e-01,-5.903106927871704102e-01,-3.834542930126190186e-01,-1.296680688858032227e+00,-5.372273921966552734e-01,-4.981900006532669067e-02,1.539321690797805786e-01,1.223367378115653992e-01,-4.491612911224365234e-01,8.256292939186096191e-01,-9.117083549499511719e-01,-6.675574183464050293e-01,-1.633885353803634644e-01,1.210173815488815308e-01,-3.144888877868652344e-01
7.648090124130249023e-01,2.047163099050521851e-01,-1.916792988777160645e-01,-5.454363822937011719e-01,-5.595302581787109375e-01,2.725169956684112549e-01,8.469120264053344727e-01,-5.544261932373046875e-01,9.957776665687561035e-01,6.104675531387329102e-01,5.645551681518554688e-01,7.139623165130615234e-01,-1.250702440738677979e-01,6.234107017517089844e-01,8.042706847190856934e-01,2.212569862604141235e-01,1.088882923126220703e+00,-7.715377211570739746e-02,1.298477888107299805e+00,-1.430970281362533569e-01,1.818672716617584229e-01,-9.222327917814254761e-02,4.440310597419738770e-01,1.150744199752807617e+00,5.052015781402587891e-01,-5.629217028617858887e-01,3.224234879016876221e-01,1.934638172388076782e-01,5.673546791076660156e-01,1.302179217338562012e+00,-2.853134572505950928e-01,3.486761152744293213e-01,5.572822093963623047e-01,5.401487946510314941e-01,6.520037055015563965e-01,2.866602838039398193e-01,4.911658167839050293e-01,1.252982974052429199e+00,8.238601684570312500e-01,2.714650630950927734e-01,7.834720611572265625e-01,1.311837792396545410e+00,1.379408478736877441e+00,-3.880892992019653320e-01,3.737193048000335693e-01,-4.274908602237701416e-01,1.697232425212860107e-01,4.776967763900756836e-01,7.168869376182556152e-01,5.653854012489318848e-01,3.299457430839538574e-01,2.134279012680053711e-01,3.242541104555130005e-02
-2.752755284309387207e-01,-4.161414802074432373e-01,-5.961990952491760254e-01,3.417477756738662720e-02,4.153965711593627930e-01,-9.088693857192993164e-01,-1.573249936103820801e+00,-1.116335630416870117e+00,-4.632998406887054443e-01,-8.775253891944885254e-01,-8.154603838920593262e-01,-8.772076964378356934e-01,-2.101568877696990967e-01,1.915779113769531250e-01,9.510837495326995850e-02,-3.145631849765777588e-01,-8.693660795688629150e-02,9.103206992149353027e-01,4.921531975269317627e-01,-3.090219199657440186e-01,2.666313946247100830e-01,-3.361448347568511963e-01,-9.322571158409118652e-01,-4.721691906452178955e-01,6.346911191940307617e-02,3.001609444618225098e-01,-4.327042102813720703e-01,-1.150827884674072266e+00,-1.445641040802001953e+00,-1.510589361190795898e+00,-6.308441758155822754e-01,-1.835356950759887695e-01,-4.390530288219451904e-01,-2.046928256750106812e-01,4.496031254529953003e-02,2.811031639575958252e-01,2.942901849746704102e-01,1.534743607044219971e-02,-4.206535518169403076e-01,-4.067738354206085205e-01,4.423909187316894531e-01,3.635642528533935547e-01,-2.045247703790664673e-02,6.696999669075012207e-01,-4.652175605297088623e-01,-3.015460073947906494e-01,-4.588936567306518555e-01,4.404682517051696777e-01,-5.014687180519104004e-01,-2.902950346469879150e-01,-1.165281176567077637e+00,-6.366428136825561523e-01,-8.903359770774841309e-01
-5.522135645151138306e-02,8.029077053070068359e-01,-1.623392105102539062e-01,-7.342102378606796265e-02,5.152091383934020996e-01,4.599992930889129639e-01,-2.605619654059410095e-02,-4.098179936408996582e-01,7.588845491409301758e-01,-1.374165713787078857e-01,2.583060860633850098e-01,4.203841090202331543e-01,1.219662055373191833e-01,-1.025449395179748535e+00,5.967096686363220215e-01,4.905023574829101562e-01,4.777100682258605957e-01,1.132043957710266113e+00,5.679445862770080566e-01,8.271827101707458496e-01,1.828425079584121704e-01,4.604269564151763916e-01,1.118096351623535156e+00,1.041857600212097168e+00,4.086159169673919678e-01,-7.769502997398376465e-01,1.203958913683891296e-01,4.775200784206390381e-01,1.628966256976127625e-02,1.384565234184265137e-01,-7.615221142768859863e-01,3.422712683677673340e-01,3.273031115531921387e-01,-1.215552315115928650e-01,3.257700502872467041e-01,3.890198767185211182e-01,-5.913895964622497559e-01,9.110809862613677979e-02,3.914293348789215088e-01,9.335882067680358887e-01,1.087633252143859863e+00,3.882251977920532227e-01,5.275736451148986816e-01,-7.666162252426147461e-01,5.471194982528686523e-01,5.094784498214721680e-01,5.051462054252624512e-01,-1.245210409164428711e+00,1.800403237342834473e+00,1.251838922500610352e+00,5.109220147132873535e-01,4.305623173713684082e-01,1.904047429561614990e-01
2.689850628376007080e-01,1.369892239570617676e+00,1.837251186370849609e+00,6.287755966186523438e-01,2.525488734245300293e-01,1.073807716369628906e+00,5.973067879676818848e-01,-3.225812688469886780e-02,8.576371073722839355e-01,6.322974562644958496e-01,6.960839033126831055e-01,4.890775084495544434e-01,3.043037056922912598e-01,1.116858959197998047e+00,1.324020147323608398e+00,1.203514695167541504e+00,2.049257516860961914e+00,1.307850360870361328e+00,1.696666002273559570e+00,6.570228934288024902e-01,-3.034949302673339844e-01,-5.591547116637229919e-02,3.131355345249176025e-01,2.153701543807983398e+00,1.839583754539489746e+00,-1.587442159652709961e+00,1.007529616355895996e+00,6.255659461021423340e-01,7.725245952606201172e-01,6.589754819869995117e-01,9.868882894515991211e-01,5.446044206619262695e-01,8.916289210319519043e-01,9.115098118782043457e-01,6.829534769058227539e-01,3.331588804721832275e-01,1.110673546791076660e+00,4.416326582431793213e-01,8.946440219879150391e-01,1.058144330978393555e+00,2.232125759124755859e+00,1.275969862937927246e+00,2.262060403823852539e+00,2.305194884538650513e-01,-2.723783254623413086e-01,-4.194326996803283691e-01,7.616538405418395996e-01,-1.369029283523559570e+00,2.259510517120361328e+00,1.807353496551513672e+00,5.792087316513061523e-01,6.016429662704467773e-01,1.550350338220596313e-01
4.445116817951202393e-01,-4.457292556762695312e-01,-3.066828846931457520e-01,9.869422316551208496e-01,-1.972789317369461060e-01,-6.612936258316040039e-01,-7.575145959854125977e-01,3.675280511379241943e-02,-3.993852734565734863e-01,-6.221305206418037415e-02,9.974188208580017090e-01,-9.663175791501998901e-02,9.420530796051025391e-01,-1.238964051008224487e-01,3.721940517425537109e-01,5.123975872993469238e-01,7.579199671745300293e-01,2.409502029418945312e+00,2.247316092252731323e-01,1.581303596496582031e+00,-1.085508108139038086e+00,9.932436347007751465e-01,2.200689911842346191e-01,6.321136951446533203e-01,9.017241001129150391e-01,-1.106868863105773926e+00,1.431178927421569824e+00,7.969999313354492188e-01,-1.870769858360290527e-01,-6.718831062316894531e-01,-6.818755865097045898e-01,2.415515631437301636e-01,-1.042096242308616638e-01,1.623506188392639160e+00,3.005646765232086182e-01,1.094388127326965332e+00,-3.364990949630737305e-01,4.511864185333251953e-01,7.802208662033081055e-01,6.747297048568725586e-01,1.877430200576782227e+00,2.388336956501007080e-01,8.840963244438171387e-01,1.750124543905258179e-01,-4.015369713306427002e-01,5.701674818992614746e-01,1.021662712097167969e+00,-7.667186856269836426e-01,1.044182896614074707e+00,1.182051897048950195e+00,1.532425433397293091e-01,6.026478409767150879e-01,-1.092341989278793335e-01
-4.887471795082092285e-01,-3.606087267398834229e-01,-1.777182966470718384e-01,5.461624860763549805e-01,-2.505141496658325195e-01,-9.960156679153442383e-02,3.736569359898567200e-02,-1.390159010887145996e+00,-9.019115241244435310e-04,8.947933465242385864e-02,-4.244710206985473633e-01,2.659604847431182861e-01,-6.366966962814331055e-01,-3.844793438911437988e-01,-7.866598367691040039e-01,9.150446951389312744e-02,-3.808334171772003174e-01,1.506896615028381348e-01,-2.357455790042877197e-01,4.124277234077453613e-01,-8.474209904670715332e-01,9.311968088150024414e-01,2.903034985065460205e-01,-7.198768854141235352e-01,-3.214872777462005615e-01,-1.425670623779296875e+00,7.749127149581909180e-01,1.728502869606018066e+00,-1.984652280807495117e-01,-4.689010605216026306e-02,-4.676303267478942871e-01,-9.056135080754756927e-03,2.274167388677597046e-01,8.153885602951049805e-01,-3.795957565307617188e-01,-1.040151357650756836e+00,-1.818919032812118530e-01,4.548005461692810059e-01,7.719132900238037109e-01,7.762179374694824219e-01,1.020553946495056152e+00,1.232372373342514038e-01,2.788361907005310059e-01,-6.897132992744445801e-01,-4.586219191551208496e-01,3.602510988712310791e-01,1.067749142646789551e+00,-1.072795867919921875e+00,-3.840798139572143555e-01,-1.074895709753036499e-01,8.614177703857421875e-01,1.168725371360778809e+00,7.104432582855224609e-01
4.275948107242584229e-01,1.843165308237075806e-01,5.917751193046569824e-01,-5.452634692192077637e-01,-2.030093967914581299e-01,3.066491782665252686e-01,-3.927681744098663330e-01,7.821521162986755371e-01,7.654267549514770508e-01,8.915799260139465332e-01,1.367966890335083008e+00,3.575054407119750977e-01,4.002049863338470459e-01,1.429846048355102539e+00,-6.678502559661865234e-01,1.368789792060852051e+00,1.446043014526367188e+00,1.839898586273193359e+00,1.578471302986145020e+00,1.528360724449157715e+00,-6.493385434150695801e-01,1.724278777837753296e-01,-9.028753638267517090e-02,2.241583585739135742e+00,2.336008787155151367e+00,-1.639385104179382324e+00,1.684354901313781738e+00,1.135926723480224609e+00,-1.010540034621953964e-02,4.089907929301261902e-02,3.930182754993438721e-01,6.903367042541503906e-01,7.407100796699523926e-01,1.517334938049316406e+00,-1.491515431553125381e-02,1.763188689947128296e-01,9.662539958953857422e-01,-2.013136595487594604e-01,1.047507524490356445e+00,1.781605362892150879e+00,1.573213458061218262e+00,1.749864935874938965e+00,1.761846542358398438e+00,-3.402403593063354492e-01,1.223151206970214844e+00,-2.860924042761325836e-02,1.277458190917968750e+00,-9.874859452247619629e-01,2.067884445190429688e+00,1.678390383720397949e+00,5.620751380920410156e-01,8.309927582740783691e-01,1.142704367637634277e+00
1.210825920104980469e+00,1.166541934013366699e+00,1.744287610054016113e+00,2.550850391387939453e+00,1.399998784065246582e+00,8.770834207534790039e-01,1.814317584037780762e+00,8.992980718612670898e-01,1.028623342514038086e+00,6.507769823074340820e-01,1.847470998764038086e+00,9.601995944976806641e-01,1.370041489601135254e+00,1.190815716981887817e-01,-2.053438663482666016e+00,1.089913845062255859e+00,1.043858528137207031e+00,2.041394948959350586e+00,2.015784531831741333e-01,1.221335411071777344e+00,-1.570469260215759277e+00,1.547918319702148438e+00,3.233456909656524658e-01,2.817970514297485352e+00,3.220740795135498047e+00,-2.389485597610473633e+00,1.596902251243591309e+00,8.542178869247436523e-01,1.010382771492004395e+00,1.730193734169006348e+00,1.320589303970336914e+00,3.338407278060913086e-01,4.059795737266540527e-01,1.564286708831787109e+00,-7.864662259817123413e-02,6.555516123771667480e-01,-4.393906891345977783e-02,-1.339470267295837402e+00,5.857758522033691406e-01,2.001730442047119141e+00,2.126568317413330078e+00,2.262436598539352417e-01,1.711632132530212402e+00,-1.491372466087341309e+00,-2.322971075773239136e-01,1.028287649154663086e+00,1.694573879241943359e+00,-2.819527149200439453e+00,3.388534545898437500e+00,2.854490518569946289e+00,6.982356905937194824e-01,1.589551806449890137e+00,1.570484757423400879e+00
3.472115695476531982e-01,8.088576197624206543e-01,6.053766235709190369e-02,1.168057084083557129e+00,1.237690925598144531e+00,8.469193577766418457e-01,-7.309846580028533936e-02,3.598823547363281250e-01,-6.352553367614746094e-01,-6.134807467460632324e-01,6.875432729721069336e-01,-7.382437586784362793e-01,5.074337720870971680e-01,5.015946626663208008e-01,2.097018659114837646e-01,-4.254111945629119873e-01,6.823323667049407959e-02,4.112087786197662354e-01,7.094709277153015137e-01,-3.063258230686187744e-01,-2.077482342720031738e-01,6.859648227691650391e-02,-1.371170878410339355e+00,-1.244235038757324219e+00,1.725989133119583130e-01,-2.619328536093235016e-02,2.718052566051483154e-01,7.640572637319564819e-02,3.846587538719177246e-01,-4.056138098239898682e-01,6.762616634368896484e-01,-2.779250442981719971e-01,2.309498377144336700e-02,1.398025453090667725e-01,-1.096280813217163086e+00,2.346161603927612305e-01,6.342198848724365234e-01,1.097620964050292969e+00,-9.017475843429565430e-01,-3.504415154457092285e-01,2.653028666973114014e-01,9.969981312751770020e-01,1.626245081424713135e-01,1.622565388679504395e+00,-1.194478273391723633e+00,-3.701056540012359619e-01,-2.520449459552764893e-01,1.135857343673706055e+00,-2.975803315639495850e-01,-3.242900371551513672e-01,-7.958972454071044922e-01,5.299819111824035645e-01,1.957225650548934937e-01
1.051407400518655777e-02,9.162397980690002441e-01,6.117179989814758301e-01,-4.779166877269744873e-01,-1.838109493255615234e-01,2.337535768747329712e-01,5.277967453002929688e-01,-3.449294269084930420e-01,7.652113437652587891e-01,1.241837814450263977e-01,2.943780720233917236e-01,4.599692523479461670e-01,-7.935541123151779175e-02,-4.114477336406707764e-01,-9.320128709077835083e-02,9.227272272109985352e-01,8.489286154508590698e-02,2.492796778678894043e-01,5.440043210983276367e-01,1.369226932525634766e+00,8.095302581787109375e-01,-5.258254408836364746e-01,1.756560921669006348e+00,3.892504870891571045e-01,6.306089758872985840e-01,-5.275222659111022949e-01,6.590654253959655762e-01,4.268577098846435547e-01,2.230328470468521118e-01,5.228078365325927734e-01,3.487764298915863037e-01,5.500857830047607422e-01,3.629727959632873535e-01,4.541758000850677490e-01,2.671949863433837891e-01,-3.827435076236724854e-01,-9.444537758827209473e-02,9.372053295373916626e-02,1.873852163553237915e-01,5.831996202468872070e-01,7.061542868614196777e-01,5.487027764320373535e-01,4.678550958633422852e-01,1.453329026699066162e-01,1.279221415519714355e+00,-6.786066889762878418e-01,1.961074918508529663e-01,-5.302574634552001953e-01,1.399576663970947266e+00,9.291343688964843750e-01,-1.561944782733917236e-01,-3.994406759738922119e-01,1.793267428874969482e-01
7.268639802932739258e-01,1.742552638053894043e+00,1.835413694381713867e+00,1.225404977798461914e+00,1.926689505577087402e+00,1.162749290466308594e+00,-5.583787560462951660e-01,1.335945367813110352e+00,9.722741246223449707e-01,2.027502775192260742e+00,2.175804376602172852e+00,3.210053145885467529e-01,1.190664052963256836e+00,1.603579401969909668e+00,1.156626939773559570e+00,1.765766501426696777e+00,1.350311994552612305e+00,1.945599198341369629e+00,1.793914675712585449e+00,6.605075001716613770e-01,1.362287878990173340e+00,3.109351694583892822e-01,-1.086988449096679688e+00,6.806977391242980957e-01,1.621086120605468750e+00,-7.944073677062988281e-01,1.848795294761657715e+00,4.959934353828430176e-01,1.403137922286987305e+00,4.500149488449096680e-01,1.092500567436218262e+00,1.095286011695861816e+00,1.851301193237304688e+00,1.843091726303100586e+00,1.102884650230407715e+00,1.527307868003845215e+00,1.299709439277648926e+00,7.931035161018371582e-01,2.135293960571289062e+00,8.870021700859069824e-01,2.067028999328613281e+00,1.600796937942504883e+00,1.254096865653991699e+00,1.602561324834823608e-01,-4.446913301944732666e-01,1.107427179813385010e-01,1.569809436798095703e+00,-3.960568308830261230e-01,7.627379298210144043e-01,1.190735697746276855e+00,3.820690512657165527e-01,6.658203005790710449e-01,4.690625369548797607e-01
1.244816899299621582e+00,1.805573344230651855e+00,1.544599175453186035e+00,2.236062049865722656e+00,1.313986420631408691e+00,9.133272171020507812e-01,2.182974964380264282e-01,3.884479403495788574e-01,1.218374848365783691e+00,1.226782441139221191e+00,1.333241939544677734e+00,1.847884178161621094e+00,2.442392110824584961e+00,-7.596902847290039062e-01,-3.392526805400848389e-01,1.935230374336242676e+00,-3.957744538784027100e-01,1.160945415496826172e+00,-1.841513812541961670e-01,1.632122635841369629e+00,-1.767940402030944824e+00,1.918843507766723633e+00,1.484437346458435059e+00,1.929054111242294312e-01,1.054941177368164062e+00,-1.572613835334777832e+00,1.853312134742736816e+00,2.279406070709228516e+00,7.508494257926940918e-01,2.919718921184539795e-01,-3.599873781204223633e-01,1.187351703643798828e+00,2.200006097555160522e-01,1.747868776321411133e+00,1.502913832664489746e+00,1.848424553871154785e+00,-1.461858749389648438e+00,-1.584128141403198242e+00,1.696066141128540039e+00,1.931096553802490234e+00,1.514592051506042480e+00,-1.238167807459831238e-01,-2.119783610105514526e-01,-1.667194485664367676e+00,9.052556753158569336e-01,1.858551740646362305e+00,2.013938426971435547e+00,-1.281667709350585938e+00,7.096627354621887207e-01,1.673332929611206055e+00,2.492186069488525391e+00,2.266623020172119141e+00,2.369033575057983398e+00
8.838337063789367676e-01,-1.069572195410728455e-02,1.086322516202926636e-01,1.508508086204528809e+00,8.939459323883056641e-01,-5.035673379898071289e-01,2.071633815765380859e+00,7.360748648643493652e-01,9.580319523811340332e-01,7.522459030151367188e-01,1.288392424583435059e+00,2.026736497879028320e+00,1.891232013702392578e+00,-4.974948242306709290e-02,-1.161954522132873535e+00,1.064204692840576172e+00,1.082054972648620605e+00,1.612722396850585938e+00,6.452019810676574707e-01,1.756970047950744629e+00,-1.749438047409057617e+00,2.036135673522949219e+00,8.844383358955383301e-01,2.077197313308715820e+00,2.062818527221679688e+00,-1.807692408561706543e+00,1.675469636917114258e+00,1.947694301605224609e+00,9.765326231718063354e-02,1.490102291107177734e+00,1.039590358734130859e+00,6.439985036849975586e-01,4.507472813129425049e-01,1.167940855026245117e+00,4.173077046871185303e-01,1.142917037010192871e+00,-1.176483556628227234e-01,-5.719071626663208008e-01,5.658223628997802734e-01,2.165854215621948242e+00,1.748205542564392090e+00,9.551107883453369141e-01,1.580356121063232422e+00,-1.456605434417724609e+00,2.643475830554962158e-01,1.487088680267333984e+00,1.648202538490295410e+00,-2.608341932296752930e+00,2.239441394805908203e+00,2.315359592437744141e+00,1.217094898223876953e+00,2.574910402297973633e+00,1.571621537208557129e+00
1.023414850234985352e+00,4.802753329277038574e-01,4.335303604602813721e-01,9.359163641929626465e-01,1.555496454238891602e+00,4.197669625282287598e-01,3.634461462497711182e-01,1.113211661577224731e-01,3.563627600669860840e-01,-2.098597437143325806e-01,6.015152931213378906e-01,7.042739987373352051e-01,1.733348965644836426e+00,6.846344470977783203e-01,4.174228310585021973e-01,4.136312901973724365e-01,1.081745266914367676e+00,6.183770895004272461e-01,1.754543542861938477e+00,8.317991495132446289e-01,-1.188423037528991699e+00,1.321480512619018555e+00,2.193834073841571808e-02,1.264155060052871704e-01,6.676120758056640625e-01,-9.085206985473632812e-01,1.032382845878601074e+00,1.788492202758789062e+00,6.505699753761291504e-01,5.994779616594314575e-02,2.992582023143768311e-01,6.060312390327453613e-01,-2.016126662492752075e-01,6.656061410903930664e-01,-4.890564978122711182e-01,1.768525242805480957e+00,6.404559612274169922e-01,8.717836737632751465e-01,5.814414620399475098e-01,1.142271995544433594e+00,4.687756001949310303e-01,1.735685586929321289e+00,8.243104219436645508e-01,-2.001210600137710571e-01,-4.651740565896034241e-02,1.264850258827209473e+00,8.089982867240905762e-01,-1.339721530675888062e-01,3.670043051242828369e-01,1.350490212440490723e+00,1.132242321968078613e+00,1.793996214866638184e+00,1.843391895294189453e+00
7.964860200881958008e-01,7.946506142616271973e-01,4.815051257610321045e-01,5.269255042076110840e-01,2.148717492818832397e-01,-1.079765036702156067e-01,4.551518559455871582e-01,-6.410706043243408203e-01,9.023153781890869141e-02,-2.718620896339416504e-01,2.878948748111724854e-01,2.122328430414199829e-01,5.795014500617980957e-01,-6.899740695953369141e-01,-2.917764186859130859e-01,-6.767946761101484299e-04,-7.951719164848327637e-01,7.811298370361328125e-01,-2.133687138557434082e-01,8.291793465614318848e-01,-5.295821428298950195e-01,1.015956282615661621e+00,4.562979042530059814e-01,-1.008199453353881836e+00,1.023006796836853027e+00,6.039916276931762695e-01,7.039580941200256348e-01,6.890804171562194824e-01,-3.019396960735321045e-01,5.230954885482788086e-01,-8.375854231417179108e-03,2.905112802982330322e-01,1.856403350830078125e-01,5.113039612770080566e-01,3.887664899230003357e-02,3.936024606227874756e-01,-2.911237776279449463e-01,1.095134377479553223e+00,4.367214068770408630e-02,2.069093436002731323e-01,2.889702320098876953e-01,5.511525273323059082e-01,-2.471958398818969727e-01,2.716579139232635498e-01,2.242373824119567871e-01,4.612976014614105225e-01,5.520515441894531250e-01,9.608533382415771484e-01,-6.897119879722595215e-01,3.611226975917816162e-01,-9.512247145175933838e-02,6.515194177627563477e-01,2.646782994270324707e-01
-1.285053510218858719e-02,-7.259025573730468750e-01,-5.783433914184570312e-01,2.475683093070983887e-01,2.248792946338653564e-01,-1.684219241142272949e+00,-4.918623566627502441e-01,-6.353303790092468262e-01,-1.153867959976196289e+00,-1.097120046615600586e+00,-6.668059825897216797e-01,-5.397894605994224548e-02,2.227619737386703491e-01,-1.036919832229614258e+00,-3.302052915096282959e-01,-5.896710753440856934e-01,-1.237998962402343750e+00,1.638162285089492798e-01,-4.413974881172180176e-01,-2.185752391815185547e-01,-6.577839851379394531e-01,1.357971668243408203e+00,-8.882334828376770020e-01,-9.427321553230285645e-01,6.898768544197082520e-01,4.089925289154052734e-01,-1.972880959510803223e-01,-3.656357824802398682e-01,-8.946486711502075195e-01,-1.745777875185012817e-01,-7.362651824951171875e-01,-4.116073250770568848e-01,-2.492474764585494995e-01,-9.105132222175598145e-01,1.488349288702011108e-01,5.274716019630432129e-01,-8.649957776069641113e-01,3.570229411125183105e-01,-5.422131419181823730e-01,-1.013107657432556152e+00,-2.717576026916503906e-01,-1.874211430549621582e-01,-9.111642241477966309e-01,4.768953323364257812e-01,-4.109883010387420654e-01,8.281300067901611328e-01,-8.393111228942871094e-01,1.111057281494140625e+00,-4.605577886104583740e-02,-1.568355858325958252e-01,-1.381453633308410645e+00,-8.358203172683715820e-01,-1.618506908416748047e+00
